2026-01-09 20:22:31,848 - /DATA/Aurindum/Swarming/Outputs/20260109_202226_ParticleTesting/P10_I10/run.log - INFO - n_caps=1 | minZ=0.111684 | models=[1140] | nodes=[9]
2026-01-09 20:22:35,749 - /DATA/Aurindum/Swarming/Outputs/20260109_202226_ParticleTesting/P10_I10/run.log - INFO - n_caps=2 | minZ=0.082812 | models=[848, 1014] | nodes=[5, 15]
2026-01-09 20:22:39,547 - /DATA/Aurindum/Swarming/Outputs/20260109_202226_ParticleTesting/P10_I10/run.log - INFO - n_caps=3 | minZ=0.069319 | models=[845, 1014, 1873] | nodes=[6, 16, 5]
2026-01-09 20:22:42,844 - /DATA/Aurindum/Swarming/Outputs/20260109_202226_ParticleTesting/P10_I10/run.log - INFO - n_caps=4 | minZ=0.064036 | models=[844, 1014, 1872, 1155] | nodes=[5, 16, 6, 14]
2026-01-09 20:22:46,306 - /DATA/Aurindum/Swarming/Outputs/20260109_202226_ParticleTesting/P10_I10/run.log - INFO - n_caps=5 | minZ=0.057454 | models=[844, 1014, 1872, 1155, 588] | nodes=[5, 15, 6, 14, 9]
2026-01-09 20:22:49,742 - /DATA/Aurindum/Swarming/Outputs/20260109_202226_ParticleTesting/P10_I10/run.log - INFO - n_caps=6 | minZ=0.056631 | models=[845, 1014, 1872, 1156, 588, 2588] | nodes=[6, 16, 5, 14, 10, 2]
2026-01-09 20:22:53,172 - /DATA/Aurindum/Swarming/Outputs/20260109_202226_ParticleTesting/P10_I10/run.log - INFO - n_caps=7 | minZ=0.053332 | models=[845, 1014, 1872, 1156, 588, 2588, 765] | nodes=[6, 16, 5, 14, 10, 2, 15]
2026-01-09 20:22:56,619 - /DATA/Aurindum/Swarming/Outputs/20260109_202226_ParticleTesting/P10_I10/run.log - INFO - n_caps=8 | minZ=0.051081 | models=[845, 1014, 1873, 1156, 588, 2589, 765, 617] | nodes=[6, 16, 5, 15, 10, 2, 14, 7]
2026-01-09 20:22:59,759 - /DATA/Aurindum/Swarming/Outputs/20260109_202226_ParticleTesting/P10_I10/run.log - INFO - n_caps=9 | minZ=0.050020 | models=[845, 1013, 1873, 1156, 588, 2589, 765, 616, 1270] | nodes=[6, 16, 5, 15, 9, 2, 14, 7, 8]
2026-01-09 20:23:03,081 - /DATA/Aurindum/Swarming/Outputs/20260109_202226_ParticleTesting/P10_I10/run.log - INFO - n_caps=10 | minZ=0.049813 | models=[845, 1013, 1873, 1156, 588, 2589, 765, 616, 1270, 1763] | nodes=[6, 16, 5, 15, 9, 2, 14, 7, 8, 3]
2026-01-09 20:23:06,587 - /DATA/Aurindum/Swarming/Outputs/20260109_202226_ParticleTesting/P10_I10/run.log - INFO - n_caps=11 | minZ=0.049057 | models=[844, 1014, 1873, 1156, 588, 2589, 766, 617, 1270, 1763, 413] | nodes=[6, 17, 7, 15, 9, 3, 14, 5, 8, 2, 10]
2026-01-09 20:23:10,279 - /DATA/Aurindum/Swarming/Outputs/20260109_202226_ParticleTesting/P10_I10/run.log - INFO - n_caps=12 | minZ=0.047512 | models=[844, 1015, 1874, 1155, 588, 2589, 766, 616, 1270, 1762, 413, 113] | nodes=[6, 16, 7, 15, 9, 2, 14, 5, 8, 3, 10, 11]
2026-01-09 20:23:14,023 - /DATA/Aurindum/Swarming/Outputs/20260109_202226_ParticleTesting/P10_I10/run.log - INFO - n_caps=13 | minZ=0.047486 | models=[844, 1015, 1874, 1155, 588, 2589, 766, 616, 1270, 1762, 413, 113, 140] | nodes=[6, 16, 7, 15, 9, 2, 14, 5, 8, 3, 10, 11, 17]
2026-01-09 20:23:17,712 - /DATA/Aurindum/Swarming/Outputs/20260109_202226_ParticleTesting/P10_I10/run.log - INFO - n_caps=14 | minZ=0.047473 | models=[844, 1015, 1874, 1156, 587, 2589, 767, 616, 1270, 1763, 413, 113, 140, 1089] | nodes=[6, 16, 7, 15, 9, 2, 14, 5, 8, 3, 10, 11, 17, 1]
2026-01-09 20:23:21,527 - /DATA/Aurindum/Swarming/Outputs/20260109_202226_ParticleTesting/P10_I10/run.log - INFO - n_caps=15 | minZ=0.047483 | models=[844, 1015, 1874, 1156, 587, 2589, 767, 616, 1270, 1763, 413, 113, 140, 1089, 1823] | nodes=[6, 16, 7, 15, 9, 2, 14, 5, 8, 3, 10, 11, 17, 1, 4]
2026-01-09 20:23:25,307 - /DATA/Aurindum/Swarming/Outputs/20260109_202226_ParticleTesting/P10_I10/run.log - INFO - n_caps=16 | minZ=0.047456 | models=[844, 1015, 1874, 1156, 587, 2589, 766, 616, 1270, 1762, 413, 113, 140, 1090, 1823, 259] | nodes=[6, 16, 7, 15, 9, 2, 14, 5, 4, 3, 10, 8, 17, 1, 11, 12]
2026-01-09 20:23:28,578 - /DATA/Aurindum/Swarming/Outputs/20260109_202226_ParticleTesting/P10_I10/run.log - INFO - n_caps=17 | minZ=0.047454 | models=[844, 1015, 1874, 1156, 587, 2589, 766, 616, 1270, 1762, 413, 113, 140, 1090, 1823, 259, 27] | nodes=[6, 16, 7, 15, 9, 2, 14, 5, 4, 3, 10, 8, 17, 1, 11, 12, 18]
2026-01-09 20:23:32,163 - /DATA/Aurindum/Swarming/Outputs/20260109_202226_ParticleTesting/P10_I10/run.log - INFO - n_caps=18 | minZ=0.047484 | models=[844, 1015, 1874, 1156, 587, 2589, 766, 616, 1270, 1762, 413, 113, 140, 1090, 1823, 259, 27, 2808] | nodes=[6, 16, 7, 15, 9, 2, 14, 5, 4, 3, 10, 8, 17, 1, 11, 12, 18, 19]
2026-01-09 20:23:35,819 - /DATA/Aurindum/Swarming/Outputs/20260109_202226_ParticleTesting/P10_I10/run.log - INFO - n_caps=19 | minZ=0.047491 | models=[844, 1015, 1874, 1156, 587, 2589, 766, 616, 1270, 1762, 413, 113, 140, 1090, 1823, 259, 27, 2808, 3266] | nodes=[6, 16, 7, 15, 9, 2, 14, 5, 4, 3, 10, 8, 17, 1, 11, 12, 18, 19, 20]
2026-01-09 20:23:39,383 - /DATA/Aurindum/Swarming/Outputs/20260109_202226_ParticleTesting/P10_I10/run.log - INFO - n_caps=20 | minZ=0.047491 | models=[844, 1015, 1874, 1156, 587, 2589, 766, 616, 1270, 1762, 413, 113, 140, 1090, 1823, 259, 27, 2808, 3266, 139] | nodes=[6, 16, 7, 15, 9, 2, 14, 5, 4, 3, 10, 8, 17, 1, 11, 12, 18, 19, 20, 13]
2026-01-09 20:23:46,490 - /DATA/Aurindum/Swarming/Outputs/20260109_202226_ParticleTesting/P10_I20/run.log - INFO - n_caps=1 | minZ=0.107285 | models=[973] | nodes=[9]
2026-01-09 20:23:53,812 - /DATA/Aurindum/Swarming/Outputs/20260109_202226_ParticleTesting/P10_I20/run.log - INFO - n_caps=2 | minZ=0.083239 | models=[973, 1345] | nodes=[9, 15]
2026-01-09 20:24:00,809 - /DATA/Aurindum/Swarming/Outputs/20260109_202226_ParticleTesting/P10_I20/run.log - INFO - n_caps=3 | minZ=0.066307 | models=[973, 1345, 1014] | nodes=[10, 14, 9]
2026-01-09 20:24:07,397 - /DATA/Aurindum/Swarming/Outputs/20260109_202226_ParticleTesting/P10_I20/run.log - INFO - n_caps=4 | minZ=0.058592 | models=[973, 1345, 1014, 618] | nodes=[10, 15, 9, 16]
2026-01-09 20:24:14,052 - /DATA/Aurindum/Swarming/Outputs/20260109_202226_ParticleTesting/P10_I20/run.log - INFO - n_caps=5 | minZ=0.053319 | models=[972, 1345, 1014, 618, 1677] | nodes=[10, 14, 9, 16, 7]
2026-01-09 20:24:20,714 - /DATA/Aurindum/Swarming/Outputs/20260109_202226_ParticleTesting/P10_I20/run.log - INFO - n_caps=6 | minZ=0.050719 | models=[971, 1345, 1014, 618, 1677, 362] | nodes=[9, 14, 10, 15, 7, 16]
2026-01-09 20:24:27,363 - /DATA/Aurindum/Swarming/Outputs/20260109_202226_ParticleTesting/P10_I20/run.log - INFO - n_caps=7 | minZ=0.049141 | models=[971, 1345, 1014, 617, 1677, 362, 547] | nodes=[9, 14, 10, 15, 7, 16, 5]
2026-01-09 20:24:35,256 - /DATA/Aurindum/Swarming/Outputs/20260109_202226_ParticleTesting/P10_I20/run.log - INFO - n_caps=8 | minZ=0.048200 | models=[971, 1345, 1014, 617, 1677, 362, 547, 398] | nodes=[8, 14, 9, 15, 7, 16, 5, 6]
2026-01-09 20:24:43,013 - /DATA/Aurindum/Swarming/Outputs/20260109_202226_ParticleTesting/P10_I20/run.log - INFO - n_caps=9 | minZ=0.047182 | models=[971, 1345, 1015, 618, 1677, 362, 547, 398, 1454] | nodes=[9, 14, 10, 16, 6, 15, 5, 7, 11]
2026-01-09 20:24:50,184 - /DATA/Aurindum/Swarming/Outputs/20260109_202226_ParticleTesting/P10_I20/run.log - INFO - n_caps=10 | minZ=0.047214 | models=[972, 1345, 1015, 618, 1677, 363, 547, 399, 1454, 1513] | nodes=[9, 14, 10, 16, 6, 15, 5, 7, 11, 12]
2026-01-09 20:24:57,365 - /DATA/Aurindum/Swarming/Outputs/20260109_202226_ParticleTesting/P10_I20/run.log - INFO - n_caps=11 | minZ=0.047154 | models=[972, 1345, 1015, 618, 1677, 363, 547, 399, 1454, 1513, 183] | nodes=[9, 14, 10, 16, 7, 15, 5, 6, 11, 12, 17]
2026-01-09 20:25:04,907 - /DATA/Aurindum/Swarming/Outputs/20260109_202226_ParticleTesting/P10_I20/run.log - INFO - n_caps=12 | minZ=0.046682 | models=[972, 1345, 1014, 618, 1677, 363, 546, 399, 1454, 1513, 183, 1126] | nodes=[8, 14, 9, 16, 6, 15, 5, 7, 11, 12, 17, 10]
2026-01-09 20:25:12,106 - /DATA/Aurindum/Swarming/Outputs/20260109_202226_ParticleTesting/P10_I20/run.log - INFO - n_caps=13 | minZ=0.046507 | models=[972, 1345, 1015, 618, 1677, 363, 546, 398, 1453, 1513, 183, 1126, 1191] | nodes=[8, 14, 9, 16, 7, 15, 5, 6, 11, 12, 17, 10, 2]
2026-01-09 20:25:19,329 - /DATA/Aurindum/Swarming/Outputs/20260109_202226_ParticleTesting/P10_I20/run.log - INFO - n_caps=14 | minZ=0.046491 | models=[972, 1345, 1015, 618, 1677, 363, 546, 398, 1453, 1513, 183, 1126, 1191, 2758] | nodes=[8, 14, 9, 16, 7, 15, 5, 6, 11, 12, 17, 10, 2, 1]
2026-01-09 20:25:26,693 - /DATA/Aurindum/Swarming/Outputs/20260109_202226_ParticleTesting/P10_I20/run.log - INFO - n_caps=15 | minZ=0.045781 | models=[971, 1345, 1014, 618, 1677, 363, 546, 398, 1453, 1513, 183, 1126, 1191, 2758, 899] | nodes=[8, 13, 9, 16, 6, 15, 5, 7, 11, 12, 17, 10, 2, 1, 14]
2026-01-09 20:25:33,461 - /DATA/Aurindum/Swarming/Outputs/20260109_202226_ParticleTesting/P10_I20/run.log - INFO - n_caps=16 | minZ=0.045331 | models=[971, 1345, 1014, 617, 1677, 363, 546, 399, 1453, 1513, 183, 1126, 1191, 2758, 899, 2779] | nodes=[8, 13, 9, 17, 6, 15, 5, 7, 12, 11, 16, 10, 2, 1, 14, 18]
2026-01-09 20:25:40,457 - /DATA/Aurindum/Swarming/Outputs/20260109_202226_ParticleTesting/P10_I20/run.log - INFO - n_caps=17 | minZ=0.045332 | models=[971, 1346, 1014, 617, 1677, 363, 546, 399, 1453, 1513, 183, 1126, 1191, 2757, 899, 2779, 786] | nodes=[8, 13, 9, 17, 6, 15, 5, 7, 12, 11, 16, 10, 2, 1, 14, 18, 19]
2026-01-09 20:25:47,233 - /DATA/Aurindum/Swarming/Outputs/20260109_202226_ParticleTesting/P10_I20/run.log - INFO - n_caps=18 | minZ=0.045332 | models=[971, 1346, 1014, 617, 1677, 363, 546, 399, 1453, 1513, 183, 1126, 1191, 2757, 899, 2779, 786, 29] | nodes=[8, 13, 9, 17, 6, 15, 5, 7, 12, 11, 16, 10, 2, 1, 14, 18, 19, 20]
2026-01-09 20:25:53,581 - /DATA/Aurindum/Swarming/Outputs/20260109_202226_ParticleTesting/P10_I20/run.log - INFO - n_caps=19 | minZ=0.045102 | models=[972, 1346, 1014, 615, 1677, 364, 547, 400, 1453, 1513, 183, 1126, 1191, 2758, 899, 2779, 786, 29, 6] | nodes=[8, 13, 9, 16, 6, 15, 5, 7, 12, 11, 17, 10, 2, 1, 14, 18, 19, 20, 3]
2026-01-09 20:25:59,728 - /DATA/Aurindum/Swarming/Outputs/20260109_202226_ParticleTesting/P10_I20/run.log - INFO - n_caps=20 | minZ=0.044975 | models=[972, 1346, 1014, 615, 1677, 363, 548, 400, 1452, 1513, 183, 1126, 1191, 2758, 898, 2779, 786, 29, 6, 1170] | nodes=[8, 12, 9, 17, 6, 14, 4, 7, 13, 11, 16, 10, 2, 1, 15, 18, 19, 20, 3, 5]
2026-01-09 20:26:08,952 - /DATA/Aurindum/Swarming/Outputs/20260109_202226_ParticleTesting/P10_I30/run.log - INFO - n_caps=1 | minZ=0.108016 | models=[997] | nodes=[16]
2026-01-09 20:26:17,993 - /DATA/Aurindum/Swarming/Outputs/20260109_202226_ParticleTesting/P10_I30/run.log - INFO - n_caps=2 | minZ=0.084394 | models=[997, 753] | nodes=[16, 14]
2026-01-09 20:26:27,472 - /DATA/Aurindum/Swarming/Outputs/20260109_202226_ParticleTesting/P10_I30/run.log - INFO - n_caps=3 | minZ=0.073257 | models=[997, 753, 1869] | nodes=[16, 14, 10]
2026-01-09 20:26:37,766 - /DATA/Aurindum/Swarming/Outputs/20260109_202226_ParticleTesting/P10_I30/run.log - INFO - n_caps=4 | minZ=0.062521 | models=[997, 753, 1870, 898] | nodes=[16, 14, 10, 9]
2026-01-09 20:26:48,408 - /DATA/Aurindum/Swarming/Outputs/20260109_202226_ParticleTesting/P10_I30/run.log - INFO - n_caps=5 | minZ=0.055006 | models=[997, 753, 1870, 898, 585] | nodes=[16, 14, 10, 9, 6]
2026-01-09 20:26:57,546 - /DATA/Aurindum/Swarming/Outputs/20260109_202226_ParticleTesting/P10_I30/run.log - INFO - n_caps=6 | minZ=0.051709 | models=[998, 753, 1871, 898, 585, 452] | nodes=[15, 14, 10, 9, 5, 7]
2026-01-09 20:27:06,522 - /DATA/Aurindum/Swarming/Outputs/20260109_202226_ParticleTesting/P10_I30/run.log - INFO - n_caps=7 | minZ=0.049582 | models=[1001, 753, 1871, 898, 585, 452, 928] | nodes=[15, 14, 10, 9, 5, 7, 16]
2026-01-09 20:27:15,532 - /DATA/Aurindum/Swarming/Outputs/20260109_202226_ParticleTesting/P10_I30/run.log - INFO - n_caps=8 | minZ=0.048510 | models=[1001, 753, 1871, 898, 585, 452, 928, 150] | nodes=[14, 15, 11, 10, 5, 7, 16, 6]
2026-01-09 20:27:25,895 - /DATA/Aurindum/Swarming/Outputs/20260109_202226_ParticleTesting/P10_I30/run.log - INFO - n_caps=9 | minZ=0.046812 | models=[1002, 753, 1872, 899, 584, 452, 928, 150, 1126] | nodes=[15, 14, 11, 10, 5, 7, 16, 6, 9]
2026-01-09 20:27:36,218 - /DATA/Aurindum/Swarming/Outputs/20260109_202226_ParticleTesting/P10_I30/run.log - INFO - n_caps=10 | minZ=0.046695 | models=[1002, 753, 1872, 899, 584, 452, 928, 150, 1126, 1229] | nodes=[15, 14, 11, 10, 5, 7, 16, 6, 9, 2]
2026-01-09 20:27:46,687 - /DATA/Aurindum/Swarming/Outputs/20260109_202226_ParticleTesting/P10_I30/run.log - INFO - n_caps=11 | minZ=0.046405 | models=[1002, 753, 1872, 899, 584, 453, 928, 150, 1126, 1229, 363] | nodes=[15, 14, 11, 10, 5, 7, 16, 6, 9, 2, 8]
2026-01-09 20:27:57,014 - /DATA/Aurindum/Swarming/Outputs/20260109_202226_ParticleTesting/P10_I30/run.log - INFO - n_caps=12 | minZ=0.045258 | models=[1001, 753, 1872, 899, 584, 453, 928, 150, 1127, 1229, 363, 263] | nodes=[15, 14, 11, 10, 4, 6, 16, 5, 9, 2, 7, 12]
2026-01-09 20:28:06,453 - /DATA/Aurindum/Swarming/Outputs/20260109_202226_ParticleTesting/P10_I30/run.log - INFO - n_caps=13 | minZ=0.045236 | models=[1002, 753, 1872, 898, 584, 453, 928, 150, 1127, 1229, 362, 262, 1671] | nodes=[15, 14, 11, 10, 4, 6, 16, 5, 9, 2, 7, 12, 1]
2026-01-09 20:28:15,654 - /DATA/Aurindum/Swarming/Outputs/20260109_202226_ParticleTesting/P10_I30/run.log - INFO - n_caps=14 | minZ=0.044683 | models=[1001, 752, 1872, 899, 583, 453, 928, 150, 1127, 1228, 362, 262, 1671, 523] | nodes=[15, 13, 11, 10, 4, 6, 16, 5, 9, 2, 7, 12, 1, 14]
2026-01-09 20:28:25,211 - /DATA/Aurindum/Swarming/Outputs/20260109_202226_ParticleTesting/P10_I30/run.log - INFO - n_caps=15 | minZ=0.044021 | models=[1001, 753, 1872, 899, 583, 453, 928, 150, 1126, 1229, 363, 262, 1671, 523, 936] | nodes=[11, 14, 12, 10, 4, 6, 15, 5, 9, 2, 7, 13, 1, 16, 8]
2026-01-09 20:28:34,297 - /DATA/Aurindum/Swarming/Outputs/20260109_202226_ParticleTesting/P10_I30/run.log - INFO - n_caps=16 | minZ=0.044001 | models=[1002, 752, 1873, 899, 584, 453, 928, 150, 1127, 1229, 363, 262, 1671, 523, 936, 2132] | nodes=[11, 14, 12, 10, 4, 7, 15, 5, 9, 2, 6, 13, 3, 16, 8, 1]
2026-01-09 20:28:46,157 - /DATA/Aurindum/Swarming/Outputs/20260109_202226_ParticleTesting/P10_I30/run.log - INFO - n_caps=17 | minZ=0.044029 | models=[1002, 752, 1873, 899, 585, 453, 929, 150, 1127, 1229, 363, 263, 1671, 524, 937, 2132, 1343] | nodes=[11, 14, 12, 10, 4, 7, 15, 5, 9, 2, 6, 13, 3, 16, 8, 1, 20]
2026-01-09 20:28:56,913 - /DATA/Aurindum/Swarming/Outputs/20260109_202226_ParticleTesting/P10_I30/run.log - INFO - n_caps=18 | minZ=0.044041 | models=[1002, 752, 1873, 899, 585, 453, 929, 150, 1127, 1229, 363, 263, 1671, 524, 937, 2132, 1343, 102] | nodes=[11, 14, 12, 10, 4, 7, 15, 5, 9, 2, 6, 13, 3, 16, 8, 1, 20, 17]
2026-01-09 20:29:07,748 - /DATA/Aurindum/Swarming/Outputs/20260109_202226_ParticleTesting/P10_I30/run.log - INFO - n_caps=19 | minZ=0.044041 | models=[1002, 752, 1873, 899, 584, 453, 928, 150, 1127, 1229, 363, 262, 1671, 524, 937, 2132, 1343, 102, 360] | nodes=[11, 14, 12, 10, 4, 7, 15, 5, 9, 2, 6, 13, 3, 16, 8, 1, 20, 17, 18]
2026-01-09 20:29:18,490 - /DATA/Aurindum/Swarming/Outputs/20260109_202226_ParticleTesting/P10_I30/run.log - INFO - n_caps=20 | minZ=0.044043 | models=[1001, 752, 1873, 899, 584, 453, 928, 149, 1126, 1229, 363, 262, 1671, 523, 936, 2131, 1343, 102, 359, 177] | nodes=[11, 14, 12, 10, 4, 7, 15, 5, 9, 2, 6, 13, 3, 16, 8, 1, 20, 17, 18, 19]
2026-01-09 20:29:30,853 - /DATA/Aurindum/Swarming/Outputs/20260109_202226_ParticleTesting/P10_I40/run.log - INFO - n_caps=1 | minZ=0.087365 | models=[1012] | nodes=[9]
2026-01-09 20:29:43,074 - /DATA/Aurindum/Swarming/Outputs/20260109_202226_ParticleTesting/P10_I40/run.log - INFO - n_caps=2 | minZ=0.066703 | models=[1012, 1014] | nodes=[9, 5]
2026-01-09 20:29:55,340 - /DATA/Aurindum/Swarming/Outputs/20260109_202226_ParticleTesting/P10_I40/run.log - INFO - n_caps=3 | minZ=0.059675 | models=[1012, 1014, 671] | nodes=[9, 5, 10]
2026-01-09 20:30:08,221 - /DATA/Aurindum/Swarming/Outputs/20260109_202226_ParticleTesting/P10_I40/run.log - INFO - n_caps=4 | minZ=0.053801 | models=[1012, 1014, 671, 892] | nodes=[9, 5, 10, 15]
2026-01-09 20:30:20,245 - /DATA/Aurindum/Swarming/Outputs/20260109_202226_ParticleTesting/P10_I40/run.log - INFO - n_caps=5 | minZ=0.048097 | models=[1012, 1014, 671, 892, 456] | nodes=[9, 5, 10, 15, 14]
2026-01-09 20:30:33,718 - /DATA/Aurindum/Swarming/Outputs/20260109_202226_ParticleTesting/P10_I40/run.log - INFO - n_caps=6 | minZ=0.045214 | models=[1012, 1014, 671, 892, 456, 334] | nodes=[9, 5, 10, 15, 14, 6]
2026-01-09 20:30:45,806 - /DATA/Aurindum/Swarming/Outputs/20260109_202226_ParticleTesting/P10_I40/run.log - INFO - n_caps=7 | minZ=0.043941 | models=[1012, 1014, 672, 892, 456, 334, 364] | nodes=[9, 5, 10, 15, 14, 6, 16]
2026-01-09 20:30:57,798 - /DATA/Aurindum/Swarming/Outputs/20260109_202226_ParticleTesting/P10_I40/run.log - INFO - n_caps=8 | minZ=0.043241 | models=[1012, 1014, 672, 892, 456, 334, 363, 567] | nodes=[9, 5, 10, 15, 14, 6, 16, 7]
2026-01-09 20:31:10,087 - /DATA/Aurindum/Swarming/Outputs/20260109_202226_ParticleTesting/P10_I40/run.log - INFO - n_caps=9 | minZ=0.043019 | models=[1012, 1014, 672, 893, 456, 334, 363, 567, 221] | nodes=[9, 5, 10, 15, 14, 6, 16, 7, 8]
2026-01-09 20:31:22,142 - /DATA/Aurindum/Swarming/Outputs/20260109_202226_ParticleTesting/P10_I40/run.log - INFO - n_caps=10 | minZ=0.042318 | models=[1012, 1014, 672, 893, 456, 334, 363, 567, 221, 1661] | nodes=[9, 5, 8, 15, 14, 6, 16, 7, 10, 1]
2026-01-09 20:31:34,292 - /DATA/Aurindum/Swarming/Outputs/20260109_202226_ParticleTesting/P10_I40/run.log - INFO - n_caps=11 | minZ=0.042259 | models=[1012, 1014, 672, 893, 456, 334, 364, 567, 221, 1661, 69] | nodes=[9, 5, 8, 15, 14, 6, 16, 7, 10, 2, 17]
2026-01-09 20:31:46,407 - /DATA/Aurindum/Swarming/Outputs/20260109_202226_ParticleTesting/P10_I40/run.log - INFO - n_caps=12 | minZ=0.042244 | models=[1012, 1014, 672, 893, 456, 334, 364, 567, 221, 1661, 69, 3045] | nodes=[9, 5, 8, 15, 14, 6, 16, 7, 10, 2, 17, 1]
2026-01-09 20:31:58,822 - /DATA/Aurindum/Swarming/Outputs/20260109_202226_ParticleTesting/P10_I40/run.log - INFO - n_caps=13 | minZ=0.042231 | models=[1012, 1014, 672, 893, 456, 334, 364, 567, 221, 1661, 69, 3045, 40] | nodes=[9, 5, 8, 15, 14, 6, 16, 7, 10, 2, 17, 1, 11]
2026-01-09 20:32:11,061 - /DATA/Aurindum/Swarming/Outputs/20260109_202226_ParticleTesting/P10_I40/run.log - INFO - n_caps=14 | minZ=0.042238 | models=[1012, 1014, 672, 893, 456, 334, 364, 567, 221, 1661, 69, 3045, 40, 3297] | nodes=[9, 5, 8, 15, 14, 6, 16, 7, 10, 2, 17, 1, 11, 3]
2026-01-09 20:32:24,573 - /DATA/Aurindum/Swarming/Outputs/20260109_202226_ParticleTesting/P10_I40/run.log - INFO - n_caps=15 | minZ=0.042259 | models=[1012, 1014, 672, 893, 456, 334, 364, 567, 221, 1661, 70, 3046, 40, 3297, 1754] | nodes=[9, 5, 8, 15, 14, 6, 16, 7, 10, 2, 17, 1, 11, 18, 3]
2026-01-09 20:32:39,513 - /DATA/Aurindum/Swarming/Outputs/20260109_202226_ParticleTesting/P10_I40/run.log - INFO - n_caps=16 | minZ=0.042257 | models=[1012, 1014, 672, 892, 456, 334, 364, 567, 221, 1661, 70, 3046, 40, 3297, 1754, 74] | nodes=[9, 5, 8, 15, 14, 6, 16, 7, 10, 2, 17, 3, 11, 18, 4, 12]
2026-01-09 20:32:54,247 - /DATA/Aurindum/Swarming/Outputs/20260109_202226_ParticleTesting/P10_I40/run.log - INFO - n_caps=17 | minZ=0.042223 | models=[1012, 1014, 672, 892, 456, 334, 364, 567, 221, 1661, 70, 3046, 40, 3297, 1754, 73, 3123] | nodes=[9, 5, 8, 15, 14, 6, 16, 7, 10, 2, 17, 3, 11, 18, 4, 12, 1]
2026-01-09 20:33:07,625 - /DATA/Aurindum/Swarming/Outputs/20260109_202226_ParticleTesting/P10_I40/run.log - INFO - n_caps=18 | minZ=0.042184 | models=[1012, 1014, 672, 892, 456, 334, 364, 567, 221, 1661, 70, 3046, 40, 3297, 1754, 73, 3123, 72] | nodes=[9, 5, 8, 15, 14, 6, 16, 7, 10, 2, 17, 3, 11, 18, 4, 12, 1, 13]
2026-01-09 20:33:19,955 - /DATA/Aurindum/Swarming/Outputs/20260109_202226_ParticleTesting/P10_I40/run.log - INFO - n_caps=19 | minZ=0.041920 | models=[1012, 1014, 673, 892, 456, 334, 363, 567, 221, 1661, 70, 3045, 39, 3298, 1754, 73, 3123, 72, 706] | nodes=[9, 5, 8, 15, 14, 6, 16, 7, 10, 2, 17, 3, 11, 18, 4, 12, 1, 13, 19]
2026-01-09 20:33:19,955 - /DATA/Aurindum/Swarming/Outputs/20260109_202226_ParticleTesting/P10_I40/run.log - INFO - Threshold reached at n_caps=19
2026-01-09 20:33:37,100 - /DATA/Aurindum/Swarming/Outputs/20260109_202226_ParticleTesting/P10_I50/run.log - INFO - n_caps=1 | minZ=0.094292 | models=[1014] | nodes=[5]
2026-01-09 20:33:57,591 - /DATA/Aurindum/Swarming/Outputs/20260109_202226_ParticleTesting/P10_I50/run.log - INFO - n_caps=2 | minZ=0.071049 | models=[1014, 898] | nodes=[5, 9]
2026-01-09 20:34:15,843 - /DATA/Aurindum/Swarming/Outputs/20260109_202226_ParticleTesting/P10_I50/run.log - INFO - n_caps=3 | minZ=0.059955 | models=[1014, 899, 766] | nodes=[5, 9, 15]
2026-01-09 20:34:32,040 - /DATA/Aurindum/Swarming/Outputs/20260109_202226_ParticleTesting/P10_I50/run.log - INFO - n_caps=4 | minZ=0.054011 | models=[1014, 898, 766, 893] | nodes=[5, 9, 14, 6]
2026-01-09 20:34:47,261 - /DATA/Aurindum/Swarming/Outputs/20260109_202226_ParticleTesting/P10_I50/run.log - INFO - n_caps=5 | minZ=0.049053 | models=[1014, 898, 767, 893, 512] | nodes=[5, 9, 14, 6, 10]
2026-01-09 20:35:03,416 - /DATA/Aurindum/Swarming/Outputs/20260109_202226_ParticleTesting/P10_I50/run.log - INFO - n_caps=6 | minZ=0.048920 | models=[1014, 898, 767, 893, 512, 2511] | nodes=[5, 9, 14, 6, 10, 7]
2026-01-09 20:35:21,587 - /DATA/Aurindum/Swarming/Outputs/20260109_202226_ParticleTesting/P10_I50/run.log - INFO - n_caps=7 | minZ=0.047816 | models=[1015, 898, 767, 893, 512, 2511, 221] | nodes=[5, 9, 14, 6, 10, 7, 8]
2026-01-09 20:35:37,500 - /DATA/Aurindum/Swarming/Outputs/20260109_202226_ParticleTesting/P10_I50/run.log - INFO - n_caps=8 | minZ=0.046326 | models=[1015, 898, 767, 893, 512, 2511, 221, 893] | nodes=[5, 9, 14, 6, 10, 7, 8, 16]
2026-01-09 20:35:52,833 - /DATA/Aurindum/Swarming/Outputs/20260109_202226_ParticleTesting/P10_I50/run.log - INFO - n_caps=9 | minZ=0.044778 | models=[1015, 898, 768, 893, 512, 2511, 222, 893, 402] | nodes=[5, 9, 14, 6, 10, 7, 8, 16, 15]
2026-01-09 20:36:09,691 - /DATA/Aurindum/Swarming/Outputs/20260109_202226_ParticleTesting/P10_I50/run.log - INFO - n_caps=10 | minZ=0.044635 | models=[1015, 898, 768, 893, 512, 2511, 221, 893, 402, 2330] | nodes=[5, 9, 14, 6, 10, 7, 8, 15, 16, 2]
2026-01-09 20:36:25,409 - /DATA/Aurindum/Swarming/Outputs/20260109_202226_ParticleTesting/P10_I50/run.log - INFO - n_caps=11 | minZ=0.044623 | models=[1015, 898, 768, 893, 512, 2511, 221, 893, 402, 2330, 614] | nodes=[5, 9, 14, 6, 10, 7, 8, 15, 16, 2, 1]
2026-01-09 20:36:41,237 - /DATA/Aurindum/Swarming/Outputs/20260109_202226_ParticleTesting/P10_I50/run.log - INFO - n_caps=12 | minZ=0.043989 | models=[1015, 898, 768, 893, 511, 2511, 221, 893, 402, 2331, 614, 767] | nodes=[4, 9, 14, 6, 10, 5, 7, 15, 16, 2, 8, 17]
2026-01-09 20:36:57,874 - /DATA/Aurindum/Swarming/Outputs/20260109_202226_ParticleTesting/P10_I50/run.log - INFO - n_caps=13 | minZ=0.043632 | models=[1016, 898, 768, 893, 511, 2511, 221, 892, 402, 2331, 614, 767, 568] | nodes=[4, 9, 13, 5, 10, 6, 7, 15, 16, 2, 8, 17, 14]
2026-01-09 20:37:14,220 - /DATA/Aurindum/Swarming/Outputs/20260109_202226_ParticleTesting/P10_I50/run.log - INFO - n_caps=14 | minZ=0.043419 | models=[1016, 898, 768, 893, 512, 2511, 221, 893, 402, 2331, 614, 766, 568, 341] | nodes=[4, 9, 13, 5, 10, 6, 7, 16, 17, 2, 8, 18, 14, 15]
2026-01-09 20:37:29,929 - /DATA/Aurindum/Swarming/Outputs/20260109_202226_ParticleTesting/P10_I50/run.log - INFO - n_caps=15 | minZ=0.043403 | models=[1016, 898, 768, 893, 512, 2511, 221, 893, 402, 2331, 614, 766, 568, 341, 1933] | nodes=[4, 9, 13, 5, 10, 6, 7, 16, 17, 2, 8, 18, 14, 15, 1]
2026-01-09 20:37:46,360 - /DATA/Aurindum/Swarming/Outputs/20260109_202226_ParticleTesting/P10_I50/run.log - INFO - n_caps=16 | minZ=0.043402 | models=[1016, 898, 768, 893, 512, 2511, 221, 893, 402, 2330, 614, 766, 568, 341, 1933, 1761] | nodes=[4, 9, 13, 5, 10, 6, 7, 16, 17, 2, 8, 18, 14, 15, 1, 3]
2026-01-09 20:38:04,175 - /DATA/Aurindum/Swarming/Outputs/20260109_202226_ParticleTesting/P10_I50/run.log - INFO - n_caps=17 | minZ=0.043360 | models=[1016, 898, 768, 893, 512, 2511, 222, 893, 403, 2331, 614, 766, 568, 341, 1933, 1762, 2638] | nodes=[4, 9, 13, 5, 10, 6, 7, 16, 17, 2, 8, 18, 14, 15, 1, 3, 20]
2026-01-09 20:38:20,754 - /DATA/Aurindum/Swarming/Outputs/20260109_202226_ParticleTesting/P10_I50/run.log - INFO - n_caps=18 | minZ=0.043361 | models=[1016, 898, 768, 893, 512, 2511, 222, 893, 403, 2331, 614, 767, 568, 341, 1933, 1762, 2639, 227] | nodes=[4, 9, 13, 5, 10, 6, 7, 16, 17, 2, 8, 18, 14, 15, 1, 3, 20, 19]
2026-01-09 20:38:37,094 - /DATA/Aurindum/Swarming/Outputs/20260109_202226_ParticleTesting/P10_I50/run.log - INFO - n_caps=19 | minZ=0.043047 | models=[1016, 898, 768, 893, 512, 2511, 222, 893, 403, 2331, 614, 766, 568, 341, 1933, 1762, 2639, 227, 238] | nodes=[4, 9, 13, 5, 10, 6, 7, 16, 17, 2, 8, 18, 14, 15, 1, 3, 19, 20, 11]
2026-01-09 20:38:54,076 - /DATA/Aurindum/Swarming/Outputs/20260109_202226_ParticleTesting/P10_I50/run.log - INFO - n_caps=20 | minZ=0.043185 | models=[1016, 898, 768, 893, 512, 2511, 222, 893, 404, 2331, 614, 766, 568, 341, 1933, 1762, 2639, 227, 238, 1690] | nodes=[3, 9, 13, 5, 10, 6, 7, 16, 17, 2, 8, 18, 14, 15, 19, 4, 20, 12, 11, 1]
2026-01-09 20:39:13,766 - /DATA/Aurindum/Swarming/Outputs/20260109_202226_ParticleTesting/P10_I60/run.log - INFO - n_caps=1 | minZ=0.116156 | models=[1384] | nodes=[14]
2026-01-09 20:39:35,633 - /DATA/Aurindum/Swarming/Outputs/20260109_202226_ParticleTesting/P10_I60/run.log - INFO - n_caps=2 | minZ=0.075057 | models=[1354, 1014] | nodes=[14, 10]
2026-01-09 20:39:56,785 - /DATA/Aurindum/Swarming/Outputs/20260109_202226_ParticleTesting/P10_I60/run.log - INFO - n_caps=3 | minZ=0.066374 | models=[1354, 1014, 1666] | nodes=[15, 10, 14]
2026-01-09 20:40:18,387 - /DATA/Aurindum/Swarming/Outputs/20260109_202226_ParticleTesting/P10_I60/run.log - INFO - n_caps=4 | minZ=0.059718 | models=[1354, 1014, 1666, 765] | nodes=[15, 10, 14, 16]
2026-01-09 20:40:39,920 - /DATA/Aurindum/Swarming/Outputs/20260109_202226_ParticleTesting/P10_I60/run.log - INFO - n_caps=5 | minZ=0.051909 | models=[1354, 1014, 1666, 765, 455] | nodes=[15, 10, 14, 16, 6]
2026-01-09 20:41:01,457 - /DATA/Aurindum/Swarming/Outputs/20260109_202226_ParticleTesting/P10_I60/run.log - INFO - n_caps=6 | minZ=0.049143 | models=[1354, 1014, 1666, 765, 455, 596] | nodes=[15, 10, 14, 16, 6, 9]
2026-01-09 20:41:23,493 - /DATA/Aurindum/Swarming/Outputs/20260109_202226_ParticleTesting/P10_I60/run.log - INFO - n_caps=7 | minZ=0.047247 | models=[1354, 1014, 1666, 765, 455, 596, 838] | nodes=[15, 10, 14, 16, 5, 9, 7]
2026-01-09 20:41:44,281 - /DATA/Aurindum/Swarming/Outputs/20260109_202226_ParticleTesting/P10_I60/run.log - INFO - n_caps=8 | minZ=0.046082 | models=[1354, 1014, 1665, 765, 455, 595, 838, 2275] | nodes=[14, 9, 15, 16, 5, 10, 6, 7]
2026-01-09 20:42:05,151 - /DATA/Aurindum/Swarming/Outputs/20260109_202226_ParticleTesting/P10_I60/run.log - INFO - n_caps=9 | minZ=0.044641 | models=[1354, 1015, 1665, 764, 455, 595, 838, 2275, 231] | nodes=[14, 10, 15, 16, 5, 9, 6, 7, 8]
2026-01-09 20:42:26,479 - /DATA/Aurindum/Swarming/Outputs/20260109_202226_ParticleTesting/P10_I60/run.log - INFO - n_caps=10 | minZ=0.044293 | models=[1354, 1015, 1665, 764, 456, 595, 838, 2275, 231, 1587] | nodes=[14, 10, 15, 16, 5, 9, 6, 7, 8, 17]
2026-01-09 20:42:48,226 - /DATA/Aurindum/Swarming/Outputs/20260109_202226_ParticleTesting/P10_I60/run.log - INFO - n_caps=11 | minZ=0.044219 | models=[1354, 1015, 1665, 764, 456, 596, 838, 2275, 231, 1587, 1317] | nodes=[14, 10, 15, 16, 5, 9, 6, 7, 8, 17, 2]
2026-01-09 20:43:10,376 - /DATA/Aurindum/Swarming/Outputs/20260109_202226_ParticleTesting/P10_I60/run.log - INFO - n_caps=12 | minZ=0.044198 | models=[1354, 1015, 1665, 764, 456, 596, 838, 2275, 231, 1587, 1316, 871] | nodes=[14, 10, 15, 16, 5, 9, 6, 7, 8, 17, 2, 4]
2026-01-09 20:43:29,470 - /DATA/Aurindum/Swarming/Outputs/20260109_202226_ParticleTesting/P10_I60/run.log - INFO - n_caps=13 | minZ=0.044192 | models=[1354, 1015, 1665, 764, 456, 596, 838, 2275, 231, 1587, 1317, 871, 1822] | nodes=[14, 10, 15, 16, 5, 9, 6, 7, 8, 18, 2, 4, 17]
2026-01-09 20:43:47,979 - /DATA/Aurindum/Swarming/Outputs/20260109_202226_ParticleTesting/P10_I60/run.log - INFO - n_caps=14 | minZ=0.044181 | models=[1354, 1015, 1664, 764, 456, 595, 838, 2275, 231, 1587, 1317, 871, 1822, 1512] | nodes=[14, 10, 15, 16, 5, 9, 6, 7, 8, 18, 2, 4, 17, 1]
2026-01-09 20:44:07,876 - /DATA/Aurindum/Swarming/Outputs/20260109_202226_ParticleTesting/P10_I60/run.log - INFO - n_caps=15 | minZ=0.044173 | models=[1354, 1015, 1664, 764, 456, 595, 838, 2275, 231, 1587, 1316, 871, 1822, 1512, 5] | nodes=[14, 10, 15, 16, 5, 9, 6, 7, 8, 18, 2, 4, 17, 1, 19]
2026-01-09 20:44:25,880 - /DATA/Aurindum/Swarming/Outputs/20260109_202226_ParticleTesting/P10_I60/run.log - INFO - n_caps=16 | minZ=0.044181 | models=[1354, 1015, 1665, 765, 456, 595, 838, 2275, 231, 1588, 1316, 871, 1822, 1511, 5, 482] | nodes=[14, 10, 15, 16, 5, 9, 6, 7, 8, 18, 2, 4, 17, 1, 19, 20]
2026-01-09 20:44:47,150 - /DATA/Aurindum/Swarming/Outputs/20260109_202226_ParticleTesting/P10_I60/run.log - INFO - n_caps=17 | minZ=0.044184 | models=[1354, 1016, 1665, 765, 456, 595, 838, 2275, 231, 1588, 1316, 871, 1822, 1512, 5, 482, 2214] | nodes=[14, 10, 15, 16, 5, 9, 6, 7, 8, 20, 2, 4, 17, 1, 18, 19, 3]
2026-01-09 20:45:07,672 - /DATA/Aurindum/Swarming/Outputs/20260109_202226_ParticleTesting/P10_I60/run.log - INFO - n_caps=18 | minZ=0.044448 | models=[1354, 1015, 1666, 765, 456, 595, 837, 2275, 231, 1588, 1316, 871, 1822, 1512, 5, 482, 2215, 1561] | nodes=[13, 9, 14, 15, 5, 10, 6, 7, 8, 20, 3, 4, 16, 1, 17, 18, 19, 2]
2026-01-09 20:45:26,481 - /DATA/Aurindum/Swarming/Outputs/20260109_202226_ParticleTesting/P10_I60/run.log - INFO - n_caps=19 | minZ=0.044418 | models=[1354, 1015, 1666, 765, 456, 595, 837, 2275, 231, 1588, 1316, 871, 1822, 1512, 5, 482, 2214, 1561, 596] | nodes=[13, 9, 14, 15, 5, 10, 6, 7, 8, 20, 3, 4, 16, 19, 11, 17, 18, 1, 2]
2026-01-09 20:45:46,568 - /DATA/Aurindum/Swarming/Outputs/20260109_202226_ParticleTesting/P10_I60/run.log - INFO - n_caps=20 | minZ=0.044403 | models=[1353, 1015, 1666, 765, 456, 595, 838, 2275, 231, 1588, 1316, 871, 1822, 1513, 5, 482, 2214, 1561, 596, 944] | nodes=[13, 10, 15, 14, 5, 9, 6, 7, 8, 20, 3, 4, 16, 19, 11, 17, 18, 1, 2, 12]
2026-01-09 20:46:10,531 - /DATA/Aurindum/Swarming/Outputs/20260109_202226_ParticleTesting/P10_I70/run.log - INFO - n_caps=1 | minZ=0.089878 | models=[1012] | nodes=[10]
2026-01-09 20:46:32,815 - /DATA/Aurindum/Swarming/Outputs/20260109_202226_ParticleTesting/P10_I70/run.log - INFO - n_caps=2 | minZ=0.067602 | models=[1012, 899] | nodes=[9, 15]
2026-01-09 20:46:54,983 - /DATA/Aurindum/Swarming/Outputs/20260109_202226_ParticleTesting/P10_I70/run.log - INFO - n_caps=3 | minZ=0.058139 | models=[1012, 898, 1126] | nodes=[9, 15, 10]
2026-01-09 20:47:16,700 - /DATA/Aurindum/Swarming/Outputs/20260109_202226_ParticleTesting/P10_I70/run.log - INFO - n_caps=4 | minZ=0.051466 | models=[1012, 898, 1126, 434] | nodes=[9, 15, 10, 6]
2026-01-09 20:47:38,452 - /DATA/Aurindum/Swarming/Outputs/20260109_202226_ParticleTesting/P10_I70/run.log - INFO - n_caps=5 | minZ=0.047592 | models=[1012, 898, 1126, 433, 362] | nodes=[9, 14, 10, 5, 6]
2026-01-09 20:47:59,496 - /DATA/Aurindum/Swarming/Outputs/20260109_202226_ParticleTesting/P10_I70/run.log - INFO - n_caps=6 | minZ=0.044812 | models=[1012, 899, 1127, 434, 363, 342] | nodes=[9, 15, 10, 5, 6, 14]
2026-01-09 20:48:21,756 - /DATA/Aurindum/Swarming/Outputs/20260109_202226_ParticleTesting/P10_I70/run.log - INFO - n_caps=7 | minZ=0.044047 | models=[1012, 899, 1127, 434, 363, 342, 2280] | nodes=[9, 14, 10, 5, 6, 15, 7]
2026-01-09 20:48:42,883 - /DATA/Aurindum/Swarming/Outputs/20260109_202226_ParticleTesting/P10_I70/run.log - INFO - n_caps=8 | minZ=0.043536 | models=[1012, 899, 1127, 434, 362, 342, 2280, 1512] | nodes=[9, 14, 10, 5, 6, 15, 7, 16]
2026-01-09 20:49:04,899 - /DATA/Aurindum/Swarming/Outputs/20260109_202226_ParticleTesting/P10_I70/run.log - INFO - n_caps=9 | minZ=0.042897 | models=[1011, 899, 1127, 434, 363, 342, 2280, 1511, 365] | nodes=[9, 14, 10, 5, 6, 15, 7, 16, 8]
2026-01-09 20:49:26,794 - /DATA/Aurindum/Swarming/Outputs/20260109_202226_ParticleTesting/P10_I70/run.log - INFO - n_caps=10 | minZ=0.042313 | models=[1012, 899, 1127, 433, 362, 343, 2280, 1511, 364, 208] | nodes=[9, 14, 10, 5, 6, 15, 4, 16, 7, 11]
2026-01-09 20:49:51,213 - /DATA/Aurindum/Swarming/Outputs/20260109_202226_ParticleTesting/P10_I70/run.log - INFO - n_caps=11 | minZ=0.042093 | models=[1012, 898, 1127, 434, 362, 343, 2280, 1511, 364, 208, 892] | nodes=[9, 15, 10, 5, 6, 16, 4, 17, 7, 11, 14]
2026-01-09 20:50:17,622 - /DATA/Aurindum/Swarming/Outputs/20260109_202226_ParticleTesting/P10_I70/run.log - INFO - n_caps=12 | minZ=0.041824 | models=[1012, 899, 1127, 434, 362, 343, 2279, 1511, 364, 208, 892, 1561] | nodes=[9, 15, 8, 5, 6, 16, 4, 17, 7, 10, 14, 2]
2026-01-09 20:50:17,623 - /DATA/Aurindum/Swarming/Outputs/20260109_202226_ParticleTesting/P10_I70/run.log - INFO - Threshold reached at n_caps=12
2026-01-09 20:50:46,070 - /DATA/Aurindum/Swarming/Outputs/20260109_202226_ParticleTesting/P10_I80/run.log - INFO - n_caps=1 | minZ=0.106312 | models=[939] | nodes=[16]
2026-01-09 20:51:12,155 - /DATA/Aurindum/Swarming/Outputs/20260109_202226_ParticleTesting/P10_I80/run.log - INFO - n_caps=2 | minZ=0.076658 | models=[1012, 1498] | nodes=[14, 15]
2026-01-09 20:51:36,208 - /DATA/Aurindum/Swarming/Outputs/20260109_202226_ParticleTesting/P10_I80/run.log - INFO - n_caps=3 | minZ=0.063404 | models=[1012, 1498, 585] | nodes=[14, 16, 15]
2026-01-09 20:52:01,568 - /DATA/Aurindum/Swarming/Outputs/20260109_202226_ParticleTesting/P10_I80/run.log - INFO - n_caps=4 | minZ=0.055451 | models=[1012, 1498, 585, 1263] | nodes=[14, 15, 16, 10]
2026-01-09 20:52:26,583 - /DATA/Aurindum/Swarming/Outputs/20260109_202226_ParticleTesting/P10_I80/run.log - INFO - n_caps=5 | minZ=0.052617 | models=[1012, 1498, 585, 1263, 606] | nodes=[14, 15, 16, 10, 5]
2026-01-09 20:52:51,402 - /DATA/Aurindum/Swarming/Outputs/20260109_202226_ParticleTesting/P10_I80/run.log - INFO - n_caps=6 | minZ=0.050827 | models=[1012, 1498, 585, 1263, 606, 263] | nodes=[14, 15, 16, 10, 5, 17]
2026-01-09 20:53:19,880 - /DATA/Aurindum/Swarming/Outputs/20260109_202226_ParticleTesting/P10_I80/run.log - INFO - n_caps=7 | minZ=0.049547 | models=[1012, 1498, 586, 1263, 604, 262, 1511] | nodes=[14, 15, 16, 10, 5, 17, 9]
2026-01-09 20:53:47,630 - /DATA/Aurindum/Swarming/Outputs/20260109_202226_ParticleTesting/P10_I80/run.log - INFO - n_caps=8 | minZ=0.047006 | models=[1012, 1496, 585, 1263, 604, 262, 1510, 498] | nodes=[14, 17, 15, 9, 5, 16, 10, 6]
2026-01-09 20:54:13,728 - /DATA/Aurindum/Swarming/Outputs/20260109_202226_ParticleTesting/P10_I80/run.log - INFO - n_caps=9 | minZ=0.045409 | models=[1012, 1497, 585, 1262, 605, 263, 1509, 498, 171] | nodes=[14, 17, 15, 9, 5, 16, 10, 6, 7]
2026-01-09 20:54:38,309 - /DATA/Aurindum/Swarming/Outputs/20260109_202226_ParticleTesting/P10_I80/run.log - INFO - n_caps=10 | minZ=0.044060 | models=[1012, 1497, 585, 1263, 605, 263, 1509, 498, 171, 1655] | nodes=[14, 17, 16, 9, 5, 15, 10, 6, 7, 11]
2026-01-09 20:55:03,558 - /DATA/Aurindum/Swarming/Outputs/20260109_202226_ParticleTesting/P10_I80/run.log - INFO - n_caps=11 | minZ=0.044034 | models=[1012, 1496, 585, 1263, 605, 263, 1509, 498, 171, 1655, 1294] | nodes=[14, 17, 16, 9, 5, 15, 10, 6, 7, 11, 8]
2026-01-09 20:55:29,049 - /DATA/Aurindum/Swarming/Outputs/20260109_202226_ParticleTesting/P10_I80/run.log - INFO - n_caps=12 | minZ=0.043930 | models=[1012, 1496, 585, 1263, 605, 263, 1509, 498, 171, 1655, 1294, 260] | nodes=[14, 17, 16, 9, 5, 15, 10, 6, 7, 11, 8, 13]
2026-01-09 20:55:53,649 - /DATA/Aurindum/Swarming/Outputs/20260109_202226_ParticleTesting/P10_I80/run.log - INFO - n_caps=13 | minZ=0.043964 | models=[1012, 1496, 585, 1263, 605, 263, 1509, 498, 171, 1655, 1294, 260, 871] | nodes=[14, 17, 16, 9, 5, 15, 10, 6, 7, 11, 12, 13, 18]
2026-01-09 20:56:18,967 - /DATA/Aurindum/Swarming/Outputs/20260109_202226_ParticleTesting/P10_I80/run.log - INFO - n_caps=14 | minZ=0.043957 | models=[1012, 1496, 585, 1263, 605, 263, 1509, 497, 171, 1655, 1294, 260, 871, 146] | nodes=[14, 17, 16, 9, 5, 15, 10, 6, 7, 11, 12, 13, 18, 1]
2026-01-09 20:56:44,306 - /DATA/Aurindum/Swarming/Outputs/20260109_202226_ParticleTesting/P10_I80/run.log - INFO - n_caps=15 | minZ=0.043912 | models=[1012, 1496, 585, 1264, 605, 263, 1509, 497, 171, 1655, 1294, 260, 871, 149, 78] | nodes=[14, 17, 16, 9, 5, 15, 10, 6, 7, 11, 12, 13, 18, 2, 19]
2026-01-09 20:57:09,470 - /DATA/Aurindum/Swarming/Outputs/20260109_202226_ParticleTesting/P10_I80/run.log - INFO - n_caps=16 | minZ=0.043825 | models=[1012, 1496, 585, 1264, 605, 263, 1509, 497, 171, 1655, 1294, 260, 871, 149, 78, 1064] | nodes=[14, 17, 16, 9, 5, 15, 10, 6, 7, 11, 12, 13, 18, 2, 8, 1]
2026-01-09 20:57:34,853 - /DATA/Aurindum/Swarming/Outputs/20260109_202226_ParticleTesting/P10_I80/run.log - INFO - n_caps=17 | minZ=0.043819 | models=[1012, 1496, 585, 1264, 605, 263, 1509, 497, 171, 1655, 1294, 260, 871, 149, 77, 1064, 709] | nodes=[14, 17, 16, 9, 5, 15, 10, 6, 7, 11, 12, 13, 18, 1, 8, 2, 3]
2026-01-09 20:58:00,551 - /DATA/Aurindum/Swarming/Outputs/20260109_202226_ParticleTesting/P10_I80/run.log - INFO - n_caps=18 | minZ=0.043823 | models=[1012, 1496, 585, 1264, 605, 262, 1509, 498, 171, 1654, 1294, 260, 871, 149, 77, 1064, 709, 3306] | nodes=[14, 17, 16, 9, 5, 15, 10, 6, 7, 11, 12, 13, 18, 1, 8, 2, 3, 19]
2026-01-09 20:58:27,574 - /DATA/Aurindum/Swarming/Outputs/20260109_202226_ParticleTesting/P10_I80/run.log - INFO - n_caps=19 | minZ=0.043833 | models=[1012, 1496, 585, 1264, 605, 262, 1509, 498, 171, 1654, 1294, 260, 871, 149, 77, 1064, 709, 3306, 147] | nodes=[14, 17, 16, 9, 5, 15, 10, 6, 7, 11, 12, 13, 18, 1, 8, 2, 3, 19, 20]
2026-01-09 20:58:53,177 - /DATA/Aurindum/Swarming/Outputs/20260109_202226_ParticleTesting/P10_I80/run.log - INFO - n_caps=20 | minZ=0.043839 | models=[1012, 1496, 585, 1264, 605, 262, 1509, 498, 171, 1654, 1294, 260, 871, 149, 77, 1064, 710, 3306, 147, 1237] | nodes=[14, 17, 16, 9, 5, 15, 10, 6, 7, 11, 12, 13, 18, 1, 8, 2, 4, 19, 20, 3]
2026-01-09 20:59:22,688 - /DATA/Aurindum/Swarming/Outputs/20260109_202226_ParticleTesting/P10_I90/run.log - INFO - n_caps=1 | minZ=0.094292 | models=[1014] | nodes=[5]
2026-01-09 20:59:52,641 - /DATA/Aurindum/Swarming/Outputs/20260109_202226_ParticleTesting/P10_I90/run.log - INFO - n_caps=2 | minZ=0.066703 | models=[1014, 1014] | nodes=[5, 9]
2026-01-09 21:00:21,457 - /DATA/Aurindum/Swarming/Outputs/20260109_202226_ParticleTesting/P10_I90/run.log - INFO - n_caps=3 | minZ=0.055259 | models=[1014, 1014, 455] | nodes=[9, 10, 6]
2026-01-09 21:00:50,273 - /DATA/Aurindum/Swarming/Outputs/20260109_202226_ParticleTesting/P10_I90/run.log - INFO - n_caps=4 | minZ=0.050304 | models=[1014, 1014, 455, 524] | nodes=[9, 10, 6, 15]
2026-01-09 21:01:18,974 - /DATA/Aurindum/Swarming/Outputs/20260109_202226_ParticleTesting/P10_I90/run.log - INFO - n_caps=5 | minZ=0.047576 | models=[1014, 1014, 455, 524, 344] | nodes=[9, 10, 6, 15, 14]
2026-01-09 21:01:47,632 - /DATA/Aurindum/Swarming/Outputs/20260109_202226_ParticleTesting/P10_I90/run.log - INFO - n_caps=6 | minZ=0.045937 | models=[1014, 1014, 455, 524, 344, 92] | nodes=[10, 9, 6, 15, 14, 7]
2026-01-09 21:02:17,003 - /DATA/Aurindum/Swarming/Outputs/20260109_202226_ParticleTesting/P10_I90/run.log - INFO - n_caps=7 | minZ=0.043651 | models=[1014, 1014, 455, 524, 344, 92, 244] | nodes=[9, 10, 7, 15, 14, 6, 5]
2026-01-09 21:02:50,041 - /DATA/Aurindum/Swarming/Outputs/20260109_202226_ParticleTesting/P10_I90/run.log - INFO - n_caps=8 | minZ=0.042265 | models=[1014, 1014, 455, 524, 344, 91, 244, 342] | nodes=[9, 10, 6, 15, 14, 7, 5, 16]
2026-01-09 21:03:18,191 - /DATA/Aurindum/Swarming/Outputs/20260109_202226_ParticleTesting/P10_I90/run.log - INFO - n_caps=9 | minZ=0.041740 | models=[1014, 1014, 455, 524, 344, 91, 243, 342, 163] | nodes=[9, 10, 6, 15, 14, 7, 5, 16, 11]
2026-01-09 21:03:18,192 - /DATA/Aurindum/Swarming/Outputs/20260109_202226_ParticleTesting/P10_I90/run.log - INFO - Threshold reached at n_caps=9
2026-01-09 21:03:48,055 - /DATA/Aurindum/Swarming/Outputs/20260109_202226_ParticleTesting/P10_I100/run.log - INFO - n_caps=1 | minZ=0.093198 | models=[1012] | nodes=[14]
2026-01-09 21:04:18,670 - /DATA/Aurindum/Swarming/Outputs/20260109_202226_ParticleTesting/P10_I100/run.log - INFO - n_caps=2 | minZ=0.069241 | models=[1014, 899] | nodes=[14, 10]
2026-01-09 21:04:52,379 - /DATA/Aurindum/Swarming/Outputs/20260109_202226_ParticleTesting/P10_I100/run.log - INFO - n_caps=3 | minZ=0.058462 | models=[1014, 898, 752] | nodes=[9, 10, 6]
2026-01-09 21:05:28,212 - /DATA/Aurindum/Swarming/Outputs/20260109_202226_ParticleTesting/P10_I100/run.log - INFO - n_caps=4 | minZ=0.053433 | models=[1014, 899, 752, 434] | nodes=[9, 10, 6, 14]
2026-01-09 21:05:59,834 - /DATA/Aurindum/Swarming/Outputs/20260109_202226_ParticleTesting/P10_I100/run.log - INFO - n_caps=5 | minZ=0.049120 | models=[1014, 899, 753, 434, 1439] | nodes=[9, 10, 5, 14, 6]
2026-01-09 21:06:32,354 - /DATA/Aurindum/Swarming/Outputs/20260109_202226_ParticleTesting/P10_I100/run.log - INFO - n_caps=6 | minZ=0.046598 | models=[1014, 898, 753, 434, 1439, 596] | nodes=[9, 10, 5, 14, 6, 15]
2026-01-09 21:07:03,266 - /DATA/Aurindum/Swarming/Outputs/20260109_202226_ParticleTesting/P10_I100/run.log - INFO - n_caps=7 | minZ=0.044982 | models=[1014, 899, 753, 434, 1439, 596, 412] | nodes=[9, 10, 5, 14, 6, 15, 7]
2026-01-09 21:07:34,423 - /DATA/Aurindum/Swarming/Outputs/20260109_202226_ParticleTesting/P10_I100/run.log - INFO - n_caps=8 | minZ=0.044228 | models=[1014, 899, 754, 434, 1439, 595, 412, 1396] | nodes=[9, 10, 5, 14, 6, 15, 7, 16]
2026-01-09 21:08:05,412 - /DATA/Aurindum/Swarming/Outputs/20260109_202226_ParticleTesting/P10_I100/run.log - INFO - n_caps=9 | minZ=0.043541 | models=[1014, 899, 754, 434, 1439, 595, 412, 1396, 164] | nodes=[9, 10, 5, 14, 6, 15, 7, 16, 8]
2026-01-09 21:08:35,455 - /DATA/Aurindum/Swarming/Outputs/20260109_202226_ParticleTesting/P10_I100/run.log - INFO - n_caps=10 | minZ=0.043452 | models=[1014, 899, 754, 434, 1439, 595, 412, 1396, 164, 2122] | nodes=[9, 10, 5, 14, 6, 15, 7, 16, 8, 2]
2026-01-09 21:09:09,685 - /DATA/Aurindum/Swarming/Outputs/20260109_202226_ParticleTesting/P10_I100/run.log - INFO - n_caps=11 | minZ=0.042911 | models=[1014, 899, 753, 434, 1439, 595, 412, 1396, 164, 2122, 1511] | nodes=[9, 10, 4, 15, 6, 14, 5, 16, 7, 2, 8]
2026-01-09 21:09:40,645 - /DATA/Aurindum/Swarming/Outputs/20260109_202226_ParticleTesting/P10_I100/run.log - INFO - n_caps=12 | minZ=0.042572 | models=[1014, 899, 753, 434, 1439, 595, 412, 1396, 164, 2122, 1511, 262] | nodes=[9, 10, 4, 15, 6, 14, 5, 16, 7, 2, 8, 11]
2026-01-09 21:10:13,113 - /DATA/Aurindum/Swarming/Outputs/20260109_202226_ParticleTesting/P10_I100/run.log - INFO - n_caps=13 | minZ=0.042466 | models=[1014, 899, 753, 434, 1439, 595, 412, 1395, 164, 2122, 1510, 262, 260] | nodes=[9, 10, 4, 15, 6, 14, 5, 16, 7, 2, 8, 11, 12]
2026-01-09 21:10:48,033 - /DATA/Aurindum/Swarming/Outputs/20260109_202226_ParticleTesting/P10_I100/run.log - INFO - n_caps=14 | minZ=0.042482 | models=[1014, 898, 753, 434, 1439, 595, 412, 1395, 164, 2122, 1510, 262, 260, 481] | nodes=[9, 10, 4, 14, 6, 15, 5, 16, 7, 2, 8, 11, 12, 13]
2026-01-09 21:11:21,724 - /DATA/Aurindum/Swarming/Outputs/20260109_202226_ParticleTesting/P10_I100/run.log - INFO - n_caps=15 | minZ=0.042393 | models=[1014, 898, 753, 434, 1439, 595, 412, 1396, 164, 2122, 1510, 262, 260, 481, 1367] | nodes=[9, 10, 4, 14, 6, 15, 5, 16, 7, 2, 8, 11, 12, 13, 18]
2026-01-09 21:11:53,841 - /DATA/Aurindum/Swarming/Outputs/20260109_202226_ParticleTesting/P10_I100/run.log - INFO - n_caps=16 | minZ=0.042354 | models=[1014, 898, 753, 434, 1439, 595, 412, 1396, 164, 2122, 1510, 262, 260, 481, 1367, 2472] | nodes=[9, 10, 4, 14, 5, 15, 6, 16, 7, 2, 8, 11, 12, 13, 18, 19]
2026-01-09 21:12:27,880 - /DATA/Aurindum/Swarming/Outputs/20260109_202226_ParticleTesting/P10_I100/run.log - INFO - n_caps=17 | minZ=0.042340 | models=[1014, 898, 753, 434, 1439, 596, 413, 1396, 164, 2122, 1510, 262, 261, 481, 1367, 2472, 1893] | nodes=[9, 10, 4, 14, 5, 15, 6, 16, 7, 2, 8, 11, 12, 13, 18, 19, 1]
2026-01-09 21:13:02,811 - /DATA/Aurindum/Swarming/Outputs/20260109_202226_ParticleTesting/P10_I100/run.log - INFO - n_caps=18 | minZ=0.042328 | models=[1014, 899, 753, 434, 1439, 595, 413, 1396, 164, 2122, 1510, 263, 261, 481, 1367, 2472, 1893, 1484] | nodes=[9, 10, 4, 14, 5, 15, 6, 16, 7, 2, 8, 11, 12, 13, 18, 19, 1, 20]
2026-01-09 21:13:35,813 - /DATA/Aurindum/Swarming/Outputs/20260109_202226_ParticleTesting/P10_I100/run.log - INFO - n_caps=19 | minZ=0.042324 | models=[1014, 898, 753, 434, 1439, 595, 413, 1396, 164, 2122, 1510, 262, 261, 481, 1367, 2472, 1893, 1485, 2789] | nodes=[9, 10, 4, 14, 5, 15, 6, 16, 7, 2, 8, 11, 12, 13, 18, 19, 3, 20, 1]
2026-01-09 21:14:08,914 - /DATA/Aurindum/Swarming/Outputs/20260109_202226_ParticleTesting/P10_I100/run.log - INFO - n_caps=20 | minZ=0.042391 | models=[1014, 898, 753, 434, 1439, 595, 413, 1396, 164, 2122, 1510, 262, 261, 481, 1367, 2472, 1893, 1485, 2789, 108] | nodes=[9, 10, 4, 14, 5, 15, 6, 16, 7, 2, 8, 11, 12, 13, 18, 19, 3, 20, 1, 17]
2026-01-09 21:14:45,438 - /DATA/Aurindum/Swarming/Outputs/20260109_202226_ParticleTesting/P10_I110/run.log - INFO - n_caps=1 | minZ=0.094622 | models=[1014] | nodes=[16]
2026-01-09 21:15:19,610 - /DATA/Aurindum/Swarming/Outputs/20260109_202226_ParticleTesting/P10_I110/run.log - INFO - n_caps=2 | minZ=0.071023 | models=[1014, 898] | nodes=[16, 10]
2026-01-09 21:15:53,190 - /DATA/Aurindum/Swarming/Outputs/20260109_202226_ParticleTesting/P10_I110/run.log - INFO - n_caps=3 | minZ=0.058892 | models=[1014, 899, 1012] | nodes=[16, 10, 9]
2026-01-09 21:16:27,312 - /DATA/Aurindum/Swarming/Outputs/20260109_202226_ParticleTesting/P10_I110/run.log - INFO - n_caps=4 | minZ=0.051455 | models=[1014, 899, 1012, 456] | nodes=[16, 10, 9, 5]
2026-01-09 21:17:02,906 - /DATA/Aurindum/Swarming/Outputs/20260109_202226_ParticleTesting/P10_I110/run.log - INFO - n_caps=5 | minZ=0.048425 | models=[1014, 899, 1012, 456, 1511] | nodes=[15, 10, 9, 5, 14]
2026-01-09 21:17:35,981 - /DATA/Aurindum/Swarming/Outputs/20260109_202226_ParticleTesting/P10_I110/run.log - INFO - n_caps=6 | minZ=0.046663 | models=[1014, 898, 1012, 456, 1511, 333] | nodes=[15, 10, 9, 5, 14, 7]
2026-01-09 21:18:08,994 - /DATA/Aurindum/Swarming/Outputs/20260109_202226_ParticleTesting/P10_I110/run.log - INFO - n_caps=7 | minZ=0.044246 | models=[1014, 899, 1012, 456, 1511, 333, 262] | nodes=[15, 10, 9, 5, 14, 7, 6]
2026-01-09 21:18:45,102 - /DATA/Aurindum/Swarming/Outputs/20260109_202226_ParticleTesting/P10_I110/run.log - INFO - n_caps=8 | minZ=0.043055 | models=[1014, 899, 1012, 456, 1511, 334, 262, 412] | nodes=[14, 10, 9, 5, 15, 7, 6, 8]
2026-01-09 21:19:18,571 - /DATA/Aurindum/Swarming/Outputs/20260109_202226_ParticleTesting/P10_I110/run.log - INFO - n_caps=9 | minZ=0.042691 | models=[1014, 898, 1012, 455, 1511, 334, 262, 412, 629] | nodes=[14, 10, 9, 5, 16, 7, 6, 15, 8]
2026-01-09 21:19:57,969 - /DATA/Aurindum/Swarming/Outputs/20260109_202226_ParticleTesting/P10_I110/run.log - INFO - n_caps=10 | minZ=0.042028 | models=[1014, 899, 1012, 455, 1512, 334, 262, 412, 629, 240] | nodes=[14, 10, 9, 5, 16, 7, 6, 15, 8, 2]
2026-01-09 21:20:36,924 - /DATA/Aurindum/Swarming/Outputs/20260109_202226_ParticleTesting/P10_I110/run.log - INFO - n_caps=11 | minZ=0.042028 | models=[1014, 899, 1012, 455, 1512, 334, 262, 412, 629, 240, 1406] | nodes=[14, 10, 9, 5, 16, 7, 6, 15, 8, 2, 1]
2026-01-09 21:21:15,416 - /DATA/Aurindum/Swarming/Outputs/20260109_202226_ParticleTesting/P10_I110/run.log - INFO - n_caps=12 | minZ=0.041893 | models=[1014, 898, 1012, 455, 1512, 334, 262, 412, 629, 240, 1406, 77] | nodes=[14, 10, 9, 5, 16, 7, 6, 15, 8, 2, 1, 11]
2026-01-09 21:21:15,416 - /DATA/Aurindum/Swarming/Outputs/20260109_202226_ParticleTesting/P10_I110/run.log - INFO - Threshold reached at n_caps=12
2026-01-09 21:21:56,855 - /DATA/Aurindum/Swarming/Outputs/20260109_202226_ParticleTesting/P10_I120/run.log - INFO - n_caps=1 | minZ=0.087365 | models=[1014] | nodes=[9]
2026-01-09 21:22:35,735 - /DATA/Aurindum/Swarming/Outputs/20260109_202226_ParticleTesting/P10_I120/run.log - INFO - n_caps=2 | minZ=0.064766 | models=[1014, 1012] | nodes=[9, 10]
2026-01-09 21:23:16,904 - /DATA/Aurindum/Swarming/Outputs/20260109_202226_ParticleTesting/P10_I120/run.log - INFO - n_caps=3 | minZ=0.059499 | models=[1014, 1012, 1512] | nodes=[9, 10, 15]
2026-01-09 21:24:00,822 - /DATA/Aurindum/Swarming/Outputs/20260109_202226_ParticleTesting/P10_I120/run.log - INFO - n_caps=4 | minZ=0.051260 | models=[1014, 1012, 1512, 512] | nodes=[9, 10, 15, 14]
2026-01-09 21:24:37,673 - /DATA/Aurindum/Swarming/Outputs/20260109_202226_ParticleTesting/P10_I120/run.log - INFO - n_caps=5 | minZ=0.049354 | models=[1014, 1012, 1512, 512, 744] | nodes=[9, 10, 15, 14, 5]
2026-01-09 21:25:14,031 - /DATA/Aurindum/Swarming/Outputs/20260109_202226_ParticleTesting/P10_I120/run.log - INFO - n_caps=6 | minZ=0.044987 | models=[1014, 1012, 1511, 512, 744, 237] | nodes=[9, 10, 15, 14, 5, 6]
2026-01-09 21:25:50,102 - /DATA/Aurindum/Swarming/Outputs/20260109_202226_ParticleTesting/P10_I120/run.log - INFO - n_caps=7 | minZ=0.043789 | models=[1014, 1012, 1511, 512, 743, 237, 92] | nodes=[9, 10, 15, 14, 5, 6, 7]
2026-01-09 21:26:31,230 - /DATA/Aurindum/Swarming/Outputs/20260109_202226_ParticleTesting/P10_I120/run.log - INFO - n_caps=8 | minZ=0.043215 | models=[1014, 1012, 1511, 512, 743, 237, 92, 145] | nodes=[9, 10, 15, 14, 5, 6, 7, 16]
2026-01-09 21:27:10,456 - /DATA/Aurindum/Swarming/Outputs/20260109_202226_ParticleTesting/P10_I120/run.log - INFO - n_caps=9 | minZ=0.042947 | models=[1014, 1012, 1512, 512, 743, 238, 92, 145, 1182] | nodes=[9, 10, 16, 14, 5, 6, 7, 15, 2]
2026-01-09 21:27:48,564 - /DATA/Aurindum/Swarming/Outputs/20260109_202226_ParticleTesting/P10_I120/run.log - INFO - n_caps=10 | minZ=0.042801 | models=[1014, 1012, 1511, 512, 743, 238, 92, 145, 1182, 40] | nodes=[9, 10, 16, 14, 5, 6, 7, 15, 2, 11]
2026-01-09 21:28:25,131 - /DATA/Aurindum/Swarming/Outputs/20260109_202226_ParticleTesting/P10_I120/run.log - INFO - n_caps=11 | minZ=0.042763 | models=[1014, 1012, 1512, 512, 743, 237, 92, 145, 1182, 40, 4] | nodes=[9, 10, 16, 14, 5, 6, 7, 15, 2, 11, 12]
2026-01-09 21:29:06,956 - /DATA/Aurindum/Swarming/Outputs/20260109_202226_ParticleTesting/P10_I120/run.log - INFO - n_caps=12 | minZ=0.042520 | models=[1014, 1012, 1511, 512, 743, 237, 92, 145, 1182, 40, 4, 62] | nodes=[9, 10, 16, 14, 5, 6, 7, 15, 2, 11, 12, 13]
2026-01-09 21:29:43,176 - /DATA/Aurindum/Swarming/Outputs/20260109_202226_ParticleTesting/P10_I120/run.log - INFO - n_caps=13 | minZ=0.042427 | models=[1014, 1012, 1511, 511, 743, 238, 92, 145, 1182, 40, 4, 62, 1497] | nodes=[9, 10, 16, 14, 5, 6, 7, 15, 2, 11, 13, 8, 1]
2026-01-09 21:30:21,580 - /DATA/Aurindum/Swarming/Outputs/20260109_202226_ParticleTesting/P10_I120/run.log - INFO - n_caps=14 | minZ=0.042303 | models=[1014, 1012, 1511, 512, 742, 237, 92, 145, 1182, 40, 4, 62, 1497, 33] | nodes=[9, 10, 16, 14, 5, 6, 7, 15, 2, 11, 13, 8, 1, 17]
2026-01-09 21:31:01,818 - /DATA/Aurindum/Swarming/Outputs/20260109_202226_ParticleTesting/P10_I120/run.log - INFO - n_caps=15 | minZ=0.042316 | models=[1014, 1012, 1511, 512, 742, 237, 92, 145, 1182, 40, 4, 62, 1497, 33, 254] | nodes=[9, 10, 16, 14, 5, 6, 7, 15, 2, 11, 13, 8, 1, 17, 18]
2026-01-09 21:31:45,813 - /DATA/Aurindum/Swarming/Outputs/20260109_202226_ParticleTesting/P10_I120/run.log - INFO - n_caps=16 | minZ=0.042385 | models=[1014, 1012, 1511, 512, 742, 237, 92, 145, 1182, 40, 4, 62, 1497, 33, 254, 2255] | nodes=[9, 10, 16, 14, 5, 6, 7, 15, 2, 11, 13, 8, 1, 17, 18, 19]
2026-01-09 21:32:28,382 - /DATA/Aurindum/Swarming/Outputs/20260109_202226_ParticleTesting/P10_I120/run.log - INFO - n_caps=17 | minZ=0.042303 | models=[1014, 1012, 1511, 512, 742, 237, 92, 145, 1182, 40, 4, 62, 1497, 33, 254, 2255, 110] | nodes=[9, 10, 16, 14, 5, 6, 7, 15, 3, 11, 13, 8, 1, 17, 18, 19, 2]
2026-01-09 21:33:07,404 - /DATA/Aurindum/Swarming/Outputs/20260109_202226_ParticleTesting/P10_I120/run.log - INFO - n_caps=18 | minZ=0.042303 | models=[1014, 1012, 1512, 512, 742, 237, 92, 145, 1183, 40, 5, 62, 1497, 33, 254, 2255, 110, 14] | nodes=[9, 10, 16, 14, 5, 6, 7, 15, 3, 11, 13, 8, 1, 17, 18, 19, 2, 20]
2026-01-09 21:33:45,105 - /DATA/Aurindum/Swarming/Outputs/20260109_202226_ParticleTesting/P10_I120/run.log - INFO - n_caps=19 | minZ=0.042285 | models=[1014, 1012, 1512, 512, 743, 238, 92, 145, 1183, 40, 5, 62, 1497, 33, 254, 2255, 109, 14, 244] | nodes=[9, 10, 16, 14, 5, 6, 7, 15, 3, 11, 13, 8, 4, 17, 18, 19, 2, 20, 1]
2026-01-09 21:34:24,182 - /DATA/Aurindum/Swarming/Outputs/20260109_202226_ParticleTesting/P10_I120/run.log - INFO - n_caps=20 | minZ=0.042211 | models=[1014, 1012, 1512, 512, 743, 238, 92, 145, 1183, 40, 3, 62, 1497, 33, 254, 2255, 109, 14, 244, 29] | nodes=[9, 10, 16, 14, 5, 6, 7, 15, 3, 11, 13, 8, 4, 17, 18, 19, 2, 20, 1, 12]
2026-01-09 21:35:10,852 - /DATA/Aurindum/Swarming/Outputs/20260109_202226_ParticleTesting/P10_I130/run.log - INFO - n_caps=1 | minZ=0.087365 | models=[1014] | nodes=[9]
2026-01-09 21:35:52,208 - /DATA/Aurindum/Swarming/Outputs/20260109_202226_ParticleTesting/P10_I130/run.log - INFO - n_caps=2 | minZ=0.070086 | models=[1014, 1345] | nodes=[9, 10]
2026-01-09 21:36:39,249 - /DATA/Aurindum/Swarming/Outputs/20260109_202226_ParticleTesting/P10_I130/run.log - INFO - n_caps=3 | minZ=0.060378 | models=[1012, 899, 1424] | nodes=[9, 10, 5]
2026-01-09 21:37:25,837 - /DATA/Aurindum/Swarming/Outputs/20260109_202226_ParticleTesting/P10_I130/run.log - INFO - n_caps=4 | minZ=0.053517 | models=[1012, 899, 1424, 606] | nodes=[9, 10, 5, 15]
2026-01-09 21:38:08,273 - /DATA/Aurindum/Swarming/Outputs/20260109_202226_ParticleTesting/P10_I130/run.log - INFO - n_caps=5 | minZ=0.049192 | models=[1012, 898, 1424, 604, 528] | nodes=[9, 10, 6, 15, 14]
2026-01-09 21:38:52,555 - /DATA/Aurindum/Swarming/Outputs/20260109_202226_ParticleTesting/P10_I130/run.log - INFO - n_caps=6 | minZ=0.046759 | models=[1012, 899, 1424, 602, 528, 434] | nodes=[9, 10, 6, 15, 14, 5]
2026-01-09 21:39:40,091 - /DATA/Aurindum/Swarming/Outputs/20260109_202226_ParticleTesting/P10_I130/run.log - INFO - n_caps=7 | minZ=0.045326 | models=[1012, 899, 1424, 602, 527, 433, 260] | nodes=[9, 10, 6, 15, 14, 5, 16]
2026-01-09 21:40:27,245 - /DATA/Aurindum/Swarming/Outputs/20260109_202226_ParticleTesting/P10_I130/run.log - INFO - n_caps=8 | minZ=0.043486 | models=[1012, 898, 1425, 601, 527, 433, 260, 1651] | nodes=[9, 10, 6, 15, 14, 5, 16, 11]
2026-01-09 21:41:08,935 - /DATA/Aurindum/Swarming/Outputs/20260109_202226_ParticleTesting/P10_I130/run.log - INFO - n_caps=9 | minZ=0.042213 | models=[1012, 898, 1425, 601, 527, 433, 260, 1651, 115] | nodes=[9, 10, 6, 15, 14, 5, 16, 11, 7]
2026-01-09 21:41:48,894 - /DATA/Aurindum/Swarming/Outputs/20260109_202226_ParticleTesting/P10_I130/run.log - INFO - n_caps=10 | minZ=0.042130 | models=[1012, 898, 1425, 601, 527, 433, 260, 1651, 115, 1442] | nodes=[9, 10, 7, 15, 14, 5, 16, 11, 6, 2]
2026-01-09 21:42:32,084 - /DATA/Aurindum/Swarming/Outputs/20260109_202226_ParticleTesting/P10_I130/run.log - INFO - n_caps=11 | minZ=0.041973 | models=[1012, 898, 1425, 602, 528, 433, 261, 1652, 115, 1442, 184] | nodes=[9, 10, 7, 15, 14, 5, 16, 11, 6, 2, 8]
2026-01-09 21:42:32,085 - /DATA/Aurindum/Swarming/Outputs/20260109_202226_ParticleTesting/P10_I130/run.log - INFO - Threshold reached at n_caps=11
2026-01-09 21:43:19,439 - /DATA/Aurindum/Swarming/Outputs/20260109_202226_ParticleTesting/P10_I140/run.log - INFO - n_caps=1 | minZ=0.089878 | models=[1014] | nodes=[10]
2026-01-09 21:44:04,458 - /DATA/Aurindum/Swarming/Outputs/20260109_202226_ParticleTesting/P10_I140/run.log - INFO - n_caps=2 | minZ=0.064766 | models=[1014, 1014] | nodes=[9, 10]
2026-01-09 21:44:49,996 - /DATA/Aurindum/Swarming/Outputs/20260109_202226_ParticleTesting/P10_I140/run.log - INFO - n_caps=3 | minZ=0.058329 | models=[1012, 1014, 838] | nodes=[9, 10, 6]
2026-01-09 21:45:32,345 - /DATA/Aurindum/Swarming/Outputs/20260109_202226_ParticleTesting/P10_I140/run.log - INFO - n_caps=4 | minZ=0.050935 | models=[1012, 1014, 838, 527] | nodes=[9, 10, 6, 14]
2026-01-09 21:46:14,157 - /DATA/Aurindum/Swarming/Outputs/20260109_202226_ParticleTesting/P10_I140/run.log - INFO - n_caps=5 | minZ=0.047615 | models=[1012, 1014, 838, 527, 239] | nodes=[9, 10, 7, 14, 16]
2026-01-09 21:46:59,181 - /DATA/Aurindum/Swarming/Outputs/20260109_202226_ParticleTesting/P10_I140/run.log - INFO - n_caps=6 | minZ=0.045623 | models=[1012, 1014, 838, 527, 239, 1275] | nodes=[9, 10, 6, 14, 16, 15]
2026-01-09 21:47:50,362 - /DATA/Aurindum/Swarming/Outputs/20260109_202226_ParticleTesting/P10_I140/run.log - INFO - n_caps=7 | minZ=0.044229 | models=[1012, 1014, 838, 527, 239, 1275, 744] | nodes=[9, 10, 6, 14, 16, 15, 5]
2026-01-09 21:48:35,902 - /DATA/Aurindum/Swarming/Outputs/20260109_202226_ParticleTesting/P10_I140/run.log - INFO - n_caps=8 | minZ=0.041769 | models=[1012, 1014, 838, 527, 239, 1275, 745, 189] | nodes=[9, 10, 5, 14, 16, 15, 6, 7]
2026-01-09 21:48:35,903 - /DATA/Aurindum/Swarming/Outputs/20260109_202226_ParticleTesting/P10_I140/run.log - INFO - Threshold reached at n_caps=8
2026-01-09 21:49:26,326 - /DATA/Aurindum/Swarming/Outputs/20260109_202226_ParticleTesting/P10_I150/run.log - INFO - n_caps=1 | minZ=0.087365 | models=[1014] | nodes=[9]
2026-01-09 21:50:12,569 - /DATA/Aurindum/Swarming/Outputs/20260109_202226_ParticleTesting/P10_I150/run.log - INFO - n_caps=2 | minZ=0.067637 | models=[1014, 1170] | nodes=[9, 10]
2026-01-09 21:50:59,936 - /DATA/Aurindum/Swarming/Outputs/20260109_202226_ParticleTesting/P10_I150/run.log - INFO - n_caps=3 | minZ=0.057629 | models=[1014, 1170, 893] | nodes=[9, 10, 15]
2026-01-09 21:51:50,311 - /DATA/Aurindum/Swarming/Outputs/20260109_202226_ParticleTesting/P10_I150/run.log - INFO - n_caps=4 | minZ=0.049783 | models=[1014, 1170, 893, 585] | nodes=[9, 10, 15, 14]
2026-01-09 21:52:37,188 - /DATA/Aurindum/Swarming/Outputs/20260109_202226_ParticleTesting/P10_I150/run.log - INFO - n_caps=5 | minZ=0.047389 | models=[1014, 1170, 893, 585, 893] | nodes=[9, 10, 15, 14, 5]
2026-01-09 21:53:22,154 - /DATA/Aurindum/Swarming/Outputs/20260109_202226_ParticleTesting/P10_I150/run.log - INFO - n_caps=6 | minZ=0.044381 | models=[1014, 1170, 893, 585, 893, 262] | nodes=[9, 10, 15, 14, 5, 16]
2026-01-09 21:54:11,491 - /DATA/Aurindum/Swarming/Outputs/20260109_202226_ParticleTesting/P10_I150/run.log - INFO - n_caps=7 | minZ=0.042777 | models=[1014, 1170, 893, 585, 893, 262, 92] | nodes=[9, 10, 15, 14, 5, 16, 6]
2026-01-09 21:55:08,484 - /DATA/Aurindum/Swarming/Outputs/20260109_202226_ParticleTesting/P10_I150/run.log - INFO - n_caps=8 | minZ=0.040593 | models=[1014, 1170, 893, 585, 893, 262, 92, 174] | nodes=[9, 10, 15, 14, 5, 16, 6, 7]
2026-01-09 21:55:08,485 - /DATA/Aurindum/Swarming/Outputs/20260109_202226_ParticleTesting/P10_I150/run.log - INFO - Threshold reached at n_caps=8
2026-01-09 21:56:03,375 - /DATA/Aurindum/Swarming/Outputs/20260109_202226_ParticleTesting/P10_I160/run.log - INFO - n_caps=1 | minZ=0.087365 | models=[1012] | nodes=[9]
2026-01-09 21:56:59,919 - /DATA/Aurindum/Swarming/Outputs/20260109_202226_ParticleTesting/P10_I160/run.log - INFO - n_caps=2 | minZ=0.069971 | models=[1012, 1169] | nodes=[10, 9]
2026-01-09 21:57:55,070 - /DATA/Aurindum/Swarming/Outputs/20260109_202226_ParticleTesting/P10_I160/run.log - INFO - n_caps=3 | minZ=0.059067 | models=[1012, 1169, 899] | nodes=[10, 9, 14]
2026-01-09 21:58:53,076 - /DATA/Aurindum/Swarming/Outputs/20260109_202226_ParticleTesting/P10_I160/run.log - INFO - n_caps=4 | minZ=0.050448 | models=[1012, 1170, 892, 586] | nodes=[10, 9, 14, 5]
2026-01-09 21:59:43,147 - /DATA/Aurindum/Swarming/Outputs/20260109_202226_ParticleTesting/P10_I160/run.log - INFO - n_caps=5 | minZ=0.047543 | models=[1012, 1170, 892, 586, 455] | nodes=[10, 9, 14, 5, 6]
2026-01-09 22:00:32,620 - /DATA/Aurindum/Swarming/Outputs/20260109_202226_ParticleTesting/P10_I160/run.log - INFO - n_caps=6 | minZ=0.045673 | models=[1012, 1170, 892, 1390, 455, 1169] | nodes=[10, 9, 14, 5, 6, 15]
2026-01-09 22:01:27,766 - /DATA/Aurindum/Swarming/Outputs/20260109_202226_ParticleTesting/P10_I160/run.log - INFO - n_caps=7 | minZ=0.043820 | models=[1012, 1169, 892, 1390, 455, 1169, 225] | nodes=[10, 9, 14, 5, 6, 15, 7]
2026-01-09 22:02:25,466 - /DATA/Aurindum/Swarming/Outputs/20260109_202226_ParticleTesting/P10_I160/run.log - INFO - n_caps=8 | minZ=0.042220 | models=[1012, 1169, 892, 1390, 455, 1169, 225, 238] | nodes=[10, 9, 14, 5, 6, 15, 7, 16]
2026-01-09 22:03:24,934 - /DATA/Aurindum/Swarming/Outputs/20260109_202226_ParticleTesting/P10_I160/run.log - INFO - n_caps=9 | minZ=0.041690 | models=[1012, 1170, 892, 1391, 455, 1169, 225, 238, 399] | nodes=[10, 9, 14, 5, 6, 15, 7, 16, 8]
2026-01-09 22:03:24,935 - /DATA/Aurindum/Swarming/Outputs/20260109_202226_ParticleTesting/P10_I160/run.log - INFO - Threshold reached at n_caps=9
2026-01-09 22:04:23,157 - /DATA/Aurindum/Swarming/Outputs/20260109_202226_ParticleTesting/P10_I170/run.log - INFO - n_caps=1 | minZ=0.087365 | models=[1012] | nodes=[9]
2026-01-09 22:05:18,943 - /DATA/Aurindum/Swarming/Outputs/20260109_202226_ParticleTesting/P10_I170/run.log - INFO - n_caps=2 | minZ=0.067454 | models=[1012, 1126] | nodes=[9, 10]
2026-01-09 22:06:13,475 - /DATA/Aurindum/Swarming/Outputs/20260109_202226_ParticleTesting/P10_I170/run.log - INFO - n_caps=3 | minZ=0.057962 | models=[1012, 1126, 893] | nodes=[9, 10, 15]
2026-01-09 22:07:12,666 - /DATA/Aurindum/Swarming/Outputs/20260109_202226_ParticleTesting/P10_I170/run.log - INFO - n_caps=4 | minZ=0.054844 | models=[1012, 1126, 893, 2599] | nodes=[9, 10, 15, 5]
2026-01-09 22:08:06,100 - /DATA/Aurindum/Swarming/Outputs/20260109_202226_ParticleTesting/P10_I170/run.log - INFO - n_caps=5 | minZ=0.050239 | models=[1012, 1126, 893, 2599, 605] | nodes=[9, 10, 15, 6, 5]
2026-01-09 22:09:04,971 - /DATA/Aurindum/Swarming/Outputs/20260109_202226_ParticleTesting/P10_I170/run.log - INFO - n_caps=6 | minZ=0.048377 | models=[1012, 1126, 892, 1676, 606, 1425] | nodes=[9, 10, 15, 6, 5, 14]
2026-01-09 22:10:02,297 - /DATA/Aurindum/Swarming/Outputs/20260109_202226_ParticleTesting/P10_I170/run.log - INFO - n_caps=7 | minZ=0.045947 | models=[1012, 1126, 892, 1677, 606, 1426, 447] | nodes=[9, 10, 15, 6, 5, 14, 7]
2026-01-09 22:11:01,483 - /DATA/Aurindum/Swarming/Outputs/20260109_202226_ParticleTesting/P10_I170/run.log - INFO - n_caps=8 | minZ=0.043545 | models=[1012, 1126, 892, 1677, 606, 1426, 447, 189] | nodes=[9, 10, 14, 6, 5, 15, 7, 16]
2026-01-09 22:12:02,093 - /DATA/Aurindum/Swarming/Outputs/20260109_202226_ParticleTesting/P10_I170/run.log - INFO - n_caps=9 | minZ=0.042180 | models=[1012, 1126, 892, 1677, 606, 1426, 447, 189, 262] | nodes=[9, 10, 14, 6, 5, 15, 7, 16, 8]
2026-01-09 22:13:04,008 - /DATA/Aurindum/Swarming/Outputs/20260109_202226_ParticleTesting/P10_I170/run.log - INFO - n_caps=10 | minZ=0.041998 | models=[1012, 1126, 893, 1677, 606, 1426, 447, 189, 262, 98] | nodes=[9, 10, 14, 6, 5, 15, 7, 16, 8, 11]
2026-01-09 22:13:04,008 - /DATA/Aurindum/Swarming/Outputs/20260109_202226_ParticleTesting/P10_I170/run.log - INFO - Threshold reached at n_caps=10
2026-01-09 22:14:03,018 - /DATA/Aurindum/Swarming/Outputs/20260109_202226_ParticleTesting/P10_I180/run.log - INFO - n_caps=1 | minZ=0.087365 | models=[1014] | nodes=[9]
2026-01-09 22:15:02,538 - /DATA/Aurindum/Swarming/Outputs/20260109_202226_ParticleTesting/P10_I180/run.log - INFO - n_caps=2 | minZ=0.067602 | models=[1014, 898] | nodes=[9, 15]
2026-01-09 22:15:57,602 - /DATA/Aurindum/Swarming/Outputs/20260109_202226_ParticleTesting/P10_I180/run.log - INFO - n_caps=3 | minZ=0.059650 | models=[1012, 898, 1344] | nodes=[9, 15, 10]
2026-01-09 22:17:01,337 - /DATA/Aurindum/Swarming/Outputs/20260109_202226_ParticleTesting/P10_I180/run.log - INFO - n_caps=4 | minZ=0.053249 | models=[1012, 527, 1344, 1660] | nodes=[9, 15, 10, 6]
2026-01-09 22:18:00,468 - /DATA/Aurindum/Swarming/Outputs/20260109_202226_ParticleTesting/P10_I180/run.log - INFO - n_caps=5 | minZ=0.049770 | models=[1012, 686, 1344, 1654, 455] | nodes=[9, 15, 10, 7, 5]
2026-01-09 22:18:56,686 - /DATA/Aurindum/Swarming/Outputs/20260109_202226_ParticleTesting/P10_I180/run.log - INFO - n_caps=6 | minZ=0.045630 | models=[1012, 685, 1305, 1655, 456, 433] | nodes=[9, 15, 10, 7, 5, 14]
2026-01-09 22:19:54,928 - /DATA/Aurindum/Swarming/Outputs/20260109_202226_ParticleTesting/P10_I180/run.log - INFO - n_caps=7 | minZ=0.044249 | models=[1012, 685, 1305, 1654, 456, 433, 412] | nodes=[9, 15, 10, 6, 5, 14, 7]
2026-01-09 22:20:52,093 - /DATA/Aurindum/Swarming/Outputs/20260109_202226_ParticleTesting/P10_I180/run.log - INFO - n_caps=8 | minZ=0.043295 | models=[1012, 685, 1305, 1655, 456, 433, 412, 116] | nodes=[9, 15, 10, 6, 5, 14, 7, 16]
2026-01-09 22:21:46,895 - /DATA/Aurindum/Swarming/Outputs/20260109_202226_ParticleTesting/P10_I180/run.log - INFO - n_caps=9 | minZ=0.042559 | models=[1012, 685, 1305, 1655, 456, 434, 413, 116, 163] | nodes=[9, 15, 10, 7, 5, 14, 6, 16, 8]
2026-01-09 22:22:45,687 - /DATA/Aurindum/Swarming/Outputs/20260109_202226_ParticleTesting/P10_I180/run.log - INFO - n_caps=10 | minZ=0.042032 | models=[1012, 685, 1305, 1655, 456, 433, 413, 116, 163, 1565] | nodes=[9, 15, 8, 6, 5, 14, 7, 16, 10, 11]
2026-01-09 22:23:43,141 - /DATA/Aurindum/Swarming/Outputs/20260109_202226_ParticleTesting/P10_I180/run.log - INFO - n_caps=11 | minZ=0.041949 | models=[1012, 685, 1304, 1655, 456, 433, 413, 116, 163, 1565, 175] | nodes=[9, 15, 8, 6, 5, 14, 7, 16, 10, 11, 12]
2026-01-09 22:23:43,142 - /DATA/Aurindum/Swarming/Outputs/20260109_202226_ParticleTesting/P10_I180/run.log - INFO - Threshold reached at n_caps=11
2026-01-09 22:24:45,932 - /DATA/Aurindum/Swarming/Outputs/20260109_202226_ParticleTesting/P10_I190/run.log - INFO - n_caps=1 | minZ=0.087365 | models=[1014] | nodes=[9]
2026-01-09 22:25:46,750 - /DATA/Aurindum/Swarming/Outputs/20260109_202226_ParticleTesting/P10_I190/run.log - INFO - n_caps=2 | minZ=0.064766 | models=[1012, 1012] | nodes=[9, 10]
2026-01-09 22:26:46,389 - /DATA/Aurindum/Swarming/Outputs/20260109_202226_ParticleTesting/P10_I190/run.log - INFO - n_caps=3 | minZ=0.058026 | models=[1012, 1012, 1170] | nodes=[9, 10, 15]
2026-01-09 22:27:42,978 - /DATA/Aurindum/Swarming/Outputs/20260109_202226_ParticleTesting/P10_I190/run.log - INFO - n_caps=4 | minZ=0.050968 | models=[1012, 1012, 1170, 528] | nodes=[10, 9, 15, 14]
2026-01-09 22:28:40,265 - /DATA/Aurindum/Swarming/Outputs/20260109_202226_ParticleTesting/P10_I190/run.log - INFO - n_caps=5 | minZ=0.046685 | models=[1012, 1012, 1170, 528, 263] | nodes=[10, 9, 15, 14, 7]
2026-01-09 22:29:40,496 - /DATA/Aurindum/Swarming/Outputs/20260109_202226_ParticleTesting/P10_I190/run.log - INFO - n_caps=6 | minZ=0.044235 | models=[1012, 1012, 1169, 527, 263, 96] | nodes=[10, 9, 15, 14, 6, 5]
2026-01-09 22:30:37,484 - /DATA/Aurindum/Swarming/Outputs/20260109_202226_ParticleTesting/P10_I190/run.log - INFO - n_caps=7 | minZ=0.043659 | models=[1012, 1012, 1169, 527, 263, 96, 1013] | nodes=[10, 9, 15, 14, 6, 5, 7]
2026-01-09 22:31:35,182 - /DATA/Aurindum/Swarming/Outputs/20260109_202226_ParticleTesting/P10_I190/run.log - INFO - n_caps=8 | minZ=0.041777 | models=[1012, 1012, 1169, 527, 263, 96, 1013, 189] | nodes=[9, 10, 15, 14, 6, 5, 7, 16]
2026-01-09 22:31:35,183 - /DATA/Aurindum/Swarming/Outputs/20260109_202226_ParticleTesting/P10_I190/run.log - INFO - Threshold reached at n_caps=8
2026-01-09 22:32:35,997 - /DATA/Aurindum/Swarming/Outputs/20260109_202226_ParticleTesting/P10_I200/run.log - INFO - n_caps=1 | minZ=0.094292 | models=[1012] | nodes=[5]
2026-01-09 22:33:40,977 - /DATA/Aurindum/Swarming/Outputs/20260109_202226_ParticleTesting/P10_I200/run.log - INFO - n_caps=2 | minZ=0.071058 | models=[1012, 766] | nodes=[5, 10]
2026-01-09 22:34:54,158 - /DATA/Aurindum/Swarming/Outputs/20260109_202226_ParticleTesting/P10_I200/run.log - INFO - n_caps=3 | minZ=0.060731 | models=[1012, 767, 923] | nodes=[5, 9, 14]
2026-01-09 22:36:00,164 - /DATA/Aurindum/Swarming/Outputs/20260109_202226_ParticleTesting/P10_I200/run.log - INFO - n_caps=4 | minZ=0.055105 | models=[1012, 767, 923, 838] | nodes=[5, 9, 15, 10]
2026-01-09 22:37:04,044 - /DATA/Aurindum/Swarming/Outputs/20260109_202226_ParticleTesting/P10_I200/run.log - INFO - n_caps=5 | minZ=0.052328 | models=[1012, 767, 923, 837, 1677] | nodes=[5, 9, 15, 10, 6]
2026-01-09 22:38:08,728 - /DATA/Aurindum/Swarming/Outputs/20260109_202226_ParticleTesting/P10_I200/run.log - INFO - n_caps=6 | minZ=0.046711 | models=[1014, 767, 923, 837, 1677, 456] | nodes=[5, 9, 15, 10, 6, 14]
2026-01-09 22:39:12,461 - /DATA/Aurindum/Swarming/Outputs/20260109_202226_ParticleTesting/P10_I200/run.log - INFO - n_caps=7 | minZ=0.044729 | models=[1014, 767, 923, 837, 1677, 456, 171] | nodes=[5, 9, 15, 10, 6, 14, 7]
2026-01-09 22:40:20,656 - /DATA/Aurindum/Swarming/Outputs/20260109_202226_ParticleTesting/P10_I200/run.log - INFO - n_caps=8 | minZ=0.042523 | models=[1014, 766, 923, 837, 1677, 456, 171, 456] | nodes=[5, 9, 14, 10, 6, 15, 7, 16]
2026-01-09 22:41:29,610 - /DATA/Aurindum/Swarming/Outputs/20260109_202226_ParticleTesting/P10_I200/run.log - INFO - n_caps=9 | minZ=0.042145 | models=[1014, 766, 923, 837, 1677, 456, 171, 456, 263] | nodes=[5, 9, 14, 10, 6, 15, 7, 16, 8]
2026-01-09 22:42:33,928 - /DATA/Aurindum/Swarming/Outputs/20260109_202226_ParticleTesting/P10_I200/run.log - INFO - n_caps=10 | minZ=0.041351 | models=[1014, 767, 923, 837, 1677, 456, 171, 456, 263, 889] | nodes=[5, 9, 14, 10, 6, 15, 7, 16, 8, 17]
2026-01-09 22:42:33,928 - /DATA/Aurindum/Swarming/Outputs/20260109_202226_ParticleTesting/P10_I200/run.log - INFO - Threshold reached at n_caps=10
2026-01-09 22:42:40,271 - /DATA/Aurindum/Swarming/Outputs/20260109_202226_ParticleTesting/P20_I10/run.log - INFO - n_caps=1 | minZ=0.108932 | models=[1008] | nodes=[10]
2026-01-09 22:42:46,145 - /DATA/Aurindum/Swarming/Outputs/20260109_202226_ParticleTesting/P20_I10/run.log - INFO - n_caps=2 | minZ=0.075026 | models=[1012, 2009] | nodes=[9, 7]
2026-01-09 22:42:52,019 - /DATA/Aurindum/Swarming/Outputs/20260109_202226_ParticleTesting/P20_I10/run.log - INFO - n_caps=3 | minZ=0.061933 | models=[1012, 2008, 1170] | nodes=[9, 6, 10]
2026-01-09 22:42:57,972 - /DATA/Aurindum/Swarming/Outputs/20260109_202226_ParticleTesting/P20_I10/run.log - INFO - n_caps=4 | minZ=0.057125 | models=[1012, 2008, 1170, 975] | nodes=[9, 6, 10, 14]
2026-01-09 22:43:03,923 - /DATA/Aurindum/Swarming/Outputs/20260109_202226_ParticleTesting/P20_I10/run.log - INFO - n_caps=5 | minZ=0.054332 | models=[1012, 2008, 1170, 976, 934] | nodes=[9, 7, 10, 14, 15]
2026-01-09 22:43:09,931 - /DATA/Aurindum/Swarming/Outputs/20260109_202226_ParticleTesting/P20_I10/run.log - INFO - n_caps=6 | minZ=0.051512 | models=[1012, 2008, 1169, 976, 934, 586] | nodes=[9, 7, 10, 14, 15, 6]
2026-01-09 22:43:15,900 - /DATA/Aurindum/Swarming/Outputs/20260109_202226_ParticleTesting/P20_I10/run.log - INFO - n_caps=7 | minZ=0.049719 | models=[1012, 2008, 1169, 975, 934, 587, 765] | nodes=[9, 7, 10, 14, 15, 6, 16]
2026-01-09 22:43:21,839 - /DATA/Aurindum/Swarming/Outputs/20260109_202226_ParticleTesting/P20_I10/run.log - INFO - n_caps=8 | minZ=0.048291 | models=[1012, 2008, 1169, 975, 934, 587, 765, 848] | nodes=[9, 7, 10, 14, 15, 6, 16, 5]
2026-01-09 22:43:27,971 - /DATA/Aurindum/Swarming/Outputs/20260109_202226_ParticleTesting/P20_I10/run.log - INFO - n_caps=9 | minZ=0.047092 | models=[1012, 2008, 1169, 975, 934, 587, 764, 848, 247] | nodes=[9, 7, 10, 14, 15, 6, 16, 5, 8]
2026-01-09 22:43:35,144 - /DATA/Aurindum/Swarming/Outputs/20260109_202226_ParticleTesting/P20_I10/run.log - INFO - n_caps=10 | minZ=0.046845 | models=[1012, 2008, 1170, 975, 934, 587, 765, 849, 247, 579] | nodes=[9, 7, 10, 14, 15, 5, 16, 6, 8, 18]
2026-01-09 22:43:41,337 - /DATA/Aurindum/Swarming/Outputs/20260109_202226_ParticleTesting/P20_I10/run.log - INFO - n_caps=11 | minZ=0.046119 | models=[1012, 2008, 1169, 975, 934, 587, 765, 848, 248, 579, 171] | nodes=[9, 8, 10, 14, 15, 6, 16, 5, 7, 18, 11]
2026-01-09 22:43:48,769 - /DATA/Aurindum/Swarming/Outputs/20260109_202226_ParticleTesting/P20_I10/run.log - INFO - n_caps=12 | minZ=0.046017 | models=[1012, 2008, 1169, 975, 934, 587, 765, 848, 248, 579, 171, 1496] | nodes=[9, 8, 10, 14, 15, 6, 16, 5, 7, 18, 11, 2]
2026-01-09 22:43:56,180 - /DATA/Aurindum/Swarming/Outputs/20260109_202226_ParticleTesting/P20_I10/run.log - INFO - n_caps=13 | minZ=0.045617 | models=[1012, 2008, 1169, 975, 934, 586, 765, 848, 248, 579, 171, 1496, 936] | nodes=[9, 8, 10, 14, 15, 6, 16, 5, 7, 18, 11, 2, 1]
2026-01-09 22:44:03,584 - /DATA/Aurindum/Swarming/Outputs/20260109_202226_ParticleTesting/P20_I10/run.log - INFO - n_caps=14 | minZ=0.045443 | models=[1013, 2009, 1169, 975, 935, 586, 765, 848, 248, 580, 171, 1496, 936, 511] | nodes=[9, 8, 10, 14, 15, 5, 16, 6, 7, 18, 11, 2, 1, 12]
2026-01-09 22:44:11,023 - /DATA/Aurindum/Swarming/Outputs/20260109_202226_ParticleTesting/P20_I10/run.log - INFO - n_caps=15 | minZ=0.045345 | models=[1012, 2008, 1169, 976, 935, 586, 765, 848, 248, 579, 171, 1496, 935, 511, 55] | nodes=[9, 8, 10, 14, 15, 5, 16, 6, 7, 18, 11, 2, 1, 12, 13]
2026-01-09 22:44:18,421 - /DATA/Aurindum/Swarming/Outputs/20260109_202226_ParticleTesting/P20_I10/run.log - INFO - n_caps=16 | minZ=0.044996 | models=[1012, 2008, 1169, 976, 934, 586, 765, 848, 247, 579, 171, 1496, 935, 511, 56, 685] | nodes=[9, 8, 10, 14, 15, 5, 17, 6, 7, 18, 11, 2, 1, 12, 13, 16]
2026-01-09 22:44:25,808 - /DATA/Aurindum/Swarming/Outputs/20260109_202226_ParticleTesting/P20_I10/run.log - INFO - n_caps=17 | minZ=0.044994 | models=[1012, 2008, 1169, 976, 934, 586, 765, 848, 247, 579, 171, 1496, 935, 510, 55, 685, 3237] | nodes=[9, 8, 10, 14, 15, 5, 17, 6, 7, 18, 11, 2, 1, 12, 13, 16, 19]
2026-01-09 22:44:33,297 - /DATA/Aurindum/Swarming/Outputs/20260109_202226_ParticleTesting/P20_I10/run.log - INFO - n_caps=18 | minZ=0.044516 | models=[1012, 2008, 1169, 976, 934, 586, 765, 849, 248, 580, 171, 1495, 935, 510, 55, 685, 3237, 1638] | nodes=[9, 8, 11, 15, 16, 5, 17, 6, 7, 18, 10, 2, 1, 12, 13, 14, 19, 20]
2026-01-09 22:44:40,495 - /DATA/Aurindum/Swarming/Outputs/20260109_202226_ParticleTesting/P20_I10/run.log - INFO - n_caps=19 | minZ=0.044507 | models=[1012, 2008, 1169, 976, 935, 586, 765, 848, 248, 581, 171, 1495, 935, 510, 55, 685, 3237, 1638, 210] | nodes=[9, 8, 12, 15, 16, 5, 17, 6, 7, 18, 10, 2, 1, 11, 13, 14, 19, 20, 3]
2026-01-09 22:44:46,953 - /DATA/Aurindum/Swarming/Outputs/20260109_202226_ParticleTesting/P20_I10/run.log - INFO - n_caps=20 | minZ=0.044508 | models=[1012, 2008, 1169, 976, 935, 586, 765, 848, 248, 581, 171, 1495, 935, 510, 55, 685, 3237, 1638, 210, 879] | nodes=[9, 8, 12, 15, 16, 5, 17, 6, 7, 18, 10, 2, 1, 11, 13, 14, 19, 20, 3, 4]
2026-01-09 22:44:58,847 - /DATA/Aurindum/Swarming/Outputs/20260109_202226_ParticleTesting/P20_I20/run.log - INFO - n_caps=1 | minZ=0.107285 | models=[974] | nodes=[9]
2026-01-09 22:45:10,629 - /DATA/Aurindum/Swarming/Outputs/20260109_202226_ParticleTesting/P20_I20/run.log - INFO - n_caps=2 | minZ=0.084657 | models=[1007, 1243] | nodes=[10, 9]
2026-01-09 22:45:23,021 - /DATA/Aurindum/Swarming/Outputs/20260109_202226_ParticleTesting/P20_I20/run.log - INFO - n_caps=3 | minZ=0.070585 | models=[1511, 1226, 898] | nodes=[10, 14, 5]
2026-01-09 22:45:36,365 - /DATA/Aurindum/Swarming/Outputs/20260109_202226_ParticleTesting/P20_I20/run.log - INFO - n_caps=4 | minZ=0.058230 | models=[1511, 1226, 898, 686] | nodes=[10, 14, 5, 15]
2026-01-09 22:45:49,444 - /DATA/Aurindum/Swarming/Outputs/20260109_202226_ParticleTesting/P20_I20/run.log - INFO - n_caps=5 | minZ=0.054172 | models=[1511, 1226, 898, 686, 440] | nodes=[10, 14, 5, 16, 7]
2026-01-09 22:46:01,376 - /DATA/Aurindum/Swarming/Outputs/20260109_202226_ParticleTesting/P20_I20/run.log - INFO - n_caps=6 | minZ=0.050030 | models=[1511, 1226, 898, 686, 440, 455] | nodes=[10, 14, 5, 16, 7, 6]
2026-01-09 22:46:13,133 - /DATA/Aurindum/Swarming/Outputs/20260109_202226_ParticleTesting/P20_I20/run.log - INFO - n_caps=7 | minZ=0.045523 | models=[1511, 1226, 898, 686, 440, 455, 1045] | nodes=[10, 14, 5, 16, 7, 6, 9]
2026-01-09 22:46:24,800 - /DATA/Aurindum/Swarming/Outputs/20260109_202226_ParticleTesting/P20_I20/run.log - INFO - n_caps=8 | minZ=0.045290 | models=[1511, 1226, 898, 686, 440, 455, 1045, 201] | nodes=[10, 14, 5, 16, 7, 6, 9, 11]
2026-01-09 22:46:36,537 - /DATA/Aurindum/Swarming/Outputs/20260109_202226_ParticleTesting/P20_I20/run.log - INFO - n_caps=9 | minZ=0.044230 | models=[1511, 1225, 898, 686, 440, 455, 1045, 201, 893] | nodes=[10, 14, 5, 16, 7, 6, 9, 11, 15]
2026-01-09 22:46:48,267 - /DATA/Aurindum/Swarming/Outputs/20260109_202226_ParticleTesting/P20_I20/run.log - INFO - n_caps=10 | minZ=0.043028 | models=[1511, 1226, 898, 686, 440, 455, 1045, 201, 893, 1201] | nodes=[10, 13, 5, 16, 7, 6, 9, 11, 14, 15]
2026-01-09 22:47:00,125 - /DATA/Aurindum/Swarming/Outputs/20260109_202226_ParticleTesting/P20_I20/run.log - INFO - n_caps=11 | minZ=0.042081 | models=[1512, 1226, 898, 686, 440, 455, 1045, 201, 893, 1202, 238] | nodes=[10, 13, 5, 16, 7, 6, 9, 11, 14, 15, 8]
2026-01-09 22:47:12,122 - /DATA/Aurindum/Swarming/Outputs/20260109_202226_ParticleTesting/P20_I20/run.log - INFO - n_caps=12 | minZ=0.041951 | models=[1512, 1226, 898, 686, 440, 455, 1045, 201, 893, 1202, 238, 2006] | nodes=[10, 13, 6, 16, 7, 5, 9, 11, 14, 15, 8, 2]
2026-01-09 22:47:12,123 - /DATA/Aurindum/Swarming/Outputs/20260109_202226_ParticleTesting/P20_I20/run.log - INFO - Threshold reached at n_caps=12
2026-01-09 22:47:31,398 - /DATA/Aurindum/Swarming/Outputs/20260109_202226_ParticleTesting/P20_I30/run.log - INFO - n_caps=1 | minZ=0.105269 | models=[1012] | nodes=[6]
2026-01-09 22:47:49,114 - /DATA/Aurindum/Swarming/Outputs/20260109_202226_ParticleTesting/P20_I30/run.log - INFO - n_caps=2 | minZ=0.071463 | models=[1012, 1416] | nodes=[9, 10]
2026-01-09 22:48:06,767 - /DATA/Aurindum/Swarming/Outputs/20260109_202226_ParticleTesting/P20_I30/run.log - INFO - n_caps=3 | minZ=0.060557 | models=[1012, 1414, 618] | nodes=[9, 10, 6]
2026-01-09 22:48:24,038 - /DATA/Aurindum/Swarming/Outputs/20260109_202226_ParticleTesting/P20_I30/run.log - INFO - n_caps=4 | minZ=0.053401 | models=[1012, 1415, 618, 899] | nodes=[9, 10, 5, 16]
2026-01-09 22:48:42,479 - /DATA/Aurindum/Swarming/Outputs/20260109_202226_ParticleTesting/P20_I30/run.log - INFO - n_caps=5 | minZ=0.050605 | models=[1012, 1415, 618, 899, 273] | nodes=[9, 10, 5, 16, 6]
2026-01-09 22:49:01,376 - /DATA/Aurindum/Swarming/Outputs/20260109_202226_ParticleTesting/P20_I30/run.log - INFO - n_caps=6 | minZ=0.048153 | models=[1012, 1415, 618, 899, 273, 273] | nodes=[9, 10, 5, 15, 6, 7]
2026-01-09 22:49:19,535 - /DATA/Aurindum/Swarming/Outputs/20260109_202226_ParticleTesting/P20_I30/run.log - INFO - n_caps=7 | minZ=0.046276 | models=[1012, 1415, 618, 899, 273, 273, 226] | nodes=[9, 10, 5, 15, 6, 7, 16]
2026-01-09 22:49:37,085 - /DATA/Aurindum/Swarming/Outputs/20260109_202226_ParticleTesting/P20_I30/run.log - INFO - n_caps=8 | minZ=0.045785 | models=[1012, 1413, 618, 899, 273, 273, 226, 1344] | nodes=[9, 10, 6, 15, 5, 7, 16, 14]
2026-01-09 22:49:55,464 - /DATA/Aurindum/Swarming/Outputs/20260109_202226_ParticleTesting/P20_I30/run.log - INFO - n_caps=9 | minZ=0.043682 | models=[1012, 1413, 618, 898, 273, 273, 226, 1344, 260] | nodes=[9, 8, 5, 15, 6, 7, 16, 14, 10]
2026-01-09 22:50:14,117 - /DATA/Aurindum/Swarming/Outputs/20260109_202226_ParticleTesting/P20_I30/run.log - INFO - n_caps=10 | minZ=0.043602 | models=[1012, 1413, 618, 899, 273, 273, 226, 1344, 260, 2376] | nodes=[9, 8, 5, 15, 6, 7, 16, 14, 10, 2]
2026-01-09 22:50:32,033 - /DATA/Aurindum/Swarming/Outputs/20260109_202226_ParticleTesting/P20_I30/run.log - INFO - n_caps=11 | minZ=0.043285 | models=[1012, 1413, 618, 899, 273, 273, 226, 1344, 260, 2376, 237] | nodes=[9, 8, 5, 15, 6, 7, 16, 14, 10, 3, 12]
2026-01-09 22:50:49,686 - /DATA/Aurindum/Swarming/Outputs/20260109_202226_ParticleTesting/P20_I30/run.log - INFO - n_caps=12 | minZ=0.043053 | models=[1012, 1413, 618, 899, 273, 273, 226, 1344, 260, 2376, 237, 3150] | nodes=[9, 8, 5, 15, 6, 7, 16, 14, 10, 2, 12, 1]
2026-01-09 22:51:07,334 - /DATA/Aurindum/Swarming/Outputs/20260109_202226_ParticleTesting/P20_I30/run.log - INFO - n_caps=13 | minZ=0.043163 | models=[1012, 1413, 618, 899, 273, 273, 226, 1344, 260, 2376, 237, 3150, 2793] | nodes=[9, 8, 5, 15, 6, 7, 16, 14, 10, 2, 12, 1, 4]
2026-01-09 22:51:26,605 - /DATA/Aurindum/Swarming/Outputs/20260109_202226_ParticleTesting/P20_I30/run.log - INFO - n_caps=14 | minZ=0.043200 | models=[1012, 1413, 618, 899, 273, 273, 226, 1344, 260, 2376, 237, 3150, 2793, 2074] | nodes=[9, 8, 5, 15, 6, 7, 16, 14, 10, 2, 12, 1, 4, 3]
2026-01-09 22:51:46,664 - /DATA/Aurindum/Swarming/Outputs/20260109_202226_ParticleTesting/P20_I30/run.log - INFO - n_caps=15 | minZ=0.043201 | models=[1012, 1413, 618, 899, 273, 273, 226, 1344, 263, 2375, 237, 3150, 2793, 2074, 135] | nodes=[9, 8, 5, 15, 6, 7, 16, 14, 10, 2, 12, 1, 4, 3, 19]
2026-01-09 22:52:03,893 - /DATA/Aurindum/Swarming/Outputs/20260109_202226_ParticleTesting/P20_I30/run.log - INFO - n_caps=16 | minZ=0.043198 | models=[1012, 1413, 618, 899, 273, 273, 226, 1344, 263, 2376, 237, 3150, 2793, 2074, 135, 249] | nodes=[9, 8, 5, 15, 6, 7, 16, 14, 10, 2, 12, 1, 4, 3, 19, 18]
2026-01-09 22:52:25,585 - /DATA/Aurindum/Swarming/Outputs/20260109_202226_ParticleTesting/P20_I30/run.log - INFO - n_caps=17 | minZ=0.043132 | models=[1012, 1413, 618, 899, 273, 273, 226, 1344, 263, 2376, 237, 3150, 2793, 2073, 135, 249, 32] | nodes=[9, 8, 5, 15, 6, 7, 16, 14, 10, 2, 12, 1, 4, 3, 19, 20, 11]
2026-01-09 22:52:46,446 - /DATA/Aurindum/Swarming/Outputs/20260109_202226_ParticleTesting/P20_I30/run.log - INFO - n_caps=18 | minZ=0.043008 | models=[1012, 1413, 618, 899, 273, 273, 226, 1344, 263, 2376, 237, 3150, 2793, 2073, 134, 249, 32, 62] | nodes=[9, 8, 5, 15, 6, 7, 16, 14, 10, 2, 12, 1, 4, 3, 19, 20, 11, 13]
2026-01-09 22:53:07,466 - /DATA/Aurindum/Swarming/Outputs/20260109_202226_ParticleTesting/P20_I30/run.log - INFO - n_caps=19 | minZ=0.043010 | models=[1012, 1413, 618, 899, 273, 273, 226, 1344, 263, 2376, 237, 3150, 2792, 2073, 135, 249, 32, 62, 8] | nodes=[9, 8, 5, 15, 6, 7, 16, 14, 10, 2, 12, 1, 4, 3, 19, 20, 13, 11, 17]
2026-01-09 22:53:28,436 - /DATA/Aurindum/Swarming/Outputs/20260109_202226_ParticleTesting/P20_I30/run.log - INFO - n_caps=20 | minZ=0.043011 | models=[1012, 1413, 618, 899, 273, 273, 226, 1344, 263, 2376, 237, 3150, 2792, 2073, 135, 249, 32, 62, 8, 239] | nodes=[9, 8, 5, 15, 6, 7, 16, 14, 10, 2, 12, 1, 4, 3, 19, 20, 13, 11, 17, 18]
2026-01-09 22:53:54,960 - /DATA/Aurindum/Swarming/Outputs/20260109_202226_ParticleTesting/P20_I40/run.log - INFO - n_caps=1 | minZ=0.087365 | models=[1012] | nodes=[9]
2026-01-09 22:54:18,198 - /DATA/Aurindum/Swarming/Outputs/20260109_202226_ParticleTesting/P20_I40/run.log - INFO - n_caps=2 | minZ=0.069979 | models=[1012, 1084] | nodes=[9, 10]
2026-01-09 22:54:41,579 - /DATA/Aurindum/Swarming/Outputs/20260109_202226_ParticleTesting/P20_I40/run.log - INFO - n_caps=3 | minZ=0.059581 | models=[1012, 1084, 433] | nodes=[9, 10, 6]
2026-01-09 22:55:05,410 - /DATA/Aurindum/Swarming/Outputs/20260109_202226_ParticleTesting/P20_I40/run.log - INFO - n_caps=4 | minZ=0.053388 | models=[1012, 1085, 433, 366] | nodes=[9, 10, 6, 14]
2026-01-09 22:55:32,967 - /DATA/Aurindum/Swarming/Outputs/20260109_202226_ParticleTesting/P20_I40/run.log - INFO - n_caps=5 | minZ=0.049469 | models=[1012, 1085, 433, 366, 367] | nodes=[9, 10, 6, 14, 5]
2026-01-09 22:56:02,065 - /DATA/Aurindum/Swarming/Outputs/20260109_202226_ParticleTesting/P20_I40/run.log - INFO - n_caps=6 | minZ=0.047258 | models=[1012, 1085, 433, 366, 367, 300] | nodes=[9, 10, 6, 14, 5, 7]
2026-01-09 22:56:30,353 - /DATA/Aurindum/Swarming/Outputs/20260109_202226_ParticleTesting/P20_I40/run.log - INFO - n_caps=7 | minZ=0.045139 | models=[1012, 1085, 433, 365, 367, 300, 342] | nodes=[9, 10, 6, 14, 5, 7, 16]
2026-01-09 22:56:58,671 - /DATA/Aurindum/Swarming/Outputs/20260109_202226_ParticleTesting/P20_I40/run.log - INFO - n_caps=8 | minZ=0.043130 | models=[1012, 1086, 434, 365, 367, 300, 342, 394] | nodes=[9, 10, 5, 14, 6, 7, 15, 16]
2026-01-09 22:57:24,919 - /DATA/Aurindum/Swarming/Outputs/20260109_202226_ParticleTesting/P20_I40/run.log - INFO - n_caps=9 | minZ=0.042814 | models=[1012, 1086, 434, 365, 367, 300, 342, 394, 115] | nodes=[9, 10, 5, 14, 6, 7, 15, 16, 8]
2026-01-09 22:57:48,457 - /DATA/Aurindum/Swarming/Outputs/20260109_202226_ParticleTesting/P20_I40/run.log - INFO - n_caps=10 | minZ=0.042108 | models=[1012, 1086, 434, 365, 367, 300, 342, 392, 115, 1219] | nodes=[9, 8, 5, 14, 6, 7, 15, 16, 10, 2]
2026-01-09 22:58:12,170 - /DATA/Aurindum/Swarming/Outputs/20260109_202226_ParticleTesting/P20_I40/run.log - INFO - n_caps=11 | minZ=0.041932 | models=[1012, 1086, 434, 365, 367, 300, 342, 392, 115, 1220, 117] | nodes=[9, 8, 5, 14, 6, 10, 15, 16, 7, 3, 13]
2026-01-09 22:58:12,171 - /DATA/Aurindum/Swarming/Outputs/20260109_202226_ParticleTesting/P20_I40/run.log - INFO - Threshold reached at n_caps=11
2026-01-09 22:58:42,592 - /DATA/Aurindum/Swarming/Outputs/20260109_202226_ParticleTesting/P20_I50/run.log - INFO - n_caps=1 | minZ=0.107285 | models=[973] | nodes=[9]
2026-01-09 22:59:12,238 - /DATA/Aurindum/Swarming/Outputs/20260109_202226_ParticleTesting/P20_I50/run.log - INFO - n_caps=2 | minZ=0.073488 | models=[1014, 1155] | nodes=[9, 15]
2026-01-09 22:59:40,845 - /DATA/Aurindum/Swarming/Outputs/20260109_202226_ParticleTesting/P20_I50/run.log - INFO - n_caps=3 | minZ=0.059999 | models=[1014, 1155, 899] | nodes=[9, 15, 10]
2026-01-09 23:00:12,439 - /DATA/Aurindum/Swarming/Outputs/20260109_202226_ParticleTesting/P20_I50/run.log - INFO - n_caps=4 | minZ=0.052993 | models=[1014, 1155, 899, 434] | nodes=[9, 15, 10, 16]
2026-01-09 23:00:41,969 - /DATA/Aurindum/Swarming/Outputs/20260109_202226_ParticleTesting/P20_I50/run.log - INFO - n_caps=5 | minZ=0.049606 | models=[1014, 1155, 898, 434, 588] | nodes=[9, 15, 10, 16, 7]
2026-01-09 23:01:13,080 - /DATA/Aurindum/Swarming/Outputs/20260109_202226_ParticleTesting/P20_I50/run.log - INFO - n_caps=6 | minZ=0.048773 | models=[1014, 1155, 899, 434, 588, 362] | nodes=[9, 16, 10, 15, 7, 11]
2026-01-09 23:01:42,964 - /DATA/Aurindum/Swarming/Outputs/20260109_202226_ParticleTesting/P20_I50/run.log - INFO - n_caps=7 | minZ=0.045417 | models=[1014, 1155, 898, 434, 588, 362, 434] | nodes=[9, 16, 10, 15, 6, 11, 5]
2026-01-09 23:02:12,964 - /DATA/Aurindum/Swarming/Outputs/20260109_202226_ParticleTesting/P20_I50/run.log - INFO - n_caps=8 | minZ=0.043757 | models=[1014, 1155, 898, 434, 588, 362, 434, 226] | nodes=[9, 16, 10, 15, 6, 11, 5, 7]
2026-01-09 23:02:42,038 - /DATA/Aurindum/Swarming/Outputs/20260109_202226_ParticleTesting/P20_I50/run.log - INFO - n_caps=9 | minZ=0.042579 | models=[1014, 1155, 898, 434, 588, 362, 434, 226, 366] | nodes=[9, 15, 10, 16, 6, 11, 5, 7, 14]
2026-01-09 23:03:11,422 - /DATA/Aurindum/Swarming/Outputs/20260109_202226_ParticleTesting/P20_I50/run.log - INFO - n_caps=10 | minZ=0.042121 | models=[1014, 1156, 898, 434, 588, 362, 434, 226, 365, 2012] | nodes=[9, 14, 10, 15, 6, 11, 5, 7, 16, 4]
2026-01-09 23:03:40,867 - /DATA/Aurindum/Swarming/Outputs/20260109_202226_ParticleTesting/P20_I50/run.log - INFO - n_caps=11 | minZ=0.042007 | models=[1014, 1156, 898, 434, 588, 363, 433, 226, 365, 2012, 1170] | nodes=[9, 14, 10, 16, 6, 11, 5, 7, 15, 4, 2]
2026-01-09 23:04:10,611 - /DATA/Aurindum/Swarming/Outputs/20260109_202226_ParticleTesting/P20_I50/run.log - INFO - n_caps=12 | minZ=0.041993 | models=[1014, 1156, 898, 433, 588, 363, 434, 226, 365, 2012, 1170, 1345] | nodes=[9, 14, 10, 16, 6, 11, 5, 7, 15, 4, 2, 1]
2026-01-09 23:04:10,612 - /DATA/Aurindum/Swarming/Outputs/20260109_202226_ParticleTesting/P20_I50/run.log - INFO - Threshold reached at n_caps=12
2026-01-09 23:04:46,514 - /DATA/Aurindum/Swarming/Outputs/20260109_202226_ParticleTesting/P20_I60/run.log - INFO - n_caps=1 | minZ=0.087365 | models=[1012] | nodes=[9]
2026-01-09 23:05:21,819 - /DATA/Aurindum/Swarming/Outputs/20260109_202226_ParticleTesting/P20_I60/run.log - INFO - n_caps=2 | minZ=0.067637 | models=[1012, 1170] | nodes=[9, 10]
2026-01-09 23:05:56,938 - /DATA/Aurindum/Swarming/Outputs/20260109_202226_ParticleTesting/P20_I60/run.log - INFO - n_caps=3 | minZ=0.059305 | models=[1012, 1170, 1044] | nodes=[9, 10, 15]
2026-01-09 23:06:32,059 - /DATA/Aurindum/Swarming/Outputs/20260109_202226_ParticleTesting/P20_I60/run.log - INFO - n_caps=4 | minZ=0.051187 | models=[1012, 1170, 1044, 509] | nodes=[9, 10, 15, 5]
2026-01-09 23:07:08,275 - /DATA/Aurindum/Swarming/Outputs/20260109_202226_ParticleTesting/P20_I60/run.log - INFO - n_caps=5 | minZ=0.048014 | models=[1012, 1170, 1044, 509, 893] | nodes=[9, 10, 15, 5, 14]
2026-01-09 23:07:44,193 - /DATA/Aurindum/Swarming/Outputs/20260109_202226_ParticleTesting/P20_I60/run.log - INFO - n_caps=6 | minZ=0.045714 | models=[1012, 1170, 1045, 509, 893, 174] | nodes=[9, 10, 15, 5, 14, 16]
2026-01-09 23:08:20,541 - /DATA/Aurindum/Swarming/Outputs/20260109_202226_ParticleTesting/P20_I60/run.log - INFO - n_caps=7 | minZ=0.043023 | models=[1012, 1170, 1045, 509, 893, 174, 178] | nodes=[9, 10, 15, 5, 14, 16, 6]
2026-01-09 23:08:56,536 - /DATA/Aurindum/Swarming/Outputs/20260109_202226_ParticleTesting/P20_I60/run.log - INFO - n_caps=8 | minZ=0.041368 | models=[1012, 1170, 1045, 509, 893, 174, 178, 171] | nodes=[9, 10, 15, 5, 14, 16, 7, 6]
2026-01-09 23:08:56,537 - /DATA/Aurindum/Swarming/Outputs/20260109_202226_ParticleTesting/P20_I60/run.log - INFO - Threshold reached at n_caps=8
2026-01-09 23:09:37,555 - /DATA/Aurindum/Swarming/Outputs/20260109_202226_ParticleTesting/P20_I70/run.log - INFO - n_caps=1 | minZ=0.087365 | models=[1012] | nodes=[9]
2026-01-09 23:10:21,800 - /DATA/Aurindum/Swarming/Outputs/20260109_202226_ParticleTesting/P20_I70/run.log - INFO - n_caps=2 | minZ=0.067454 | models=[1012, 1127] | nodes=[9, 10]
2026-01-09 23:11:07,374 - /DATA/Aurindum/Swarming/Outputs/20260109_202226_ParticleTesting/P20_I70/run.log - INFO - n_caps=3 | minZ=0.056484 | models=[1012, 1127, 617] | nodes=[9, 10, 15]
2026-01-09 23:11:54,552 - /DATA/Aurindum/Swarming/Outputs/20260109_202226_ParticleTesting/P20_I70/run.log - INFO - n_caps=4 | minZ=0.051233 | models=[1012, 1127, 617, 892] | nodes=[9, 10, 15, 14]
2026-01-09 23:12:37,779 - /DATA/Aurindum/Swarming/Outputs/20260109_202226_ParticleTesting/P20_I70/run.log - INFO - n_caps=5 | minZ=0.048109 | models=[1012, 1127, 616, 892, 433] | nodes=[9, 10, 16, 15, 5]
2026-01-09 23:13:19,092 - /DATA/Aurindum/Swarming/Outputs/20260109_202226_ParticleTesting/P20_I70/run.log - INFO - n_caps=6 | minZ=0.044837 | models=[1012, 1127, 616, 892, 433, 262] | nodes=[9, 10, 15, 14, 5, 7]
2026-01-09 23:14:01,377 - /DATA/Aurindum/Swarming/Outputs/20260109_202226_ParticleTesting/P20_I70/run.log - INFO - n_caps=7 | minZ=0.042945 | models=[1012, 1127, 616, 892, 433, 262, 566] | nodes=[9, 10, 15, 14, 5, 7, 6]
2026-01-09 23:14:43,761 - /DATA/Aurindum/Swarming/Outputs/20260109_202226_ParticleTesting/P20_I70/run.log - INFO - n_caps=8 | minZ=0.042282 | models=[1012, 1127, 616, 892, 433, 263, 565, 95] | nodes=[9, 10, 15, 14, 5, 7, 6, 16]
2026-01-09 23:15:25,501 - /DATA/Aurindum/Swarming/Outputs/20260109_202226_ParticleTesting/P20_I70/run.log - INFO - n_caps=9 | minZ=0.041958 | models=[1012, 1127, 616, 893, 433, 262, 566, 96, 268] | nodes=[9, 10, 15, 14, 5, 6, 7, 16, 8]
2026-01-09 23:15:25,502 - /DATA/Aurindum/Swarming/Outputs/20260109_202226_ParticleTesting/P20_I70/run.log - INFO - Threshold reached at n_caps=9
2026-01-09 23:16:13,211 - /DATA/Aurindum/Swarming/Outputs/20260109_202226_ParticleTesting/P20_I80/run.log - INFO - n_caps=1 | minZ=0.094292 | models=[1012] | nodes=[5]
2026-01-09 23:17:01,851 - /DATA/Aurindum/Swarming/Outputs/20260109_202226_ParticleTesting/P20_I80/run.log - INFO - n_caps=2 | minZ=0.071049 | models=[1012, 899] | nodes=[5, 9]
2026-01-09 23:17:57,003 - /DATA/Aurindum/Swarming/Outputs/20260109_202226_ParticleTesting/P20_I80/run.log - INFO - n_caps=3 | minZ=0.059668 | models=[1012, 899, 1012] | nodes=[5, 9, 14]
2026-01-09 23:18:48,707 - /DATA/Aurindum/Swarming/Outputs/20260109_202226_ParticleTesting/P20_I80/run.log - INFO - n_caps=4 | minZ=0.051950 | models=[1012, 899, 1012, 512] | nodes=[5, 9, 14, 15]
2026-01-09 23:19:39,472 - /DATA/Aurindum/Swarming/Outputs/20260109_202226_ParticleTesting/P20_I80/run.log - INFO - n_caps=5 | minZ=0.047520 | models=[1012, 899, 1012, 512, 263] | nodes=[5, 9, 14, 15, 6]
2026-01-09 23:20:27,237 - /DATA/Aurindum/Swarming/Outputs/20260109_202226_ParticleTesting/P20_I80/run.log - INFO - n_caps=6 | minZ=0.044555 | models=[1012, 899, 1012, 512, 263, 892] | nodes=[5, 10, 14, 15, 7, 9]
2026-01-09 23:21:12,824 - /DATA/Aurindum/Swarming/Outputs/20260109_202226_ParticleTesting/P20_I80/run.log - INFO - n_caps=7 | minZ=0.043329 | models=[1013, 899, 1012, 512, 263, 893, 1045] | nodes=[6, 10, 14, 15, 7, 9, 5]
2026-01-09 23:21:58,417 - /DATA/Aurindum/Swarming/Outputs/20260109_202226_ParticleTesting/P20_I80/run.log - INFO - n_caps=8 | minZ=0.042043 | models=[1013, 899, 1012, 512, 263, 892, 1045, 174] | nodes=[6, 10, 14, 15, 7, 9, 5, 16]
2026-01-09 23:22:45,158 - /DATA/Aurindum/Swarming/Outputs/20260109_202226_ParticleTesting/P20_I80/run.log - INFO - n_caps=9 | minZ=0.041171 | models=[1013, 899, 1012, 512, 263, 893, 1044, 174, 565] | nodes=[6, 10, 14, 15, 7, 9, 5, 16, 8]
2026-01-09 23:22:45,159 - /DATA/Aurindum/Swarming/Outputs/20260109_202226_ParticleTesting/P20_I80/run.log - INFO - Threshold reached at n_caps=9
2026-01-09 23:23:42,064 - /DATA/Aurindum/Swarming/Outputs/20260109_202226_ParticleTesting/P20_I90/run.log - INFO - n_caps=1 | minZ=0.087365 | models=[1014] | nodes=[9]
2026-01-09 23:24:34,211 - /DATA/Aurindum/Swarming/Outputs/20260109_202226_ParticleTesting/P20_I90/run.log - INFO - n_caps=2 | minZ=0.067520 | models=[1012, 1012] | nodes=[9, 15]
2026-01-09 23:25:30,015 - /DATA/Aurindum/Swarming/Outputs/20260109_202226_ParticleTesting/P20_I90/run.log - INFO - n_caps=3 | minZ=0.059019 | models=[1012, 1012, 618] | nodes=[9, 15, 7]
2026-01-09 23:26:32,284 - /DATA/Aurindum/Swarming/Outputs/20260109_202226_ParticleTesting/P20_I90/run.log - INFO - n_caps=4 | minZ=0.052446 | models=[1012, 1012, 618, 509] | nodes=[10, 15, 5, 9]
2026-01-09 23:27:34,289 - /DATA/Aurindum/Swarming/Outputs/20260109_202226_ParticleTesting/P20_I90/run.log - INFO - n_caps=5 | minZ=0.048453 | models=[1012, 1012, 618, 510, 189] | nodes=[10, 15, 5, 9, 6]
2026-01-09 23:28:29,072 - /DATA/Aurindum/Swarming/Outputs/20260109_202226_ParticleTesting/P20_I90/run.log - INFO - n_caps=6 | minZ=0.046975 | models=[1012, 1012, 618, 510, 189, 171] | nodes=[10, 15, 6, 9, 5, 7]
2026-01-09 23:29:24,706 - /DATA/Aurindum/Swarming/Outputs/20260109_202226_ParticleTesting/P20_I90/run.log - INFO - n_caps=7 | minZ=0.045251 | models=[1012, 1012, 618, 509, 189, 171, 1258] | nodes=[10, 15, 5, 9, 6, 7, 8]
2026-01-09 23:30:27,086 - /DATA/Aurindum/Swarming/Outputs/20260109_202226_ParticleTesting/P20_I90/run.log - INFO - n_caps=8 | minZ=0.043480 | models=[1012, 1012, 618, 509, 189, 171, 1258, 433] | nodes=[10, 15, 5, 9, 6, 7, 8, 14]
2026-01-09 23:31:30,222 - /DATA/Aurindum/Swarming/Outputs/20260109_202226_ParticleTesting/P20_I90/run.log - INFO - n_caps=9 | minZ=0.042751 | models=[1012, 1012, 618, 509, 189, 171, 1258, 433, 283] | nodes=[10, 15, 5, 9, 6, 7, 8, 14, 16]
2026-01-09 23:32:33,694 - /DATA/Aurindum/Swarming/Outputs/20260109_202226_ParticleTesting/P20_I90/run.log - INFO - n_caps=10 | minZ=0.041850 | models=[1012, 1012, 619, 510, 189, 171, 1257, 433, 284, 1714] | nodes=[10, 14, 5, 9, 6, 7, 8, 15, 16, 3]
2026-01-09 23:32:33,695 - /DATA/Aurindum/Swarming/Outputs/20260109_202226_ParticleTesting/P20_I90/run.log - INFO - Threshold reached at n_caps=10
2026-01-09 23:33:43,307 - /DATA/Aurindum/Swarming/Outputs/20260109_202226_ParticleTesting/P20_I100/run.log - INFO - n_caps=1 | minZ=0.087365 | models=[1014] | nodes=[9]
2026-01-09 23:34:47,979 - /DATA/Aurindum/Swarming/Outputs/20260109_202226_ParticleTesting/P20_I100/run.log - INFO - n_caps=2 | minZ=0.064766 | models=[1014, 1014] | nodes=[9, 10]
2026-01-09 23:35:55,270 - /DATA/Aurindum/Swarming/Outputs/20260109_202226_ParticleTesting/P20_I100/run.log - INFO - n_caps=3 | minZ=0.054024 | models=[1014, 1014, 511] | nodes=[9, 10, 15]
2026-01-09 23:37:03,985 - /DATA/Aurindum/Swarming/Outputs/20260109_202226_ParticleTesting/P20_I100/run.log - INFO - n_caps=4 | minZ=0.049852 | models=[1014, 1014, 512, 433] | nodes=[9, 10, 14, 15]
2026-01-09 23:38:13,767 - /DATA/Aurindum/Swarming/Outputs/20260109_202226_ParticleTesting/P20_I100/run.log - INFO - n_caps=5 | minZ=0.047807 | models=[1014, 1014, 512, 433, 892] | nodes=[10, 9, 14, 15, 5]
2026-01-09 23:39:24,449 - /DATA/Aurindum/Swarming/Outputs/20260109_202226_ParticleTesting/P20_I100/run.log - INFO - n_caps=6 | minZ=0.046199 | models=[1014, 1015, 512, 433, 892, 433] | nodes=[10, 9, 14, 15, 5, 16]
2026-01-09 23:40:35,217 - /DATA/Aurindum/Swarming/Outputs/20260109_202226_ParticleTesting/P20_I100/run.log - INFO - n_caps=7 | minZ=0.044435 | models=[1014, 1015, 512, 433, 893, 433, 221] | nodes=[10, 9, 14, 15, 5, 16, 6]
2026-01-09 23:41:44,744 - /DATA/Aurindum/Swarming/Outputs/20260109_202226_ParticleTesting/P20_I100/run.log - INFO - n_caps=8 | minZ=0.042980 | models=[1014, 1015, 511, 434, 893, 434, 221, 171] | nodes=[10, 9, 14, 15, 5, 16, 6, 7]
2026-01-09 23:42:56,003 - /DATA/Aurindum/Swarming/Outputs/20260109_202226_ParticleTesting/P20_I100/run.log - INFO - n_caps=9 | minZ=0.041690 | models=[1014, 1015, 512, 434, 893, 433, 221, 171, 1571] | nodes=[9, 10, 14, 15, 5, 16, 6, 7, 8]
2026-01-09 23:42:56,003 - /DATA/Aurindum/Swarming/Outputs/20260109_202226_ParticleTesting/P20_I100/run.log - INFO - Threshold reached at n_caps=9
2026-01-09 23:44:12,965 - /DATA/Aurindum/Swarming/Outputs/20260109_202226_ParticleTesting/P20_I110/run.log - INFO - n_caps=1 | minZ=0.087365 | models=[1014] | nodes=[9]
2026-01-09 23:45:29,276 - /DATA/Aurindum/Swarming/Outputs/20260109_202226_ParticleTesting/P20_I110/run.log - INFO - n_caps=2 | minZ=0.067520 | models=[1014, 1014] | nodes=[9, 15]
2026-01-09 23:46:44,364 - /DATA/Aurindum/Swarming/Outputs/20260109_202226_ParticleTesting/P20_I110/run.log - INFO - n_caps=3 | minZ=0.054332 | models=[1014, 1014, 528] | nodes=[9, 15, 10]
2026-01-09 23:48:00,991 - /DATA/Aurindum/Swarming/Outputs/20260109_202226_ParticleTesting/P20_I110/run.log - INFO - n_caps=4 | minZ=0.050885 | models=[1014, 1014, 528, 433] | nodes=[9, 15, 10, 6]
2026-01-09 23:49:21,278 - /DATA/Aurindum/Swarming/Outputs/20260109_202226_ParticleTesting/P20_I110/run.log - INFO - n_caps=5 | minZ=0.048314 | models=[1014, 1014, 528, 433, 171] | nodes=[9, 16, 10, 6, 7]
2026-01-09 23:50:36,049 - /DATA/Aurindum/Swarming/Outputs/20260109_202226_ParticleTesting/P20_I110/run.log - INFO - n_caps=6 | minZ=0.045830 | models=[1014, 1014, 528, 433, 171, 96] | nodes=[9, 16, 10, 5, 6, 7]
2026-01-09 23:51:47,323 - /DATA/Aurindum/Swarming/Outputs/20260109_202226_ParticleTesting/P20_I110/run.log - INFO - n_caps=7 | minZ=0.044037 | models=[1014, 1014, 528, 433, 171, 96, 893] | nodes=[9, 16, 10, 5, 6, 7, 14]
2026-01-09 23:53:01,374 - /DATA/Aurindum/Swarming/Outputs/20260109_202226_ParticleTesting/P20_I110/run.log - INFO - n_caps=8 | minZ=0.041006 | models=[1014, 1014, 528, 433, 171, 96, 893, 263] | nodes=[9, 14, 10, 5, 6, 7, 15, 16]
2026-01-09 23:53:01,375 - /DATA/Aurindum/Swarming/Outputs/20260109_202226_ParticleTesting/P20_I110/run.log - INFO - Threshold reached at n_caps=8
2026-01-09 23:54:20,845 - /DATA/Aurindum/Swarming/Outputs/20260109_202226_ParticleTesting/P20_I120/run.log - INFO - n_caps=1 | minZ=0.087365 | models=[1014] | nodes=[9]
2026-01-09 23:55:32,380 - /DATA/Aurindum/Swarming/Outputs/20260109_202226_ParticleTesting/P20_I120/run.log - INFO - n_caps=2 | minZ=0.067602 | models=[1014, 899] | nodes=[9, 15]
2026-01-09 23:56:43,445 - /DATA/Aurindum/Swarming/Outputs/20260109_202226_ParticleTesting/P20_I120/run.log - INFO - n_caps=3 | minZ=0.057352 | models=[1014, 899, 686] | nodes=[10, 14, 9]
2026-01-09 23:57:54,103 - /DATA/Aurindum/Swarming/Outputs/20260109_202226_ParticleTesting/P20_I120/run.log - INFO - n_caps=4 | minZ=0.050936 | models=[1014, 899, 686, 892] | nodes=[9, 14, 10, 15]
2026-01-09 23:59:03,397 - /DATA/Aurindum/Swarming/Outputs/20260109_202226_ParticleTesting/P20_I120/run.log - INFO - n_caps=5 | minZ=0.047333 | models=[1014, 899, 685, 892, 893] | nodes=[9, 14, 10, 15, 5]
2026-01-10 00:00:15,572 - /DATA/Aurindum/Swarming/Outputs/20260109_202226_ParticleTesting/P20_I120/run.log - INFO - n_caps=6 | minZ=0.044315 | models=[1014, 899, 685, 892, 893, 456] | nodes=[9, 14, 10, 15, 5, 6]
2026-01-10 00:01:35,203 - /DATA/Aurindum/Swarming/Outputs/20260109_202226_ParticleTesting/P20_I120/run.log - INFO - n_caps=7 | minZ=0.041785 | models=[1014, 899, 685, 892, 893, 456, 262] | nodes=[9, 14, 10, 15, 5, 6, 16]
2026-01-10 00:01:35,204 - /DATA/Aurindum/Swarming/Outputs/20260109_202226_ParticleTesting/P20_I120/run.log - INFO - Threshold reached at n_caps=7
2026-01-10 00:02:52,548 - /DATA/Aurindum/Swarming/Outputs/20260109_202226_ParticleTesting/P20_I130/run.log - INFO - n_caps=1 | minZ=0.087365 | models=[1014] | nodes=[9]
2026-01-10 00:04:15,377 - /DATA/Aurindum/Swarming/Outputs/20260109_202226_ParticleTesting/P20_I130/run.log - INFO - n_caps=2 | minZ=0.067716 | models=[1014, 899] | nodes=[9, 10]
2026-01-10 00:05:32,301 - /DATA/Aurindum/Swarming/Outputs/20260109_202226_ParticleTesting/P20_I130/run.log - INFO - n_caps=3 | minZ=0.057795 | models=[1014, 898, 1170] | nodes=[9, 10, 5]
2026-01-10 00:06:50,823 - /DATA/Aurindum/Swarming/Outputs/20260109_202226_ParticleTesting/P20_I130/run.log - INFO - n_caps=4 | minZ=0.050108 | models=[1014, 893, 1169, 434] | nodes=[9, 10, 5, 15]
2026-01-10 00:08:15,514 - /DATA/Aurindum/Swarming/Outputs/20260109_202226_ParticleTesting/P20_I130/run.log - INFO - n_caps=5 | minZ=0.046532 | models=[1014, 893, 1169, 434, 447] | nodes=[9, 10, 5, 16, 14]
2026-01-10 00:09:40,143 - /DATA/Aurindum/Swarming/Outputs/20260109_202226_ParticleTesting/P20_I130/run.log - INFO - n_caps=6 | minZ=0.043354 | models=[1014, 893, 1169, 434, 448, 892] | nodes=[9, 10, 5, 15, 14, 6]
2026-01-10 00:11:00,803 - /DATA/Aurindum/Swarming/Outputs/20260109_202226_ParticleTesting/P20_I130/run.log - INFO - n_caps=7 | minZ=0.042125 | models=[1014, 893, 1169, 434, 448, 892, 12] | nodes=[9, 10, 5, 15, 14, 6, 7]
2026-01-10 00:12:16,668 - /DATA/Aurindum/Swarming/Outputs/20260109_202226_ParticleTesting/P20_I130/run.log - INFO - n_caps=8 | minZ=0.041822 | models=[1014, 893, 1168, 434, 447, 892, 12, 1275] | nodes=[9, 10, 4, 15, 14, 5, 6, 7]
2026-01-10 00:12:16,669 - /DATA/Aurindum/Swarming/Outputs/20260109_202226_ParticleTesting/P20_I130/run.log - INFO - Threshold reached at n_caps=8
2026-01-10 00:13:44,590 - /DATA/Aurindum/Swarming/Outputs/20260109_202226_ParticleTesting/P20_I140/run.log - INFO - n_caps=1 | minZ=0.087365 | models=[1014] | nodes=[9]
2026-01-10 00:15:07,208 - /DATA/Aurindum/Swarming/Outputs/20260109_202226_ParticleTesting/P20_I140/run.log - INFO - n_caps=2 | minZ=0.066703 | models=[1014, 1012] | nodes=[9, 5]
2026-01-10 00:16:28,180 - /DATA/Aurindum/Swarming/Outputs/20260109_202226_ParticleTesting/P20_I140/run.log - INFO - n_caps=3 | minZ=0.053991 | models=[1014, 1012, 527] | nodes=[9, 5, 10]
2026-01-10 00:17:49,443 - /DATA/Aurindum/Swarming/Outputs/20260109_202226_ParticleTesting/P20_I140/run.log - INFO - n_caps=4 | minZ=0.050198 | models=[1014, 1012, 527, 434] | nodes=[10, 5, 9, 6]
2026-01-10 00:19:13,740 - /DATA/Aurindum/Swarming/Outputs/20260109_202226_ParticleTesting/P20_I140/run.log - INFO - n_caps=5 | minZ=0.047776 | models=[1014, 1012, 528, 434, 179] | nodes=[10, 5, 9, 6, 15]
2026-01-10 00:20:39,393 - /DATA/Aurindum/Swarming/Outputs/20260109_202226_ParticleTesting/P20_I140/run.log - INFO - n_caps=6 | minZ=0.045045 | models=[1014, 1012, 527, 434, 179, 434] | nodes=[10, 5, 9, 6, 15, 14]
2026-01-10 00:22:03,257 - /DATA/Aurindum/Swarming/Outputs/20260109_202226_ParticleTesting/P20_I140/run.log - INFO - n_caps=7 | minZ=0.043552 | models=[1014, 1012, 527, 434, 179, 434, 221] | nodes=[10, 6, 9, 5, 15, 14, 16]
2026-01-10 00:23:26,727 - /DATA/Aurindum/Swarming/Outputs/20260109_202226_ParticleTesting/P20_I140/run.log - INFO - n_caps=8 | minZ=0.042320 | models=[1014, 1012, 527, 434, 179, 434, 221, 363] | nodes=[10, 6, 9, 5, 15, 14, 16, 7]
2026-01-10 00:24:51,460 - /DATA/Aurindum/Swarming/Outputs/20260109_202226_ParticleTesting/P20_I140/run.log - INFO - n_caps=9 | minZ=0.042044 | models=[1014, 1012, 527, 434, 179, 434, 222, 362, 238] | nodes=[10, 6, 9, 5, 15, 14, 16, 7, 8]
2026-01-10 00:26:25,101 - /DATA/Aurindum/Swarming/Outputs/20260109_202226_ParticleTesting/P20_I140/run.log - INFO - n_caps=10 | minZ=0.041284 | models=[1014, 1012, 527, 434, 179, 434, 222, 362, 238, 2194] | nodes=[10, 6, 9, 5, 15, 14, 16, 7, 8, 17]
2026-01-10 00:26:25,102 - /DATA/Aurindum/Swarming/Outputs/20260109_202226_ParticleTesting/P20_I140/run.log - INFO - Threshold reached at n_caps=10
2026-01-10 00:28:03,456 - /DATA/Aurindum/Swarming/Outputs/20260109_202226_ParticleTesting/P20_I150/run.log - INFO - n_caps=1 | minZ=0.087365 | models=[1012] | nodes=[9]
2026-01-10 00:29:44,808 - /DATA/Aurindum/Swarming/Outputs/20260109_202226_ParticleTesting/P20_I150/run.log - INFO - n_caps=2 | minZ=0.064766 | models=[1012, 1014] | nodes=[9, 10]
2026-01-10 00:31:24,822 - /DATA/Aurindum/Swarming/Outputs/20260109_202226_ParticleTesting/P20_I150/run.log - INFO - n_caps=3 | minZ=0.054024 | models=[1012, 1014, 511] | nodes=[9, 10, 15]
2026-01-10 00:33:08,626 - /DATA/Aurindum/Swarming/Outputs/20260109_202226_ParticleTesting/P20_I150/run.log - INFO - n_caps=4 | minZ=0.050330 | models=[1012, 1014, 511, 433] | nodes=[9, 10, 14, 6]
2026-01-10 00:34:50,740 - /DATA/Aurindum/Swarming/Outputs/20260109_202226_ParticleTesting/P20_I150/run.log - INFO - n_caps=5 | minZ=0.048040 | models=[1012, 1014, 511, 433, 433] | nodes=[9, 10, 14, 6, 15]
2026-01-10 00:36:21,602 - /DATA/Aurindum/Swarming/Outputs/20260109_202226_ParticleTesting/P20_I150/run.log - INFO - n_caps=6 | minZ=0.045145 | models=[1012, 1014, 510, 433, 433, 184] | nodes=[9, 10, 14, 5, 15, 7]
2026-01-10 00:38:05,583 - /DATA/Aurindum/Swarming/Outputs/20260109_202226_ParticleTesting/P20_I150/run.log - INFO - n_caps=7 | minZ=0.043610 | models=[1012, 1014, 510, 433, 433, 184, 275] | nodes=[10, 9, 14, 5, 15, 6, 16]
2026-01-10 00:39:43,887 - /DATA/Aurindum/Swarming/Outputs/20260109_202226_ParticleTesting/P20_I150/run.log - INFO - n_caps=8 | minZ=0.042138 | models=[1012, 1014, 510, 433, 433, 184, 275, 226] | nodes=[10, 9, 14, 5, 15, 6, 16, 7]
2026-01-10 00:41:20,252 - /DATA/Aurindum/Swarming/Outputs/20260109_202226_ParticleTesting/P20_I150/run.log - INFO - n_caps=9 | minZ=0.041775 | models=[1012, 1014, 510, 433, 433, 184, 275, 226, 171] | nodes=[10, 9, 14, 5, 15, 7, 16, 6, 8]
2026-01-10 00:41:20,252 - /DATA/Aurindum/Swarming/Outputs/20260109_202226_ParticleTesting/P20_I150/run.log - INFO - Threshold reached at n_caps=9
2026-01-10 00:42:57,711 - /DATA/Aurindum/Swarming/Outputs/20260109_202226_ParticleTesting/P20_I160/run.log - INFO - n_caps=1 | minZ=0.087365 | models=[1012] | nodes=[9]
2026-01-10 00:44:30,421 - /DATA/Aurindum/Swarming/Outputs/20260109_202226_ParticleTesting/P20_I160/run.log - INFO - n_caps=2 | minZ=0.066976 | models=[1012, 892] | nodes=[9, 10]
2026-01-10 00:46:10,879 - /DATA/Aurindum/Swarming/Outputs/20260109_202226_ParticleTesting/P20_I160/run.log - INFO - n_caps=3 | minZ=0.056198 | models=[1012, 892, 686] | nodes=[9, 10, 15]
2026-01-10 00:48:01,143 - /DATA/Aurindum/Swarming/Outputs/20260109_202226_ParticleTesting/P20_I160/run.log - INFO - n_caps=4 | minZ=0.050223 | models=[1012, 892, 686, 434] | nodes=[9, 10, 15, 6]
2026-01-10 00:49:47,535 - /DATA/Aurindum/Swarming/Outputs/20260109_202226_ParticleTesting/P20_I160/run.log - INFO - n_caps=5 | minZ=0.046594 | models=[1012, 892, 686, 434, 433] | nodes=[9, 10, 15, 6, 14]
2026-01-10 00:51:21,813 - /DATA/Aurindum/Swarming/Outputs/20260109_202226_ParticleTesting/P20_I160/run.log - INFO - n_caps=6 | minZ=0.043426 | models=[1012, 892, 686, 434, 433, 342] | nodes=[9, 10, 15, 5, 14, 6]
2026-01-10 00:52:55,317 - /DATA/Aurindum/Swarming/Outputs/20260109_202226_ParticleTesting/P20_I160/run.log - INFO - n_caps=7 | minZ=0.041795 | models=[1012, 893, 686, 434, 434, 342, 221] | nodes=[9, 10, 15, 5, 14, 6, 7]
2026-01-10 00:52:55,318 - /DATA/Aurindum/Swarming/Outputs/20260109_202226_ParticleTesting/P20_I160/run.log - INFO - Threshold reached at n_caps=7
2026-01-10 00:54:41,021 - /DATA/Aurindum/Swarming/Outputs/20260109_202226_ParticleTesting/P20_I170/run.log - INFO - n_caps=1 | minZ=0.087365 | models=[1014] | nodes=[9]
2026-01-10 00:56:31,759 - /DATA/Aurindum/Swarming/Outputs/20260109_202226_ParticleTesting/P20_I170/run.log - INFO - n_caps=2 | minZ=0.064766 | models=[1014, 1014] | nodes=[9, 10]
2026-01-10 00:58:11,931 - /DATA/Aurindum/Swarming/Outputs/20260109_202226_ParticleTesting/P20_I170/run.log - INFO - n_caps=3 | minZ=0.053863 | models=[1014, 1014, 527] | nodes=[9, 10, 14]
2026-01-10 00:59:57,158 - /DATA/Aurindum/Swarming/Outputs/20260109_202226_ParticleTesting/P20_I170/run.log - INFO - n_caps=4 | minZ=0.049874 | models=[1014, 1014, 527, 433] | nodes=[9, 10, 14, 15]
2026-01-10 01:01:35,210 - /DATA/Aurindum/Swarming/Outputs/20260109_202226_ParticleTesting/P20_I170/run.log - INFO - n_caps=5 | minZ=0.048097 | models=[1014, 1014, 527, 433, 225] | nodes=[9, 10, 14, 15, 16]
2026-01-10 01:03:16,955 - /DATA/Aurindum/Swarming/Outputs/20260109_202226_ParticleTesting/P20_I170/run.log - INFO - n_caps=6 | minZ=0.046205 | models=[1014, 1014, 528, 433, 226, 221] | nodes=[9, 10, 14, 15, 16, 7]
2026-01-10 01:05:02,381 - /DATA/Aurindum/Swarming/Outputs/20260109_202226_ParticleTesting/P20_I170/run.log - INFO - n_caps=7 | minZ=0.044397 | models=[1014, 1014, 528, 433, 226, 222, 434] | nodes=[9, 10, 14, 15, 16, 7, 5]
2026-01-10 01:06:48,381 - /DATA/Aurindum/Swarming/Outputs/20260109_202226_ParticleTesting/P20_I170/run.log - INFO - n_caps=8 | minZ=0.042238 | models=[1014, 1014, 528, 433, 226, 221, 434, 189] | nodes=[9, 10, 14, 15, 16, 7, 5, 6]
2026-01-10 01:08:37,036 - /DATA/Aurindum/Swarming/Outputs/20260109_202226_ParticleTesting/P20_I170/run.log - INFO - n_caps=9 | minZ=0.041653 | models=[1014, 1014, 527, 433, 226, 221, 434, 189, 1316] | nodes=[9, 10, 14, 15, 16, 6, 5, 7, 2]
2026-01-10 01:08:37,037 - /DATA/Aurindum/Swarming/Outputs/20260109_202226_ParticleTesting/P20_I170/run.log - INFO - Threshold reached at n_caps=9
2026-01-10 01:10:31,602 - /DATA/Aurindum/Swarming/Outputs/20260109_202226_ParticleTesting/P20_I180/run.log - INFO - n_caps=1 | minZ=0.087365 | models=[1012] | nodes=[9]
2026-01-10 01:12:17,173 - /DATA/Aurindum/Swarming/Outputs/20260109_202226_ParticleTesting/P20_I180/run.log - INFO - n_caps=2 | minZ=0.066976 | models=[1012, 892] | nodes=[9, 10]
2026-01-10 01:14:01,565 - /DATA/Aurindum/Swarming/Outputs/20260109_202226_ParticleTesting/P20_I180/run.log - INFO - n_caps=3 | minZ=0.056907 | models=[1012, 892, 898] | nodes=[9, 10, 15]
2026-01-10 01:15:51,858 - /DATA/Aurindum/Swarming/Outputs/20260109_202226_ParticleTesting/P20_I180/run.log - INFO - n_caps=4 | minZ=0.050062 | models=[1012, 892, 893, 585] | nodes=[9, 10, 14, 6]
2026-01-10 01:17:48,304 - /DATA/Aurindum/Swarming/Outputs/20260109_202226_ParticleTesting/P20_I180/run.log - INFO - n_caps=5 | minZ=0.045652 | models=[1012, 893, 892, 448, 686] | nodes=[9, 10, 14, 6, 15]
2026-01-10 01:19:52,745 - /DATA/Aurindum/Swarming/Outputs/20260109_202226_ParticleTesting/P20_I180/run.log - INFO - n_caps=6 | minZ=0.043529 | models=[1012, 893, 892, 448, 686, 225] | nodes=[9, 10, 15, 6, 14, 5]
2026-01-10 01:21:50,727 - /DATA/Aurindum/Swarming/Outputs/20260109_202226_ParticleTesting/P20_I180/run.log - INFO - n_caps=7 | minZ=0.041843 | models=[1012, 893, 892, 448, 685, 225, 221] | nodes=[9, 10, 15, 6, 14, 5, 7]
2026-01-10 01:21:50,728 - /DATA/Aurindum/Swarming/Outputs/20260109_202226_ParticleTesting/P20_I180/run.log - INFO - Threshold reached at n_caps=7
2026-01-10 01:23:56,308 - /DATA/Aurindum/Swarming/Outputs/20260109_202226_ParticleTesting/P20_I190/run.log - INFO - n_caps=1 | minZ=0.087365 | models=[1012] | nodes=[9]
2026-01-10 01:25:52,215 - /DATA/Aurindum/Swarming/Outputs/20260109_202226_ParticleTesting/P20_I190/run.log - INFO - n_caps=2 | minZ=0.064766 | models=[1012, 1012] | nodes=[9, 10]
2026-01-10 01:27:54,889 - /DATA/Aurindum/Swarming/Outputs/20260109_202226_ParticleTesting/P20_I190/run.log - INFO - n_caps=3 | minZ=0.053976 | models=[1012, 1012, 510] | nodes=[9, 10, 14]
2026-01-10 01:29:58,818 - /DATA/Aurindum/Swarming/Outputs/20260109_202226_ParticleTesting/P20_I190/run.log - INFO - n_caps=4 | minZ=0.050198 | models=[1012, 1012, 511, 892] | nodes=[9, 10, 14, 15]
2026-01-10 01:32:08,894 - /DATA/Aurindum/Swarming/Outputs/20260109_202226_ParticleTesting/P20_I190/run.log - INFO - n_caps=5 | minZ=0.046462 | models=[1012, 1012, 511, 893, 262] | nodes=[9, 10, 14, 15, 16]
2026-01-10 01:34:22,687 - /DATA/Aurindum/Swarming/Outputs/20260109_202226_ParticleTesting/P20_I190/run.log - INFO - n_caps=6 | minZ=0.044313 | models=[1012, 1012, 511, 892, 262, 364] | nodes=[9, 10, 14, 15, 16, 6]
2026-01-10 01:36:36,874 - /DATA/Aurindum/Swarming/Outputs/20260109_202226_ParticleTesting/P20_I190/run.log - INFO - n_caps=7 | minZ=0.042783 | models=[1012, 1012, 511, 892, 262, 364, 344] | nodes=[9, 10, 14, 15, 16, 6, 5]
2026-01-10 01:38:47,417 - /DATA/Aurindum/Swarming/Outputs/20260109_202226_ParticleTesting/P20_I190/run.log - INFO - n_caps=8 | minZ=0.041743 | models=[1012, 1012, 511, 892, 261, 366, 344, 184] | nodes=[9, 10, 14, 15, 16, 5, 6, 7]
2026-01-10 01:38:47,417 - /DATA/Aurindum/Swarming/Outputs/20260109_202226_ParticleTesting/P20_I190/run.log - INFO - Threshold reached at n_caps=8
2026-01-10 01:41:05,628 - /DATA/Aurindum/Swarming/Outputs/20260109_202226_ParticleTesting/P20_I200/run.log - INFO - n_caps=1 | minZ=0.087365 | models=[1014] | nodes=[9]
2026-01-10 01:43:25,421 - /DATA/Aurindum/Swarming/Outputs/20260109_202226_ParticleTesting/P20_I200/run.log - INFO - n_caps=2 | minZ=0.064766 | models=[1014, 1012] | nodes=[9, 10]
2026-01-10 01:45:52,077 - /DATA/Aurindum/Swarming/Outputs/20260109_202226_ParticleTesting/P20_I200/run.log - INFO - n_caps=3 | minZ=0.054024 | models=[1014, 1012, 511] | nodes=[9, 10, 15]
2026-01-10 01:48:10,239 - /DATA/Aurindum/Swarming/Outputs/20260109_202226_ParticleTesting/P20_I200/run.log - INFO - n_caps=4 | minZ=0.050135 | models=[1014, 1012, 511, 344] | nodes=[10, 9, 14, 15]
2026-01-10 01:50:32,551 - /DATA/Aurindum/Swarming/Outputs/20260109_202226_ParticleTesting/P20_I200/run.log - INFO - n_caps=5 | minZ=0.047322 | models=[1014, 1012, 510, 344, 243] | nodes=[9, 10, 14, 15, 16]
2026-01-10 01:52:51,826 - /DATA/Aurindum/Swarming/Outputs/20260109_202226_ParticleTesting/P20_I200/run.log - INFO - n_caps=6 | minZ=0.044249 | models=[1014, 1012, 510, 344, 243, 433] | nodes=[10, 9, 14, 15, 16, 5]
2026-01-10 01:54:49,328 - /DATA/Aurindum/Swarming/Outputs/20260109_202226_ParticleTesting/P20_I200/run.log - INFO - n_caps=7 | minZ=0.042795 | models=[1014, 1012, 510, 344, 243, 433, 116] | nodes=[10, 9, 14, 15, 16, 5, 6]
2026-01-10 01:56:46,009 - /DATA/Aurindum/Swarming/Outputs/20260109_202226_ParticleTesting/P20_I200/run.log - INFO - n_caps=8 | minZ=0.041466 | models=[1014, 1012, 510, 344, 243, 433, 116, 189] | nodes=[10, 9, 14, 15, 16, 5, 6, 7]
2026-01-10 01:56:46,010 - /DATA/Aurindum/Swarming/Outputs/20260109_202226_ParticleTesting/P20_I200/run.log - INFO - Threshold reached at n_caps=8
2026-01-10 01:56:55,850 - /DATA/Aurindum/Swarming/Outputs/20260109_202226_ParticleTesting/P30_I10/run.log - INFO - n_caps=1 | minZ=0.110373 | models=[977] | nodes=[15]
2026-01-10 01:57:04,437 - /DATA/Aurindum/Swarming/Outputs/20260109_202226_ParticleTesting/P30_I10/run.log - INFO - n_caps=2 | minZ=0.082517 | models=[972, 999] | nodes=[14, 10]
2026-01-10 01:57:13,045 - /DATA/Aurindum/Swarming/Outputs/20260109_202226_ParticleTesting/P30_I10/run.log - INFO - n_caps=3 | minZ=0.070618 | models=[972, 999, 1044] | nodes=[14, 10, 15]
2026-01-10 01:57:21,655 - /DATA/Aurindum/Swarming/Outputs/20260109_202226_ParticleTesting/P30_I10/run.log - INFO - n_caps=4 | minZ=0.064548 | models=[972, 999, 1044, 1565] | nodes=[14, 10, 15, 9]
2026-01-10 01:57:30,283 - /DATA/Aurindum/Swarming/Outputs/20260109_202226_ParticleTesting/P30_I10/run.log - INFO - n_caps=5 | minZ=0.054844 | models=[972, 999, 1044, 1565, 509] | nodes=[14, 10, 15, 9, 16]
2026-01-10 01:57:40,869 - /DATA/Aurindum/Swarming/Outputs/20260109_202226_ParticleTesting/P30_I10/run.log - INFO - n_caps=6 | minZ=0.053472 | models=[972, 999, 1044, 1565, 509, 1298] | nodes=[14, 10, 15, 9, 16, 7]
2026-01-10 01:57:49,605 - /DATA/Aurindum/Swarming/Outputs/20260109_202226_ParticleTesting/P30_I10/run.log - INFO - n_caps=7 | minZ=0.051981 | models=[972, 999, 1045, 1564, 509, 1298, 1269] | nodes=[14, 10, 15, 9, 16, 7, 5]
2026-01-10 01:57:58,454 - /DATA/Aurindum/Swarming/Outputs/20260109_202226_ParticleTesting/P30_I10/run.log - INFO - n_caps=8 | minZ=0.049504 | models=[972, 1000, 1045, 1565, 509, 1299, 1270, 144] | nodes=[15, 10, 16, 9, 14, 7, 5, 6]
2026-01-10 01:58:07,737 - /DATA/Aurindum/Swarming/Outputs/20260109_202226_ParticleTesting/P30_I10/run.log - INFO - n_caps=9 | minZ=0.047098 | models=[972, 1000, 1045, 1565, 509, 1299, 1269, 144, 686] | nodes=[15, 11, 16, 9, 14, 7, 6, 5, 10]
2026-01-10 01:58:17,350 - /DATA/Aurindum/Swarming/Outputs/20260109_202226_ParticleTesting/P30_I10/run.log - INFO - n_caps=10 | minZ=0.046933 | models=[972, 999, 1045, 1565, 509, 1298, 1269, 144, 685, 1535] | nodes=[15, 11, 16, 9, 14, 7, 6, 5, 10, 2]
2026-01-10 01:58:27,420 - /DATA/Aurindum/Swarming/Outputs/20260109_202226_ParticleTesting/P30_I10/run.log - INFO - n_caps=11 | minZ=0.046656 | models=[972, 1000, 1045, 1566, 510, 1298, 1269, 145, 685, 1535, 893] | nodes=[16, 11, 15, 9, 14, 7, 5, 6, 10, 2, 8]
2026-01-10 01:58:36,822 - /DATA/Aurindum/Swarming/Outputs/20260109_202226_ParticleTesting/P30_I10/run.log - INFO - n_caps=12 | minZ=0.045245 | models=[972, 1000, 1045, 1566, 509, 1298, 1269, 145, 685, 1535, 893, 1584] | nodes=[16, 11, 15, 8, 14, 7, 5, 6, 10, 2, 9, 12]
2026-01-10 01:58:45,793 - /DATA/Aurindum/Swarming/Outputs/20260109_202226_ParticleTesting/P30_I10/run.log - INFO - n_caps=13 | minZ=0.045044 | models=[972, 999, 1045, 1566, 509, 1298, 1269, 145, 685, 1535, 893, 1584, 232] | nodes=[16, 11, 15, 8, 14, 7, 5, 6, 9, 2, 10, 12, 13]
2026-01-10 01:58:54,698 - /DATA/Aurindum/Swarming/Outputs/20260109_202226_ParticleTesting/P30_I10/run.log - INFO - n_caps=14 | minZ=0.044304 | models=[972, 999, 1045, 1566, 509, 1298, 1269, 144, 686, 1535, 893, 1584, 232, 493] | nodes=[17, 11, 15, 8, 14, 7, 5, 6, 9, 2, 10, 12, 13, 16]
2026-01-10 01:59:03,382 - /DATA/Aurindum/Swarming/Outputs/20260109_202226_ParticleTesting/P30_I10/run.log - INFO - n_caps=15 | minZ=0.044291 | models=[972, 999, 1045, 1566, 509, 1298, 1269, 144, 686, 1535, 893, 1584, 232, 493, 2891] | nodes=[17, 11, 15, 8, 14, 7, 5, 6, 9, 2, 10, 12, 13, 16, 1]
2026-01-10 01:59:12,331 - /DATA/Aurindum/Swarming/Outputs/20260109_202226_ParticleTesting/P30_I10/run.log - INFO - n_caps=16 | minZ=0.044294 | models=[972, 999, 1045, 1566, 509, 1298, 1269, 144, 686, 1535, 893, 1584, 232, 493, 2891, 475] | nodes=[17, 11, 15, 8, 14, 7, 5, 6, 9, 2, 10, 12, 13, 16, 1, 18]
2026-01-10 01:59:21,091 - /DATA/Aurindum/Swarming/Outputs/20260109_202226_ParticleTesting/P30_I10/run.log - INFO - n_caps=17 | minZ=0.044295 | models=[971, 999, 1044, 1566, 509, 1298, 1269, 144, 685, 1535, 893, 1582, 231, 493, 2891, 475, 2415] | nodes=[17, 11, 15, 8, 14, 7, 5, 6, 9, 2, 10, 12, 13, 16, 1, 18, 19]
2026-01-10 01:59:30,268 - /DATA/Aurindum/Swarming/Outputs/20260109_202226_ParticleTesting/P30_I10/run.log - INFO - n_caps=18 | minZ=0.044077 | models=[970, 1000, 1044, 1566, 509, 1299, 1269, 146, 685, 1538, 892, 1582, 231, 493, 2891, 474, 2415, 504] | nodes=[17, 12, 15, 8, 14, 6, 5, 7, 9, 2, 10, 11, 13, 16, 18, 19, 20, 1]
2026-01-10 01:59:41,065 - /DATA/Aurindum/Swarming/Outputs/20260109_202226_ParticleTesting/P30_I10/run.log - INFO - n_caps=19 | minZ=0.044077 | models=[970, 1000, 1044, 1566, 509, 1299, 1269, 146, 685, 1538, 892, 1582, 231, 493, 2891, 474, 2415, 504, 122] | nodes=[17, 12, 15, 8, 14, 6, 5, 7, 9, 2, 10, 11, 13, 16, 18, 19, 20, 1, 3]
2026-01-10 01:59:50,700 - /DATA/Aurindum/Swarming/Outputs/20260109_202226_ParticleTesting/P30_I10/run.log - INFO - n_caps=20 | minZ=0.044076 | models=[970, 999, 1044, 1566, 509, 1299, 1270, 146, 685, 1537, 892, 1582, 231, 493, 2891, 475, 2415, 504, 122, 543] | nodes=[17, 12, 15, 8, 14, 6, 5, 7, 9, 2, 10, 11, 13, 16, 18, 19, 20, 1, 3, 4]
2026-01-10 02:00:09,628 - /DATA/Aurindum/Swarming/Outputs/20260109_202226_ParticleTesting/P30_I20/run.log - INFO - n_caps=1 | minZ=0.087365 | models=[1014] | nodes=[9]
2026-01-10 02:00:28,752 - /DATA/Aurindum/Swarming/Outputs/20260109_202226_ParticleTesting/P30_I20/run.log - INFO - n_caps=2 | minZ=0.068828 | models=[1014, 685] | nodes=[9, 6]
2026-01-10 02:00:46,447 - /DATA/Aurindum/Swarming/Outputs/20260109_202226_ParticleTesting/P30_I20/run.log - INFO - n_caps=3 | minZ=0.058550 | models=[1014, 685, 1170] | nodes=[9, 5, 7]
2026-01-10 02:01:03,849 - /DATA/Aurindum/Swarming/Outputs/20260109_202226_ParticleTesting/P30_I20/run.log - INFO - n_caps=4 | minZ=0.051605 | models=[1014, 685, 1169, 610] | nodes=[9, 5, 6, 10]
2026-01-10 02:01:21,344 - /DATA/Aurindum/Swarming/Outputs/20260109_202226_ParticleTesting/P30_I20/run.log - INFO - n_caps=5 | minZ=0.048865 | models=[1014, 685, 1170, 610, 595] | nodes=[9, 5, 6, 10, 14]
2026-01-10 02:01:38,847 - /DATA/Aurindum/Swarming/Outputs/20260109_202226_ParticleTesting/P30_I20/run.log - INFO - n_caps=6 | minZ=0.046668 | models=[1014, 685, 1170, 610, 595, 447] | nodes=[9, 5, 6, 10, 14, 7]
2026-01-10 02:01:56,259 - /DATA/Aurindum/Swarming/Outputs/20260109_202226_ParticleTesting/P30_I20/run.log - INFO - n_caps=7 | minZ=0.045259 | models=[1014, 685, 1169, 610, 594, 447, 344] | nodes=[9, 5, 6, 10, 14, 7, 16]
2026-01-10 02:02:15,488 - /DATA/Aurindum/Swarming/Outputs/20260109_202226_ParticleTesting/P30_I20/run.log - INFO - n_caps=8 | minZ=0.044201 | models=[1014, 685, 1169, 610, 594, 447, 344, 282] | nodes=[9, 5, 6, 10, 14, 7, 16, 15]
2026-01-10 02:02:36,394 - /DATA/Aurindum/Swarming/Outputs/20260109_202226_ParticleTesting/P30_I20/run.log - INFO - n_caps=9 | minZ=0.043358 | models=[1014, 685, 1169, 610, 593, 447, 343, 281, 263] | nodes=[10, 5, 6, 9, 14, 7, 16, 15, 8]
2026-01-10 02:02:55,410 - /DATA/Aurindum/Swarming/Outputs/20260109_202226_ParticleTesting/P30_I20/run.log - INFO - n_caps=10 | minZ=0.043043 | models=[1014, 686, 1169, 610, 593, 447, 341, 281, 263, 964] | nodes=[10, 5, 6, 9, 14, 7, 15, 16, 8, 11]
2026-01-10 02:03:13,726 - /DATA/Aurindum/Swarming/Outputs/20260109_202226_ParticleTesting/P30_I20/run.log - INFO - n_caps=11 | minZ=0.042881 | models=[1014, 687, 1170, 610, 593, 447, 342, 282, 263, 964, 2054] | nodes=[10, 6, 5, 9, 14, 7, 15, 16, 8, 11, 3]
2026-01-10 02:03:33,186 - /DATA/Aurindum/Swarming/Outputs/20260109_202226_ParticleTesting/P30_I20/run.log - INFO - n_caps=12 | minZ=0.042837 | models=[1014, 687, 1170, 610, 594, 447, 342, 282, 263, 964, 2054, 997] | nodes=[10, 6, 5, 9, 14, 7, 15, 16, 8, 11, 3, 2]
2026-01-10 02:03:52,780 - /DATA/Aurindum/Swarming/Outputs/20260109_202226_ParticleTesting/P30_I20/run.log - INFO - n_caps=13 | minZ=0.042833 | models=[1014, 687, 1170, 610, 594, 447, 342, 281, 263, 964, 2053, 996, 2055] | nodes=[10, 6, 5, 9, 14, 7, 15, 16, 8, 11, 3, 1, 2]
2026-01-10 02:04:12,422 - /DATA/Aurindum/Swarming/Outputs/20260109_202226_ParticleTesting/P30_I20/run.log - INFO - n_caps=14 | minZ=0.042832 | models=[1014, 687, 1170, 610, 594, 447, 342, 282, 263, 964, 2053, 996, 2055, 475] | nodes=[10, 6, 5, 9, 14, 7, 15, 16, 8, 11, 3, 1, 2, 4]
2026-01-10 02:04:32,085 - /DATA/Aurindum/Swarming/Outputs/20260109_202226_ParticleTesting/P30_I20/run.log - INFO - n_caps=15 | minZ=0.042835 | models=[1014, 687, 1170, 610, 594, 447, 342, 281, 263, 964, 2053, 996, 2055, 475, 1503] | nodes=[10, 6, 5, 9, 14, 7, 15, 16, 8, 11, 4, 1, 2, 3, 20]
2026-01-10 02:04:52,259 - /DATA/Aurindum/Swarming/Outputs/20260109_202226_ParticleTesting/P30_I20/run.log - INFO - n_caps=16 | minZ=0.042855 | models=[1014, 687, 1170, 610, 594, 447, 342, 281, 263, 964, 2053, 995, 2055, 475, 1503, 52] | nodes=[10, 6, 5, 9, 14, 7, 15, 16, 8, 11, 3, 1, 2, 4, 20, 18]
2026-01-10 02:05:11,104 - /DATA/Aurindum/Swarming/Outputs/20260109_202226_ParticleTesting/P30_I20/run.log - INFO - n_caps=17 | minZ=0.042525 | models=[1014, 686, 1170, 610, 594, 447, 342, 282, 263, 964, 2053, 995, 2055, 475, 1504, 52, 3040] | nodes=[9, 6, 5, 10, 15, 8, 14, 16, 7, 11, 3, 1, 2, 4, 20, 17, 18]
2026-01-10 02:05:32,187 - /DATA/Aurindum/Swarming/Outputs/20260109_202226_ParticleTesting/P30_I20/run.log - INFO - n_caps=18 | minZ=0.042357 | models=[1014, 686, 1170, 610, 594, 447, 342, 281, 262, 963, 2052, 995, 2055, 476, 1503, 50, 3040, 2028] | nodes=[9, 5, 6, 8, 15, 10, 14, 16, 7, 11, 3, 4, 2, 12, 20, 17, 18, 19]
2026-01-10 02:05:50,985 - /DATA/Aurindum/Swarming/Outputs/20260109_202226_ParticleTesting/P30_I20/run.log - INFO - n_caps=19 | minZ=0.042200 | models=[1014, 686, 1170, 611, 594, 447, 342, 282, 262, 962, 2052, 995, 2055, 475, 1503, 51, 3039, 2028, 2767] | nodes=[9, 5, 6, 8, 15, 10, 14, 16, 7, 11, 3, 4, 2, 12, 19, 17, 18, 20, 1]
2026-01-10 02:06:10,472 - /DATA/Aurindum/Swarming/Outputs/20260109_202226_ParticleTesting/P30_I20/run.log - INFO - n_caps=20 | minZ=0.041832 | models=[1014, 686, 1170, 611, 595, 447, 342, 282, 261, 962, 2052, 994, 2055, 475, 1503, 51, 3039, 2028, 2767, 239] | nodes=[9, 5, 6, 8, 15, 7, 14, 16, 10, 11, 3, 4, 2, 12, 19, 17, 18, 20, 1, 13]
2026-01-10 02:06:10,473 - /DATA/Aurindum/Swarming/Outputs/20260109_202226_ParticleTesting/P30_I20/run.log - INFO - Threshold reached at n_caps=20
2026-01-10 02:06:38,555 - /DATA/Aurindum/Swarming/Outputs/20260109_202226_ParticleTesting/P30_I30/run.log - INFO - n_caps=1 | minZ=0.104281 | models=[974] | nodes=[10]
2026-01-10 02:07:04,783 - /DATA/Aurindum/Swarming/Outputs/20260109_202226_ParticleTesting/P30_I30/run.log - INFO - n_caps=2 | minZ=0.085083 | models=[975, 1477] | nodes=[10, 16]
2026-01-10 02:07:31,736 - /DATA/Aurindum/Swarming/Outputs/20260109_202226_ParticleTesting/P30_I30/run.log - INFO - n_caps=3 | minZ=0.071408 | models=[972, 1773, 1002] | nodes=[10, 16, 6]
2026-01-10 02:07:58,061 - /DATA/Aurindum/Swarming/Outputs/20260109_202226_ParticleTesting/P30_I30/run.log - INFO - n_caps=4 | minZ=0.060798 | models=[972, 1773, 1002, 892] | nodes=[9, 16, 5, 6]
2026-01-10 02:08:24,298 - /DATA/Aurindum/Swarming/Outputs/20260109_202226_ParticleTesting/P30_I30/run.log - INFO - n_caps=5 | minZ=0.054011 | models=[971, 1773, 1002, 892, 898] | nodes=[9, 16, 5, 6, 10]
2026-01-10 02:08:52,235 - /DATA/Aurindum/Swarming/Outputs/20260109_202226_ParticleTesting/P30_I30/run.log - INFO - n_caps=6 | minZ=0.050644 | models=[971, 1774, 1002, 892, 898, 364] | nodes=[9, 16, 5, 6, 10, 14]
2026-01-10 02:09:18,079 - /DATA/Aurindum/Swarming/Outputs/20260109_202226_ParticleTesting/P30_I30/run.log - INFO - n_caps=7 | minZ=0.047817 | models=[971, 1774, 1002, 892, 898, 363, 685] | nodes=[9, 16, 5, 6, 10, 14, 15]
2026-01-10 02:09:45,698 - /DATA/Aurindum/Swarming/Outputs/20260109_202226_ParticleTesting/P30_I30/run.log - INFO - n_caps=8 | minZ=0.045616 | models=[971, 1774, 1002, 892, 898, 363, 689, 448] | nodes=[9, 16, 5, 6, 10, 14, 15, 7]
2026-01-10 02:10:15,645 - /DATA/Aurindum/Swarming/Outputs/20260109_202226_ParticleTesting/P30_I30/run.log - INFO - n_caps=9 | minZ=0.044727 | models=[971, 1774, 1002, 892, 898, 363, 689, 448, 699] | nodes=[8, 16, 5, 6, 9, 15, 14, 7, 10]
2026-01-10 02:10:47,003 - /DATA/Aurindum/Swarming/Outputs/20260109_202226_ParticleTesting/P30_I30/run.log - INFO - n_caps=10 | minZ=0.044640 | models=[971, 1774, 1002, 892, 898, 363, 689, 448, 699, 1975] | nodes=[8, 16, 5, 6, 9, 15, 14, 7, 10, 2]
2026-01-10 02:11:14,528 - /DATA/Aurindum/Swarming/Outputs/20260109_202226_ParticleTesting/P30_I30/run.log - INFO - n_caps=11 | minZ=0.043687 | models=[971, 1774, 1001, 892, 898, 363, 689, 447, 699, 1974, 121] | nodes=[7, 16, 4, 5, 9, 14, 15, 6, 10, 2, 8]
2026-01-10 02:11:41,546 - /DATA/Aurindum/Swarming/Outputs/20260109_202226_ParticleTesting/P30_I30/run.log - INFO - n_caps=12 | minZ=0.043410 | models=[971, 1774, 1000, 892, 898, 362, 690, 447, 699, 1975, 121, 183] | nodes=[7, 16, 4, 5, 9, 14, 15, 6, 10, 2, 8, 13]
2026-01-10 02:12:08,080 - /DATA/Aurindum/Swarming/Outputs/20260109_202226_ParticleTesting/P30_I30/run.log - INFO - n_caps=13 | minZ=0.043366 | models=[971, 1774, 1000, 892, 898, 362, 690, 447, 698, 1975, 121, 183, 32] | nodes=[7, 16, 4, 5, 9, 14, 15, 6, 10, 2, 8, 13, 11]
2026-01-10 02:12:34,616 - /DATA/Aurindum/Swarming/Outputs/20260109_202226_ParticleTesting/P30_I30/run.log - INFO - n_caps=14 | minZ=0.043246 | models=[971, 1774, 1000, 892, 898, 362, 690, 447, 698, 1975, 121, 183, 32, 63] | nodes=[7, 15, 4, 5, 9, 14, 16, 6, 10, 2, 8, 13, 11, 12]
2026-01-10 02:13:01,153 - /DATA/Aurindum/Swarming/Outputs/20260109_202226_ParticleTesting/P30_I30/run.log - INFO - n_caps=15 | minZ=0.043210 | models=[971, 1774, 1000, 892, 898, 362, 690, 447, 698, 1975, 121, 183, 33, 63, 205] | nodes=[7, 15, 4, 5, 9, 14, 16, 6, 10, 2, 8, 17, 11, 12, 3]
2026-01-10 02:13:27,801 - /DATA/Aurindum/Swarming/Outputs/20260109_202226_ParticleTesting/P30_I30/run.log - INFO - n_caps=16 | minZ=0.043198 | models=[971, 1774, 1000, 892, 899, 362, 690, 447, 698, 1975, 121, 183, 33, 63, 205, 1465] | nodes=[7, 15, 4, 5, 9, 14, 16, 6, 10, 2, 8, 17, 11, 12, 3, 1]
2026-01-10 02:13:58,270 - /DATA/Aurindum/Swarming/Outputs/20260109_202226_ParticleTesting/P30_I30/run.log - INFO - n_caps=17 | minZ=0.043190 | models=[971, 1774, 1000, 892, 899, 362, 690, 447, 698, 1975, 121, 183, 33, 63, 204, 1465, 1240] | nodes=[7, 14, 4, 5, 9, 15, 16, 6, 10, 2, 8, 17, 11, 12, 3, 20, 18]
2026-01-10 02:14:24,871 - /DATA/Aurindum/Swarming/Outputs/20260109_202226_ParticleTesting/P30_I30/run.log - INFO - n_caps=18 | minZ=0.043187 | models=[971, 1774, 999, 892, 899, 362, 690, 447, 698, 1975, 121, 183, 33, 63, 205, 1465, 1241, 1864] | nodes=[7, 14, 4, 5, 9, 15, 16, 6, 10, 2, 8, 17, 11, 12, 3, 1, 18, 19]
2026-01-10 02:14:51,525 - /DATA/Aurindum/Swarming/Outputs/20260109_202226_ParticleTesting/P30_I30/run.log - INFO - n_caps=19 | minZ=0.043176 | models=[972, 1774, 999, 892, 899, 362, 690, 448, 698, 1975, 121, 184, 33, 63, 205, 1467, 1240, 1864, 1190] | nodes=[7, 14, 4, 5, 9, 15, 16, 6, 10, 2, 8, 17, 11, 12, 3, 1, 18, 19, 20]
2026-01-10 02:15:20,044 - /DATA/Aurindum/Swarming/Outputs/20260109_202226_ParticleTesting/P30_I30/run.log - INFO - n_caps=20 | minZ=0.043244 | models=[972, 1774, 999, 892, 898, 362, 690, 448, 698, 1975, 121, 184, 33, 63, 206, 1467, 1240, 1865, 1190, 491] | nodes=[7, 14, 4, 5, 9, 15, 16, 6, 10, 2, 8, 17, 11, 12, 1, 3, 18, 19, 20, 13]
2026-01-10 02:16:01,306 - /DATA/Aurindum/Swarming/Outputs/20260109_202226_ParticleTesting/P30_I40/run.log - INFO - n_caps=1 | minZ=0.093198 | models=[1014] | nodes=[14]
2026-01-10 02:16:41,358 - /DATA/Aurindum/Swarming/Outputs/20260109_202226_ParticleTesting/P30_I40/run.log - INFO - n_caps=2 | minZ=0.066996 | models=[1014, 1012] | nodes=[14, 10]
2026-01-10 02:17:22,416 - /DATA/Aurindum/Swarming/Outputs/20260109_202226_ParticleTesting/P30_I40/run.log - INFO - n_caps=3 | minZ=0.054444 | models=[1014, 1012, 510] | nodes=[14, 10, 16]
2026-01-10 02:18:01,708 - /DATA/Aurindum/Swarming/Outputs/20260109_202226_ParticleTesting/P30_I40/run.log - INFO - n_caps=4 | minZ=0.051605 | models=[1014, 1012, 510, 837] | nodes=[14, 10, 15, 9]
2026-01-10 02:18:40,091 - /DATA/Aurindum/Swarming/Outputs/20260109_202226_ParticleTesting/P30_I40/run.log - INFO - n_caps=5 | minZ=0.050191 | models=[1014, 1012, 510, 837, 1771] | nodes=[14, 9, 15, 10, 5]
2026-01-10 02:19:21,314 - /DATA/Aurindum/Swarming/Outputs/20260109_202226_ParticleTesting/P30_I40/run.log - INFO - n_caps=6 | minZ=0.045215 | models=[1014, 1012, 510, 837, 1771, 263] | nodes=[14, 9, 15, 10, 5, 7]
2026-01-10 02:20:00,772 - /DATA/Aurindum/Swarming/Outputs/20260109_202226_ParticleTesting/P30_I40/run.log - INFO - n_caps=7 | minZ=0.044549 | models=[1014, 1012, 510, 837, 1770, 263, 892] | nodes=[14, 9, 15, 10, 6, 7, 16]
2026-01-10 02:20:36,001 - /DATA/Aurindum/Swarming/Outputs/20260109_202226_ParticleTesting/P30_I40/run.log - INFO - n_caps=8 | minZ=0.043117 | models=[1014, 1012, 511, 838, 1770, 262, 893, 247] | nodes=[14, 9, 15, 10, 6, 7, 16, 5]
2026-01-10 02:21:12,263 - /DATA/Aurindum/Swarming/Outputs/20260109_202226_ParticleTesting/P30_I40/run.log - INFO - n_caps=9 | minZ=0.042897 | models=[1014, 1012, 511, 837, 1770, 262, 892, 247, 221] | nodes=[14, 9, 15, 8, 6, 7, 16, 5, 10]
2026-01-10 02:21:48,553 - /DATA/Aurindum/Swarming/Outputs/20260109_202226_ParticleTesting/P30_I40/run.log - INFO - n_caps=10 | minZ=0.042348 | models=[1014, 1012, 511, 837, 1770, 261, 893, 247, 222, 1198] | nodes=[14, 9, 15, 10, 6, 8, 16, 5, 7, 2]
2026-01-10 02:22:28,474 - /DATA/Aurindum/Swarming/Outputs/20260109_202226_ParticleTesting/P30_I40/run.log - INFO - n_caps=11 | minZ=0.042077 | models=[1014, 1012, 512, 837, 1770, 262, 893, 247, 222, 1198, 232] | nodes=[14, 9, 15, 10, 6, 8, 16, 5, 7, 2, 19]
2026-01-10 02:23:09,747 - /DATA/Aurindum/Swarming/Outputs/20260109_202226_ParticleTesting/P30_I40/run.log - INFO - n_caps=12 | minZ=0.041982 | models=[1014, 1012, 512, 838, 1770, 262, 893, 247, 221, 1197, 231, 643] | nodes=[14, 9, 16, 10, 6, 8, 15, 5, 7, 2, 19, 1]
2026-01-10 02:23:09,748 - /DATA/Aurindum/Swarming/Outputs/20260109_202226_ParticleTesting/P30_I40/run.log - INFO - Threshold reached at n_caps=12
2026-01-10 02:24:01,625 - /DATA/Aurindum/Swarming/Outputs/20260109_202226_ParticleTesting/P30_I50/run.log - INFO - n_caps=1 | minZ=0.087365 | models=[1012] | nodes=[9]
2026-01-10 02:24:47,052 - /DATA/Aurindum/Swarming/Outputs/20260109_202226_ParticleTesting/P30_I50/run.log - INFO - n_caps=2 | minZ=0.066976 | models=[1012, 893] | nodes=[9, 10]
2026-01-10 02:25:34,354 - /DATA/Aurindum/Swarming/Outputs/20260109_202226_ParticleTesting/P30_I50/run.log - INFO - n_caps=3 | minZ=0.057072 | models=[1012, 893, 898] | nodes=[9, 10, 5]
2026-01-10 02:26:25,108 - /DATA/Aurindum/Swarming/Outputs/20260109_202226_ParticleTesting/P30_I50/run.log - INFO - n_caps=4 | minZ=0.050759 | models=[1012, 893, 899, 586] | nodes=[9, 10, 5, 6]
2026-01-10 02:27:11,534 - /DATA/Aurindum/Swarming/Outputs/20260109_202226_ParticleTesting/P30_I50/run.log - INFO - n_caps=5 | minZ=0.048260 | models=[1012, 893, 898, 586, 332] | nodes=[9, 10, 5, 6, 14]
2026-01-10 02:27:55,128 - /DATA/Aurindum/Swarming/Outputs/20260109_202226_ParticleTesting/P30_I50/run.log - INFO - n_caps=6 | minZ=0.046038 | models=[1012, 892, 898, 586, 333, 456] | nodes=[9, 10, 5, 6, 14, 15]
2026-01-10 02:28:39,124 - /DATA/Aurindum/Swarming/Outputs/20260109_202226_ParticleTesting/P30_I50/run.log - INFO - n_caps=7 | minZ=0.043738 | models=[1012, 893, 898, 587, 333, 455, 1274] | nodes=[9, 10, 5, 6, 14, 15, 7]
2026-01-10 02:29:26,056 - /DATA/Aurindum/Swarming/Outputs/20260109_202226_ParticleTesting/P30_I50/run.log - INFO - n_caps=8 | minZ=0.042815 | models=[1012, 893, 898, 589, 332, 455, 1273, 426] | nodes=[9, 10, 5, 6, 14, 15, 7, 16]
2026-01-10 02:30:18,582 - /DATA/Aurindum/Swarming/Outputs/20260109_202226_ParticleTesting/P30_I50/run.log - INFO - n_caps=9 | minZ=0.042396 | models=[1012, 892, 898, 589, 333, 455, 1273, 426, 369] | nodes=[9, 10, 5, 6, 15, 14, 7, 16, 11]
2026-01-10 02:31:12,329 - /DATA/Aurindum/Swarming/Outputs/20260109_202226_ParticleTesting/P30_I50/run.log - INFO - n_caps=10 | minZ=0.041711 | models=[1012, 892, 898, 589, 334, 455, 1276, 426, 370, 961] | nodes=[9, 10, 5, 6, 15, 14, 7, 16, 11, 8]
2026-01-10 02:31:12,329 - /DATA/Aurindum/Swarming/Outputs/20260109_202226_ParticleTesting/P30_I50/run.log - INFO - Threshold reached at n_caps=10
2026-01-10 02:32:09,059 - /DATA/Aurindum/Swarming/Outputs/20260109_202226_ParticleTesting/P30_I60/run.log - INFO - n_caps=1 | minZ=0.093198 | models=[1014] | nodes=[14]
2026-01-10 02:33:02,822 - /DATA/Aurindum/Swarming/Outputs/20260109_202226_ParticleTesting/P30_I60/run.log - INFO - n_caps=2 | minZ=0.069737 | models=[1014, 1014] | nodes=[14, 15]
2026-01-10 02:33:57,303 - /DATA/Aurindum/Swarming/Outputs/20260109_202226_ParticleTesting/P30_I60/run.log - INFO - n_caps=3 | minZ=0.056190 | models=[1014, 1014, 509] | nodes=[14, 15, 10]
2026-01-10 02:34:48,824 - /DATA/Aurindum/Swarming/Outputs/20260109_202226_ParticleTesting/P30_I60/run.log - INFO - n_caps=4 | minZ=0.050301 | models=[1014, 1014, 509, 893] | nodes=[14, 15, 10, 9]
2026-01-10 02:35:41,740 - /DATA/Aurindum/Swarming/Outputs/20260109_202226_ParticleTesting/P30_I60/run.log - INFO - n_caps=5 | minZ=0.047505 | models=[1014, 1014, 510, 893, 363] | nodes=[14, 15, 9, 10, 5]
2026-01-10 02:36:33,615 - /DATA/Aurindum/Swarming/Outputs/20260109_202226_ParticleTesting/P30_I60/run.log - INFO - n_caps=6 | minZ=0.045431 | models=[1014, 1014, 510, 893, 363, 171] | nodes=[14, 15, 9, 10, 5, 16]
2026-01-10 02:37:30,231 - /DATA/Aurindum/Swarming/Outputs/20260109_202226_ParticleTesting/P30_I60/run.log - INFO - n_caps=7 | minZ=0.044004 | models=[1014, 1014, 510, 893, 363, 171, 12] | nodes=[14, 15, 9, 10, 5, 16, 6]
2026-01-10 02:38:26,296 - /DATA/Aurindum/Swarming/Outputs/20260109_202226_ParticleTesting/P30_I60/run.log - INFO - n_caps=8 | minZ=0.042439 | models=[1014, 1014, 510, 892, 363, 171, 12, 174] | nodes=[14, 15, 9, 10, 5, 16, 6, 7]
2026-01-10 02:39:26,151 - /DATA/Aurindum/Swarming/Outputs/20260109_202226_ParticleTesting/P30_I60/run.log - INFO - n_caps=9 | minZ=0.041558 | models=[1014, 1014, 510, 892, 363, 171, 12, 174, 456] | nodes=[14, 15, 9, 10, 6, 16, 5, 7, 11]
2026-01-10 02:39:26,152 - /DATA/Aurindum/Swarming/Outputs/20260109_202226_ParticleTesting/P30_I60/run.log - INFO - Threshold reached at n_caps=9
2026-01-10 02:40:41,297 - /DATA/Aurindum/Swarming/Outputs/20260109_202226_ParticleTesting/P30_I70/run.log - INFO - n_caps=1 | minZ=0.087365 | models=[1012] | nodes=[9]
2026-01-10 02:41:56,076 - /DATA/Aurindum/Swarming/Outputs/20260109_202226_ParticleTesting/P30_I70/run.log - INFO - n_caps=2 | minZ=0.066976 | models=[1012, 893] | nodes=[9, 10]
2026-01-10 02:43:09,933 - /DATA/Aurindum/Swarming/Outputs/20260109_202226_ParticleTesting/P30_I70/run.log - INFO - n_caps=3 | minZ=0.057170 | models=[1012, 893, 344] | nodes=[9, 10, 6]
2026-01-10 02:44:22,623 - /DATA/Aurindum/Swarming/Outputs/20260109_202226_ParticleTesting/P30_I70/run.log - INFO - n_caps=4 | minZ=0.051489 | models=[1012, 893, 344, 892] | nodes=[9, 10, 7, 5]
2026-01-10 02:45:25,461 - /DATA/Aurindum/Swarming/Outputs/20260109_202226_ParticleTesting/P30_I70/run.log - INFO - n_caps=5 | minZ=0.047719 | models=[1012, 893, 344, 892, 615] | nodes=[9, 10, 7, 5, 6]
2026-01-10 02:46:39,777 - /DATA/Aurindum/Swarming/Outputs/20260109_202226_ParticleTesting/P30_I70/run.log - INFO - n_caps=6 | minZ=0.045239 | models=[1012, 893, 343, 892, 616, 363] | nodes=[9, 10, 7, 5, 6, 15]
2026-01-10 02:47:53,917 - /DATA/Aurindum/Swarming/Outputs/20260109_202226_ParticleTesting/P30_I70/run.log - INFO - n_caps=7 | minZ=0.043031 | models=[1012, 893, 342, 893, 615, 364, 344] | nodes=[9, 10, 7, 5, 6, 15, 14]
2026-01-10 02:49:05,564 - /DATA/Aurindum/Swarming/Outputs/20260109_202226_ParticleTesting/P30_I70/run.log - INFO - n_caps=8 | minZ=0.040996 | models=[1012, 893, 342, 893, 615, 365, 344, 262] | nodes=[9, 10, 7, 5, 6, 15, 14, 16]
2026-01-10 02:49:05,564 - /DATA/Aurindum/Swarming/Outputs/20260109_202226_ParticleTesting/P30_I70/run.log - INFO - Threshold reached at n_caps=8
2026-01-10 02:50:25,988 - /DATA/Aurindum/Swarming/Outputs/20260109_202226_ParticleTesting/P30_I80/run.log - INFO - n_caps=1 | minZ=0.087365 | models=[1014] | nodes=[9]
2026-01-10 02:51:48,141 - /DATA/Aurindum/Swarming/Outputs/20260109_202226_ParticleTesting/P30_I80/run.log - INFO - n_caps=2 | minZ=0.064766 | models=[1014, 1012] | nodes=[10, 9]
2026-01-10 02:53:10,858 - /DATA/Aurindum/Swarming/Outputs/20260109_202226_ParticleTesting/P30_I80/run.log - INFO - n_caps=3 | minZ=0.054175 | models=[1014, 1012, 512] | nodes=[10, 9, 5]
2026-01-10 02:54:33,197 - /DATA/Aurindum/Swarming/Outputs/20260109_202226_ParticleTesting/P30_I80/run.log - INFO - n_caps=4 | minZ=0.051227 | models=[1014, 1012, 512, 343] | nodes=[10, 9, 5, 6]
2026-01-10 02:55:57,206 - /DATA/Aurindum/Swarming/Outputs/20260109_202226_ParticleTesting/P30_I80/run.log - INFO - n_caps=5 | minZ=0.047170 | models=[1014, 1012, 510, 344, 248] | nodes=[10, 9, 5, 6, 7]
2026-01-10 02:57:21,867 - /DATA/Aurindum/Swarming/Outputs/20260109_202226_ParticleTesting/P30_I80/run.log - INFO - n_caps=6 | minZ=0.044715 | models=[1014, 1012, 510, 343, 248, 838] | nodes=[10, 9, 5, 6, 7, 14]
2026-01-10 02:58:49,106 - /DATA/Aurindum/Swarming/Outputs/20260109_202226_ParticleTesting/P30_I80/run.log - INFO - n_caps=7 | minZ=0.043231 | models=[1014, 1012, 510, 343, 248, 838, 189] | nodes=[10, 9, 5, 6, 7, 14, 16]
2026-01-10 03:00:10,851 - /DATA/Aurindum/Swarming/Outputs/20260109_202226_ParticleTesting/P30_I80/run.log - INFO - n_caps=8 | minZ=0.041670 | models=[1014, 1012, 511, 343, 248, 837, 189, 786] | nodes=[10, 9, 5, 6, 7, 14, 15, 16]
2026-01-10 03:00:10,852 - /DATA/Aurindum/Swarming/Outputs/20260109_202226_ParticleTesting/P30_I80/run.log - INFO - Threshold reached at n_caps=8
2026-01-10 03:01:34,723 - /DATA/Aurindum/Swarming/Outputs/20260109_202226_ParticleTesting/P30_I90/run.log - INFO - n_caps=1 | minZ=0.087365 | models=[1012] | nodes=[9]
2026-01-10 03:02:54,609 - /DATA/Aurindum/Swarming/Outputs/20260109_202226_ParticleTesting/P30_I90/run.log - INFO - n_caps=2 | minZ=0.064766 | models=[1012, 1014] | nodes=[9, 10]
2026-01-10 03:04:16,952 - /DATA/Aurindum/Swarming/Outputs/20260109_202226_ParticleTesting/P30_I90/run.log - INFO - n_caps=3 | minZ=0.053863 | models=[1012, 1014, 528] | nodes=[9, 10, 14]
2026-01-10 03:05:37,398 - /DATA/Aurindum/Swarming/Outputs/20260109_202226_ParticleTesting/P30_I90/run.log - INFO - n_caps=4 | minZ=0.050509 | models=[1012, 1014, 528, 149] | nodes=[9, 10, 14, 6]
2026-01-10 03:06:55,115 - /DATA/Aurindum/Swarming/Outputs/20260109_202226_ParticleTesting/P30_I90/run.log - INFO - n_caps=5 | minZ=0.048269 | models=[1012, 1014, 528, 149, 892] | nodes=[9, 10, 14, 6, 15]
2026-01-10 03:08:15,661 - /DATA/Aurindum/Swarming/Outputs/20260109_202226_ParticleTesting/P30_I90/run.log - INFO - n_caps=6 | minZ=0.043775 | models=[1012, 1014, 528, 149, 892, 262] | nodes=[9, 10, 14, 5, 15, 6]
2026-01-10 03:09:36,014 - /DATA/Aurindum/Swarming/Outputs/20260109_202226_ParticleTesting/P30_I90/run.log - INFO - n_caps=7 | minZ=0.042383 | models=[1012, 1014, 528, 149, 893, 262, 189] | nodes=[9, 10, 14, 5, 15, 6, 16]
2026-01-10 03:10:58,629 - /DATA/Aurindum/Swarming/Outputs/20260109_202226_ParticleTesting/P30_I90/run.log - INFO - n_caps=8 | minZ=0.041085 | models=[1012, 1014, 528, 149, 893, 262, 189, 171] | nodes=[9, 10, 14, 5, 15, 6, 16, 7]
2026-01-10 03:10:58,630 - /DATA/Aurindum/Swarming/Outputs/20260109_202226_ParticleTesting/P30_I90/run.log - INFO - Threshold reached at n_caps=8
2026-01-10 03:12:26,144 - /DATA/Aurindum/Swarming/Outputs/20260109_202226_ParticleTesting/P30_I100/run.log - INFO - n_caps=1 | minZ=0.087365 | models=[1012] | nodes=[9]
2026-01-10 03:13:53,186 - /DATA/Aurindum/Swarming/Outputs/20260109_202226_ParticleTesting/P30_I100/run.log - INFO - n_caps=2 | minZ=0.064766 | models=[1012, 1012] | nodes=[9, 10]
2026-01-10 03:15:22,848 - /DATA/Aurindum/Swarming/Outputs/20260109_202226_ParticleTesting/P30_I100/run.log - INFO - n_caps=3 | minZ=0.057147 | models=[1012, 1012, 892] | nodes=[9, 10, 15]
2026-01-10 03:16:48,387 - /DATA/Aurindum/Swarming/Outputs/20260109_202226_ParticleTesting/P30_I100/run.log - INFO - n_caps=4 | minZ=0.049983 | models=[1012, 1012, 893, 447] | nodes=[9, 10, 15, 6]
2026-01-10 03:18:15,442 - /DATA/Aurindum/Swarming/Outputs/20260109_202226_ParticleTesting/P30_I100/run.log - INFO - n_caps=5 | minZ=0.046038 | models=[1012, 1012, 892, 447, 456] | nodes=[10, 9, 15, 5, 14]
2026-01-10 03:19:49,241 - /DATA/Aurindum/Swarming/Outputs/20260109_202226_ParticleTesting/P30_I100/run.log - INFO - n_caps=6 | minZ=0.044084 | models=[1012, 1012, 892, 447, 456, 222] | nodes=[9, 10, 15, 5, 14, 6]
2026-01-10 03:21:17,243 - /DATA/Aurindum/Swarming/Outputs/20260109_202226_ParticleTesting/P30_I100/run.log - INFO - n_caps=7 | minZ=0.041869 | models=[1012, 1012, 892, 447, 456, 221, 171] | nodes=[10, 9, 14, 5, 15, 6, 7]
2026-01-10 03:21:17,243 - /DATA/Aurindum/Swarming/Outputs/20260109_202226_ParticleTesting/P30_I100/run.log - INFO - Threshold reached at n_caps=7
2026-01-10 03:23:00,491 - /DATA/Aurindum/Swarming/Outputs/20260109_202226_ParticleTesting/P30_I110/run.log - INFO - n_caps=1 | minZ=0.087365 | models=[1012] | nodes=[9]
2026-01-10 03:24:37,363 - /DATA/Aurindum/Swarming/Outputs/20260109_202226_ParticleTesting/P30_I110/run.log - INFO - n_caps=2 | minZ=0.066976 | models=[1012, 893] | nodes=[9, 10]
2026-01-10 03:26:18,615 - /DATA/Aurindum/Swarming/Outputs/20260109_202226_ParticleTesting/P30_I110/run.log - INFO - n_caps=3 | minZ=0.056845 | models=[1012, 893, 685] | nodes=[9, 10, 6]
2026-01-10 03:28:02,519 - /DATA/Aurindum/Swarming/Outputs/20260109_202226_ParticleTesting/P30_I110/run.log - INFO - n_caps=4 | minZ=0.050818 | models=[1012, 893, 686, 618] | nodes=[9, 10, 6, 14]
2026-01-10 03:29:47,668 - /DATA/Aurindum/Swarming/Outputs/20260109_202226_ParticleTesting/P30_I110/run.log - INFO - n_caps=5 | minZ=0.047637 | models=[1012, 893, 686, 617, 893] | nodes=[9, 10, 6, 14, 15]
2026-01-10 03:31:28,274 - /DATA/Aurindum/Swarming/Outputs/20260109_202226_ParticleTesting/P30_I110/run.log - INFO - n_caps=6 | minZ=0.043968 | models=[1012, 893, 686, 617, 893, 248] | nodes=[9, 10, 5, 14, 15, 7]
2026-01-10 03:33:07,835 - /DATA/Aurindum/Swarming/Outputs/20260109_202226_ParticleTesting/P30_I110/run.log - INFO - n_caps=7 | minZ=0.042404 | models=[1012, 893, 686, 617, 893, 248, 163] | nodes=[9, 10, 5, 14, 15, 7, 16]
2026-01-10 03:34:50,142 - /DATA/Aurindum/Swarming/Outputs/20260109_202226_ParticleTesting/P30_I110/run.log - INFO - n_caps=8 | minZ=0.040771 | models=[1012, 893, 686, 617, 893, 248, 163, 341] | nodes=[9, 10, 5, 14, 15, 7, 16, 6]
2026-01-10 03:34:50,142 - /DATA/Aurindum/Swarming/Outputs/20260109_202226_ParticleTesting/P30_I110/run.log - INFO - Threshold reached at n_caps=8
2026-01-10 03:36:38,920 - /DATA/Aurindum/Swarming/Outputs/20260109_202226_ParticleTesting/P30_I120/run.log - INFO - n_caps=1 | minZ=0.087365 | models=[1014] | nodes=[9]
2026-01-10 03:38:41,206 - /DATA/Aurindum/Swarming/Outputs/20260109_202226_ParticleTesting/P30_I120/run.log - INFO - n_caps=2 | minZ=0.064766 | models=[1014, 1014] | nodes=[9, 10]
2026-01-10 03:40:28,947 - /DATA/Aurindum/Swarming/Outputs/20260109_202226_ParticleTesting/P30_I120/run.log - INFO - n_caps=3 | minZ=0.054175 | models=[1014, 1014, 499] | nodes=[9, 10, 5]
2026-01-10 03:42:20,032 - /DATA/Aurindum/Swarming/Outputs/20260109_202226_ParticleTesting/P30_I120/run.log - INFO - n_caps=4 | minZ=0.051256 | models=[1014, 1014, 499, 109] | nodes=[9, 10, 5, 6]
2026-01-10 03:44:10,914 - /DATA/Aurindum/Swarming/Outputs/20260109_202226_ParticleTesting/P30_I120/run.log - INFO - n_caps=5 | minZ=0.049168 | models=[1014, 1014, 499, 109, 174] | nodes=[9, 10, 5, 6, 7]
2026-01-10 03:46:14,045 - /DATA/Aurindum/Swarming/Outputs/20260109_202226_ParticleTesting/P30_I120/run.log - INFO - n_caps=6 | minZ=0.045660 | models=[1014, 1014, 499, 109, 174, 434] | nodes=[9, 10, 5, 6, 7, 15]
2026-01-10 03:48:13,725 - /DATA/Aurindum/Swarming/Outputs/20260109_202226_ParticleTesting/P30_I120/run.log - INFO - n_caps=7 | minZ=0.043366 | models=[1014, 1014, 499, 109, 174, 434, 433] | nodes=[9, 10, 5, 6, 7, 14, 15]
2026-01-10 03:50:01,513 - /DATA/Aurindum/Swarming/Outputs/20260109_202226_ParticleTesting/P30_I120/run.log - INFO - n_caps=8 | minZ=0.041889 | models=[1014, 1014, 498, 109, 174, 434, 433, 171] | nodes=[9, 10, 5, 6, 7, 15, 14, 16]
2026-01-10 03:50:01,514 - /DATA/Aurindum/Swarming/Outputs/20260109_202226_ParticleTesting/P30_I120/run.log - INFO - Threshold reached at n_caps=8
2026-01-10 03:52:06,504 - /DATA/Aurindum/Swarming/Outputs/20260109_202226_ParticleTesting/P30_I130/run.log - INFO - n_caps=1 | minZ=0.087365 | models=[1014] | nodes=[9]
2026-01-10 03:54:02,153 - /DATA/Aurindum/Swarming/Outputs/20260109_202226_ParticleTesting/P30_I130/run.log - INFO - n_caps=2 | minZ=0.067454 | models=[1014, 1127] | nodes=[9, 10]
2026-01-10 03:55:55,917 - /DATA/Aurindum/Swarming/Outputs/20260109_202226_ParticleTesting/P30_I130/run.log - INFO - n_caps=3 | minZ=0.056460 | models=[1014, 1127, 618] | nodes=[9, 10, 6]
2026-01-10 03:57:48,884 - /DATA/Aurindum/Swarming/Outputs/20260109_202226_ParticleTesting/P30_I130/run.log - INFO - n_caps=4 | minZ=0.051468 | models=[1014, 1127, 618, 433] | nodes=[9, 10, 6, 5]
2026-01-10 03:59:44,852 - /DATA/Aurindum/Swarming/Outputs/20260109_202226_ParticleTesting/P30_I130/run.log - INFO - n_caps=5 | minZ=0.048735 | models=[1014, 1127, 617, 433, 433] | nodes=[9, 10, 5, 6, 7]
2026-01-10 04:01:40,359 - /DATA/Aurindum/Swarming/Outputs/20260109_202226_ParticleTesting/P30_I130/run.log - INFO - n_caps=6 | minZ=0.045723 | models=[1014, 1127, 618, 433, 433, 448] | nodes=[9, 10, 6, 7, 5, 14]
2026-01-10 04:03:33,928 - /DATA/Aurindum/Swarming/Outputs/20260109_202226_ParticleTesting/P30_I130/run.log - INFO - n_caps=7 | minZ=0.043806 | models=[1014, 1127, 617, 433, 433, 448, 226] | nodes=[9, 10, 7, 6, 5, 14, 15]
2026-01-10 04:05:28,004 - /DATA/Aurindum/Swarming/Outputs/20260109_202226_ParticleTesting/P30_I130/run.log - INFO - n_caps=8 | minZ=0.042224 | models=[1014, 1127, 602, 433, 433, 447, 226, 439] | nodes=[9, 10, 7, 5, 6, 14, 15, 16]
2026-01-10 04:07:31,035 - /DATA/Aurindum/Swarming/Outputs/20260109_202226_ParticleTesting/P30_I130/run.log - INFO - n_caps=9 | minZ=0.041896 | models=[1014, 1127, 602, 433, 433, 448, 226, 440, 189] | nodes=[9, 10, 7, 5, 6, 14, 15, 16, 12]
2026-01-10 04:07:31,035 - /DATA/Aurindum/Swarming/Outputs/20260109_202226_ParticleTesting/P30_I130/run.log - INFO - Threshold reached at n_caps=9
2026-01-10 04:09:43,428 - /DATA/Aurindum/Swarming/Outputs/20260109_202226_ParticleTesting/P30_I140/run.log - INFO - n_caps=1 | minZ=0.087365 | models=[1014] | nodes=[9]
2026-01-10 04:12:01,674 - /DATA/Aurindum/Swarming/Outputs/20260109_202226_ParticleTesting/P30_I140/run.log - INFO - n_caps=2 | minZ=0.064766 | models=[1014, 1014] | nodes=[9, 10]
2026-01-10 04:14:08,919 - /DATA/Aurindum/Swarming/Outputs/20260109_202226_ParticleTesting/P30_I140/run.log - INFO - n_caps=3 | minZ=0.054175 | models=[1014, 1014, 511] | nodes=[9, 10, 5]
2026-01-10 04:16:21,352 - /DATA/Aurindum/Swarming/Outputs/20260109_202226_ParticleTesting/P30_I140/run.log - INFO - n_caps=4 | minZ=0.051196 | models=[1014, 1014, 511, 342] | nodes=[9, 10, 5, 6]
2026-01-10 04:18:46,265 - /DATA/Aurindum/Swarming/Outputs/20260109_202226_ParticleTesting/P30_I140/run.log - INFO - n_caps=5 | minZ=0.047258 | models=[1014, 1014, 511, 342, 263] | nodes=[9, 10, 5, 6, 7]
2026-01-10 04:21:10,142 - /DATA/Aurindum/Swarming/Outputs/20260109_202226_ParticleTesting/P30_I140/run.log - INFO - n_caps=6 | minZ=0.044937 | models=[1014, 1014, 511, 342, 263, 898] | nodes=[9, 10, 5, 6, 7, 14]
2026-01-10 04:23:29,627 - /DATA/Aurindum/Swarming/Outputs/20260109_202226_ParticleTesting/P30_I140/run.log - INFO - n_caps=7 | minZ=0.042425 | models=[1014, 1014, 510, 341, 262, 898, 171] | nodes=[9, 10, 5, 6, 7, 14, 15]
2026-01-10 04:25:50,311 - /DATA/Aurindum/Swarming/Outputs/20260109_202226_ParticleTesting/P30_I140/run.log - INFO - n_caps=8 | minZ=0.040643 | models=[1014, 1014, 510, 342, 262, 898, 171, 189] | nodes=[9, 10, 5, 6, 7, 14, 15, 16]
2026-01-10 04:25:50,312 - /DATA/Aurindum/Swarming/Outputs/20260109_202226_ParticleTesting/P30_I140/run.log - INFO - Threshold reached at n_caps=8
2026-01-10 04:28:07,643 - /DATA/Aurindum/Swarming/Outputs/20260109_202226_ParticleTesting/P30_I150/run.log - INFO - n_caps=1 | minZ=0.087365 | models=[1014] | nodes=[9]
2026-01-10 04:30:20,215 - /DATA/Aurindum/Swarming/Outputs/20260109_202226_ParticleTesting/P30_I150/run.log - INFO - n_caps=2 | minZ=0.064766 | models=[1014, 1014] | nodes=[9, 10]
2026-01-10 04:32:36,600 - /DATA/Aurindum/Swarming/Outputs/20260109_202226_ParticleTesting/P30_I150/run.log - INFO - n_caps=3 | minZ=0.053863 | models=[1014, 1014, 527] | nodes=[9, 10, 14]
2026-01-10 04:34:57,279 - /DATA/Aurindum/Swarming/Outputs/20260109_202226_ParticleTesting/P30_I150/run.log - INFO - n_caps=4 | minZ=0.049874 | models=[1014, 1014, 527, 433] | nodes=[10, 9, 14, 15]
2026-01-10 04:37:09,589 - /DATA/Aurindum/Swarming/Outputs/20260109_202226_ParticleTesting/P30_I150/run.log - INFO - n_caps=5 | minZ=0.047557 | models=[1014, 1014, 527, 434, 434] | nodes=[10, 9, 14, 15, 5]
2026-01-10 04:39:31,670 - /DATA/Aurindum/Swarming/Outputs/20260109_202226_ParticleTesting/P30_I150/run.log - INFO - n_caps=6 | minZ=0.044534 | models=[1014, 1014, 527, 1170, 434, 244] | nodes=[10, 9, 14, 15, 5, 6]
2026-01-10 04:41:52,073 - /DATA/Aurindum/Swarming/Outputs/20260109_202226_ParticleTesting/P30_I150/run.log - INFO - n_caps=7 | minZ=0.043392 | models=[1126, 1014, 527, 1170, 433, 244, 174] | nodes=[9, 10, 14, 15, 6, 5, 7]
2026-01-10 04:44:07,034 - /DATA/Aurindum/Swarming/Outputs/20260109_202226_ParticleTesting/P30_I150/run.log - INFO - n_caps=8 | minZ=0.041324 | models=[1127, 1014, 528, 1170, 434, 244, 174, 786] | nodes=[10, 9, 14, 15, 6, 5, 7, 16]
2026-01-10 04:44:07,035 - /DATA/Aurindum/Swarming/Outputs/20260109_202226_ParticleTesting/P30_I150/run.log - INFO - Threshold reached at n_caps=8
2026-01-10 04:46:37,707 - /DATA/Aurindum/Swarming/Outputs/20260109_202226_ParticleTesting/P30_I160/run.log - INFO - n_caps=1 | minZ=0.087365 | models=[1012] | nodes=[9]
2026-01-10 04:48:58,591 - /DATA/Aurindum/Swarming/Outputs/20260109_202226_ParticleTesting/P30_I160/run.log - INFO - n_caps=2 | minZ=0.064766 | models=[1012, 1014] | nodes=[9, 10]
2026-01-10 04:51:24,838 - /DATA/Aurindum/Swarming/Outputs/20260109_202226_ParticleTesting/P30_I160/run.log - INFO - n_caps=3 | minZ=0.056398 | models=[1012, 1014, 586] | nodes=[9, 10, 6]
2026-01-10 04:54:00,765 - /DATA/Aurindum/Swarming/Outputs/20260109_202226_ParticleTesting/P30_I160/run.log - INFO - n_caps=4 | minZ=0.051595 | models=[1012, 1014, 586, 455] | nodes=[9, 10, 6, 15]
2026-01-10 04:56:28,302 - /DATA/Aurindum/Swarming/Outputs/20260109_202226_ParticleTesting/P30_I160/run.log - INFO - n_caps=5 | minZ=0.047038 | models=[1012, 1014, 838, 455, 434] | nodes=[9, 10, 6, 15, 5]
2026-01-10 04:58:58,152 - /DATA/Aurindum/Swarming/Outputs/20260109_202226_ParticleTesting/P30_I160/run.log - INFO - n_caps=6 | minZ=0.044361 | models=[1012, 1014, 837, 455, 433, 262] | nodes=[9, 10, 6, 15, 5, 7]
2026-01-10 05:01:38,172 - /DATA/Aurindum/Swarming/Outputs/20260109_202226_ParticleTesting/P30_I160/run.log - INFO - n_caps=7 | minZ=0.042970 | models=[1012, 1014, 837, 456, 434, 262, 225] | nodes=[9, 10, 6, 15, 5, 7, 14]
2026-01-10 05:04:10,901 - /DATA/Aurindum/Swarming/Outputs/20260109_202226_ParticleTesting/P30_I160/run.log - INFO - n_caps=8 | minZ=0.041277 | models=[1012, 1014, 837, 456, 434, 262, 214, 174] | nodes=[9, 10, 6, 15, 5, 7, 14, 16]
2026-01-10 05:04:10,902 - /DATA/Aurindum/Swarming/Outputs/20260109_202226_ParticleTesting/P30_I160/run.log - INFO - Threshold reached at n_caps=8
2026-01-10 05:06:58,159 - /DATA/Aurindum/Swarming/Outputs/20260109_202226_ParticleTesting/P30_I170/run.log - INFO - n_caps=1 | minZ=0.087365 | models=[1012] | nodes=[9]
2026-01-10 05:09:35,218 - /DATA/Aurindum/Swarming/Outputs/20260109_202226_ParticleTesting/P30_I170/run.log - INFO - n_caps=2 | minZ=0.064766 | models=[1012, 1012] | nodes=[9, 10]
2026-01-10 05:12:11,575 - /DATA/Aurindum/Swarming/Outputs/20260109_202226_ParticleTesting/P30_I170/run.log - INFO - n_caps=3 | minZ=0.054175 | models=[1012, 1012, 512] | nodes=[9, 10, 5]
2026-01-10 05:14:47,430 - /DATA/Aurindum/Swarming/Outputs/20260109_202226_ParticleTesting/P30_I170/run.log - INFO - n_caps=4 | minZ=0.050903 | models=[1012, 1012, 511, 892] | nodes=[9, 10, 5, 14]
2026-01-10 05:17:36,364 - /DATA/Aurindum/Swarming/Outputs/20260109_202226_ParticleTesting/P30_I170/run.log - INFO - n_caps=5 | minZ=0.046104 | models=[1012, 1012, 512, 892, 263] | nodes=[9, 10, 5, 14, 7]
2026-01-10 05:20:20,563 - /DATA/Aurindum/Swarming/Outputs/20260109_202226_ParticleTesting/P30_I170/run.log - INFO - n_caps=6 | minZ=0.043975 | models=[1012, 1012, 512, 892, 263, 110] | nodes=[9, 10, 5, 14, 7, 6]
2026-01-10 05:22:58,466 - /DATA/Aurindum/Swarming/Outputs/20260109_202226_ParticleTesting/P30_I170/run.log - INFO - n_caps=7 | minZ=0.042394 | models=[1012, 1012, 510, 893, 263, 110, 163] | nodes=[9, 10, 5, 14, 7, 6, 15]
2026-01-10 05:25:46,579 - /DATA/Aurindum/Swarming/Outputs/20260109_202226_ParticleTesting/P30_I170/run.log - INFO - n_caps=8 | minZ=0.041790 | models=[1012, 1012, 511, 893, 263, 110, 163, 333] | nodes=[9, 10, 5, 14, 7, 6, 15, 8]
2026-01-10 05:25:46,580 - /DATA/Aurindum/Swarming/Outputs/20260109_202226_ParticleTesting/P30_I170/run.log - INFO - Threshold reached at n_caps=8
2026-01-10 05:28:36,920 - /DATA/Aurindum/Swarming/Outputs/20260109_202226_ParticleTesting/P30_I180/run.log - INFO - n_caps=1 | minZ=0.087365 | models=[1012] | nodes=[9]
2026-01-10 05:31:28,992 - /DATA/Aurindum/Swarming/Outputs/20260109_202226_ParticleTesting/P30_I180/run.log - INFO - n_caps=2 | minZ=0.064766 | models=[1012, 1012] | nodes=[9, 10]
2026-01-10 05:34:06,133 - /DATA/Aurindum/Swarming/Outputs/20260109_202226_ParticleTesting/P30_I180/run.log - INFO - n_caps=3 | minZ=0.057486 | models=[1012, 1012, 892] | nodes=[10, 9, 6]
2026-01-10 05:36:46,198 - /DATA/Aurindum/Swarming/Outputs/20260109_202226_ParticleTesting/P30_I180/run.log - INFO - n_caps=4 | minZ=0.050575 | models=[1012, 1012, 892, 511] | nodes=[10, 9, 6, 14]
2026-01-10 05:39:37,248 - /DATA/Aurindum/Swarming/Outputs/20260109_202226_ParticleTesting/P30_I180/run.log - INFO - n_caps=5 | minZ=0.046410 | models=[1012, 1012, 892, 528, 263] | nodes=[10, 9, 6, 14, 7]
2026-01-10 05:42:28,128 - /DATA/Aurindum/Swarming/Outputs/20260109_202226_ParticleTesting/P30_I180/run.log - INFO - n_caps=6 | minZ=0.044523 | models=[1012, 1012, 892, 528, 263, 221] | nodes=[10, 9, 6, 14, 7, 15]
2026-01-10 05:45:09,178 - /DATA/Aurindum/Swarming/Outputs/20260109_202226_ParticleTesting/P30_I180/run.log - INFO - n_caps=7 | minZ=0.043080 | models=[1012, 1012, 893, 528, 263, 222, 183] | nodes=[10, 9, 6, 14, 7, 15, 5]
2026-01-10 05:47:51,963 - /DATA/Aurindum/Swarming/Outputs/20260109_202226_ParticleTesting/P30_I180/run.log - INFO - n_caps=8 | minZ=0.041285 | models=[1012, 1012, 892, 528, 263, 222, 184, 920] | nodes=[10, 9, 6, 14, 7, 16, 5, 15]
2026-01-10 05:47:51,963 - /DATA/Aurindum/Swarming/Outputs/20260109_202226_ParticleTesting/P30_I180/run.log - INFO - Threshold reached at n_caps=8
2026-01-10 05:50:49,393 - /DATA/Aurindum/Swarming/Outputs/20260109_202226_ParticleTesting/P30_I190/run.log - INFO - n_caps=1 | minZ=0.087365 | models=[1012] | nodes=[9]
2026-01-10 05:53:57,659 - /DATA/Aurindum/Swarming/Outputs/20260109_202226_ParticleTesting/P30_I190/run.log - INFO - n_caps=2 | minZ=0.064766 | models=[1012, 1012] | nodes=[9, 10]
2026-01-10 05:56:48,185 - /DATA/Aurindum/Swarming/Outputs/20260109_202226_ParticleTesting/P30_I190/run.log - INFO - n_caps=3 | minZ=0.054175 | models=[1012, 1012, 511] | nodes=[9, 10, 5]
2026-01-10 05:59:33,343 - /DATA/Aurindum/Swarming/Outputs/20260109_202226_ParticleTesting/P30_I190/run.log - INFO - n_caps=4 | minZ=0.050885 | models=[1012, 1012, 512, 342] | nodes=[9, 10, 5, 14]
2026-01-10 06:02:20,734 - /DATA/Aurindum/Swarming/Outputs/20260109_202226_ParticleTesting/P30_I190/run.log - INFO - n_caps=5 | minZ=0.047331 | models=[1012, 1012, 512, 342, 175] | nodes=[9, 10, 5, 14, 6]
2026-01-10 06:05:27,187 - /DATA/Aurindum/Swarming/Outputs/20260109_202226_ParticleTesting/P30_I190/run.log - INFO - n_caps=6 | minZ=0.045066 | models=[1012, 1012, 512, 342, 175, 447] | nodes=[9, 10, 5, 14, 6, 15]
2026-01-10 06:08:45,738 - /DATA/Aurindum/Swarming/Outputs/20260109_202226_ParticleTesting/P30_I190/run.log - INFO - n_caps=7 | minZ=0.043359 | models=[1012, 1012, 511, 342, 175, 447, 225] | nodes=[9, 10, 5, 15, 6, 14, 7]
2026-01-10 06:11:59,744 - /DATA/Aurindum/Swarming/Outputs/20260109_202226_ParticleTesting/P30_I190/run.log - INFO - n_caps=8 | minZ=0.042046 | models=[1012, 1012, 511, 342, 175, 447, 225, 225] | nodes=[9, 10, 5, 15, 6, 14, 7, 16]
2026-01-10 06:15:04,031 - /DATA/Aurindum/Swarming/Outputs/20260109_202226_ParticleTesting/P30_I190/run.log - INFO - n_caps=9 | minZ=0.041666 | models=[1012, 1012, 511, 342, 175, 447, 225, 225, 189] | nodes=[9, 10, 5, 15, 6, 14, 7, 16, 8]
2026-01-10 06:15:04,032 - /DATA/Aurindum/Swarming/Outputs/20260109_202226_ParticleTesting/P30_I190/run.log - INFO - Threshold reached at n_caps=9
2026-01-10 06:18:09,680 - /DATA/Aurindum/Swarming/Outputs/20260109_202226_ParticleTesting/P30_I200/run.log - INFO - n_caps=1 | minZ=0.087365 | models=[1014] | nodes=[9]
2026-01-10 06:21:25,385 - /DATA/Aurindum/Swarming/Outputs/20260109_202226_ParticleTesting/P30_I200/run.log - INFO - n_caps=2 | minZ=0.064766 | models=[1014, 1014] | nodes=[9, 10]
2026-01-10 06:24:34,415 - /DATA/Aurindum/Swarming/Outputs/20260109_202226_ParticleTesting/P30_I200/run.log - INFO - n_caps=3 | minZ=0.053976 | models=[1014, 1014, 509] | nodes=[10, 9, 14]
2026-01-10 06:27:35,884 - /DATA/Aurindum/Swarming/Outputs/20260109_202226_ParticleTesting/P30_I200/run.log - INFO - n_caps=4 | minZ=0.050285 | models=[1014, 1014, 509, 342] | nodes=[10, 9, 14, 5]
2026-01-10 06:30:41,709 - /DATA/Aurindum/Swarming/Outputs/20260109_202226_ParticleTesting/P30_I200/run.log - INFO - n_caps=5 | minZ=0.046724 | models=[1014, 1014, 509, 342, 189] | nodes=[10, 9, 14, 5, 7]
2026-01-10 06:34:01,577 - /DATA/Aurindum/Swarming/Outputs/20260109_202226_ParticleTesting/P30_I200/run.log - INFO - n_caps=6 | minZ=0.044691 | models=[1014, 1014, 509, 342, 189, 433] | nodes=[10, 9, 14, 5, 7, 15]
2026-01-10 06:37:08,109 - /DATA/Aurindum/Swarming/Outputs/20260109_202226_ParticleTesting/P30_I200/run.log - INFO - n_caps=7 | minZ=0.042589 | models=[1014, 1014, 510, 344, 189, 433, 189] | nodes=[9, 10, 14, 5, 6, 15, 7]
2026-01-10 06:40:12,414 - /DATA/Aurindum/Swarming/Outputs/20260109_202226_ParticleTesting/P30_I200/run.log - INFO - n_caps=8 | minZ=0.041315 | models=[1014, 1014, 510, 344, 189, 433, 189, 225] | nodes=[9, 10, 14, 5, 6, 15, 7, 16]
2026-01-10 06:40:12,415 - /DATA/Aurindum/Swarming/Outputs/20260109_202226_ParticleTesting/P30_I200/run.log - INFO - Threshold reached at n_caps=8
2026-01-10 06:40:24,358 - /DATA/Aurindum/Swarming/Outputs/20260109_202226_ParticleTesting/P40_I10/run.log - INFO - n_caps=1 | minZ=0.108016 | models=[999] | nodes=[16]
2026-01-10 06:40:36,004 - /DATA/Aurindum/Swarming/Outputs/20260109_202226_ParticleTesting/P40_I10/run.log - INFO - n_caps=2 | minZ=0.076229 | models=[874, 1014] | nodes=[15, 14]
2026-01-10 06:40:47,618 - /DATA/Aurindum/Swarming/Outputs/20260109_202226_ParticleTesting/P40_I10/run.log - INFO - n_caps=3 | minZ=0.063662 | models=[874, 1014, 899] | nodes=[15, 14, 16]
2026-01-10 06:40:59,250 - /DATA/Aurindum/Swarming/Outputs/20260109_202226_ParticleTesting/P40_I10/run.log - INFO - n_caps=4 | minZ=0.056789 | models=[874, 1014, 899, 767] | nodes=[15, 16, 14, 10]
2026-01-10 06:41:12,246 - /DATA/Aurindum/Swarming/Outputs/20260109_202226_ParticleTesting/P40_I10/run.log - INFO - n_caps=5 | minZ=0.051778 | models=[874, 1014, 898, 767, 434] | nodes=[15, 16, 14, 10, 6]
2026-01-10 06:41:24,722 - /DATA/Aurindum/Swarming/Outputs/20260109_202226_ParticleTesting/P40_I10/run.log - INFO - n_caps=6 | minZ=0.047920 | models=[874, 1014, 898, 766, 434, 342] | nodes=[15, 14, 16, 10, 6, 9]
2026-01-10 06:41:36,924 - /DATA/Aurindum/Swarming/Outputs/20260109_202226_ParticleTesting/P40_I10/run.log - INFO - n_caps=7 | minZ=0.045428 | models=[874, 1014, 898, 766, 433, 342, 413] | nodes=[15, 14, 16, 10, 5, 9, 6]
2026-01-10 06:41:48,975 - /DATA/Aurindum/Swarming/Outputs/20260109_202226_ParticleTesting/P40_I10/run.log - INFO - n_caps=8 | minZ=0.044433 | models=[873, 1014, 898, 765, 433, 342, 413, 225] | nodes=[15, 14, 16, 9, 5, 10, 6, 17]
2026-01-10 06:42:02,023 - /DATA/Aurindum/Swarming/Outputs/20260109_202226_ParticleTesting/P40_I10/run.log - INFO - n_caps=9 | minZ=0.043490 | models=[873, 1014, 898, 765, 433, 342, 413, 225, 181] | nodes=[15, 14, 16, 10, 5, 9, 6, 17, 7]
2026-01-10 06:42:13,786 - /DATA/Aurindum/Swarming/Outputs/20260109_202226_ParticleTesting/P40_I10/run.log - INFO - n_caps=10 | minZ=0.043413 | models=[873, 1014, 898, 765, 433, 342, 413, 225, 181, 1703] | nodes=[15, 14, 16, 10, 5, 9, 6, 17, 7, 2]
2026-01-10 06:42:25,965 - /DATA/Aurindum/Swarming/Outputs/20260109_202226_ParticleTesting/P40_I10/run.log - INFO - n_caps=11 | minZ=0.043120 | models=[873, 1014, 898, 765, 433, 342, 413, 224, 181, 1703, 174] | nodes=[15, 14, 16, 10, 5, 9, 6, 17, 7, 1, 11]
2026-01-10 06:42:38,429 - /DATA/Aurindum/Swarming/Outputs/20260109_202226_ParticleTesting/P40_I10/run.log - INFO - n_caps=12 | minZ=0.043029 | models=[873, 1014, 898, 765, 433, 342, 413, 224, 181, 1703, 174, 1975] | nodes=[15, 14, 16, 10, 5, 9, 6, 17, 7, 1, 11, 2]
2026-01-10 06:42:51,964 - /DATA/Aurindum/Swarming/Outputs/20260109_202226_ParticleTesting/P40_I10/run.log - INFO - n_caps=13 | minZ=0.042899 | models=[873, 1014, 898, 764, 433, 342, 413, 224, 180, 1702, 174, 1974, 283] | nodes=[16, 14, 15, 9, 5, 10, 6, 17, 7, 1, 11, 2, 18]
2026-01-10 06:43:04,811 - /DATA/Aurindum/Swarming/Outputs/20260109_202226_ParticleTesting/P40_I10/run.log - INFO - n_caps=14 | minZ=0.042677 | models=[873, 1014, 898, 764, 433, 342, 413, 224, 180, 1702, 174, 1974, 283, 63] | nodes=[16, 14, 15, 9, 5, 10, 6, 17, 7, 1, 11, 2, 18, 8]
2026-01-10 06:43:17,481 - /DATA/Aurindum/Swarming/Outputs/20260109_202226_ParticleTesting/P40_I10/run.log - INFO - n_caps=15 | minZ=0.042502 | models=[873, 1014, 898, 764, 433, 342, 413, 224, 179, 1703, 173, 1974, 283, 63, 2641] | nodes=[15, 14, 16, 9, 5, 10, 6, 17, 7, 13, 11, 1, 18, 8, 19]
2026-01-10 06:43:29,981 - /DATA/Aurindum/Swarming/Outputs/20260109_202226_ParticleTesting/P40_I10/run.log - INFO - n_caps=16 | minZ=0.042414 | models=[873, 1014, 898, 764, 433, 342, 413, 224, 179, 1703, 173, 1974, 283, 63, 2641, 2039] | nodes=[15, 14, 16, 9, 5, 10, 6, 17, 7, 13, 11, 1, 18, 8, 19, 2]
2026-01-10 06:43:42,272 - /DATA/Aurindum/Swarming/Outputs/20260109_202226_ParticleTesting/P40_I10/run.log - INFO - n_caps=17 | minZ=0.042275 | models=[872, 1014, 898, 764, 434, 342, 413, 224, 179, 1701, 173, 1975, 283, 63, 2641, 2039, 427] | nodes=[16, 14, 15, 9, 5, 10, 6, 17, 7, 13, 11, 1, 18, 8, 19, 2, 12]
2026-01-10 06:43:54,551 - /DATA/Aurindum/Swarming/Outputs/20260109_202226_ParticleTesting/P40_I10/run.log - INFO - n_caps=18 | minZ=0.041887 | models=[872, 1014, 898, 764, 434, 342, 413, 224, 179, 1701, 174, 1974, 283, 63, 2641, 2039, 427, 2291] | nodes=[17, 14, 15, 10, 5, 9, 6, 18, 7, 13, 11, 1, 16, 8, 19, 20, 12, 2]
2026-01-10 06:43:54,552 - /DATA/Aurindum/Swarming/Outputs/20260109_202226_ParticleTesting/P40_I10/run.log - INFO - Threshold reached at n_caps=18
2026-01-10 06:44:18,966 - /DATA/Aurindum/Swarming/Outputs/20260109_202226_ParticleTesting/P40_I20/run.log - INFO - n_caps=1 | minZ=0.087365 | models=[1014] | nodes=[9]
2026-01-10 06:44:41,952 - /DATA/Aurindum/Swarming/Outputs/20260109_202226_ParticleTesting/P40_I20/run.log - INFO - n_caps=2 | minZ=0.067331 | models=[1014, 1012] | nodes=[9, 14]
2026-01-10 06:45:08,954 - /DATA/Aurindum/Swarming/Outputs/20260109_202226_ParticleTesting/P40_I20/run.log - INFO - n_caps=3 | minZ=0.055055 | models=[1014, 1012, 512] | nodes=[9, 14, 15]
2026-01-10 06:45:33,780 - /DATA/Aurindum/Swarming/Outputs/20260109_202226_ParticleTesting/P40_I20/run.log - INFO - n_caps=4 | minZ=0.051462 | models=[1014, 1012, 512, 524] | nodes=[9, 14, 15, 10]
2026-01-10 06:45:56,704 - /DATA/Aurindum/Swarming/Outputs/20260109_202226_ParticleTesting/P40_I20/run.log - INFO - n_caps=5 | minZ=0.049362 | models=[1014, 1012, 511, 524, 300] | nodes=[9, 14, 15, 10, 5]
2026-01-10 06:46:20,070 - /DATA/Aurindum/Swarming/Outputs/20260109_202226_ParticleTesting/P40_I20/run.log - INFO - n_caps=6 | minZ=0.047291 | models=[1014, 1012, 511, 524, 300, 365] | nodes=[9, 14, 15, 10, 5, 6]
2026-01-10 06:46:43,281 - /DATA/Aurindum/Swarming/Outputs/20260109_202226_ParticleTesting/P40_I20/run.log - INFO - n_caps=7 | minZ=0.045732 | models=[1014, 1012, 511, 524, 300, 365, 362] | nodes=[9, 14, 15, 10, 6, 7, 5]
2026-01-10 06:47:06,975 - /DATA/Aurindum/Swarming/Outputs/20260109_202226_ParticleTesting/P40_I20/run.log - INFO - n_caps=8 | minZ=0.044408 | models=[1014, 1012, 511, 524, 300, 365, 362, 171] | nodes=[10, 14, 15, 9, 6, 7, 5, 16]
2026-01-10 06:47:31,953 - /DATA/Aurindum/Swarming/Outputs/20260109_202226_ParticleTesting/P40_I20/run.log - INFO - n_caps=9 | minZ=0.043424 | models=[1014, 1012, 512, 524, 300, 365, 362, 171, 488] | nodes=[9, 15, 14, 10, 6, 7, 5, 16, 8]
2026-01-10 06:47:55,269 - /DATA/Aurindum/Swarming/Outputs/20260109_202226_ParticleTesting/P40_I20/run.log - INFO - n_caps=10 | minZ=0.043328 | models=[1014, 1012, 512, 524, 300, 365, 362, 171, 488, 617] | nodes=[9, 15, 14, 10, 6, 7, 5, 16, 8, 2]
2026-01-10 06:48:19,470 - /DATA/Aurindum/Swarming/Outputs/20260109_202226_ParticleTesting/P40_I20/run.log - INFO - n_caps=11 | minZ=0.043136 | models=[1014, 1012, 512, 524, 300, 365, 362, 171, 488, 617, 1728] | nodes=[9, 16, 14, 10, 6, 7, 5, 15, 8, 3, 2]
2026-01-10 06:48:43,612 - /DATA/Aurindum/Swarming/Outputs/20260109_202226_ParticleTesting/P40_I20/run.log - INFO - n_caps=12 | minZ=0.043077 | models=[1014, 1012, 512, 524, 300, 365, 362, 171, 488, 617, 1727, 47] | nodes=[9, 16, 14, 10, 6, 7, 5, 15, 8, 3, 2, 11]
2026-01-10 06:49:07,440 - /DATA/Aurindum/Swarming/Outputs/20260109_202226_ParticleTesting/P40_I20/run.log - INFO - n_caps=13 | minZ=0.042865 | models=[1014, 1012, 512, 524, 300, 365, 362, 171, 488, 617, 1727, 47, 118] | nodes=[9, 16, 14, 10, 6, 7, 5, 15, 8, 3, 2, 11, 12]
2026-01-10 06:49:31,322 - /DATA/Aurindum/Swarming/Outputs/20260109_202226_ParticleTesting/P40_I20/run.log - INFO - n_caps=14 | minZ=0.042851 | models=[1014, 1012, 512, 524, 300, 365, 362, 171, 488, 617, 1727, 47, 118, 1355] | nodes=[9, 16, 14, 10, 6, 7, 5, 15, 8, 3, 2, 11, 12, 1]
2026-01-10 06:49:56,882 - /DATA/Aurindum/Swarming/Outputs/20260109_202226_ParticleTesting/P40_I20/run.log - INFO - n_caps=15 | minZ=0.042837 | models=[1014, 1012, 512, 523, 300, 363, 362, 171, 488, 617, 1727, 47, 118, 1354, 2241] | nodes=[9, 16, 14, 10, 6, 7, 5, 15, 8, 3, 2, 11, 13, 1, 4]
2026-01-10 06:50:20,047 - /DATA/Aurindum/Swarming/Outputs/20260109_202226_ParticleTesting/P40_I20/run.log - INFO - n_caps=16 | minZ=0.042851 | models=[1014, 1012, 512, 523, 300, 363, 362, 171, 488, 617, 1727, 47, 118, 1354, 2241, 337] | nodes=[9, 16, 14, 10, 6, 7, 5, 15, 8, 3, 1, 11, 13, 2, 4, 18]
2026-01-10 06:50:43,116 - /DATA/Aurindum/Swarming/Outputs/20260109_202226_ParticleTesting/P40_I20/run.log - INFO - n_caps=17 | minZ=0.042852 | models=[1014, 1012, 512, 523, 300, 363, 362, 171, 488, 617, 1727, 47, 118, 1354, 2241, 337, 1213] | nodes=[9, 16, 14, 10, 6, 7, 5, 15, 8, 3, 1, 11, 13, 2, 4, 18, 20]
2026-01-10 06:51:06,391 - /DATA/Aurindum/Swarming/Outputs/20260109_202226_ParticleTesting/P40_I20/run.log - INFO - n_caps=18 | minZ=0.042855 | models=[1014, 1012, 512, 523, 300, 363, 362, 171, 488, 617, 1727, 47, 118, 1354, 2241, 337, 1213, 112] | nodes=[9, 16, 14, 10, 6, 7, 5, 15, 8, 3, 1, 11, 13, 2, 4, 18, 20, 19]
2026-01-10 06:51:31,386 - /DATA/Aurindum/Swarming/Outputs/20260109_202226_ParticleTesting/P40_I20/run.log - INFO - n_caps=19 | minZ=0.042837 | models=[1014, 1012, 512, 523, 301, 363, 362, 171, 488, 617, 1727, 47, 118, 1354, 2241, 339, 1213, 112, 32] | nodes=[9, 16, 14, 10, 6, 7, 5, 15, 8, 3, 1, 11, 12, 2, 4, 18, 20, 19, 13]
2026-01-10 06:51:58,462 - /DATA/Aurindum/Swarming/Outputs/20260109_202226_ParticleTesting/P40_I20/run.log - INFO - n_caps=20 | minZ=0.042872 | models=[1014, 1012, 512, 523, 301, 363, 362, 171, 488, 617, 1727, 47, 118, 1354, 2241, 338, 1213, 112, 32, 2740] | nodes=[9, 16, 14, 10, 6, 7, 5, 15, 8, 3, 1, 11, 12, 2, 4, 19, 20, 13, 17, 18]
2026-01-10 06:52:39,905 - /DATA/Aurindum/Swarming/Outputs/20260109_202226_ParticleTesting/P40_I30/run.log - INFO - n_caps=1 | minZ=0.087365 | models=[1014] | nodes=[9]
2026-01-10 06:53:14,900 - /DATA/Aurindum/Swarming/Outputs/20260109_202226_ParticleTesting/P40_I30/run.log - INFO - n_caps=2 | minZ=0.064766 | models=[1014, 1014] | nodes=[9, 10]
2026-01-10 06:53:48,978 - /DATA/Aurindum/Swarming/Outputs/20260109_202226_ParticleTesting/P40_I30/run.log - INFO - n_caps=3 | minZ=0.054175 | models=[1014, 1014, 500] | nodes=[9, 10, 5]
2026-01-10 06:54:23,455 - /DATA/Aurindum/Swarming/Outputs/20260109_202226_ParticleTesting/P40_I30/run.log - INFO - n_caps=4 | minZ=0.051256 | models=[1014, 1014, 500, 109] | nodes=[9, 10, 5, 6]
2026-01-10 06:54:57,633 - /DATA/Aurindum/Swarming/Outputs/20260109_202226_ParticleTesting/P40_I30/run.log - INFO - n_caps=5 | minZ=0.048803 | models=[1014, 1014, 500, 109, 344] | nodes=[10, 9, 5, 6, 15]
2026-01-10 06:55:31,936 - /DATA/Aurindum/Swarming/Outputs/20260109_202226_ParticleTesting/P40_I30/run.log - INFO - n_caps=6 | minZ=0.046911 | models=[1014, 1014, 500, 110, 344, 301] | nodes=[10, 9, 5, 6, 14, 7]
2026-01-10 06:56:07,667 - /DATA/Aurindum/Swarming/Outputs/20260109_202226_ParticleTesting/P40_I30/run.log - INFO - n_caps=7 | minZ=0.044161 | models=[1014, 1014, 500, 110, 344, 302, 248] | nodes=[10, 9, 5, 6, 14, 7, 16]
2026-01-10 06:56:43,084 - /DATA/Aurindum/Swarming/Outputs/20260109_202226_ParticleTesting/P40_I30/run.log - INFO - n_caps=8 | minZ=0.042313 | models=[1014, 1014, 500, 110, 344, 301, 248, 115] | nodes=[10, 9, 5, 6, 14, 7, 16, 15]
2026-01-10 06:57:19,108 - /DATA/Aurindum/Swarming/Outputs/20260109_202226_ParticleTesting/P40_I30/run.log - INFO - n_caps=9 | minZ=0.042123 | models=[1014, 1014, 500, 110, 344, 301, 248, 115, 285] | nodes=[10, 9, 5, 6, 14, 7, 16, 15, 11]
2026-01-10 06:57:54,090 - /DATA/Aurindum/Swarming/Outputs/20260109_202226_ParticleTesting/P40_I30/run.log - INFO - n_caps=10 | minZ=0.041895 | models=[1014, 1014, 500, 110, 344, 301, 248, 115, 285, 247] | nodes=[10, 9, 5, 6, 14, 7, 16, 15, 11, 12]
2026-01-10 06:57:54,091 - /DATA/Aurindum/Swarming/Outputs/20260109_202226_ParticleTesting/P40_I30/run.log - INFO - Threshold reached at n_caps=10
2026-01-10 06:58:42,487 - /DATA/Aurindum/Swarming/Outputs/20260109_202226_ParticleTesting/P40_I40/run.log - INFO - n_caps=1 | minZ=0.087365 | models=[1012] | nodes=[9]
2026-01-10 06:59:28,961 - /DATA/Aurindum/Swarming/Outputs/20260109_202226_ParticleTesting/P40_I40/run.log - INFO - n_caps=2 | minZ=0.064766 | models=[1012, 1012] | nodes=[9, 10]
2026-01-10 07:00:14,945 - /DATA/Aurindum/Swarming/Outputs/20260109_202226_ParticleTesting/P40_I40/run.log - INFO - n_caps=3 | minZ=0.054175 | models=[1012, 1012, 512] | nodes=[9, 10, 5]
2026-01-10 07:01:01,375 - /DATA/Aurindum/Swarming/Outputs/20260109_202226_ParticleTesting/P40_I40/run.log - INFO - n_caps=4 | minZ=0.051299 | models=[1012, 1012, 512, 343] | nodes=[10, 9, 5, 15]
2026-01-10 07:01:56,390 - /DATA/Aurindum/Swarming/Outputs/20260109_202226_ParticleTesting/P40_I40/run.log - INFO - n_caps=5 | minZ=0.048297 | models=[1012, 1012, 512, 343, 222] | nodes=[10, 9, 5, 14, 6]
2026-01-10 07:02:52,430 - /DATA/Aurindum/Swarming/Outputs/20260109_202226_ParticleTesting/P40_I40/run.log - INFO - n_caps=6 | minZ=0.046082 | models=[1012, 1012, 512, 343, 221, 221] | nodes=[10, 9, 5, 14, 6, 15]
2026-01-10 07:03:46,466 - /DATA/Aurindum/Swarming/Outputs/20260109_202226_ParticleTesting/P40_I40/run.log - INFO - n_caps=7 | minZ=0.043979 | models=[1012, 1012, 511, 342, 221, 221, 179] | nodes=[10, 9, 5, 14, 6, 15, 7]
2026-01-10 07:04:42,175 - /DATA/Aurindum/Swarming/Outputs/20260109_202226_ParticleTesting/P40_I40/run.log - INFO - n_caps=8 | minZ=0.042264 | models=[1012, 1012, 511, 342, 221, 221, 179, 455] | nodes=[10, 9, 5, 14, 6, 15, 7, 16]
2026-01-10 07:05:38,354 - /DATA/Aurindum/Swarming/Outputs/20260109_202226_ParticleTesting/P40_I40/run.log - INFO - n_caps=9 | minZ=0.042012 | models=[1012, 1012, 511, 342, 221, 222, 179, 456, 13] | nodes=[10, 9, 5, 14, 6, 15, 7, 16, 11]
2026-01-10 07:06:32,209 - /DATA/Aurindum/Swarming/Outputs/20260109_202226_ParticleTesting/P40_I40/run.log - INFO - n_caps=10 | minZ=0.041898 | models=[1012, 1012, 511, 342, 221, 222, 178, 455, 13, 1126] | nodes=[10, 9, 5, 14, 6, 16, 7, 15, 11, 2]
2026-01-10 07:06:32,210 - /DATA/Aurindum/Swarming/Outputs/20260109_202226_ParticleTesting/P40_I40/run.log - INFO - Threshold reached at n_caps=10
2026-01-10 07:07:41,344 - /DATA/Aurindum/Swarming/Outputs/20260109_202226_ParticleTesting/P40_I50/run.log - INFO - n_caps=1 | minZ=0.093198 | models=[1012] | nodes=[14]
2026-01-10 07:08:40,243 - /DATA/Aurindum/Swarming/Outputs/20260109_202226_ParticleTesting/P40_I50/run.log - INFO - n_caps=2 | minZ=0.069241 | models=[1012, 898] | nodes=[14, 10]
2026-01-10 07:09:38,977 - /DATA/Aurindum/Swarming/Outputs/20260109_202226_ParticleTesting/P40_I50/run.log - INFO - n_caps=3 | minZ=0.057670 | models=[1012, 898, 1012] | nodes=[14, 10, 9]
2026-01-10 07:10:38,010 - /DATA/Aurindum/Swarming/Outputs/20260109_202226_ParticleTesting/P40_I50/run.log - INFO - n_caps=4 | minZ=0.052252 | models=[1012, 898, 1012, 893] | nodes=[14, 10, 9, 15]
2026-01-10 07:11:42,564 - /DATA/Aurindum/Swarming/Outputs/20260109_202226_ParticleTesting/P40_I50/run.log - INFO - n_caps=5 | minZ=0.048841 | models=[1012, 898, 1012, 893, 527] | nodes=[14, 10, 9, 15, 5]
2026-01-10 07:12:50,482 - /DATA/Aurindum/Swarming/Outputs/20260109_202226_ParticleTesting/P40_I50/run.log - INFO - n_caps=6 | minZ=0.044729 | models=[1012, 898, 1012, 893, 528, 238] | nodes=[14, 10, 9, 15, 5, 6]
2026-01-10 07:14:00,570 - /DATA/Aurindum/Swarming/Outputs/20260109_202226_ParticleTesting/P40_I50/run.log - INFO - n_caps=7 | minZ=0.043498 | models=[1012, 898, 1012, 893, 528, 238, 116] | nodes=[14, 10, 9, 15, 5, 6, 7]
2026-01-10 07:15:10,565 - /DATA/Aurindum/Swarming/Outputs/20260109_202226_ParticleTesting/P40_I50/run.log - INFO - n_caps=8 | minZ=0.041329 | models=[1012, 899, 1012, 893, 528, 238, 117, 225] | nodes=[14, 10, 9, 15, 5, 7, 6, 16]
2026-01-10 07:15:10,566 - /DATA/Aurindum/Swarming/Outputs/20260109_202226_ParticleTesting/P40_I50/run.log - INFO - Threshold reached at n_caps=8
2026-01-10 07:16:33,185 - /DATA/Aurindum/Swarming/Outputs/20260109_202226_ParticleTesting/P40_I60/run.log - INFO - n_caps=1 | minZ=0.089878 | models=[1014] | nodes=[10]
2026-01-10 07:17:56,984 - /DATA/Aurindum/Swarming/Outputs/20260109_202226_ParticleTesting/P40_I60/run.log - INFO - n_caps=2 | minZ=0.064766 | models=[1014, 1014] | nodes=[9, 10]
2026-01-10 07:19:18,434 - /DATA/Aurindum/Swarming/Outputs/20260109_202226_ParticleTesting/P40_I60/run.log - INFO - n_caps=3 | minZ=0.055524 | models=[1014, 1014, 448] | nodes=[9, 10, 7]
2026-01-10 07:20:41,734 - /DATA/Aurindum/Swarming/Outputs/20260109_202226_ParticleTesting/P40_I60/run.log - INFO - n_caps=4 | minZ=0.049832 | models=[1014, 1014, 448, 893] | nodes=[9, 10, 6, 14]
2026-01-10 07:22:05,672 - /DATA/Aurindum/Swarming/Outputs/20260109_202226_ParticleTesting/P40_I60/run.log - INFO - n_caps=5 | minZ=0.046999 | models=[1014, 1014, 448, 893, 363] | nodes=[9, 10, 6, 14, 15]
2026-01-10 07:23:29,319 - /DATA/Aurindum/Swarming/Outputs/20260109_202226_ParticleTesting/P40_I60/run.log - INFO - n_caps=6 | minZ=0.044595 | models=[1014, 1014, 448, 893, 363, 365] | nodes=[9, 10, 5, 14, 15, 6]
2026-01-10 07:24:54,558 - /DATA/Aurindum/Swarming/Outputs/20260109_202226_ParticleTesting/P40_I60/run.log - INFO - n_caps=7 | minZ=0.042840 | models=[1014, 1014, 448, 893, 363, 365, 364] | nodes=[9, 10, 5, 14, 15, 6, 7]
2026-01-10 07:26:15,211 - /DATA/Aurindum/Swarming/Outputs/20260109_202226_ParticleTesting/P40_I60/run.log - INFO - n_caps=8 | minZ=0.042382 | models=[1014, 1014, 448, 893, 362, 365, 364, 189] | nodes=[9, 10, 5, 14, 15, 6, 7, 8]
2026-01-10 07:27:41,560 - /DATA/Aurindum/Swarming/Outputs/20260109_202226_ParticleTesting/P40_I60/run.log - INFO - n_caps=9 | minZ=0.041141 | models=[1014, 1014, 448, 892, 362, 364, 364, 189, 893] | nodes=[9, 10, 5, 14, 15, 4, 6, 7, 16]
2026-01-10 07:27:41,561 - /DATA/Aurindum/Swarming/Outputs/20260109_202226_ParticleTesting/P40_I60/run.log - INFO - Threshold reached at n_caps=9
2026-01-10 07:29:23,990 - /DATA/Aurindum/Swarming/Outputs/20260109_202226_ParticleTesting/P40_I70/run.log - INFO - n_caps=1 | minZ=0.087365 | models=[1014] | nodes=[9]
2026-01-10 07:31:01,338 - /DATA/Aurindum/Swarming/Outputs/20260109_202226_ParticleTesting/P40_I70/run.log - INFO - n_caps=2 | minZ=0.067602 | models=[1014, 898] | nodes=[9, 15]
2026-01-10 07:32:24,782 - /DATA/Aurindum/Swarming/Outputs/20260109_202226_ParticleTesting/P40_I70/run.log - INFO - n_caps=3 | minZ=0.056907 | models=[1014, 899, 892] | nodes=[9, 15, 10]
2026-01-10 07:33:45,785 - /DATA/Aurindum/Swarming/Outputs/20260109_202226_ParticleTesting/P40_I70/run.log - INFO - n_caps=4 | minZ=0.050206 | models=[1014, 899, 892, 618] | nodes=[9, 15, 10, 14]
2026-01-10 07:35:08,738 - /DATA/Aurindum/Swarming/Outputs/20260109_202226_ParticleTesting/P40_I70/run.log - INFO - n_caps=5 | minZ=0.047668 | models=[1014, 899, 892, 618, 433] | nodes=[9, 15, 10, 14, 16]
2026-01-10 07:36:38,952 - /DATA/Aurindum/Swarming/Outputs/20260109_202226_ParticleTesting/P40_I70/run.log - INFO - n_caps=6 | minZ=0.045339 | models=[1014, 899, 892, 618, 433, 171] | nodes=[9, 16, 10, 14, 15, 7]
2026-01-10 07:38:01,168 - /DATA/Aurindum/Swarming/Outputs/20260109_202226_ParticleTesting/P40_I70/run.log - INFO - n_caps=7 | minZ=0.043082 | models=[1014, 899, 892, 617, 433, 171, 342] | nodes=[9, 16, 10, 14, 15, 6, 5]
2026-01-10 07:39:23,086 - /DATA/Aurindum/Swarming/Outputs/20260109_202226_ParticleTesting/P40_I70/run.log - INFO - n_caps=8 | minZ=0.040774 | models=[1014, 899, 892, 616, 433, 171, 342, 334] | nodes=[9, 16, 10, 15, 14, 7, 5, 6]
2026-01-10 07:39:23,086 - /DATA/Aurindum/Swarming/Outputs/20260109_202226_ParticleTesting/P40_I70/run.log - INFO - Threshold reached at n_caps=8
2026-01-10 07:41:04,948 - /DATA/Aurindum/Swarming/Outputs/20260109_202226_ParticleTesting/P40_I80/run.log - INFO - n_caps=1 | minZ=0.087365 | models=[1012] | nodes=[9]
2026-01-10 07:42:48,816 - /DATA/Aurindum/Swarming/Outputs/20260109_202226_ParticleTesting/P40_I80/run.log - INFO - n_caps=2 | minZ=0.070453 | models=[972, 1014] | nodes=[9, 10]
2026-01-10 07:44:22,093 - /DATA/Aurindum/Swarming/Outputs/20260109_202226_ParticleTesting/P40_I80/run.log - INFO - n_caps=3 | minZ=0.059438 | models=[972, 1014, 686] | nodes=[10, 9, 15]
2026-01-10 07:46:05,319 - /DATA/Aurindum/Swarming/Outputs/20260109_202226_ParticleTesting/P40_I80/run.log - INFO - n_caps=4 | minZ=0.053295 | models=[972, 1014, 685, 893] | nodes=[10, 9, 15, 14]
2026-01-10 07:47:46,011 - /DATA/Aurindum/Swarming/Outputs/20260109_202226_ParticleTesting/P40_I80/run.log - INFO - n_caps=5 | minZ=0.047373 | models=[972, 1014, 686, 893, 455] | nodes=[10, 9, 15, 14, 5]
2026-01-10 07:49:25,722 - /DATA/Aurindum/Swarming/Outputs/20260109_202226_ParticleTesting/P40_I80/run.log - INFO - n_caps=6 | minZ=0.045224 | models=[971, 1014, 686, 892, 455, 434] | nodes=[10, 9, 15, 14, 5, 6]
2026-01-10 07:51:13,347 - /DATA/Aurindum/Swarming/Outputs/20260109_202226_ParticleTesting/P40_I80/run.log - INFO - n_caps=7 | minZ=0.043201 | models=[971, 1014, 686, 892, 456, 434, 183] | nodes=[10, 9, 15, 14, 5, 6, 7]
2026-01-10 07:52:56,378 - /DATA/Aurindum/Swarming/Outputs/20260109_202226_ParticleTesting/P40_I80/run.log - INFO - n_caps=8 | minZ=0.041767 | models=[971, 1014, 686, 893, 456, 434, 184, 109] | nodes=[10, 9, 15, 14, 5, 6, 7, 16]
2026-01-10 07:52:56,379 - /DATA/Aurindum/Swarming/Outputs/20260109_202226_ParticleTesting/P40_I80/run.log - INFO - Threshold reached at n_caps=8
2026-01-10 07:54:40,828 - /DATA/Aurindum/Swarming/Outputs/20260109_202226_ParticleTesting/P40_I90/run.log - INFO - n_caps=1 | minZ=0.087365 | models=[1012] | nodes=[9]
2026-01-10 07:56:25,820 - /DATA/Aurindum/Swarming/Outputs/20260109_202226_ParticleTesting/P40_I90/run.log - INFO - n_caps=2 | minZ=0.064766 | models=[1014, 1014] | nodes=[9, 10]
2026-01-10 07:58:17,245 - /DATA/Aurindum/Swarming/Outputs/20260109_202226_ParticleTesting/P40_I90/run.log - INFO - n_caps=3 | minZ=0.054024 | models=[1014, 1014, 500] | nodes=[9, 10, 15]
2026-01-10 08:00:07,253 - /DATA/Aurindum/Swarming/Outputs/20260109_202226_ParticleTesting/P40_I90/run.log - INFO - n_caps=4 | minZ=0.050982 | models=[1014, 1014, 500, 433] | nodes=[9, 10, 16, 5]
2026-01-10 08:01:53,644 - /DATA/Aurindum/Swarming/Outputs/20260109_202226_ParticleTesting/P40_I90/run.log - INFO - n_caps=5 | minZ=0.047587 | models=[1014, 1014, 499, 433, 434] | nodes=[9, 10, 14, 5, 15]
2026-01-10 08:03:40,189 - /DATA/Aurindum/Swarming/Outputs/20260109_202226_ParticleTesting/P40_I90/run.log - INFO - n_caps=6 | minZ=0.045882 | models=[1014, 1014, 500, 433, 434, 261] | nodes=[10, 9, 14, 5, 15, 7]
2026-01-10 08:05:31,509 - /DATA/Aurindum/Swarming/Outputs/20260109_202226_ParticleTesting/P40_I90/run.log - INFO - n_caps=7 | minZ=0.043269 | models=[1014, 1014, 501, 433, 434, 261, 434] | nodes=[9, 10, 14, 5, 16, 7, 6]
2026-01-10 08:07:18,804 - /DATA/Aurindum/Swarming/Outputs/20260109_202226_ParticleTesting/P40_I90/run.log - INFO - n_caps=8 | minZ=0.041919 | models=[1014, 1014, 501, 433, 433, 261, 433, 189] | nodes=[10, 9, 15, 5, 16, 7, 6, 14]
2026-01-10 08:07:18,805 - /DATA/Aurindum/Swarming/Outputs/20260109_202226_ParticleTesting/P40_I90/run.log - INFO - Threshold reached at n_caps=8
2026-01-10 08:09:15,655 - /DATA/Aurindum/Swarming/Outputs/20260109_202226_ParticleTesting/P40_I100/run.log - INFO - n_caps=1 | minZ=0.087365 | models=[1014] | nodes=[9]
2026-01-10 08:11:14,681 - /DATA/Aurindum/Swarming/Outputs/20260109_202226_ParticleTesting/P40_I100/run.log - INFO - n_caps=2 | minZ=0.064766 | models=[1014, 1012] | nodes=[9, 10]
2026-01-10 08:13:16,644 - /DATA/Aurindum/Swarming/Outputs/20260109_202226_ParticleTesting/P40_I100/run.log - INFO - n_caps=3 | minZ=0.053863 | models=[1014, 1012, 528] | nodes=[9, 10, 14]
2026-01-10 08:15:19,341 - /DATA/Aurindum/Swarming/Outputs/20260109_202226_ParticleTesting/P40_I100/run.log - INFO - n_caps=4 | minZ=0.050968 | models=[1014, 1012, 528, 1170] | nodes=[9, 10, 14, 15]
2026-01-10 08:17:16,377 - /DATA/Aurindum/Swarming/Outputs/20260109_202226_ParticleTesting/P40_I100/run.log - INFO - n_caps=5 | minZ=0.046685 | models=[1014, 1012, 528, 1170, 263] | nodes=[9, 10, 14, 15, 7]
2026-01-10 08:19:13,466 - /DATA/Aurindum/Swarming/Outputs/20260109_202226_ParticleTesting/P40_I100/run.log - INFO - n_caps=6 | minZ=0.044729 | models=[1014, 1012, 528, 1170, 263, 222] | nodes=[9, 10, 14, 15, 7, 5]
2026-01-10 08:21:18,177 - /DATA/Aurindum/Swarming/Outputs/20260109_202226_ParticleTesting/P40_I100/run.log - INFO - n_caps=7 | minZ=0.042937 | models=[1014, 1012, 528, 1170, 263, 222, 225] | nodes=[9, 10, 14, 15, 5, 6, 7]
2026-01-10 08:23:16,104 - /DATA/Aurindum/Swarming/Outputs/20260109_202226_ParticleTesting/P40_I100/run.log - INFO - n_caps=8 | minZ=0.041756 | models=[1014, 1012, 528, 1170, 263, 222, 225, 221] | nodes=[9, 10, 14, 15, 5, 6, 7, 16]
2026-01-10 08:23:16,105 - /DATA/Aurindum/Swarming/Outputs/20260109_202226_ParticleTesting/P40_I100/run.log - INFO - Threshold reached at n_caps=8
2026-01-10 08:25:37,065 - /DATA/Aurindum/Swarming/Outputs/20260109_202226_ParticleTesting/P40_I110/run.log - INFO - n_caps=1 | minZ=0.087365 | models=[1012] | nodes=[9]
2026-01-10 08:27:52,734 - /DATA/Aurindum/Swarming/Outputs/20260109_202226_ParticleTesting/P40_I110/run.log - INFO - n_caps=2 | minZ=0.064766 | models=[1012, 1014] | nodes=[9, 10]
2026-01-10 08:30:20,555 - /DATA/Aurindum/Swarming/Outputs/20260109_202226_ParticleTesting/P40_I110/run.log - INFO - n_caps=3 | minZ=0.055524 | models=[1012, 1014, 456] | nodes=[9, 10, 7]
2026-01-10 08:32:48,361 - /DATA/Aurindum/Swarming/Outputs/20260109_202226_ParticleTesting/P40_I110/run.log - INFO - n_caps=4 | minZ=0.049962 | models=[1012, 1014, 456, 433] | nodes=[9, 10, 7, 15]
2026-01-10 08:35:05,150 - /DATA/Aurindum/Swarming/Outputs/20260109_202226_ParticleTesting/P40_I110/run.log - INFO - n_caps=5 | minZ=0.047180 | models=[1012, 1014, 456, 433, 342] | nodes=[9, 10, 7, 15, 14]
2026-01-10 08:37:25,134 - /DATA/Aurindum/Swarming/Outputs/20260109_202226_ParticleTesting/P40_I110/run.log - INFO - n_caps=6 | minZ=0.044621 | models=[1012, 1014, 456, 433, 342, 434] | nodes=[9, 10, 5, 15, 14, 6]
2026-01-10 08:39:38,411 - /DATA/Aurindum/Swarming/Outputs/20260109_202226_ParticleTesting/P40_I110/run.log - INFO - n_caps=7 | minZ=0.042931 | models=[1012, 1014, 456, 433, 342, 434, 118] | nodes=[9, 10, 5, 16, 14, 6, 7]
2026-01-10 08:41:48,322 - /DATA/Aurindum/Swarming/Outputs/20260109_202226_ParticleTesting/P40_I110/run.log - INFO - n_caps=8 | minZ=0.040954 | models=[1012, 1014, 456, 433, 342, 434, 118, 174] | nodes=[9, 10, 5, 14, 15, 6, 7, 16]
2026-01-10 08:41:48,323 - /DATA/Aurindum/Swarming/Outputs/20260109_202226_ParticleTesting/P40_I110/run.log - INFO - Threshold reached at n_caps=8
2026-01-10 08:44:25,038 - /DATA/Aurindum/Swarming/Outputs/20260109_202226_ParticleTesting/P40_I120/run.log - INFO - n_caps=1 | minZ=0.087365 | models=[1012] | nodes=[9]
2026-01-10 08:46:44,917 - /DATA/Aurindum/Swarming/Outputs/20260109_202226_ParticleTesting/P40_I120/run.log - INFO - n_caps=2 | minZ=0.064766 | models=[1012, 1012] | nodes=[9, 10]
2026-01-10 08:49:05,437 - /DATA/Aurindum/Swarming/Outputs/20260109_202226_ParticleTesting/P40_I120/run.log - INFO - n_caps=3 | minZ=0.053863 | models=[1012, 1012, 528] | nodes=[10, 9, 14]
2026-01-10 08:51:29,377 - /DATA/Aurindum/Swarming/Outputs/20260109_202226_ParticleTesting/P40_I120/run.log - INFO - n_caps=4 | minZ=0.050231 | models=[1012, 1012, 528, 893] | nodes=[10, 9, 14, 15]
2026-01-10 08:54:03,247 - /DATA/Aurindum/Swarming/Outputs/20260109_202226_ParticleTesting/P40_I120/run.log - INFO - n_caps=5 | minZ=0.045938 | models=[1012, 1012, 511, 893, 232] | nodes=[9, 10, 15, 14, 7]
2026-01-10 08:56:33,635 - /DATA/Aurindum/Swarming/Outputs/20260109_202226_ParticleTesting/P40_I120/run.log - INFO - n_caps=6 | minZ=0.044073 | models=[1012, 1012, 511, 893, 232, 343] | nodes=[9, 10, 14, 15, 6, 5]
2026-01-10 08:58:49,871 - /DATA/Aurindum/Swarming/Outputs/20260109_202226_ParticleTesting/P40_I120/run.log - INFO - n_caps=7 | minZ=0.042108 | models=[1012, 1012, 511, 893, 232, 343, 183] | nodes=[9, 10, 14, 15, 6, 5, 7]
2026-01-10 09:01:12,067 - /DATA/Aurindum/Swarming/Outputs/20260109_202226_ParticleTesting/P40_I120/run.log - INFO - n_caps=8 | minZ=0.040253 | models=[1012, 1012, 512, 893, 231, 342, 183, 171] | nodes=[9, 10, 14, 15, 7, 5, 6, 16]
2026-01-10 09:01:12,068 - /DATA/Aurindum/Swarming/Outputs/20260109_202226_ParticleTesting/P40_I120/run.log - INFO - Threshold reached at n_caps=8
2026-01-10 09:03:47,431 - /DATA/Aurindum/Swarming/Outputs/20260109_202226_ParticleTesting/P40_I130/run.log - INFO - n_caps=1 | minZ=0.087365 | models=[1012] | nodes=[9]
2026-01-10 09:06:22,173 - /DATA/Aurindum/Swarming/Outputs/20260109_202226_ParticleTesting/P40_I130/run.log - INFO - n_caps=2 | minZ=0.064766 | models=[1012, 1014] | nodes=[9, 10]
2026-01-10 09:08:55,441 - /DATA/Aurindum/Swarming/Outputs/20260109_202226_ParticleTesting/P40_I130/run.log - INFO - n_caps=3 | minZ=0.053976 | models=[1012, 1014, 509] | nodes=[9, 10, 14]
2026-01-10 09:11:26,464 - /DATA/Aurindum/Swarming/Outputs/20260109_202226_ParticleTesting/P40_I130/run.log - INFO - n_caps=4 | minZ=0.049857 | models=[1012, 1014, 509, 433] | nodes=[9, 10, 14, 15]
2026-01-10 09:14:04,386 - /DATA/Aurindum/Swarming/Outputs/20260109_202226_ParticleTesting/P40_I130/run.log - INFO - n_caps=5 | minZ=0.047753 | models=[1012, 1014, 509, 433, 344] | nodes=[9, 10, 14, 15, 5]
2026-01-10 09:16:46,565 - /DATA/Aurindum/Swarming/Outputs/20260109_202226_ParticleTesting/P40_I130/run.log - INFO - n_caps=6 | minZ=0.044077 | models=[1012, 1014, 509, 433, 344, 263] | nodes=[9, 10, 14, 15, 5, 6]
2026-01-10 09:19:30,080 - /DATA/Aurindum/Swarming/Outputs/20260109_202226_ParticleTesting/P40_I130/run.log - INFO - n_caps=7 | minZ=0.042690 | models=[1012, 1014, 509, 433, 344, 262, 225] | nodes=[9, 10, 14, 15, 6, 5, 7]
2026-01-10 09:22:05,879 - /DATA/Aurindum/Swarming/Outputs/20260109_202226_ParticleTesting/P40_I130/run.log - INFO - n_caps=8 | minZ=0.041780 | models=[1012, 1014, 509, 433, 344, 262, 225, 221] | nodes=[10, 9, 14, 15, 6, 5, 7, 16]
2026-01-10 09:22:05,880 - /DATA/Aurindum/Swarming/Outputs/20260109_202226_ParticleTesting/P40_I130/run.log - INFO - Threshold reached at n_caps=8
2026-01-10 09:24:51,888 - /DATA/Aurindum/Swarming/Outputs/20260109_202226_ParticleTesting/P40_I140/run.log - INFO - n_caps=1 | minZ=0.087365 | models=[1012] | nodes=[9]
2026-01-10 09:27:36,943 - /DATA/Aurindum/Swarming/Outputs/20260109_202226_ParticleTesting/P40_I140/run.log - INFO - n_caps=2 | minZ=0.064766 | models=[1014, 1014] | nodes=[9, 10]
2026-01-10 09:30:18,198 - /DATA/Aurindum/Swarming/Outputs/20260109_202226_ParticleTesting/P40_I140/run.log - INFO - n_caps=3 | minZ=0.053863 | models=[1014, 1014, 528] | nodes=[9, 10, 14]
2026-01-10 09:33:15,750 - /DATA/Aurindum/Swarming/Outputs/20260109_202226_ParticleTesting/P40_I140/run.log - INFO - n_caps=4 | minZ=0.050135 | models=[1014, 1014, 512, 342] | nodes=[9, 10, 14, 15]
2026-01-10 09:36:11,482 - /DATA/Aurindum/Swarming/Outputs/20260109_202226_ParticleTesting/P40_I140/run.log - INFO - n_caps=5 | minZ=0.047158 | models=[1014, 1014, 512, 342, 189] | nodes=[9, 10, 14, 15, 5]
2026-01-10 09:39:20,549 - /DATA/Aurindum/Swarming/Outputs/20260109_202226_ParticleTesting/P40_I140/run.log - INFO - n_caps=6 | minZ=0.044859 | models=[1014, 1014, 511, 342, 189, 344] | nodes=[9, 10, 14, 15, 6, 5]
2026-01-10 09:42:13,297 - /DATA/Aurindum/Swarming/Outputs/20260109_202226_ParticleTesting/P40_I140/run.log - INFO - n_caps=7 | minZ=0.041840 | models=[1014, 1014, 511, 342, 189, 344, 243] | nodes=[9, 10, 14, 15, 6, 5, 7]
2026-01-10 09:42:13,297 - /DATA/Aurindum/Swarming/Outputs/20260109_202226_ParticleTesting/P40_I140/run.log - INFO - Threshold reached at n_caps=7
2026-01-10 09:45:07,669 - /DATA/Aurindum/Swarming/Outputs/20260109_202226_ParticleTesting/P40_I150/run.log - INFO - n_caps=1 | minZ=0.087365 | models=[1012] | nodes=[9]
2026-01-10 09:48:04,014 - /DATA/Aurindum/Swarming/Outputs/20260109_202226_ParticleTesting/P40_I150/run.log - INFO - n_caps=2 | minZ=0.067602 | models=[1012, 899] | nodes=[9, 15]
2026-01-10 09:51:05,703 - /DATA/Aurindum/Swarming/Outputs/20260109_202226_ParticleTesting/P40_I150/run.log - INFO - n_caps=3 | minZ=0.056907 | models=[1012, 899, 892] | nodes=[9, 15, 10]
2026-01-10 09:54:08,147 - /DATA/Aurindum/Swarming/Outputs/20260109_202226_ParticleTesting/P40_I150/run.log - INFO - n_caps=4 | minZ=0.050206 | models=[1012, 899, 893, 617] | nodes=[9, 15, 10, 14]
2026-01-10 09:57:01,982 - /DATA/Aurindum/Swarming/Outputs/20260109_202226_ParticleTesting/P40_I150/run.log - INFO - n_caps=5 | minZ=0.046743 | models=[1012, 899, 893, 617, 433] | nodes=[9, 15, 10, 14, 5]
2026-01-10 10:00:19,182 - /DATA/Aurindum/Swarming/Outputs/20260109_202226_ParticleTesting/P40_I150/run.log - INFO - n_caps=6 | minZ=0.043188 | models=[1012, 898, 893, 447, 434, 342] | nodes=[9, 15, 10, 14, 5, 6]
2026-01-10 10:03:46,291 - /DATA/Aurindum/Swarming/Outputs/20260109_202226_ParticleTesting/P40_I150/run.log - INFO - n_caps=7 | minZ=0.041752 | models=[1012, 898, 892, 447, 434, 342, 221] | nodes=[9, 15, 10, 14, 5, 6, 7]
2026-01-10 10:03:46,292 - /DATA/Aurindum/Swarming/Outputs/20260109_202226_ParticleTesting/P40_I150/run.log - INFO - Threshold reached at n_caps=7
2026-01-10 10:07:07,383 - /DATA/Aurindum/Swarming/Outputs/20260109_202226_ParticleTesting/P40_I160/run.log - INFO - n_caps=1 | minZ=0.087365 | models=[1014] | nodes=[9]
2026-01-10 10:10:21,671 - /DATA/Aurindum/Swarming/Outputs/20260109_202226_ParticleTesting/P40_I160/run.log - INFO - n_caps=2 | minZ=0.066996 | models=[1014, 1014] | nodes=[10, 14]
2026-01-10 10:13:33,122 - /DATA/Aurindum/Swarming/Outputs/20260109_202226_ParticleTesting/P40_I160/run.log - INFO - n_caps=3 | minZ=0.054063 | models=[1014, 1014, 510] | nodes=[10, 9, 15]
2026-01-10 10:17:08,020 - /DATA/Aurindum/Swarming/Outputs/20260109_202226_ParticleTesting/P40_I160/run.log - INFO - n_caps=4 | minZ=0.050392 | models=[1014, 1014, 511, 433] | nodes=[10, 9, 15, 14]
2026-01-10 10:20:28,357 - /DATA/Aurindum/Swarming/Outputs/20260109_202226_ParticleTesting/P40_I160/run.log - INFO - n_caps=5 | minZ=0.046179 | models=[1014, 1014, 455, 433, 433] | nodes=[10, 9, 15, 14, 5]
2026-01-10 10:23:53,834 - /DATA/Aurindum/Swarming/Outputs/20260109_202226_ParticleTesting/P40_I160/run.log - INFO - n_caps=6 | minZ=0.044252 | models=[1014, 1014, 455, 433, 434, 91] | nodes=[10, 9, 15, 14, 5, 6]
2026-01-10 10:27:09,904 - /DATA/Aurindum/Swarming/Outputs/20260109_202226_ParticleTesting/P40_I160/run.log - INFO - n_caps=7 | minZ=0.043002 | models=[1014, 1014, 455, 434, 433, 91, 171] | nodes=[9, 10, 15, 16, 5, 6, 7]
2026-01-10 10:30:11,323 - /DATA/Aurindum/Swarming/Outputs/20260109_202226_ParticleTesting/P40_I160/run.log - INFO - n_caps=8 | minZ=0.041005 | models=[1014, 1014, 455, 433, 433, 91, 171, 300] | nodes=[10, 9, 14, 15, 5, 6, 7, 16]
2026-01-10 10:30:11,324 - /DATA/Aurindum/Swarming/Outputs/20260109_202226_ParticleTesting/P40_I160/run.log - INFO - Threshold reached at n_caps=8
2026-01-10 10:33:26,184 - /DATA/Aurindum/Swarming/Outputs/20260109_202226_ParticleTesting/P40_I170/run.log - INFO - n_caps=1 | minZ=0.087365 | models=[1014] | nodes=[9]
2026-01-10 10:36:59,669 - /DATA/Aurindum/Swarming/Outputs/20260109_202226_ParticleTesting/P40_I170/run.log - INFO - n_caps=2 | minZ=0.064766 | models=[1014, 1012] | nodes=[10, 9]
2026-01-10 10:40:37,408 - /DATA/Aurindum/Swarming/Outputs/20260109_202226_ParticleTesting/P40_I170/run.log - INFO - n_caps=3 | minZ=0.053863 | models=[1014, 1012, 528] | nodes=[10, 9, 14]
2026-01-10 10:43:53,038 - /DATA/Aurindum/Swarming/Outputs/20260109_202226_ParticleTesting/P40_I170/run.log - INFO - n_caps=4 | minZ=0.049666 | models=[1014, 1012, 448, 433] | nodes=[10, 9, 14, 15]
2026-01-10 10:47:06,396 - /DATA/Aurindum/Swarming/Outputs/20260109_202226_ParticleTesting/P40_I170/run.log - INFO - n_caps=5 | minZ=0.046081 | models=[1014, 1012, 448, 433, 434] | nodes=[10, 9, 14, 15, 5]
2026-01-10 10:50:38,294 - /DATA/Aurindum/Swarming/Outputs/20260109_202226_ParticleTesting/P40_I170/run.log - INFO - n_caps=6 | minZ=0.044156 | models=[1014, 1012, 448, 433, 434, 92] | nodes=[10, 9, 14, 15, 5, 6]
2026-01-10 10:54:17,412 - /DATA/Aurindum/Swarming/Outputs/20260109_202226_ParticleTesting/P40_I170/run.log - INFO - n_caps=7 | minZ=0.042649 | models=[1014, 1012, 448, 433, 434, 92, 225] | nodes=[10, 9, 14, 15, 5, 6, 7]
2026-01-10 10:57:43,368 - /DATA/Aurindum/Swarming/Outputs/20260109_202226_ParticleTesting/P40_I170/run.log - INFO - n_caps=8 | minZ=0.041794 | models=[1014, 1012, 448, 433, 434, 92, 225, 189] | nodes=[10, 9, 14, 15, 5, 6, 7, 16]
2026-01-10 10:57:43,369 - /DATA/Aurindum/Swarming/Outputs/20260109_202226_ParticleTesting/P40_I170/run.log - INFO - Threshold reached at n_caps=8
2026-01-10 11:01:29,039 - /DATA/Aurindum/Swarming/Outputs/20260109_202226_ParticleTesting/P40_I180/run.log - INFO - n_caps=1 | minZ=0.087365 | models=[1014] | nodes=[9]
2026-01-10 11:05:25,385 - /DATA/Aurindum/Swarming/Outputs/20260109_202226_ParticleTesting/P40_I180/run.log - INFO - n_caps=2 | minZ=0.064766 | models=[1014, 1014] | nodes=[9, 10]
2026-01-10 11:08:58,597 - /DATA/Aurindum/Swarming/Outputs/20260109_202226_ParticleTesting/P40_I180/run.log - INFO - n_caps=3 | minZ=0.053976 | models=[1014, 1014, 510] | nodes=[9, 10, 14]
2026-01-10 11:12:54,389 - /DATA/Aurindum/Swarming/Outputs/20260109_202226_ParticleTesting/P40_I180/run.log - INFO - n_caps=4 | minZ=0.049852 | models=[1014, 1014, 511, 434] | nodes=[9, 10, 14, 15]
2026-01-10 11:16:29,587 - /DATA/Aurindum/Swarming/Outputs/20260109_202226_ParticleTesting/P40_I180/run.log - INFO - n_caps=5 | minZ=0.047554 | models=[1014, 1014, 510, 434, 433] | nodes=[9, 10, 14, 15, 5]
2026-01-10 11:20:07,792 - /DATA/Aurindum/Swarming/Outputs/20260109_202226_ParticleTesting/P40_I180/run.log - INFO - n_caps=6 | minZ=0.044843 | models=[1014, 1014, 606, 434, 433, 171] | nodes=[9, 10, 14, 15, 5, 6]
2026-01-10 11:23:49,147 - /DATA/Aurindum/Swarming/Outputs/20260109_202226_ParticleTesting/P40_I180/run.log - INFO - n_caps=7 | minZ=0.043124 | models=[1014, 1014, 606, 434, 434, 171, 448] | nodes=[9, 10, 14, 16, 5, 6, 15]
2026-01-10 11:27:19,400 - /DATA/Aurindum/Swarming/Outputs/20260109_202226_ParticleTesting/P40_I180/run.log - INFO - n_caps=8 | minZ=0.041721 | models=[1014, 1014, 605, 434, 434, 171, 448, 222] | nodes=[9, 10, 14, 15, 5, 6, 16, 7]
2026-01-10 11:27:19,401 - /DATA/Aurindum/Swarming/Outputs/20260109_202226_ParticleTesting/P40_I180/run.log - INFO - Threshold reached at n_caps=8
2026-01-10 11:31:05,827 - /DATA/Aurindum/Swarming/Outputs/20260109_202226_ParticleTesting/P40_I190/run.log - INFO - n_caps=1 | minZ=0.087365 | models=[1014] | nodes=[9]
2026-01-10 11:35:07,929 - /DATA/Aurindum/Swarming/Outputs/20260109_202226_ParticleTesting/P40_I190/run.log - INFO - n_caps=2 | minZ=0.064766 | models=[1014, 1014] | nodes=[9, 10]
2026-01-10 11:38:53,782 - /DATA/Aurindum/Swarming/Outputs/20260109_202226_ParticleTesting/P40_I190/run.log - INFO - n_caps=3 | minZ=0.053863 | models=[1014, 1014, 528] | nodes=[9, 10, 14]
2026-01-10 11:42:56,369 - /DATA/Aurindum/Swarming/Outputs/20260109_202226_ParticleTesting/P40_I190/run.log - INFO - n_caps=4 | minZ=0.050198 | models=[1014, 1014, 512, 893] | nodes=[9, 10, 14, 15]
2026-01-10 11:46:41,953 - /DATA/Aurindum/Swarming/Outputs/20260109_202226_ParticleTesting/P40_I190/run.log - INFO - n_caps=5 | minZ=0.046462 | models=[1014, 1014, 512, 893, 262] | nodes=[9, 10, 14, 15, 16]
2026-01-10 11:50:38,153 - /DATA/Aurindum/Swarming/Outputs/20260109_202226_ParticleTesting/P40_I190/run.log - INFO - n_caps=6 | minZ=0.044341 | models=[1014, 1014, 512, 893, 262, 222] | nodes=[10, 9, 14, 15, 16, 6]
2026-01-10 11:54:34,884 - /DATA/Aurindum/Swarming/Outputs/20260109_202226_ParticleTesting/P40_I190/run.log - INFO - n_caps=7 | minZ=0.042561 | models=[1014, 1014, 512, 893, 262, 222, 221] | nodes=[10, 9, 14, 15, 16, 6, 7]
2026-01-10 11:58:27,356 - /DATA/Aurindum/Swarming/Outputs/20260109_202226_ParticleTesting/P40_I190/run.log - INFO - n_caps=8 | minZ=0.041528 | models=[1014, 1014, 512, 893, 262, 222, 221, 59] | nodes=[10, 9, 14, 15, 16, 6, 5, 7]
2026-01-10 11:58:27,357 - /DATA/Aurindum/Swarming/Outputs/20260109_202226_ParticleTesting/P40_I190/run.log - INFO - Threshold reached at n_caps=8
2026-01-10 12:02:27,113 - /DATA/Aurindum/Swarming/Outputs/20260109_202226_ParticleTesting/P40_I200/run.log - INFO - n_caps=1 | minZ=0.087365 | models=[1014] | nodes=[9]
2026-01-10 12:06:42,833 - /DATA/Aurindum/Swarming/Outputs/20260109_202226_ParticleTesting/P40_I200/run.log - INFO - n_caps=2 | minZ=0.066976 | models=[1014, 892] | nodes=[9, 10]
2026-01-10 12:10:41,848 - /DATA/Aurindum/Swarming/Outputs/20260109_202226_ParticleTesting/P40_I200/run.log - INFO - n_caps=3 | minZ=0.056907 | models=[1014, 893, 898] | nodes=[9, 10, 15]
2026-01-10 12:14:43,896 - /DATA/Aurindum/Swarming/Outputs/20260109_202226_ParticleTesting/P40_I200/run.log - INFO - n_caps=4 | minZ=0.049626 | models=[1014, 893, 893, 617] | nodes=[9, 10, 14, 15]
2026-01-10 12:18:34,193 - /DATA/Aurindum/Swarming/Outputs/20260109_202226_ParticleTesting/P40_I200/run.log - INFO - n_caps=5 | minZ=0.046751 | models=[1014, 893, 893, 617, 892] | nodes=[9, 10, 15, 14, 5]
2026-01-10 12:23:02,805 - /DATA/Aurindum/Swarming/Outputs/20260109_202226_ParticleTesting/P40_I200/run.log - INFO - n_caps=6 | minZ=0.044258 | models=[1014, 893, 893, 617, 892, 262] | nodes=[9, 10, 15, 14, 5, 16]
2026-01-10 12:27:11,461 - /DATA/Aurindum/Swarming/Outputs/20260109_202226_ParticleTesting/P40_I200/run.log - INFO - n_caps=7 | minZ=0.041952 | models=[1014, 893, 893, 617, 892, 262, 456] | nodes=[9, 10, 15, 14, 5, 16, 6]
2026-01-10 12:27:11,462 - /DATA/Aurindum/Swarming/Outputs/20260109_202226_ParticleTesting/P40_I200/run.log - INFO - Threshold reached at n_caps=7
2026-01-10 12:27:29,311 - /DATA/Aurindum/Swarming/Outputs/20260109_202226_ParticleTesting/P50_I10/run.log - INFO - n_caps=1 | minZ=0.110342 | models=[983] | nodes=[15]
2026-01-10 12:27:45,822 - /DATA/Aurindum/Swarming/Outputs/20260109_202226_ParticleTesting/P50_I10/run.log - INFO - n_caps=2 | minZ=0.078696 | models=[983, 893] | nodes=[16, 10]
2026-01-10 12:28:01,034 - /DATA/Aurindum/Swarming/Outputs/20260109_202226_ParticleTesting/P50_I10/run.log - INFO - n_caps=3 | minZ=0.065322 | models=[983, 893, 898] | nodes=[16, 10, 14]
2026-01-10 12:28:15,847 - /DATA/Aurindum/Swarming/Outputs/20260109_202226_ParticleTesting/P50_I10/run.log - INFO - n_caps=4 | minZ=0.058433 | models=[982, 893, 898, 1551] | nodes=[16, 10, 14, 5]
2026-01-10 12:28:31,021 - /DATA/Aurindum/Swarming/Outputs/20260109_202226_ParticleTesting/P50_I10/run.log - INFO - n_caps=5 | minZ=0.052631 | models=[982, 892, 898, 1552, 610] | nodes=[16, 10, 14, 5, 15]
2026-01-10 12:28:45,517 - /DATA/Aurindum/Swarming/Outputs/20260109_202226_ParticleTesting/P50_I10/run.log - INFO - n_caps=6 | minZ=0.050116 | models=[982, 892, 898, 1552, 610, 1324] | nodes=[16, 10, 14, 5, 15, 9]
2026-01-10 12:28:59,924 - /DATA/Aurindum/Swarming/Outputs/20260109_202226_ParticleTesting/P50_I10/run.log - INFO - n_caps=7 | minZ=0.047390 | models=[982, 892, 898, 1552, 610, 1324, 363] | nodes=[16, 9, 14, 6, 15, 10, 5]
2026-01-10 12:29:14,363 - /DATA/Aurindum/Swarming/Outputs/20260109_202226_ParticleTesting/P50_I10/run.log - INFO - n_caps=8 | minZ=0.045368 | models=[982, 892, 898, 1552, 610, 1324, 363, 269] | nodes=[16, 10, 14, 6, 15, 9, 5, 7]
2026-01-10 12:29:30,560 - /DATA/Aurindum/Swarming/Outputs/20260109_202226_ParticleTesting/P50_I10/run.log - INFO - n_caps=9 | minZ=0.044575 | models=[981, 892, 898, 1552, 609, 1322, 363, 269, 631] | nodes=[16, 10, 14, 6, 15, 9, 7, 5, 8]
2026-01-10 12:29:47,321 - /DATA/Aurindum/Swarming/Outputs/20260109_202226_ParticleTesting/P50_I10/run.log - INFO - n_caps=10 | minZ=0.044165 | models=[982, 892, 898, 1552, 609, 1322, 363, 269, 631, 174] | nodes=[16, 10, 14, 6, 15, 9, 7, 5, 8, 11]
2026-01-10 12:30:04,569 - /DATA/Aurindum/Swarming/Outputs/20260109_202226_ParticleTesting/P50_I10/run.log - INFO - n_caps=11 | minZ=0.043907 | models=[982, 892, 899, 1551, 609, 1322, 363, 269, 631, 174, 1765] | nodes=[16, 10, 14, 6, 15, 11, 7, 5, 8, 9, 2]
2026-01-10 12:30:22,081 - /DATA/Aurindum/Swarming/Outputs/20260109_202226_ParticleTesting/P50_I10/run.log - INFO - n_caps=12 | minZ=0.043883 | models=[982, 892, 899, 1551, 610, 1322, 363, 269, 631, 174, 1765, 2570] | nodes=[16, 10, 14, 6, 15, 11, 7, 5, 8, 9, 2, 1]
2026-01-10 12:30:38,911 - /DATA/Aurindum/Swarming/Outputs/20260109_202226_ParticleTesting/P50_I10/run.log - INFO - n_caps=13 | minZ=0.043900 | models=[982, 892, 899, 1551, 610, 1322, 363, 269, 631, 174, 1765, 2570, 1503] | nodes=[16, 10, 14, 6, 15, 11, 7, 5, 8, 9, 2, 1, 12]
2026-01-10 12:30:53,604 - /DATA/Aurindum/Swarming/Outputs/20260109_202226_ParticleTesting/P50_I10/run.log - INFO - n_caps=14 | minZ=0.043594 | models=[982, 892, 899, 1551, 610, 1322, 363, 269, 631, 174, 1765, 2570, 1503, 237] | nodes=[16, 10, 14, 6, 15, 11, 7, 5, 8, 9, 2, 1, 12, 17]
2026-01-10 12:31:08,220 - /DATA/Aurindum/Swarming/Outputs/20260109_202226_ParticleTesting/P50_I10/run.log - INFO - n_caps=15 | minZ=0.043612 | models=[982, 892, 899, 1551, 610, 1322, 363, 269, 631, 174, 1765, 2570, 1503, 237, 622] | nodes=[16, 10, 14, 6, 15, 11, 7, 5, 8, 9, 2, 1, 12, 17, 18]
2026-01-10 12:31:22,828 - /DATA/Aurindum/Swarming/Outputs/20260109_202226_ParticleTesting/P50_I10/run.log - INFO - n_caps=16 | minZ=0.043636 | models=[982, 892, 899, 1551, 610, 1322, 363, 269, 631, 174, 1765, 2570, 1503, 237, 622, 220] | nodes=[16, 10, 14, 6, 15, 11, 7, 5, 8, 9, 2, 1, 12, 17, 18, 19]
2026-01-10 12:31:37,710 - /DATA/Aurindum/Swarming/Outputs/20260109_202226_ParticleTesting/P50_I10/run.log - INFO - n_caps=17 | minZ=0.043654 | models=[982, 892, 899, 1551, 610, 1322, 363, 269, 631, 174, 1765, 2570, 1503, 237, 622, 220, 107] | nodes=[16, 10, 14, 6, 15, 11, 7, 5, 8, 9, 2, 1, 12, 17, 18, 19, 3]
2026-01-10 12:31:52,881 - /DATA/Aurindum/Swarming/Outputs/20260109_202226_ParticleTesting/P50_I10/run.log - INFO - n_caps=18 | minZ=0.043669 | models=[982, 892, 899, 1551, 610, 1322, 363, 269, 631, 174, 1765, 2570, 1503, 237, 622, 220, 107, 476] | nodes=[16, 10, 14, 6, 15, 11, 7, 5, 8, 9, 2, 1, 12, 17, 18, 19, 3, 4]
2026-01-10 12:32:08,725 - /DATA/Aurindum/Swarming/Outputs/20260109_202226_ParticleTesting/P50_I10/run.log - INFO - n_caps=19 | minZ=0.043680 | models=[982, 892, 899, 1551, 610, 1322, 363, 269, 631, 174, 1765, 2570, 1503, 237, 622, 220, 107, 476, 6] | nodes=[16, 10, 14, 6, 15, 11, 7, 5, 8, 9, 2, 1, 12, 17, 18, 19, 3, 4, 20]
2026-01-10 12:32:23,402 - /DATA/Aurindum/Swarming/Outputs/20260109_202226_ParticleTesting/P50_I10/run.log - INFO - n_caps=20 | minZ=0.043845 | models=[982, 892, 899, 1551, 610, 1322, 363, 269, 631, 174, 1765, 2570, 1503, 237, 622, 220, 107, 476, 6, 768] | nodes=[16, 10, 14, 6, 15, 11, 7, 5, 8, 9, 2, 1, 12, 17, 18, 19, 3, 4, 20, 13]
2026-01-10 12:32:55,799 - /DATA/Aurindum/Swarming/Outputs/20260109_202226_ParticleTesting/P50_I20/run.log - INFO - n_caps=1 | minZ=0.087365 | models=[1014] | nodes=[9]
2026-01-10 12:33:29,340 - /DATA/Aurindum/Swarming/Outputs/20260109_202226_ParticleTesting/P50_I20/run.log - INFO - n_caps=2 | minZ=0.069138 | models=[1014, 685] | nodes=[9, 10]
2026-01-10 12:33:58,558 - /DATA/Aurindum/Swarming/Outputs/20260109_202226_ParticleTesting/P50_I20/run.log - INFO - n_caps=3 | minZ=0.058915 | models=[1014, 685, 1662] | nodes=[9, 10, 15]
2026-01-10 12:34:30,854 - /DATA/Aurindum/Swarming/Outputs/20260109_202226_ParticleTesting/P50_I20/run.log - INFO - n_caps=4 | minZ=0.051768 | models=[1014, 685, 1662, 434] | nodes=[9, 10, 15, 6]
2026-01-10 12:35:02,710 - /DATA/Aurindum/Swarming/Outputs/20260109_202226_ParticleTesting/P50_I20/run.log - INFO - n_caps=5 | minZ=0.047866 | models=[1014, 685, 1663, 434, 455] | nodes=[9, 10, 15, 6, 7]
2026-01-10 12:35:37,408 - /DATA/Aurindum/Swarming/Outputs/20260109_202226_ParticleTesting/P50_I20/run.log - INFO - n_caps=6 | minZ=0.045391 | models=[1014, 686, 1662, 434, 455, 1511] | nodes=[9, 10, 14, 6, 5, 15]
2026-01-10 12:36:10,911 - /DATA/Aurindum/Swarming/Outputs/20260109_202226_ParticleTesting/P50_I20/run.log - INFO - n_caps=7 | minZ=0.043154 | models=[1014, 686, 1662, 434, 455, 1511, 171] | nodes=[10, 9, 14, 6, 5, 16, 7]
2026-01-10 12:36:46,065 - /DATA/Aurindum/Swarming/Outputs/20260109_202226_ParticleTesting/P50_I20/run.log - INFO - n_caps=8 | minZ=0.042109 | models=[1014, 686, 1662, 434, 455, 1511, 171, 893] | nodes=[10, 9, 14, 6, 5, 15, 7, 16]
2026-01-10 12:37:20,474 - /DATA/Aurindum/Swarming/Outputs/20260109_202226_ParticleTesting/P50_I20/run.log - INFO - n_caps=9 | minZ=0.041528 | models=[1014, 686, 1663, 434, 456, 1511, 171, 893, 174] | nodes=[9, 10, 14, 6, 5, 16, 7, 15, 17]
2026-01-10 12:37:20,475 - /DATA/Aurindum/Swarming/Outputs/20260109_202226_ParticleTesting/P50_I20/run.log - INFO - Threshold reached at n_caps=9
2026-01-10 12:38:08,171 - /DATA/Aurindum/Swarming/Outputs/20260109_202226_ParticleTesting/P50_I30/run.log - INFO - n_caps=1 | minZ=0.089878 | models=[1014] | nodes=[10]
2026-01-10 12:38:51,704 - /DATA/Aurindum/Swarming/Outputs/20260109_202226_ParticleTesting/P50_I30/run.log - INFO - n_caps=2 | minZ=0.069460 | models=[1014, 677] | nodes=[10, 5]
2026-01-10 12:39:35,488 - /DATA/Aurindum/Swarming/Outputs/20260109_202226_ParticleTesting/P50_I30/run.log - INFO - n_caps=3 | minZ=0.061594 | models=[1014, 677, 342] | nodes=[10, 5, 15]
2026-01-10 12:40:18,380 - /DATA/Aurindum/Swarming/Outputs/20260109_202226_ParticleTesting/P50_I30/run.log - INFO - n_caps=4 | minZ=0.055844 | models=[1014, 677, 342, 447] | nodes=[10, 5, 14, 6]
2026-01-10 12:41:05,823 - /DATA/Aurindum/Swarming/Outputs/20260109_202226_ParticleTesting/P50_I30/run.log - INFO - n_caps=5 | minZ=0.049933 | models=[1014, 678, 342, 447, 892] | nodes=[10, 5, 14, 6, 15]
2026-01-10 12:41:56,807 - /DATA/Aurindum/Swarming/Outputs/20260109_202226_ParticleTesting/P50_I30/run.log - INFO - n_caps=6 | minZ=0.045036 | models=[1014, 679, 342, 447, 892, 1275] | nodes=[9, 5, 15, 6, 14, 10]
2026-01-10 12:42:41,348 - /DATA/Aurindum/Swarming/Outputs/20260109_202226_ParticleTesting/P50_I30/run.log - INFO - n_caps=7 | minZ=0.042824 | models=[1014, 679, 342, 447, 892, 1275, 150] | nodes=[9, 6, 15, 5, 14, 10, 7]
2026-01-10 12:43:25,063 - /DATA/Aurindum/Swarming/Outputs/20260109_202226_ParticleTesting/P50_I30/run.log - INFO - n_caps=8 | minZ=0.042193 | models=[1014, 679, 342, 448, 892, 1275, 150, 397] | nodes=[9, 7, 15, 5, 14, 10, 6, 16]
2026-01-10 12:44:08,008 - /DATA/Aurindum/Swarming/Outputs/20260109_202226_ParticleTesting/P50_I30/run.log - INFO - n_caps=9 | minZ=0.041853 | models=[1014, 680, 342, 447, 892, 1275, 150, 397, 373] | nodes=[9, 7, 15, 5, 14, 10, 6, 16, 8]
2026-01-10 12:44:08,009 - /DATA/Aurindum/Swarming/Outputs/20260109_202226_ParticleTesting/P50_I30/run.log - INFO - Threshold reached at n_caps=9
2026-01-10 12:45:07,124 - /DATA/Aurindum/Swarming/Outputs/20260109_202226_ParticleTesting/P50_I40/run.log - INFO - n_caps=1 | minZ=0.093198 | models=[1014] | nodes=[14]
2026-01-10 12:46:03,167 - /DATA/Aurindum/Swarming/Outputs/20260109_202226_ParticleTesting/P50_I40/run.log - INFO - n_caps=2 | minZ=0.069518 | models=[1012, 678] | nodes=[15, 10]
2026-01-10 12:47:03,725 - /DATA/Aurindum/Swarming/Outputs/20260109_202226_ParticleTesting/P50_I40/run.log - INFO - n_caps=3 | minZ=0.058789 | models=[1012, 678, 892] | nodes=[14, 10, 9]
2026-01-10 12:48:08,460 - /DATA/Aurindum/Swarming/Outputs/20260109_202226_ParticleTesting/P50_I40/run.log - INFO - n_caps=4 | minZ=0.053104 | models=[1012, 677, 893, 447] | nodes=[15, 10, 9, 5]
2026-01-10 12:49:04,273 - /DATA/Aurindum/Swarming/Outputs/20260109_202226_ParticleTesting/P50_I40/run.log - INFO - n_caps=5 | minZ=0.049271 | models=[1012, 677, 893, 448, 892] | nodes=[14, 10, 9, 5, 6]
2026-01-10 12:50:01,557 - /DATA/Aurindum/Swarming/Outputs/20260109_202226_ParticleTesting/P50_I40/run.log - INFO - n_caps=6 | minZ=0.044867 | models=[1012, 686, 893, 448, 892, 575] | nodes=[14, 10, 9, 5, 6, 15]
2026-01-10 12:51:01,487 - /DATA/Aurindum/Swarming/Outputs/20260109_202226_ParticleTesting/P50_I40/run.log - INFO - n_caps=7 | minZ=0.042741 | models=[1012, 686, 893, 448, 892, 575, 365] | nodes=[14, 10, 9, 5, 6, 15, 7]
2026-01-10 12:52:11,183 - /DATA/Aurindum/Swarming/Outputs/20260109_202226_ParticleTesting/P50_I40/run.log - INFO - n_caps=8 | minZ=0.041598 | models=[1012, 686, 893, 448, 892, 575, 364, 189] | nodes=[14, 10, 9, 5, 6, 15, 7, 16]
2026-01-10 12:52:11,183 - /DATA/Aurindum/Swarming/Outputs/20260109_202226_ParticleTesting/P50_I40/run.log - INFO - Threshold reached at n_caps=8
2026-01-10 12:53:29,352 - /DATA/Aurindum/Swarming/Outputs/20260109_202226_ParticleTesting/P50_I50/run.log - INFO - n_caps=1 | minZ=0.087365 | models=[1012] | nodes=[9]
2026-01-10 12:54:41,269 - /DATA/Aurindum/Swarming/Outputs/20260109_202226_ParticleTesting/P50_I50/run.log - INFO - n_caps=2 | minZ=0.070349 | models=[1012, 367] | nodes=[9, 10]
2026-01-10 12:56:02,413 - /DATA/Aurindum/Swarming/Outputs/20260109_202226_ParticleTesting/P50_I50/run.log - INFO - n_caps=3 | minZ=0.058238 | models=[1012, 367, 899] | nodes=[9, 10, 15]
2026-01-10 12:57:28,182 - /DATA/Aurindum/Swarming/Outputs/20260109_202226_ParticleTesting/P50_I50/run.log - INFO - n_caps=4 | minZ=0.051719 | models=[1012, 366, 899, 685] | nodes=[9, 10, 15, 5]
2026-01-10 12:58:47,355 - /DATA/Aurindum/Swarming/Outputs/20260109_202226_ParticleTesting/P50_I50/run.log - INFO - n_caps=5 | minZ=0.047748 | models=[1012, 366, 898, 685, 342] | nodes=[9, 10, 14, 5, 6]
2026-01-10 13:00:05,821 - /DATA/Aurindum/Swarming/Outputs/20260109_202226_ParticleTesting/P50_I50/run.log - INFO - n_caps=6 | minZ=0.044988 | models=[1012, 366, 898, 685, 342, 334] | nodes=[9, 10, 14, 5, 6, 7]
2026-01-10 13:01:24,860 - /DATA/Aurindum/Swarming/Outputs/20260109_202226_ParticleTesting/P50_I50/run.log - INFO - n_caps=7 | minZ=0.042968 | models=[1012, 366, 898, 685, 342, 334, 364] | nodes=[9, 10, 14, 5, 6, 7, 15]
2026-01-10 13:02:36,549 - /DATA/Aurindum/Swarming/Outputs/20260109_202226_ParticleTesting/P50_I50/run.log - INFO - n_caps=8 | minZ=0.041756 | models=[1012, 367, 899, 686, 342, 334, 364, 171] | nodes=[9, 10, 14, 5, 6, 7, 15, 16]
2026-01-10 13:02:36,550 - /DATA/Aurindum/Swarming/Outputs/20260109_202226_ParticleTesting/P50_I50/run.log - INFO - Threshold reached at n_caps=8
2026-01-10 13:04:03,087 - /DATA/Aurindum/Swarming/Outputs/20260109_202226_ParticleTesting/P50_I60/run.log - INFO - n_caps=1 | minZ=0.087365 | models=[1012] | nodes=[9]
2026-01-10 13:05:30,832 - /DATA/Aurindum/Swarming/Outputs/20260109_202226_ParticleTesting/P50_I60/run.log - INFO - n_caps=2 | minZ=0.067520 | models=[1012, 1014] | nodes=[9, 15]
2026-01-10 13:06:58,792 - /DATA/Aurindum/Swarming/Outputs/20260109_202226_ParticleTesting/P50_I60/run.log - INFO - n_caps=3 | minZ=0.054343 | models=[1012, 1014, 527] | nodes=[9, 15, 5]
2026-01-10 13:08:33,438 - /DATA/Aurindum/Swarming/Outputs/20260109_202226_ParticleTesting/P50_I60/run.log - INFO - n_caps=4 | minZ=0.050418 | models=[1012, 1014, 527, 433] | nodes=[9, 14, 5, 10]
2026-01-10 13:10:01,152 - /DATA/Aurindum/Swarming/Outputs/20260109_202226_ParticleTesting/P50_I60/run.log - INFO - n_caps=5 | minZ=0.047795 | models=[1012, 1014, 527, 433, 433] | nodes=[9, 14, 5, 10, 6]
2026-01-10 13:11:30,620 - /DATA/Aurindum/Swarming/Outputs/20260109_202226_ParticleTesting/P50_I60/run.log - INFO - n_caps=6 | minZ=0.045681 | models=[1012, 1014, 527, 434, 434, 171] | nodes=[9, 14, 5, 10, 6, 16]
2026-01-10 13:12:58,066 - /DATA/Aurindum/Swarming/Outputs/20260109_202226_ParticleTesting/P50_I60/run.log - INFO - n_caps=7 | minZ=0.044172 | models=[1012, 1014, 527, 434, 434, 171, 275] | nodes=[9, 14, 5, 10, 6, 16, 7]
2026-01-10 13:14:23,838 - /DATA/Aurindum/Swarming/Outputs/20260109_202226_ParticleTesting/P50_I60/run.log - INFO - n_caps=8 | minZ=0.042611 | models=[1012, 1014, 527, 434, 434, 171, 275, 221] | nodes=[9, 14, 5, 10, 6, 16, 7, 15]
2026-01-10 13:15:49,781 - /DATA/Aurindum/Swarming/Outputs/20260109_202226_ParticleTesting/P50_I60/run.log - INFO - n_caps=9 | minZ=0.042245 | models=[1012, 1014, 527, 434, 434, 171, 275, 221, 189] | nodes=[9, 14, 5, 10, 6, 15, 7, 16, 11]
2026-01-10 13:17:13,906 - /DATA/Aurindum/Swarming/Outputs/20260109_202226_ParticleTesting/P50_I60/run.log - INFO - n_caps=10 | minZ=0.041984 | models=[1012, 1014, 528, 433, 434, 171, 275, 221, 189, 1534] | nodes=[9, 14, 5, 10, 6, 15, 7, 16, 11, 2]
2026-01-10 13:17:13,906 - /DATA/Aurindum/Swarming/Outputs/20260109_202226_ParticleTesting/P50_I60/run.log - INFO - Threshold reached at n_caps=10
2026-01-10 13:18:50,705 - /DATA/Aurindum/Swarming/Outputs/20260109_202226_ParticleTesting/P50_I70/run.log - INFO - n_caps=1 | minZ=0.087365 | models=[1012] | nodes=[9]
2026-01-10 13:20:39,010 - /DATA/Aurindum/Swarming/Outputs/20260109_202226_ParticleTesting/P50_I70/run.log - INFO - n_caps=2 | minZ=0.067454 | models=[1012, 1127] | nodes=[9, 10]
2026-01-10 13:22:29,890 - /DATA/Aurindum/Swarming/Outputs/20260109_202226_ParticleTesting/P50_I70/run.log - INFO - n_caps=3 | minZ=0.056101 | models=[1012, 1127, 433] | nodes=[9, 10, 15]
2026-01-10 13:24:20,351 - /DATA/Aurindum/Swarming/Outputs/20260109_202226_ParticleTesting/P50_I70/run.log - INFO - n_caps=4 | minZ=0.050485 | models=[1012, 1127, 433, 344] | nodes=[9, 10, 15, 5]
2026-01-10 13:26:04,835 - /DATA/Aurindum/Swarming/Outputs/20260109_202226_ParticleTesting/P50_I70/run.log - INFO - n_caps=5 | minZ=0.047595 | models=[1012, 1127, 433, 344, 898] | nodes=[9, 10, 14, 5, 6]
2026-01-10 13:27:53,314 - /DATA/Aurindum/Swarming/Outputs/20260109_202226_ParticleTesting/P50_I70/run.log - INFO - n_caps=6 | minZ=0.044299 | models=[1012, 1127, 433, 344, 898, 447] | nodes=[9, 10, 15, 5, 6, 14]
2026-01-10 13:29:42,745 - /DATA/Aurindum/Swarming/Outputs/20260109_202226_ParticleTesting/P50_I70/run.log - INFO - n_caps=7 | minZ=0.041901 | models=[1012, 1127, 434, 344, 898, 447, 189] | nodes=[9, 10, 14, 5, 6, 15, 7]
2026-01-10 13:29:42,746 - /DATA/Aurindum/Swarming/Outputs/20260109_202226_ParticleTesting/P50_I70/run.log - INFO - Threshold reached at n_caps=7
2026-01-10 13:31:46,605 - /DATA/Aurindum/Swarming/Outputs/20260109_202226_ParticleTesting/P50_I80/run.log - INFO - n_caps=1 | minZ=0.087365 | models=[1014] | nodes=[9]
2026-01-10 13:33:50,491 - /DATA/Aurindum/Swarming/Outputs/20260109_202226_ParticleTesting/P50_I80/run.log - INFO - n_caps=2 | minZ=0.064766 | models=[1014, 1012] | nodes=[9, 10]
2026-01-10 13:35:51,335 - /DATA/Aurindum/Swarming/Outputs/20260109_202226_ParticleTesting/P50_I80/run.log - INFO - n_caps=3 | minZ=0.054024 | models=[1014, 1012, 512] | nodes=[9, 10, 15]
2026-01-10 13:37:58,061 - /DATA/Aurindum/Swarming/Outputs/20260109_202226_ParticleTesting/P50_I80/run.log - INFO - n_caps=4 | minZ=0.050875 | models=[1014, 1012, 512, 434] | nodes=[9, 10, 15, 5]
2026-01-10 13:40:06,959 - /DATA/Aurindum/Swarming/Outputs/20260109_202226_ParticleTesting/P50_I80/run.log - INFO - n_caps=5 | minZ=0.047587 | models=[1014, 1012, 512, 433, 434] | nodes=[9, 10, 14, 5, 15]
2026-01-10 13:42:07,224 - /DATA/Aurindum/Swarming/Outputs/20260109_202226_ParticleTesting/P50_I80/run.log - INFO - n_caps=6 | minZ=0.045187 | models=[1014, 1012, 511, 433, 434, 171] | nodes=[9, 10, 14, 5, 15, 7]
2026-01-10 13:44:19,184 - /DATA/Aurindum/Swarming/Outputs/20260109_202226_ParticleTesting/P50_I80/run.log - INFO - n_caps=7 | minZ=0.043274 | models=[1014, 1012, 511, 433, 434, 171, 115] | nodes=[9, 10, 14, 5, 15, 7, 6]
2026-01-10 13:46:39,015 - /DATA/Aurindum/Swarming/Outputs/20260109_202226_ParticleTesting/P50_I80/run.log - INFO - n_caps=8 | minZ=0.042097 | models=[1014, 1012, 511, 434, 434, 171, 115, 222] | nodes=[9, 10, 14, 5, 15, 7, 6, 16]
2026-01-10 13:49:02,435 - /DATA/Aurindum/Swarming/Outputs/20260109_202226_ParticleTesting/P50_I80/run.log - INFO - n_caps=9 | minZ=0.041535 | models=[1014, 1012, 511, 434, 434, 171, 117, 222, 1871] | nodes=[9, 10, 14, 5, 15, 6, 7, 16, 13]
2026-01-10 13:49:02,436 - /DATA/Aurindum/Swarming/Outputs/20260109_202226_ParticleTesting/P50_I80/run.log - INFO - Threshold reached at n_caps=9
2026-01-10 13:51:37,548 - /DATA/Aurindum/Swarming/Outputs/20260109_202226_ParticleTesting/P50_I90/run.log - INFO - n_caps=1 | minZ=0.087365 | models=[1014] | nodes=[9]
2026-01-10 13:54:17,242 - /DATA/Aurindum/Swarming/Outputs/20260109_202226_ParticleTesting/P50_I90/run.log - INFO - n_caps=2 | minZ=0.064766 | models=[1014, 1012] | nodes=[9, 10]
2026-01-10 13:56:55,044 - /DATA/Aurindum/Swarming/Outputs/20260109_202226_ParticleTesting/P50_I90/run.log - INFO - n_caps=3 | minZ=0.055259 | models=[1014, 1012, 455] | nodes=[9, 10, 6]
2026-01-10 13:59:32,589 - /DATA/Aurindum/Swarming/Outputs/20260109_202226_ParticleTesting/P50_I90/run.log - INFO - n_caps=4 | minZ=0.049832 | models=[1014, 1012, 455, 893] | nodes=[10, 9, 6, 14]
2026-01-10 14:02:12,563 - /DATA/Aurindum/Swarming/Outputs/20260109_202226_ParticleTesting/P50_I90/run.log - INFO - n_caps=5 | minZ=0.046466 | models=[1014, 1012, 455, 893, 447] | nodes=[9, 10, 6, 14, 5]
2026-01-10 14:04:32,468 - /DATA/Aurindum/Swarming/Outputs/20260109_202226_ParticleTesting/P50_I90/run.log - INFO - n_caps=6 | minZ=0.043947 | models=[1014, 1012, 456, 893, 447, 262] | nodes=[10, 9, 6, 14, 5, 16]
2026-01-10 14:06:55,559 - /DATA/Aurindum/Swarming/Outputs/20260109_202226_ParticleTesting/P50_I90/run.log - INFO - n_caps=7 | minZ=0.042067 | models=[1014, 1012, 456, 893, 447, 262, 92] | nodes=[10, 9, 6, 14, 5, 15, 7]
2026-01-10 14:09:09,096 - /DATA/Aurindum/Swarming/Outputs/20260109_202226_ParticleTesting/P50_I90/run.log - INFO - n_caps=8 | minZ=0.041550 | models=[1014, 1012, 455, 893, 447, 262, 92, 75] | nodes=[9, 10, 6, 14, 5, 15, 7, 16]
2026-01-10 14:09:09,097 - /DATA/Aurindum/Swarming/Outputs/20260109_202226_ParticleTesting/P50_I90/run.log - INFO - Threshold reached at n_caps=8
2026-01-10 14:11:35,878 - /DATA/Aurindum/Swarming/Outputs/20260109_202226_ParticleTesting/P50_I100/run.log - INFO - n_caps=1 | minZ=0.087365 | models=[1014] | nodes=[9]
2026-01-10 14:14:21,462 - /DATA/Aurindum/Swarming/Outputs/20260109_202226_ParticleTesting/P50_I100/run.log - INFO - n_caps=2 | minZ=0.064766 | models=[1014, 1014] | nodes=[9, 10]
2026-01-10 14:16:49,207 - /DATA/Aurindum/Swarming/Outputs/20260109_202226_ParticleTesting/P50_I100/run.log - INFO - n_caps=3 | minZ=0.057096 | models=[1014, 1014, 686] | nodes=[9, 10, 15]
2026-01-10 14:19:13,025 - /DATA/Aurindum/Swarming/Outputs/20260109_202226_ParticleTesting/P50_I100/run.log - INFO - n_caps=4 | minZ=0.050812 | models=[1014, 1014, 686, 499] | nodes=[9, 10, 15, 14]
2026-01-10 14:21:45,158 - /DATA/Aurindum/Swarming/Outputs/20260109_202226_ParticleTesting/P50_I100/run.log - INFO - n_caps=5 | minZ=0.047261 | models=[1014, 1014, 685, 499, 262] | nodes=[9, 10, 15, 14, 5]
2026-01-10 14:24:08,467 - /DATA/Aurindum/Swarming/Outputs/20260109_202226_ParticleTesting/P50_I100/run.log - INFO - n_caps=6 | minZ=0.044163 | models=[1014, 1014, 685, 500, 262, 96] | nodes=[10, 9, 15, 14, 6, 5]
2026-01-10 14:26:44,070 - /DATA/Aurindum/Swarming/Outputs/20260109_202226_ParticleTesting/P50_I100/run.log - INFO - n_caps=7 | minZ=0.042935 | models=[1014, 1014, 685, 499, 262, 95, 189] | nodes=[9, 10, 15, 14, 6, 5, 7]
2026-01-10 14:29:10,291 - /DATA/Aurindum/Swarming/Outputs/20260109_202226_ParticleTesting/P50_I100/run.log - INFO - n_caps=8 | minZ=0.041526 | models=[1014, 1014, 685, 499, 262, 96, 189, 742] | nodes=[10, 9, 15, 14, 7, 5, 6, 16]
2026-01-10 14:29:10,291 - /DATA/Aurindum/Swarming/Outputs/20260109_202226_ParticleTesting/P50_I100/run.log - INFO - Threshold reached at n_caps=8
2026-01-10 14:31:53,213 - /DATA/Aurindum/Swarming/Outputs/20260109_202226_ParticleTesting/P50_I110/run.log - INFO - n_caps=1 | minZ=0.087365 | models=[1012] | nodes=[9]
2026-01-10 14:34:56,574 - /DATA/Aurindum/Swarming/Outputs/20260109_202226_ParticleTesting/P50_I110/run.log - INFO - n_caps=2 | minZ=0.066976 | models=[1012, 892] | nodes=[9, 10]
2026-01-10 14:37:44,788 - /DATA/Aurindum/Swarming/Outputs/20260109_202226_ParticleTesting/P50_I110/run.log - INFO - n_caps=3 | minZ=0.056198 | models=[1012, 892, 685] | nodes=[9, 10, 15]
2026-01-10 14:40:28,290 - /DATA/Aurindum/Swarming/Outputs/20260109_202226_ParticleTesting/P50_I110/run.log - INFO - n_caps=4 | minZ=0.050373 | models=[1012, 892, 685, 434] | nodes=[9, 10, 15, 16]
2026-01-10 14:43:15,430 - /DATA/Aurindum/Swarming/Outputs/20260109_202226_ParticleTesting/P50_I110/run.log - INFO - n_caps=5 | minZ=0.045970 | models=[1012, 892, 685, 434, 893] | nodes=[9, 10, 14, 15, 5]
2026-01-10 14:45:57,589 - /DATA/Aurindum/Swarming/Outputs/20260109_202226_ParticleTesting/P50_I110/run.log - INFO - n_caps=6 | minZ=0.043449 | models=[1012, 892, 685, 433, 892, 334] | nodes=[9, 10, 14, 15, 5, 6]
2026-01-10 14:48:41,847 - /DATA/Aurindum/Swarming/Outputs/20260109_202226_ParticleTesting/P50_I110/run.log - INFO - n_caps=7 | minZ=0.041531 | models=[1012, 892, 685, 433, 892, 334, 171] | nodes=[9, 10, 14, 15, 5, 6, 7]
2026-01-10 14:48:41,848 - /DATA/Aurindum/Swarming/Outputs/20260109_202226_ParticleTesting/P50_I110/run.log - INFO - Threshold reached at n_caps=7
2026-01-10 14:51:42,474 - /DATA/Aurindum/Swarming/Outputs/20260109_202226_ParticleTesting/P50_I120/run.log - INFO - n_caps=1 | minZ=0.087365 | models=[1012] | nodes=[9]
2026-01-10 14:54:53,771 - /DATA/Aurindum/Swarming/Outputs/20260109_202226_ParticleTesting/P50_I120/run.log - INFO - n_caps=2 | minZ=0.064766 | models=[1012, 1012] | nodes=[9, 10]
2026-01-10 14:57:57,679 - /DATA/Aurindum/Swarming/Outputs/20260109_202226_ParticleTesting/P50_I120/run.log - INFO - n_caps=3 | minZ=0.053863 | models=[1012, 1012, 527] | nodes=[10, 9, 14]
2026-01-10 15:01:08,295 - /DATA/Aurindum/Swarming/Outputs/20260109_202226_ParticleTesting/P50_I120/run.log - INFO - n_caps=4 | minZ=0.050684 | models=[1012, 1012, 512, 744] | nodes=[10, 9, 14, 15]
2026-01-10 15:04:31,778 - /DATA/Aurindum/Swarming/Outputs/20260109_202226_ParticleTesting/P50_I120/run.log - INFO - n_caps=5 | minZ=0.047534 | models=[1012, 1012, 512, 744, 189] | nodes=[10, 9, 14, 15, 6]
2026-01-10 15:07:50,954 - /DATA/Aurindum/Swarming/Outputs/20260109_202226_ParticleTesting/P50_I120/run.log - INFO - n_caps=6 | minZ=0.045000 | models=[1012, 1012, 512, 744, 189, 434] | nodes=[10, 9, 14, 15, 6, 5]
2026-01-10 15:10:58,366 - /DATA/Aurindum/Swarming/Outputs/20260109_202226_ParticleTesting/P50_I120/run.log - INFO - n_caps=7 | minZ=0.043156 | models=[1012, 1012, 512, 744, 189, 434, 226] | nodes=[10, 9, 14, 15, 7, 5, 6]
2026-01-10 15:14:01,451 - /DATA/Aurindum/Swarming/Outputs/20260109_202226_ParticleTesting/P50_I120/run.log - INFO - n_caps=8 | minZ=0.042011 | models=[1012, 1012, 512, 744, 189, 433, 225, 226] | nodes=[10, 9, 14, 15, 7, 5, 6, 16]
2026-01-10 15:17:25,236 - /DATA/Aurindum/Swarming/Outputs/20260109_202226_ParticleTesting/P50_I120/run.log - INFO - n_caps=9 | minZ=0.041475 | models=[1012, 1012, 512, 744, 189, 433, 225, 226, 262] | nodes=[10, 9, 14, 15, 7, 5, 6, 16, 8]
2026-01-10 15:17:25,236 - /DATA/Aurindum/Swarming/Outputs/20260109_202226_ParticleTesting/P50_I120/run.log - INFO - Threshold reached at n_caps=9
2026-01-10 15:21:03,330 - /DATA/Aurindum/Swarming/Outputs/20260109_202226_ParticleTesting/P50_I130/run.log - INFO - n_caps=1 | minZ=0.087365 | models=[1012] | nodes=[9]
2026-01-10 15:24:43,391 - /DATA/Aurindum/Swarming/Outputs/20260109_202226_ParticleTesting/P50_I130/run.log - INFO - n_caps=2 | minZ=0.064766 | models=[1012, 1012] | nodes=[9, 10]
2026-01-10 15:28:24,791 - /DATA/Aurindum/Swarming/Outputs/20260109_202226_ParticleTesting/P50_I130/run.log - INFO - n_caps=3 | minZ=0.054175 | models=[1012, 1012, 512] | nodes=[9, 10, 5]
2026-01-10 15:32:04,408 - /DATA/Aurindum/Swarming/Outputs/20260109_202226_ParticleTesting/P50_I130/run.log - INFO - n_caps=4 | minZ=0.050885 | models=[1012, 1012, 512, 344] | nodes=[9, 10, 5, 14]
2026-01-10 15:35:46,870 - /DATA/Aurindum/Swarming/Outputs/20260109_202226_ParticleTesting/P50_I130/run.log - INFO - n_caps=5 | minZ=0.047247 | models=[1012, 1012, 512, 344, 262] | nodes=[9, 10, 5, 15, 7]
2026-01-10 15:39:19,600 - /DATA/Aurindum/Swarming/Outputs/20260109_202226_ParticleTesting/P50_I130/run.log - INFO - n_caps=6 | minZ=0.044136 | models=[1012, 1012, 512, 344, 263, 341] | nodes=[9, 10, 5, 14, 6, 15]
2026-01-10 15:42:54,041 - /DATA/Aurindum/Swarming/Outputs/20260109_202226_ParticleTesting/P50_I130/run.log - INFO - n_caps=7 | minZ=0.041936 | models=[1012, 1012, 512, 344, 263, 342, 171] | nodes=[9, 10, 5, 14, 6, 15, 7]
2026-01-10 15:42:54,042 - /DATA/Aurindum/Swarming/Outputs/20260109_202226_ParticleTesting/P50_I130/run.log - INFO - Threshold reached at n_caps=7
2026-01-10 15:46:23,536 - /DATA/Aurindum/Swarming/Outputs/20260109_202226_ParticleTesting/P50_I140/run.log - INFO - n_caps=1 | minZ=0.087365 | models=[1014] | nodes=[9]
2026-01-10 15:49:52,527 - /DATA/Aurindum/Swarming/Outputs/20260109_202226_ParticleTesting/P50_I140/run.log - INFO - n_caps=2 | minZ=0.064766 | models=[1014, 1012] | nodes=[9, 10]
2026-01-10 15:53:16,303 - /DATA/Aurindum/Swarming/Outputs/20260109_202226_ParticleTesting/P50_I140/run.log - INFO - n_caps=3 | minZ=0.054024 | models=[1014, 1012, 500] | nodes=[9, 10, 15]
2026-01-10 15:56:39,300 - /DATA/Aurindum/Swarming/Outputs/20260109_202226_ParticleTesting/P50_I140/run.log - INFO - n_caps=4 | minZ=0.049979 | models=[1014, 1012, 500, 433] | nodes=[9, 10, 14, 5]
2026-01-10 16:00:20,244 - /DATA/Aurindum/Swarming/Outputs/20260109_202226_ParticleTesting/P50_I140/run.log - INFO - n_caps=5 | minZ=0.047882 | models=[1014, 1012, 500, 433, 343] | nodes=[9, 10, 14, 5, 6]
2026-01-10 16:03:47,368 - /DATA/Aurindum/Swarming/Outputs/20260109_202226_ParticleTesting/P50_I140/run.log - INFO - n_caps=6 | minZ=0.044158 | models=[1014, 1012, 500, 433, 344, 263] | nodes=[9, 10, 14, 5, 6, 15]
2026-01-10 16:07:07,163 - /DATA/Aurindum/Swarming/Outputs/20260109_202226_ParticleTesting/P50_I140/run.log - INFO - n_caps=7 | minZ=0.042575 | models=[1014, 1012, 499, 433, 344, 263, 110] | nodes=[9, 10, 14, 5, 6, 15, 7]
2026-01-10 16:10:34,464 - /DATA/Aurindum/Swarming/Outputs/20260109_202226_ParticleTesting/P50_I140/run.log - INFO - n_caps=8 | minZ=0.041254 | models=[1014, 1012, 499, 433, 344, 263, 110, 179] | nodes=[9, 10, 14, 5, 6, 15, 7, 16]
2026-01-10 16:10:34,465 - /DATA/Aurindum/Swarming/Outputs/20260109_202226_ParticleTesting/P50_I140/run.log - INFO - Threshold reached at n_caps=8
2026-01-10 16:14:12,031 - /DATA/Aurindum/Swarming/Outputs/20260109_202226_ParticleTesting/P50_I150/run.log - INFO - n_caps=1 | minZ=0.087365 | models=[1014] | nodes=[9]
2026-01-10 16:18:00,898 - /DATA/Aurindum/Swarming/Outputs/20260109_202226_ParticleTesting/P50_I150/run.log - INFO - n_caps=2 | minZ=0.064766 | models=[1014, 1014] | nodes=[9, 10]
2026-01-10 16:21:57,288 - /DATA/Aurindum/Swarming/Outputs/20260109_202226_ParticleTesting/P50_I150/run.log - INFO - n_caps=3 | minZ=0.054175 | models=[1014, 1014, 500] | nodes=[9, 10, 5]
2026-01-10 16:26:06,561 - /DATA/Aurindum/Swarming/Outputs/20260109_202226_ParticleTesting/P50_I150/run.log - INFO - n_caps=4 | minZ=0.051196 | models=[1014, 1014, 500, 342] | nodes=[9, 10, 5, 6]
2026-01-10 16:29:55,410 - /DATA/Aurindum/Swarming/Outputs/20260109_202226_ParticleTesting/P50_I150/run.log - INFO - n_caps=5 | minZ=0.047258 | models=[1014, 1014, 500, 342, 263] | nodes=[9, 10, 5, 6, 7]
2026-01-10 16:33:43,922 - /DATA/Aurindum/Swarming/Outputs/20260109_202226_ParticleTesting/P50_I150/run.log - INFO - n_caps=6 | minZ=0.044290 | models=[1014, 1014, 500, 343, 263, 892] | nodes=[9, 10, 5, 6, 7, 14]
2026-01-10 16:37:53,764 - /DATA/Aurindum/Swarming/Outputs/20260109_202226_ParticleTesting/P50_I150/run.log - INFO - n_caps=7 | minZ=0.041849 | models=[1014, 1014, 500, 343, 263, 892, 171] | nodes=[9, 10, 5, 6, 7, 14, 15]
2026-01-10 16:37:53,765 - /DATA/Aurindum/Swarming/Outputs/20260109_202226_ParticleTesting/P50_I150/run.log - INFO - Threshold reached at n_caps=7
2026-01-10 16:41:59,633 - /DATA/Aurindum/Swarming/Outputs/20260109_202226_ParticleTesting/P50_I160/run.log - INFO - n_caps=1 | minZ=0.087365 | models=[1014] | nodes=[9]
2026-01-10 16:46:01,716 - /DATA/Aurindum/Swarming/Outputs/20260109_202226_ParticleTesting/P50_I160/run.log - INFO - n_caps=2 | minZ=0.064766 | models=[1014, 1014] | nodes=[9, 10]
2026-01-10 16:50:15,852 - /DATA/Aurindum/Swarming/Outputs/20260109_202226_ParticleTesting/P50_I160/run.log - INFO - n_caps=3 | minZ=0.054024 | models=[1014, 1014, 499] | nodes=[9, 10, 15]
2026-01-10 16:54:47,231 - /DATA/Aurindum/Swarming/Outputs/20260109_202226_ParticleTesting/P50_I160/run.log - INFO - n_caps=4 | minZ=0.050135 | models=[1014, 1014, 499, 342] | nodes=[9, 10, 14, 15]
2026-01-10 16:59:25,069 - /DATA/Aurindum/Swarming/Outputs/20260109_202226_ParticleTesting/P50_I160/run.log - INFO - n_caps=5 | minZ=0.046666 | models=[1014, 1014, 499, 342, 189] | nodes=[9, 10, 14, 15, 7]
2026-01-10 17:03:54,787 - /DATA/Aurindum/Swarming/Outputs/20260109_202226_ParticleTesting/P50_I160/run.log - INFO - n_caps=6 | minZ=0.044681 | models=[1014, 1014, 499, 342, 189, 433] | nodes=[9, 10, 14, 15, 7, 5]
2026-01-10 17:08:07,832 - /DATA/Aurindum/Swarming/Outputs/20260109_202226_ParticleTesting/P50_I160/run.log - INFO - n_caps=7 | minZ=0.042661 | models=[1014, 1014, 499, 342, 189, 433, 171] | nodes=[9, 10, 14, 15, 7, 5, 6]
2026-01-10 17:12:20,351 - /DATA/Aurindum/Swarming/Outputs/20260109_202226_ParticleTesting/P50_I160/run.log - INFO - n_caps=8 | minZ=0.041292 | models=[1014, 1014, 499, 342, 189, 433, 171, 116] | nodes=[9, 10, 14, 15, 7, 5, 6, 16]
2026-01-10 17:12:20,352 - /DATA/Aurindum/Swarming/Outputs/20260109_202226_ParticleTesting/P50_I160/run.log - INFO - Threshold reached at n_caps=8
2026-01-10 17:16:37,153 - /DATA/Aurindum/Swarming/Outputs/20260109_202226_ParticleTesting/P50_I170/run.log - INFO - n_caps=1 | minZ=0.087365 | models=[1012] | nodes=[9]
2026-01-10 17:21:01,725 - /DATA/Aurindum/Swarming/Outputs/20260109_202226_ParticleTesting/P50_I170/run.log - INFO - n_caps=2 | minZ=0.064766 | models=[1012, 1012] | nodes=[9, 10]
2026-01-10 17:25:25,878 - /DATA/Aurindum/Swarming/Outputs/20260109_202226_ParticleTesting/P50_I170/run.log - INFO - n_caps=3 | minZ=0.054175 | models=[1012, 1012, 512] | nodes=[10, 9, 5]
2026-01-10 17:29:40,619 - /DATA/Aurindum/Swarming/Outputs/20260109_202226_ParticleTesting/P50_I170/run.log - INFO - n_caps=4 | minZ=0.050415 | models=[1012, 1012, 512, 434] | nodes=[10, 9, 5, 14]
2026-01-10 17:33:50,308 - /DATA/Aurindum/Swarming/Outputs/20260109_202226_ParticleTesting/P50_I170/run.log - INFO - n_caps=5 | minZ=0.047795 | models=[1012, 1012, 512, 434, 433] | nodes=[10, 9, 5, 14, 15]
2026-01-10 17:38:11,673 - /DATA/Aurindum/Swarming/Outputs/20260109_202226_ParticleTesting/P50_I170/run.log - INFO - n_caps=6 | minZ=0.045289 | models=[1012, 1012, 511, 434, 433, 189] | nodes=[10, 9, 5, 14, 15, 7]
2026-01-10 17:42:18,869 - /DATA/Aurindum/Swarming/Outputs/20260109_202226_ParticleTesting/P50_I170/run.log - INFO - n_caps=7 | minZ=0.043368 | models=[1012, 1012, 510, 433, 433, 189, 109] | nodes=[10, 9, 5, 14, 15, 7, 6]
2026-01-10 17:46:22,882 - /DATA/Aurindum/Swarming/Outputs/20260109_202226_ParticleTesting/P50_I170/run.log - INFO - n_caps=8 | minZ=0.041868 | models=[1012, 1012, 510, 433, 433, 189, 109, 189] | nodes=[10, 9, 5, 14, 15, 6, 7, 16]
2026-01-10 17:46:22,883 - /DATA/Aurindum/Swarming/Outputs/20260109_202226_ParticleTesting/P50_I170/run.log - INFO - Threshold reached at n_caps=8
2026-01-10 17:50:59,560 - /DATA/Aurindum/Swarming/Outputs/20260109_202226_ParticleTesting/P50_I180/run.log - INFO - n_caps=1 | minZ=0.087365 | models=[1012] | nodes=[9]
2026-01-10 17:55:48,470 - /DATA/Aurindum/Swarming/Outputs/20260109_202226_ParticleTesting/P50_I180/run.log - INFO - n_caps=2 | minZ=0.064766 | models=[1012, 1014] | nodes=[9, 10]
2026-01-10 18:00:23,816 - /DATA/Aurindum/Swarming/Outputs/20260109_202226_ParticleTesting/P50_I180/run.log - INFO - n_caps=3 | minZ=0.053863 | models=[1012, 1014, 528] | nodes=[9, 10, 14]
2026-01-10 18:04:55,788 - /DATA/Aurindum/Swarming/Outputs/20260109_202226_ParticleTesting/P50_I180/run.log - INFO - n_caps=4 | minZ=0.049852 | models=[1012, 1014, 511, 433] | nodes=[9, 10, 14, 15]
2026-01-10 18:09:17,960 - /DATA/Aurindum/Swarming/Outputs/20260109_202226_ParticleTesting/P50_I180/run.log - INFO - n_caps=5 | minZ=0.047753 | models=[1012, 1014, 510, 433, 342] | nodes=[9, 10, 14, 15, 5]
2026-01-10 18:13:46,824 - /DATA/Aurindum/Swarming/Outputs/20260109_202226_ParticleTesting/P50_I180/run.log - INFO - n_caps=6 | minZ=0.044200 | models=[1012, 1014, 510, 433, 342, 262] | nodes=[9, 10, 14, 15, 5, 16]
2026-01-10 18:18:03,449 - /DATA/Aurindum/Swarming/Outputs/20260109_202226_ParticleTesting/P50_I180/run.log - INFO - n_caps=7 | minZ=0.042698 | models=[1012, 1014, 511, 433, 342, 262, 110] | nodes=[9, 10, 14, 15, 5, 16, 6]
2026-01-10 18:22:57,519 - /DATA/Aurindum/Swarming/Outputs/20260109_202226_ParticleTesting/P50_I180/run.log - INFO - n_caps=8 | minZ=0.040985 | models=[1012, 1014, 510, 433, 342, 262, 110, 184] | nodes=[9, 10, 14, 15, 5, 16, 6, 7]
2026-01-10 18:22:57,520 - /DATA/Aurindum/Swarming/Outputs/20260109_202226_ParticleTesting/P50_I180/run.log - INFO - Threshold reached at n_caps=8
2026-01-10 18:27:49,846 - /DATA/Aurindum/Swarming/Outputs/20260109_202226_ParticleTesting/P50_I190/run.log - INFO - n_caps=1 | minZ=0.087365 | models=[1012] | nodes=[9]
2026-01-10 18:32:50,821 - /DATA/Aurindum/Swarming/Outputs/20260109_202226_ParticleTesting/P50_I190/run.log - INFO - n_caps=2 | minZ=0.064766 | models=[1012, 1012] | nodes=[9, 10]
2026-01-10 18:37:45,127 - /DATA/Aurindum/Swarming/Outputs/20260109_202226_ParticleTesting/P50_I190/run.log - INFO - n_caps=3 | minZ=0.053976 | models=[1012, 1012, 509] | nodes=[9, 10, 14]
2026-01-10 18:42:36,191 - /DATA/Aurindum/Swarming/Outputs/20260109_202226_ParticleTesting/P50_I190/run.log - INFO - n_caps=4 | minZ=0.050139 | models=[1127, 1012, 511, 892] | nodes=[10, 9, 14, 15]
2026-01-10 18:47:37,711 - /DATA/Aurindum/Swarming/Outputs/20260109_202226_ParticleTesting/P50_I190/run.log - INFO - n_caps=5 | minZ=0.046912 | models=[892, 1012, 510, 893, 821] | nodes=[10, 9, 14, 15, 5]
2026-01-10 18:52:31,000 - /DATA/Aurindum/Swarming/Outputs/20260109_202226_ParticleTesting/P50_I190/run.log - INFO - n_caps=6 | minZ=0.044928 | models=[892, 1012, 511, 893, 822, 226] | nodes=[10, 9, 14, 15, 5, 6]
2026-01-10 18:57:07,771 - /DATA/Aurindum/Swarming/Outputs/20260109_202226_ParticleTesting/P50_I190/run.log - INFO - n_caps=7 | minZ=0.042705 | models=[892, 1012, 510, 893, 838, 225, 226] | nodes=[10, 9, 14, 15, 5, 6, 7]
2026-01-10 19:02:10,415 - /DATA/Aurindum/Swarming/Outputs/20260109_202226_ParticleTesting/P50_I190/run.log - INFO - n_caps=8 | minZ=0.041163 | models=[892, 1012, 510, 893, 838, 225, 225, 171] | nodes=[10, 9, 14, 15, 5, 6, 7, 16]
2026-01-10 19:02:10,415 - /DATA/Aurindum/Swarming/Outputs/20260109_202226_ParticleTesting/P50_I190/run.log - INFO - Threshold reached at n_caps=8
2026-01-10 19:07:30,322 - /DATA/Aurindum/Swarming/Outputs/20260109_202226_ParticleTesting/P50_I200/run.log - INFO - n_caps=1 | minZ=0.087365 | models=[1012] | nodes=[9]
2026-01-10 19:12:54,275 - /DATA/Aurindum/Swarming/Outputs/20260109_202226_ParticleTesting/P50_I200/run.log - INFO - n_caps=2 | minZ=0.064766 | models=[1012, 1012] | nodes=[9, 10]
2026-01-10 19:18:38,126 - /DATA/Aurindum/Swarming/Outputs/20260109_202226_ParticleTesting/P50_I200/run.log - INFO - n_caps=3 | minZ=0.053863 | models=[1012, 1012, 527] | nodes=[9, 10, 14]
2026-01-10 19:24:17,309 - /DATA/Aurindum/Swarming/Outputs/20260109_202226_ParticleTesting/P50_I200/run.log - INFO - n_caps=4 | minZ=0.049874 | models=[1012, 1012, 528, 433] | nodes=[9, 10, 14, 15]
2026-01-10 19:29:42,404 - /DATA/Aurindum/Swarming/Outputs/20260109_202226_ParticleTesting/P50_I200/run.log - INFO - n_caps=5 | minZ=0.047855 | models=[1012, 1012, 528, 434, 110] | nodes=[9, 10, 14, 15, 6]
2026-01-10 19:35:30,696 - /DATA/Aurindum/Swarming/Outputs/20260109_202226_ParticleTesting/P50_I200/run.log - INFO - n_caps=6 | minZ=0.045584 | models=[1012, 1012, 528, 433, 110, 171] | nodes=[9, 10, 14, 15, 6, 5]
2026-01-10 19:41:11,757 - /DATA/Aurindum/Swarming/Outputs/20260109_202226_ParticleTesting/P50_I200/run.log - INFO - n_caps=7 | minZ=0.043572 | models=[1012, 1012, 527, 433, 110, 171, 96] | nodes=[9, 10, 14, 15, 5, 6, 7]
2026-01-10 19:46:16,811 - /DATA/Aurindum/Swarming/Outputs/20260109_202226_ParticleTesting/P50_I200/run.log - INFO - n_caps=8 | minZ=0.041527 | models=[1012, 1012, 527, 433, 110, 171, 262, 916] | nodes=[9, 10, 14, 15, 5, 7, 6, 16]
2026-01-10 19:46:16,812 - /DATA/Aurindum/Swarming/Outputs/20260109_202226_ParticleTesting/P50_I200/run.log - INFO - Threshold reached at n_caps=8
2026-01-10 19:46:34,435 - /DATA/Aurindum/Swarming/Outputs/20260109_202226_ParticleTesting/P60_I10/run.log - INFO - n_caps=1 | minZ=0.108919 | models=[1007] | nodes=[15]
2026-01-10 19:46:54,688 - /DATA/Aurindum/Swarming/Outputs/20260109_202226_ParticleTesting/P60_I10/run.log - INFO - n_caps=2 | minZ=0.076684 | models=[1012, 1121] | nodes=[15, 14]
2026-01-10 19:47:16,582 - /DATA/Aurindum/Swarming/Outputs/20260109_202226_ParticleTesting/P60_I10/run.log - INFO - n_caps=3 | minZ=0.062669 | models=[1012, 1121, 618] | nodes=[16, 14, 6]
2026-01-10 19:47:37,652 - /DATA/Aurindum/Swarming/Outputs/20260109_202226_ParticleTesting/P60_I10/run.log - INFO - n_caps=4 | minZ=0.056658 | models=[1012, 1120, 617, 610] | nodes=[16, 14, 6, 5]
2026-01-10 19:47:56,400 - /DATA/Aurindum/Swarming/Outputs/20260109_202226_ParticleTesting/P60_I10/run.log - INFO - n_caps=5 | minZ=0.053211 | models=[1012, 1120, 616, 610, 596] | nodes=[16, 14, 6, 5, 7]
2026-01-10 19:48:17,230 - /DATA/Aurindum/Swarming/Outputs/20260109_202226_ParticleTesting/P60_I10/run.log - INFO - n_caps=6 | minZ=0.049495 | models=[1012, 1120, 616, 610, 596, 448] | nodes=[15, 16, 7, 5, 6, 9]
2026-01-10 19:48:36,287 - /DATA/Aurindum/Swarming/Outputs/20260109_202226_ParticleTesting/P60_I10/run.log - INFO - n_caps=7 | minZ=0.046360 | models=[1012, 1120, 616, 610, 596, 448, 893] | nodes=[15, 16, 6, 7, 5, 10, 9]
2026-01-10 19:48:55,396 - /DATA/Aurindum/Swarming/Outputs/20260109_202226_ParticleTesting/P60_I10/run.log - INFO - n_caps=8 | minZ=0.044894 | models=[1012, 1122, 616, 609, 595, 448, 893, 1902] | nodes=[15, 14, 6, 7, 5, 9, 10, 2]
2026-01-10 19:49:12,708 - /DATA/Aurindum/Swarming/Outputs/20260109_202226_ParticleTesting/P60_I10/run.log - INFO - n_caps=9 | minZ=0.043950 | models=[1012, 1123, 616, 608, 596, 448, 893, 1902, 456] | nodes=[15, 14, 6, 7, 5, 9, 10, 2, 16]
2026-01-10 19:49:30,250 - /DATA/Aurindum/Swarming/Outputs/20260109_202226_ParticleTesting/P60_I10/run.log - INFO - n_caps=10 | minZ=0.043358 | models=[1012, 1122, 616, 608, 596, 447, 893, 1902, 456, 260] | nodes=[15, 14, 7, 6, 5, 8, 9, 1, 16, 10]
2026-01-10 19:49:47,676 - /DATA/Aurindum/Swarming/Outputs/20260109_202226_ParticleTesting/P60_I10/run.log - INFO - n_caps=11 | minZ=0.042527 | models=[1012, 1122, 616, 607, 596, 447, 893, 1902, 456, 260, 1109] | nodes=[14, 16, 6, 7, 5, 8, 9, 1, 15, 10, 13]
2026-01-10 19:50:05,191 - /DATA/Aurindum/Swarming/Outputs/20260109_202226_ParticleTesting/P60_I10/run.log - INFO - n_caps=12 | minZ=0.042431 | models=[1012, 1122, 616, 607, 596, 447, 893, 1902, 455, 260, 1108, 566] | nodes=[14, 16, 6, 7, 5, 8, 9, 1, 15, 10, 13, 2]
2026-01-10 19:50:22,877 - /DATA/Aurindum/Swarming/Outputs/20260109_202226_ParticleTesting/P60_I10/run.log - INFO - n_caps=13 | minZ=0.042373 | models=[1012, 1122, 616, 607, 596, 447, 893, 1902, 455, 260, 1108, 566, 244] | nodes=[14, 16, 6, 7, 5, 8, 9, 1, 15, 10, 13, 2, 11]
2026-01-10 19:50:40,306 - /DATA/Aurindum/Swarming/Outputs/20260109_202226_ParticleTesting/P60_I10/run.log - INFO - n_caps=14 | minZ=0.042025 | models=[1012, 1122, 616, 607, 596, 446, 892, 1901, 455, 260, 1108, 565, 244, 1100] | nodes=[14, 16, 6, 7, 5, 8, 9, 1, 15, 10, 13, 2, 11, 3]
2026-01-10 19:50:58,926 - /DATA/Aurindum/Swarming/Outputs/20260109_202226_ParticleTesting/P60_I10/run.log - INFO - n_caps=15 | minZ=0.042028 | models=[1012, 1122, 616, 607, 596, 446, 892, 1901, 455, 260, 1108, 565, 244, 1100, 345] | nodes=[14, 16, 6, 7, 5, 8, 9, 1, 15, 10, 13, 2, 11, 3, 4]
2026-01-10 19:51:16,820 - /DATA/Aurindum/Swarming/Outputs/20260109_202226_ParticleTesting/P60_I10/run.log - INFO - n_caps=16 | minZ=0.042040 | models=[1012, 1122, 616, 607, 596, 446, 892, 1901, 455, 260, 1108, 565, 244, 1100, 345, 108] | nodes=[14, 16, 6, 7, 5, 8, 9, 1, 15, 10, 13, 2, 11, 3, 4, 12]
2026-01-10 19:51:34,046 - /DATA/Aurindum/Swarming/Outputs/20260109_202226_ParticleTesting/P60_I10/run.log - INFO - n_caps=17 | minZ=0.041998 | models=[1012, 1122, 616, 607, 596, 446, 892, 1901, 455, 260, 1108, 565, 244, 1100, 345, 108, 73] | nodes=[14, 16, 6, 7, 5, 8, 9, 1, 15, 10, 13, 2, 11, 3, 4, 12, 17]
2026-01-10 19:51:34,047 - /DATA/Aurindum/Swarming/Outputs/20260109_202226_ParticleTesting/P60_I10/run.log - INFO - Threshold reached at n_caps=17
2026-01-10 19:52:15,238 - /DATA/Aurindum/Swarming/Outputs/20260109_202226_ParticleTesting/P60_I20/run.log - INFO - n_caps=1 | minZ=0.093198 | models=[1014] | nodes=[14]
2026-01-10 19:52:59,258 - /DATA/Aurindum/Swarming/Outputs/20260109_202226_ParticleTesting/P60_I20/run.log - INFO - n_caps=2 | minZ=0.069737 | models=[1014, 1012] | nodes=[14, 15]
2026-01-10 19:53:39,509 - /DATA/Aurindum/Swarming/Outputs/20260109_202226_ParticleTesting/P60_I20/run.log - INFO - n_caps=3 | minZ=0.058075 | models=[1014, 1012, 434] | nodes=[14, 15, 5]
2026-01-10 19:54:16,464 - /DATA/Aurindum/Swarming/Outputs/20260109_202226_ParticleTesting/P60_I20/run.log - INFO - n_caps=4 | minZ=0.049936 | models=[1014, 1012, 434, 509] | nodes=[14, 15, 5, 9]
2026-01-10 19:54:55,388 - /DATA/Aurindum/Swarming/Outputs/20260109_202226_ParticleTesting/P60_I20/run.log - INFO - n_caps=5 | minZ=0.048442 | models=[1014, 1012, 434, 509, 613] | nodes=[14, 15, 5, 9, 10]
2026-01-10 19:55:34,772 - /DATA/Aurindum/Swarming/Outputs/20260109_202226_ParticleTesting/P60_I20/run.log - INFO - n_caps=6 | minZ=0.046301 | models=[1014, 1012, 434, 509, 613, 175] | nodes=[14, 15, 5, 9, 10, 16]
2026-01-10 19:56:15,782 - /DATA/Aurindum/Swarming/Outputs/20260109_202226_ParticleTesting/P60_I20/run.log - INFO - n_caps=7 | minZ=0.044846 | models=[1014, 1012, 434, 509, 613, 174, 150] | nodes=[14, 15, 5, 9, 10, 16, 6]
2026-01-10 19:56:56,975 - /DATA/Aurindum/Swarming/Outputs/20260109_202226_ParticleTesting/P60_I20/run.log - INFO - n_caps=8 | minZ=0.043154 | models=[1014, 1012, 434, 509, 614, 174, 150, 260] | nodes=[14, 15, 5, 9, 10, 16, 6, 7]
2026-01-10 19:57:38,892 - /DATA/Aurindum/Swarming/Outputs/20260109_202226_ParticleTesting/P60_I20/run.log - INFO - n_caps=9 | minZ=0.041882 | models=[1014, 1012, 434, 509, 614, 174, 149, 260, 2406] | nodes=[14, 15, 5, 9, 10, 16, 7, 6, 18]
2026-01-10 19:57:38,893 - /DATA/Aurindum/Swarming/Outputs/20260109_202226_ParticleTesting/P60_I20/run.log - INFO - Threshold reached at n_caps=9
2026-01-10 19:58:40,320 - /DATA/Aurindum/Swarming/Outputs/20260109_202226_ParticleTesting/P60_I30/run.log - INFO - n_caps=1 | minZ=0.089878 | models=[1014] | nodes=[10]
2026-01-10 19:59:40,285 - /DATA/Aurindum/Swarming/Outputs/20260109_202226_ParticleTesting/P60_I30/run.log - INFO - n_caps=2 | minZ=0.067637 | models=[1014, 1169] | nodes=[9, 10]
2026-01-10 20:00:41,358 - /DATA/Aurindum/Swarming/Outputs/20260109_202226_ParticleTesting/P60_I30/run.log - INFO - n_caps=3 | minZ=0.058068 | models=[1014, 1169, 892] | nodes=[9, 10, 6]
2026-01-10 20:01:38,965 - /DATA/Aurindum/Swarming/Outputs/20260109_202226_ParticleTesting/P60_I30/run.log - INFO - n_caps=4 | minZ=0.050438 | models=[1014, 1170, 893, 511] | nodes=[9, 10, 6, 16]
2026-01-10 20:02:39,354 - /DATA/Aurindum/Swarming/Outputs/20260109_202226_ParticleTesting/P60_I30/run.log - INFO - n_caps=5 | minZ=0.046619 | models=[1014, 1170, 893, 511, 434] | nodes=[9, 10, 6, 14, 5]
2026-01-10 20:03:41,698 - /DATA/Aurindum/Swarming/Outputs/20260109_202226_ParticleTesting/P60_I30/run.log - INFO - n_caps=6 | minZ=0.044986 | models=[1014, 1170, 893, 511, 434, 221] | nodes=[9, 10, 6, 14, 5, 15]
2026-01-10 20:04:42,760 - /DATA/Aurindum/Swarming/Outputs/20260109_202226_ParticleTesting/P60_I30/run.log - INFO - n_caps=7 | minZ=0.043482 | models=[1014, 1170, 893, 511, 433, 221, 226] | nodes=[9, 10, 6, 14, 5, 15, 7]
2026-01-10 20:05:45,239 - /DATA/Aurindum/Swarming/Outputs/20260109_202226_ParticleTesting/P60_I30/run.log - INFO - n_caps=8 | minZ=0.042320 | models=[1014, 1170, 893, 510, 433, 221, 226, 341] | nodes=[9, 10, 6, 14, 5, 15, 7, 16]
2026-01-10 20:06:47,505 - /DATA/Aurindum/Swarming/Outputs/20260109_202226_ParticleTesting/P60_I30/run.log - INFO - n_caps=9 | minZ=0.041602 | models=[1014, 1170, 892, 510, 433, 221, 226, 342, 116] | nodes=[9, 10, 5, 13, 6, 15, 7, 14, 16]
2026-01-10 20:06:47,506 - /DATA/Aurindum/Swarming/Outputs/20260109_202226_ParticleTesting/P60_I30/run.log - INFO - Threshold reached at n_caps=9
2026-01-10 20:08:08,468 - /DATA/Aurindum/Swarming/Outputs/20260109_202226_ParticleTesting/P60_I40/run.log - INFO - n_caps=1 | minZ=0.087365 | models=[1014] | nodes=[9]
2026-01-10 20:09:33,788 - /DATA/Aurindum/Swarming/Outputs/20260109_202226_ParticleTesting/P60_I40/run.log - INFO - n_caps=2 | minZ=0.064766 | models=[1014, 1014] | nodes=[9, 10]
2026-01-10 20:10:59,934 - /DATA/Aurindum/Swarming/Outputs/20260109_202226_ParticleTesting/P60_I40/run.log - INFO - n_caps=3 | minZ=0.054175 | models=[1014, 1014, 512] | nodes=[9, 10, 5]
2026-01-10 20:12:23,455 - /DATA/Aurindum/Swarming/Outputs/20260109_202226_ParticleTesting/P60_I40/run.log - INFO - n_caps=4 | minZ=0.050903 | models=[1014, 1014, 512, 893] | nodes=[10, 9, 5, 14]
2026-01-10 20:13:46,814 - /DATA/Aurindum/Swarming/Outputs/20260109_202226_ParticleTesting/P60_I40/run.log - INFO - n_caps=5 | minZ=0.047005 | models=[1014, 1014, 512, 893, 263] | nodes=[10, 9, 5, 14, 15]
2026-01-10 20:15:11,630 - /DATA/Aurindum/Swarming/Outputs/20260109_202226_ParticleTesting/P60_I40/run.log - INFO - n_caps=6 | minZ=0.044752 | models=[1014, 1014, 512, 893, 263, 171] | nodes=[10, 9, 5, 14, 15, 7]
2026-01-10 20:16:26,815 - /DATA/Aurindum/Swarming/Outputs/20260109_202226_ParticleTesting/P60_I40/run.log - INFO - n_caps=7 | minZ=0.042492 | models=[1014, 1014, 512, 892, 263, 171, 341] | nodes=[9, 10, 5, 14, 15, 7, 6]
2026-01-10 20:17:47,229 - /DATA/Aurindum/Swarming/Outputs/20260109_202226_ParticleTesting/P60_I40/run.log - INFO - n_caps=8 | minZ=0.040693 | models=[1014, 1014, 512, 892, 263, 171, 341, 171] | nodes=[9, 10, 5, 14, 15, 7, 6, 16]
2026-01-10 20:17:47,230 - /DATA/Aurindum/Swarming/Outputs/20260109_202226_ParticleTesting/P60_I40/run.log - INFO - Threshold reached at n_caps=8
2026-01-10 20:19:24,152 - /DATA/Aurindum/Swarming/Outputs/20260109_202226_ParticleTesting/P60_I50/run.log - INFO - n_caps=1 | minZ=0.087365 | models=[1012] | nodes=[9]
2026-01-10 20:20:55,193 - /DATA/Aurindum/Swarming/Outputs/20260109_202226_ParticleTesting/P60_I50/run.log - INFO - n_caps=2 | minZ=0.066976 | models=[1012, 892] | nodes=[9, 10]
2026-01-10 20:22:25,930 - /DATA/Aurindum/Swarming/Outputs/20260109_202226_ParticleTesting/P60_I50/run.log - INFO - n_caps=3 | minZ=0.056845 | models=[1012, 892, 685] | nodes=[9, 10, 6]
2026-01-10 20:23:53,325 - /DATA/Aurindum/Swarming/Outputs/20260109_202226_ParticleTesting/P60_I50/run.log - INFO - n_caps=4 | minZ=0.050223 | models=[1012, 892, 685, 433] | nodes=[9, 10, 6, 5]
2026-01-10 20:25:22,642 - /DATA/Aurindum/Swarming/Outputs/20260109_202226_ParticleTesting/P60_I50/run.log - INFO - n_caps=5 | minZ=0.046993 | models=[1012, 892, 685, 433, 341] | nodes=[9, 10, 6, 5, 7]
2026-01-10 20:26:53,057 - /DATA/Aurindum/Swarming/Outputs/20260109_202226_ParticleTesting/P60_I50/run.log - INFO - n_caps=6 | minZ=0.044869 | models=[1012, 892, 685, 433, 341, 892] | nodes=[9, 10, 6, 5, 7, 16]
2026-01-10 20:28:22,118 - /DATA/Aurindum/Swarming/Outputs/20260109_202226_ParticleTesting/P60_I50/run.log - INFO - n_caps=7 | minZ=0.043041 | models=[1012, 892, 685, 433, 341, 892, 364] | nodes=[9, 10, 6, 5, 7, 16, 14]
2026-01-10 20:29:49,421 - /DATA/Aurindum/Swarming/Outputs/20260109_202226_ParticleTesting/P60_I50/run.log - INFO - n_caps=8 | minZ=0.041533 | models=[1012, 892, 685, 434, 341, 892, 364, 262] | nodes=[9, 10, 6, 5, 7, 14, 15, 8]
2026-01-10 20:29:49,422 - /DATA/Aurindum/Swarming/Outputs/20260109_202226_ParticleTesting/P60_I50/run.log - INFO - Threshold reached at n_caps=8
2026-01-10 20:31:33,678 - /DATA/Aurindum/Swarming/Outputs/20260109_202226_ParticleTesting/P60_I60/run.log - INFO - n_caps=1 | minZ=0.087365 | models=[1014] | nodes=[9]
2026-01-10 20:33:22,390 - /DATA/Aurindum/Swarming/Outputs/20260109_202226_ParticleTesting/P60_I60/run.log - INFO - n_caps=2 | minZ=0.064766 | models=[1014, 1012] | nodes=[9, 10]
2026-01-10 20:35:04,503 - /DATA/Aurindum/Swarming/Outputs/20260109_202226_ParticleTesting/P60_I60/run.log - INFO - n_caps=3 | minZ=0.054175 | models=[1014, 1012, 500] | nodes=[9, 10, 5]
2026-01-10 20:36:49,284 - /DATA/Aurindum/Swarming/Outputs/20260109_202226_ParticleTesting/P60_I60/run.log - INFO - n_caps=4 | minZ=0.050965 | models=[1014, 1012, 500, 433] | nodes=[9, 10, 5, 6]
2026-01-10 20:38:32,915 - /DATA/Aurindum/Swarming/Outputs/20260109_202226_ParticleTesting/P60_I60/run.log - INFO - n_caps=5 | minZ=0.048005 | models=[1014, 1012, 499, 433, 434] | nodes=[9, 10, 5, 6, 14]
2026-01-10 20:40:15,645 - /DATA/Aurindum/Swarming/Outputs/20260109_202226_ParticleTesting/P60_I60/run.log - INFO - n_caps=6 | minZ=0.045296 | models=[1014, 1012, 499, 433, 433, 189] | nodes=[9, 10, 5, 6, 14, 7]
2026-01-10 20:42:02,743 - /DATA/Aurindum/Swarming/Outputs/20260109_202226_ParticleTesting/P60_I60/run.log - INFO - n_caps=7 | minZ=0.043807 | models=[1014, 1012, 500, 433, 434, 189, 892] | nodes=[9, 10, 6, 5, 14, 7, 15]
2026-01-10 20:43:46,678 - /DATA/Aurindum/Swarming/Outputs/20260109_202226_ParticleTesting/P60_I60/run.log - INFO - n_caps=8 | minZ=0.041523 | models=[1014, 1012, 500, 433, 434, 189, 893, 263] | nodes=[9, 10, 6, 5, 14, 7, 15, 16]
2026-01-10 20:43:46,679 - /DATA/Aurindum/Swarming/Outputs/20260109_202226_ParticleTesting/P60_I60/run.log - INFO - Threshold reached at n_caps=8
2026-01-10 20:45:54,750 - /DATA/Aurindum/Swarming/Outputs/20260109_202226_ParticleTesting/P60_I70/run.log - INFO - n_caps=1 | minZ=0.087365 | models=[1014] | nodes=[9]
2026-01-10 20:48:13,135 - /DATA/Aurindum/Swarming/Outputs/20260109_202226_ParticleTesting/P60_I70/run.log - INFO - n_caps=2 | minZ=0.064766 | models=[1014, 1012] | nodes=[9, 10]
2026-01-10 20:50:37,465 - /DATA/Aurindum/Swarming/Outputs/20260109_202226_ParticleTesting/P60_I70/run.log - INFO - n_caps=3 | minZ=0.053863 | models=[1014, 1012, 528] | nodes=[9, 10, 14]
2026-01-10 20:52:47,465 - /DATA/Aurindum/Swarming/Outputs/20260109_202226_ParticleTesting/P60_I70/run.log - INFO - n_caps=4 | minZ=0.050634 | models=[1014, 1012, 528, 300] | nodes=[9, 10, 14, 15]
2026-01-10 20:54:54,518 - /DATA/Aurindum/Swarming/Outputs/20260109_202226_ParticleTesting/P60_I70/run.log - INFO - n_caps=5 | minZ=0.048235 | models=[1014, 1012, 528, 300, 455] | nodes=[9, 10, 14, 15, 5]
2026-01-10 20:56:58,483 - /DATA/Aurindum/Swarming/Outputs/20260109_202226_ParticleTesting/P60_I70/run.log - INFO - n_caps=6 | minZ=0.046343 | models=[1014, 1012, 527, 300, 455, 109] | nodes=[9, 10, 14, 15, 5, 6]
2026-01-10 20:58:59,743 - /DATA/Aurindum/Swarming/Outputs/20260109_202226_ParticleTesting/P60_I70/run.log - INFO - n_caps=7 | minZ=0.044816 | models=[1014, 1012, 528, 300, 455, 109, 334] | nodes=[9, 10, 14, 15, 5, 6, 7]
2026-01-10 21:01:15,256 - /DATA/Aurindum/Swarming/Outputs/20260109_202226_ParticleTesting/P60_I70/run.log - INFO - n_caps=8 | minZ=0.043468 | models=[1014, 1012, 527, 300, 455, 109, 334, 189] | nodes=[9, 10, 14, 15, 5, 6, 7, 16]
2026-01-10 21:03:18,316 - /DATA/Aurindum/Swarming/Outputs/20260109_202226_ParticleTesting/P60_I70/run.log - INFO - n_caps=9 | minZ=0.042523 | models=[1014, 1012, 528, 300, 455, 109, 334, 189, 214] | nodes=[9, 10, 14, 16, 5, 6, 7, 15, 8]
2026-01-10 21:05:24,932 - /DATA/Aurindum/Swarming/Outputs/20260109_202226_ParticleTesting/P60_I70/run.log - INFO - n_caps=10 | minZ=0.041563 | models=[1014, 1012, 523, 300, 455, 109, 334, 189, 214, 1916] | nodes=[9, 10, 14, 16, 5, 6, 7, 15, 8, 2]
2026-01-10 21:05:24,933 - /DATA/Aurindum/Swarming/Outputs/20260109_202226_ParticleTesting/P60_I70/run.log - INFO - Threshold reached at n_caps=10
2026-01-10 21:07:57,011 - /DATA/Aurindum/Swarming/Outputs/20260109_202226_ParticleTesting/P60_I80/run.log - INFO - n_caps=1 | minZ=0.087365 | models=[1014] | nodes=[9]
2026-01-10 21:10:17,015 - /DATA/Aurindum/Swarming/Outputs/20260109_202226_ParticleTesting/P60_I80/run.log - INFO - n_caps=2 | minZ=0.066976 | models=[1012, 892] | nodes=[9, 10]
2026-01-10 21:12:50,630 - /DATA/Aurindum/Swarming/Outputs/20260109_202226_ParticleTesting/P60_I80/run.log - INFO - n_caps=3 | minZ=0.056907 | models=[1012, 892, 899] | nodes=[9, 10, 15]
2026-01-10 21:15:14,359 - /DATA/Aurindum/Swarming/Outputs/20260109_202226_ParticleTesting/P60_I80/run.log - INFO - n_caps=4 | minZ=0.050635 | models=[1012, 892, 899, 585] | nodes=[10, 9, 15, 5]
2026-01-10 21:17:31,388 - /DATA/Aurindum/Swarming/Outputs/20260109_202226_ParticleTesting/P60_I80/run.log - INFO - n_caps=5 | minZ=0.047398 | models=[1012, 893, 898, 585, 433] | nodes=[9, 10, 14, 5, 6]
2026-01-10 21:19:55,470 - /DATA/Aurindum/Swarming/Outputs/20260109_202226_ParticleTesting/P60_I80/run.log - INFO - n_caps=6 | minZ=0.045304 | models=[1012, 893, 898, 585, 433, 221] | nodes=[9, 10, 14, 5, 6, 7]
2026-01-10 21:22:29,039 - /DATA/Aurindum/Swarming/Outputs/20260109_202226_ParticleTesting/P60_I80/run.log - INFO - n_caps=7 | minZ=0.043697 | models=[1012, 893, 899, 585, 433, 221, 433] | nodes=[9, 10, 14, 5, 6, 7, 15]
2026-01-10 21:24:51,370 - /DATA/Aurindum/Swarming/Outputs/20260109_202226_ParticleTesting/P60_I80/run.log - INFO - n_caps=8 | minZ=0.041627 | models=[1012, 893, 899, 585, 433, 222, 433, 263] | nodes=[10, 9, 15, 5, 6, 7, 14, 16]
2026-01-10 21:24:51,370 - /DATA/Aurindum/Swarming/Outputs/20260109_202226_ParticleTesting/P60_I80/run.log - INFO - Threshold reached at n_caps=8
2026-01-10 21:27:42,647 - /DATA/Aurindum/Swarming/Outputs/20260109_202226_ParticleTesting/P60_I90/run.log - INFO - n_caps=1 | minZ=0.087365 | models=[1012] | nodes=[9]
2026-01-10 21:30:32,403 - /DATA/Aurindum/Swarming/Outputs/20260109_202226_ParticleTesting/P60_I90/run.log - INFO - n_caps=2 | minZ=0.064766 | models=[1012, 1012] | nodes=[9, 10]
2026-01-10 21:33:23,802 - /DATA/Aurindum/Swarming/Outputs/20260109_202226_ParticleTesting/P60_I90/run.log - INFO - n_caps=3 | minZ=0.053863 | models=[1012, 1012, 527] | nodes=[9, 10, 14]
2026-01-10 21:36:15,224 - /DATA/Aurindum/Swarming/Outputs/20260109_202226_ParticleTesting/P60_I90/run.log - INFO - n_caps=4 | minZ=0.049874 | models=[1012, 1012, 527, 433] | nodes=[9, 10, 14, 15]
2026-01-10 21:39:00,737 - /DATA/Aurindum/Swarming/Outputs/20260109_202226_ParticleTesting/P60_I90/run.log - INFO - n_caps=5 | minZ=0.047557 | models=[1012, 1012, 527, 433, 434] | nodes=[9, 10, 14, 15, 5]
2026-01-10 21:41:53,102 - /DATA/Aurindum/Swarming/Outputs/20260109_202226_ParticleTesting/P60_I90/run.log - INFO - n_caps=6 | minZ=0.045027 | models=[1012, 1012, 527, 433, 433, 189] | nodes=[9, 10, 14, 15, 5, 6]
2026-01-10 21:44:36,061 - /DATA/Aurindum/Swarming/Outputs/20260109_202226_ParticleTesting/P60_I90/run.log - INFO - n_caps=7 | minZ=0.043260 | models=[1012, 1012, 527, 433, 433, 189, 433] | nodes=[9, 10, 14, 15, 5, 7, 6]
2026-01-10 21:47:12,918 - /DATA/Aurindum/Swarming/Outputs/20260109_202226_ParticleTesting/P60_I90/run.log - INFO - n_caps=8 | minZ=0.041685 | models=[1012, 1012, 527, 433, 433, 189, 433, 183] | nodes=[10, 9, 14, 15, 5, 7, 6, 16]
2026-01-10 21:47:12,919 - /DATA/Aurindum/Swarming/Outputs/20260109_202226_ParticleTesting/P60_I90/run.log - INFO - Threshold reached at n_caps=8
2026-01-10 21:50:08,393 - /DATA/Aurindum/Swarming/Outputs/20260109_202226_ParticleTesting/P60_I100/run.log - INFO - n_caps=1 | minZ=0.087365 | models=[1014] | nodes=[9]
2026-01-10 21:53:02,270 - /DATA/Aurindum/Swarming/Outputs/20260109_202226_ParticleTesting/P60_I100/run.log - INFO - n_caps=2 | minZ=0.064766 | models=[1014, 1014] | nodes=[9, 10]
2026-01-10 21:55:59,260 - /DATA/Aurindum/Swarming/Outputs/20260109_202226_ParticleTesting/P60_I100/run.log - INFO - n_caps=3 | minZ=0.054024 | models=[1014, 1014, 512] | nodes=[9, 10, 15]
2026-01-10 21:59:05,819 - /DATA/Aurindum/Swarming/Outputs/20260109_202226_ParticleTesting/P60_I100/run.log - INFO - n_caps=4 | minZ=0.050684 | models=[1014, 1014, 512, 745] | nodes=[9, 10, 14, 15]
2026-01-10 22:02:13,068 - /DATA/Aurindum/Swarming/Outputs/20260109_202226_ParticleTesting/P60_I100/run.log - INFO - n_caps=5 | minZ=0.047512 | models=[1014, 1014, 510, 745, 178] | nodes=[9, 10, 14, 15, 6]
2026-01-10 22:05:32,271 - /DATA/Aurindum/Swarming/Outputs/20260109_202226_ParticleTesting/P60_I100/run.log - INFO - n_caps=6 | minZ=0.045041 | models=[1014, 1014, 510, 744, 178, 433] | nodes=[9, 10, 14, 15, 7, 5]
2026-01-10 22:08:48,302 - /DATA/Aurindum/Swarming/Outputs/20260109_202226_ParticleTesting/P60_I100/run.log - INFO - n_caps=7 | minZ=0.043340 | models=[1014, 1014, 510, 744, 179, 433, 189] | nodes=[9, 10, 14, 15, 7, 5, 6]
2026-01-10 22:11:45,902 - /DATA/Aurindum/Swarming/Outputs/20260109_202226_ParticleTesting/P60_I100/run.log - INFO - n_caps=8 | minZ=0.041554 | models=[1014, 1014, 511, 745, 179, 433, 189, 434] | nodes=[9, 10, 14, 15, 7, 5, 6, 16]
2026-01-10 22:11:45,903 - /DATA/Aurindum/Swarming/Outputs/20260109_202226_ParticleTesting/P60_I100/run.log - INFO - Threshold reached at n_caps=8
2026-01-10 22:15:02,568 - /DATA/Aurindum/Swarming/Outputs/20260109_202226_ParticleTesting/P60_I110/run.log - INFO - n_caps=1 | minZ=0.087365 | models=[1014] | nodes=[9]
2026-01-10 22:19:01,073 - /DATA/Aurindum/Swarming/Outputs/20260109_202226_ParticleTesting/P60_I110/run.log - INFO - n_caps=2 | minZ=0.064766 | models=[1014, 1012] | nodes=[9, 10]
2026-01-10 22:22:55,081 - /DATA/Aurindum/Swarming/Outputs/20260109_202226_ParticleTesting/P60_I110/run.log - INFO - n_caps=3 | minZ=0.053863 | models=[1014, 1012, 528] | nodes=[9, 10, 14]
2026-01-10 22:26:50,195 - /DATA/Aurindum/Swarming/Outputs/20260109_202226_ParticleTesting/P60_I110/run.log - INFO - n_caps=4 | minZ=0.050009 | models=[1014, 1012, 528, 434] | nodes=[9, 10, 14, 5]
2026-01-10 22:30:41,591 - /DATA/Aurindum/Swarming/Outputs/20260109_202226_ParticleTesting/P60_I110/run.log - INFO - n_caps=5 | minZ=0.047756 | models=[1014, 1012, 528, 434, 342] | nodes=[9, 10, 14, 5, 15]
2026-01-10 22:34:36,753 - /DATA/Aurindum/Swarming/Outputs/20260109_202226_ParticleTesting/P60_I110/run.log - INFO - n_caps=6 | minZ=0.044040 | models=[1014, 1012, 528, 433, 342, 262] | nodes=[10, 9, 14, 5, 15, 6]
2026-01-10 22:38:31,206 - /DATA/Aurindum/Swarming/Outputs/20260109_202226_ParticleTesting/P60_I110/run.log - INFO - n_caps=7 | minZ=0.043093 | models=[1014, 1012, 528, 434, 342, 262, 189] | nodes=[9, 10, 14, 6, 15, 5, 7]
2026-01-10 22:42:20,879 - /DATA/Aurindum/Swarming/Outputs/20260109_202226_ParticleTesting/P60_I110/run.log - INFO - n_caps=8 | minZ=0.041305 | models=[1014, 1012, 528, 434, 342, 262, 189, 300] | nodes=[9, 10, 14, 6, 15, 5, 7, 16]
2026-01-10 22:42:20,880 - /DATA/Aurindum/Swarming/Outputs/20260109_202226_ParticleTesting/P60_I110/run.log - INFO - Threshold reached at n_caps=8
2026-01-10 22:46:27,918 - /DATA/Aurindum/Swarming/Outputs/20260109_202226_ParticleTesting/P60_I120/run.log - INFO - n_caps=1 | minZ=0.087365 | models=[1014] | nodes=[9]
2026-01-10 22:50:31,179 - /DATA/Aurindum/Swarming/Outputs/20260109_202226_ParticleTesting/P60_I120/run.log - INFO - n_caps=2 | minZ=0.064766 | models=[1014, 1012] | nodes=[9, 10]
2026-01-10 22:54:33,413 - /DATA/Aurindum/Swarming/Outputs/20260109_202226_ParticleTesting/P60_I120/run.log - INFO - n_caps=3 | minZ=0.053976 | models=[1014, 1012, 509] | nodes=[9, 10, 14]
2026-01-10 22:58:40,378 - /DATA/Aurindum/Swarming/Outputs/20260109_202226_ParticleTesting/P60_I120/run.log - INFO - n_caps=4 | minZ=0.049852 | models=[1012, 1012, 512, 433] | nodes=[9, 10, 14, 15]
2026-01-10 23:02:47,797 - /DATA/Aurindum/Swarming/Outputs/20260109_202226_ParticleTesting/P60_I120/run.log - INFO - n_caps=5 | minZ=0.047771 | models=[1012, 1012, 511, 433, 344] | nodes=[9, 10, 14, 15, 5]
2026-01-10 23:06:55,029 - /DATA/Aurindum/Swarming/Outputs/20260109_202226_ParticleTesting/P60_I120/run.log - INFO - n_caps=6 | minZ=0.044167 | models=[1012, 1012, 512, 434, 344, 263] | nodes=[9, 10, 14, 15, 5, 6]
2026-01-10 23:11:05,884 - /DATA/Aurindum/Swarming/Outputs/20260109_202226_ParticleTesting/P60_I120/run.log - INFO - n_caps=7 | minZ=0.043093 | models=[1012, 1012, 512, 434, 344, 263, 226] | nodes=[9, 10, 15, 14, 5, 6, 16]
2026-01-10 23:15:19,263 - /DATA/Aurindum/Swarming/Outputs/20260109_202226_ParticleTesting/P60_I120/run.log - INFO - n_caps=8 | minZ=0.041790 | models=[1012, 1012, 512, 434, 344, 263, 226, 222] | nodes=[9, 10, 14, 15, 6, 5, 16, 7]
2026-01-10 23:15:19,263 - /DATA/Aurindum/Swarming/Outputs/20260109_202226_ParticleTesting/P60_I120/run.log - INFO - Threshold reached at n_caps=8
2026-01-10 23:19:52,232 - /DATA/Aurindum/Swarming/Outputs/20260109_202226_ParticleTesting/P60_I130/run.log - INFO - n_caps=1 | minZ=0.087365 | models=[1014] | nodes=[9]
2026-01-10 23:24:33,701 - /DATA/Aurindum/Swarming/Outputs/20260109_202226_ParticleTesting/P60_I130/run.log - INFO - n_caps=2 | minZ=0.064766 | models=[1014, 1012] | nodes=[9, 10]
2026-01-10 23:29:02,202 - /DATA/Aurindum/Swarming/Outputs/20260109_202226_ParticleTesting/P60_I130/run.log - INFO - n_caps=3 | minZ=0.053863 | models=[1014, 1012, 528] | nodes=[9, 10, 14]
2026-01-10 23:33:30,181 - /DATA/Aurindum/Swarming/Outputs/20260109_202226_ParticleTesting/P60_I130/run.log - INFO - n_caps=4 | minZ=0.049874 | models=[1014, 1012, 528, 434] | nodes=[9, 10, 14, 15]
2026-01-10 23:38:02,485 - /DATA/Aurindum/Swarming/Outputs/20260109_202226_ParticleTesting/P60_I130/run.log - INFO - n_caps=5 | minZ=0.046772 | models=[1014, 1012, 523, 434, 448] | nodes=[9, 10, 14, 15, 5]
2026-01-10 23:42:38,999 - /DATA/Aurindum/Swarming/Outputs/20260109_202226_ParticleTesting/P60_I130/run.log - INFO - n_caps=6 | minZ=0.045093 | models=[1014, 1012, 523, 434, 447, 221] | nodes=[9, 10, 14, 15, 5, 6]
2026-01-10 23:47:08,548 - /DATA/Aurindum/Swarming/Outputs/20260109_202226_ParticleTesting/P60_I130/run.log - INFO - n_caps=7 | minZ=0.043436 | models=[1014, 1012, 523, 434, 448, 221, 91] | nodes=[9, 10, 14, 15, 5, 6, 7]
2026-01-10 23:51:40,907 - /DATA/Aurindum/Swarming/Outputs/20260109_202226_ParticleTesting/P60_I130/run.log - INFO - n_caps=8 | minZ=0.042077 | models=[1014, 1012, 523, 434, 447, 221, 91, 226] | nodes=[9, 10, 15, 14, 5, 6, 7, 16]
2026-01-10 23:56:10,695 - /DATA/Aurindum/Swarming/Outputs/20260109_202226_ParticleTesting/P60_I130/run.log - INFO - n_caps=9 | minZ=0.041560 | models=[1014, 1012, 523, 434, 447, 221, 91, 226, 174] | nodes=[9, 10, 15, 14, 5, 6, 7, 16, 11]
2026-01-10 23:56:10,696 - /DATA/Aurindum/Swarming/Outputs/20260109_202226_ParticleTesting/P60_I130/run.log - INFO - Threshold reached at n_caps=9
2026-01-11 00:00:51,508 - /DATA/Aurindum/Swarming/Outputs/20260109_202226_ParticleTesting/P60_I140/run.log - INFO - n_caps=1 | minZ=0.087365 | models=[1012] | nodes=[9]
2026-01-11 00:05:38,802 - /DATA/Aurindum/Swarming/Outputs/20260109_202226_ParticleTesting/P60_I140/run.log - INFO - n_caps=2 | minZ=0.064766 | models=[1012, 1014] | nodes=[9, 10]
2026-01-11 00:10:30,472 - /DATA/Aurindum/Swarming/Outputs/20260109_202226_ParticleTesting/P60_I140/run.log - INFO - n_caps=3 | minZ=0.053863 | models=[1012, 1014, 528] | nodes=[9, 10, 14]
2026-01-11 00:15:19,807 - /DATA/Aurindum/Swarming/Outputs/20260109_202226_ParticleTesting/P60_I140/run.log - INFO - n_caps=4 | minZ=0.049874 | models=[1012, 1014, 528, 433] | nodes=[9, 10, 14, 15]
2026-01-11 00:20:13,173 - /DATA/Aurindum/Swarming/Outputs/20260109_202226_ParticleTesting/P60_I140/run.log - INFO - n_caps=5 | minZ=0.047557 | models=[1012, 1014, 528, 434, 433] | nodes=[9, 10, 14, 15, 5]
2026-01-11 00:25:01,858 - /DATA/Aurindum/Swarming/Outputs/20260109_202226_ParticleTesting/P60_I140/run.log - INFO - n_caps=6 | minZ=0.045362 | models=[1012, 1014, 528, 434, 433, 189] | nodes=[9, 10, 14, 15, 5, 16]
2026-01-11 00:29:53,773 - /DATA/Aurindum/Swarming/Outputs/20260109_202226_ParticleTesting/P60_I140/run.log - INFO - n_caps=7 | minZ=0.043580 | models=[1012, 1014, 528, 434, 434, 189, 226] | nodes=[9, 10, 14, 15, 5, 16, 6]
2026-01-11 00:34:42,170 - /DATA/Aurindum/Swarming/Outputs/20260109_202226_ParticleTesting/P60_I140/run.log - INFO - n_caps=8 | minZ=0.042031 | models=[1012, 1014, 528, 434, 434, 189, 231, 920] | nodes=[9, 10, 14, 15, 5, 16, 6, 7]
2026-01-11 00:39:37,447 - /DATA/Aurindum/Swarming/Outputs/20260109_202226_ParticleTesting/P60_I140/run.log - INFO - n_caps=9 | minZ=0.041439 | models=[1012, 1014, 528, 434, 434, 189, 231, 920, 96] | nodes=[9, 10, 14, 13, 5, 15, 6, 7, 16]
2026-01-11 00:39:37,448 - /DATA/Aurindum/Swarming/Outputs/20260109_202226_ParticleTesting/P60_I140/run.log - INFO - Threshold reached at n_caps=9
2026-01-11 00:44:43,673 - /DATA/Aurindum/Swarming/Outputs/20260109_202226_ParticleTesting/P60_I150/run.log - INFO - n_caps=1 | minZ=0.087365 | models=[1014] | nodes=[9]
2026-01-11 00:49:48,935 - /DATA/Aurindum/Swarming/Outputs/20260109_202226_ParticleTesting/P60_I150/run.log - INFO - n_caps=2 | minZ=0.064766 | models=[1014, 1012] | nodes=[9, 10]
2026-01-11 00:54:54,647 - /DATA/Aurindum/Swarming/Outputs/20260109_202226_ParticleTesting/P60_I150/run.log - INFO - n_caps=3 | minZ=0.054024 | models=[1014, 1012, 500] | nodes=[9, 10, 15]
2026-01-11 00:59:58,646 - /DATA/Aurindum/Swarming/Outputs/20260109_202226_ParticleTesting/P60_I150/run.log - INFO - n_caps=4 | minZ=0.049852 | models=[1014, 1012, 499, 434] | nodes=[9, 10, 14, 15]
2026-01-11 01:05:03,496 - /DATA/Aurindum/Swarming/Outputs/20260109_202226_ParticleTesting/P60_I150/run.log - INFO - n_caps=5 | minZ=0.047298 | models=[1045, 1012, 500, 433, 893] | nodes=[9, 10, 14, 15, 6]
2026-01-11 01:10:10,258 - /DATA/Aurindum/Swarming/Outputs/20260109_202226_ParticleTesting/P60_I150/run.log - INFO - n_caps=6 | minZ=0.044995 | models=[1045, 1012, 455, 433, 893, 1510] | nodes=[9, 10, 14, 15, 6, 5]
2026-01-11 01:15:19,107 - /DATA/Aurindum/Swarming/Outputs/20260109_202226_ParticleTesting/P60_I150/run.log - INFO - n_caps=7 | minZ=0.043242 | models=[1045, 1012, 455, 433, 893, 1509, 364] | nodes=[9, 10, 14, 15, 5, 6, 16]
2026-01-11 01:20:21,243 - /DATA/Aurindum/Swarming/Outputs/20260109_202226_ParticleTesting/P60_I150/run.log - INFO - n_caps=8 | minZ=0.040577 | models=[1045, 1012, 455, 433, 893, 1511, 364, 183] | nodes=[10, 9, 14, 15, 5, 6, 16, 7]
2026-01-11 01:20:21,244 - /DATA/Aurindum/Swarming/Outputs/20260109_202226_ParticleTesting/P60_I150/run.log - INFO - Threshold reached at n_caps=8
2026-01-11 01:25:44,670 - /DATA/Aurindum/Swarming/Outputs/20260109_202226_ParticleTesting/P60_I160/run.log - INFO - n_caps=1 | minZ=0.087365 | models=[1014] | nodes=[9]
2026-01-11 01:31:07,985 - /DATA/Aurindum/Swarming/Outputs/20260109_202226_ParticleTesting/P60_I160/run.log - INFO - n_caps=2 | minZ=0.064766 | models=[1014, 1014] | nodes=[9, 10]
2026-01-11 01:36:30,190 - /DATA/Aurindum/Swarming/Outputs/20260109_202226_ParticleTesting/P60_I160/run.log - INFO - n_caps=3 | minZ=0.053863 | models=[1014, 1014, 528] | nodes=[9, 10, 14]
2026-01-11 01:42:04,049 - /DATA/Aurindum/Swarming/Outputs/20260109_202226_ParticleTesting/P60_I160/run.log - INFO - n_caps=4 | minZ=0.049874 | models=[1014, 1014, 527, 433] | nodes=[9, 10, 14, 15]
2026-01-11 01:47:30,342 - /DATA/Aurindum/Swarming/Outputs/20260109_202226_ParticleTesting/P60_I160/run.log - INFO - n_caps=5 | minZ=0.047757 | models=[1014, 1014, 527, 433, 342] | nodes=[9, 10, 14, 15, 5]
2026-01-11 01:52:55,004 - /DATA/Aurindum/Swarming/Outputs/20260109_202226_ParticleTesting/P60_I160/run.log - INFO - n_caps=6 | minZ=0.044046 | models=[1014, 1014, 527, 433, 342, 262] | nodes=[9, 10, 14, 15, 5, 6]
2026-01-11 01:58:23,006 - /DATA/Aurindum/Swarming/Outputs/20260109_202226_ParticleTesting/P60_I160/run.log - INFO - n_caps=7 | minZ=0.042852 | models=[1014, 1014, 528, 433, 342, 262, 109] | nodes=[9, 10, 15, 14, 5, 6, 7]
2026-01-11 02:03:26,447 - /DATA/Aurindum/Swarming/Outputs/20260109_202226_ParticleTesting/P60_I160/run.log - INFO - n_caps=8 | minZ=0.041953 | models=[1014, 1014, 528, 433, 341, 262, 109, 189] | nodes=[9, 10, 15, 14, 5, 6, 7, 16]
2026-01-11 02:03:26,448 - /DATA/Aurindum/Swarming/Outputs/20260109_202226_ParticleTesting/P60_I160/run.log - INFO - Threshold reached at n_caps=8
2026-01-11 02:08:31,834 - /DATA/Aurindum/Swarming/Outputs/20260109_202226_ParticleTesting/P60_I170/run.log - INFO - n_caps=1 | minZ=0.087365 | models=[1012] | nodes=[9]
2026-01-11 02:13:48,673 - /DATA/Aurindum/Swarming/Outputs/20260109_202226_ParticleTesting/P60_I170/run.log - INFO - n_caps=2 | minZ=0.064766 | models=[1012, 1012] | nodes=[9, 10]
2026-01-11 02:18:55,047 - /DATA/Aurindum/Swarming/Outputs/20260109_202226_ParticleTesting/P60_I170/run.log - INFO - n_caps=3 | minZ=0.053976 | models=[1012, 1012, 510] | nodes=[9, 10, 14]
2026-01-11 02:24:14,778 - /DATA/Aurindum/Swarming/Outputs/20260109_202226_ParticleTesting/P60_I170/run.log - INFO - n_caps=4 | minZ=0.050417 | models=[1012, 1012, 511, 341] | nodes=[9, 10, 14, 5]
2026-01-11 02:29:23,702 - /DATA/Aurindum/Swarming/Outputs/20260109_202226_ParticleTesting/P60_I170/run.log - INFO - n_caps=5 | minZ=0.047847 | models=[1012, 1012, 510, 341, 225] | nodes=[9, 10, 14, 5, 15]
2026-01-11 02:34:34,345 - /DATA/Aurindum/Swarming/Outputs/20260109_202226_ParticleTesting/P60_I170/run.log - INFO - n_caps=6 | minZ=0.044666 | models=[1012, 1012, 510, 341, 232, 344] | nodes=[9, 10, 14, 5, 15, 16]
2026-01-11 02:40:13,273 - /DATA/Aurindum/Swarming/Outputs/20260109_202226_ParticleTesting/P60_I170/run.log - INFO - n_caps=7 | minZ=0.042741 | models=[1012, 1012, 510, 342, 231, 343, 226] | nodes=[9, 10, 14, 5, 15, 16, 6]
2026-01-11 02:45:46,122 - /DATA/Aurindum/Swarming/Outputs/20260109_202226_ParticleTesting/P60_I170/run.log - INFO - n_caps=8 | minZ=0.041523 | models=[1012, 1012, 510, 341, 232, 344, 226, 171] | nodes=[9, 10, 14, 5, 15, 16, 7, 6]
2026-01-11 02:45:46,122 - /DATA/Aurindum/Swarming/Outputs/20260109_202226_ParticleTesting/P60_I170/run.log - INFO - Threshold reached at n_caps=8
2026-01-11 02:51:41,113 - /DATA/Aurindum/Swarming/Outputs/20260109_202226_ParticleTesting/P60_I180/run.log - INFO - n_caps=1 | minZ=0.087365 | models=[1014] | nodes=[9]
2026-01-11 02:57:13,796 - /DATA/Aurindum/Swarming/Outputs/20260109_202226_ParticleTesting/P60_I180/run.log - INFO - n_caps=2 | minZ=0.064766 | models=[1014, 1014] | nodes=[9, 10]
2026-01-11 03:03:04,242 - /DATA/Aurindum/Swarming/Outputs/20260109_202226_ParticleTesting/P60_I180/run.log - INFO - n_caps=3 | minZ=0.053863 | models=[1014, 1014, 528] | nodes=[9, 10, 14]
2026-01-11 03:08:41,402 - /DATA/Aurindum/Swarming/Outputs/20260109_202226_ParticleTesting/P60_I180/run.log - INFO - n_caps=4 | minZ=0.050349 | models=[1014, 1014, 528, 434] | nodes=[9, 10, 14, 6]
2026-01-11 03:14:15,283 - /DATA/Aurindum/Swarming/Outputs/20260109_202226_ParticleTesting/P60_I180/run.log - INFO - n_caps=5 | minZ=0.047006 | models=[1014, 1014, 524, 434, 448] | nodes=[9, 10, 14, 6, 5]
2026-01-11 03:20:06,162 - /DATA/Aurindum/Swarming/Outputs/20260109_202226_ParticleTesting/P60_I180/run.log - INFO - n_caps=6 | minZ=0.045084 | models=[1014, 1014, 523, 434, 447, 226] | nodes=[9, 10, 14, 6, 5, 7]
2026-01-11 03:25:47,847 - /DATA/Aurindum/Swarming/Outputs/20260109_202226_ParticleTesting/P60_I180/run.log - INFO - n_caps=7 | minZ=0.043633 | models=[1014, 1014, 523, 434, 447, 225, 225] | nodes=[9, 10, 14, 6, 5, 7, 15]
2026-01-11 03:31:32,536 - /DATA/Aurindum/Swarming/Outputs/20260109_202226_ParticleTesting/P60_I180/run.log - INFO - n_caps=8 | minZ=0.041528 | models=[1014, 1014, 523, 342, 447, 226, 225, 189] | nodes=[9, 10, 14, 6, 5, 7, 15, 16]
2026-01-11 03:31:32,537 - /DATA/Aurindum/Swarming/Outputs/20260109_202226_ParticleTesting/P60_I180/run.log - INFO - Threshold reached at n_caps=8
2026-01-11 03:37:37,454 - /DATA/Aurindum/Swarming/Outputs/20260109_202226_ParticleTesting/P60_I190/run.log - INFO - n_caps=1 | minZ=0.087365 | models=[1012] | nodes=[9]
2026-01-11 03:43:36,188 - /DATA/Aurindum/Swarming/Outputs/20260109_202226_ParticleTesting/P60_I190/run.log - INFO - n_caps=2 | minZ=0.064766 | models=[1012, 1014] | nodes=[9, 10]
2026-01-11 03:49:38,890 - /DATA/Aurindum/Swarming/Outputs/20260109_202226_ParticleTesting/P60_I190/run.log - INFO - n_caps=3 | minZ=0.053863 | models=[1012, 1014, 527] | nodes=[10, 9, 14]
2026-01-11 03:55:43,472 - /DATA/Aurindum/Swarming/Outputs/20260109_202226_ParticleTesting/P60_I190/run.log - INFO - n_caps=4 | minZ=0.049979 | models=[1012, 1014, 512, 433] | nodes=[10, 9, 14, 5]
2026-01-11 04:01:54,568 - /DATA/Aurindum/Swarming/Outputs/20260109_202226_ParticleTesting/P60_I190/run.log - INFO - n_caps=5 | minZ=0.047753 | models=[1012, 1014, 510, 433, 344] | nodes=[9, 10, 14, 5, 15]
2026-01-11 04:07:51,182 - /DATA/Aurindum/Swarming/Outputs/20260109_202226_ParticleTesting/P60_I190/run.log - INFO - n_caps=6 | minZ=0.044064 | models=[1012, 1014, 509, 433, 344, 262] | nodes=[9, 10, 14, 5, 15, 6]
2026-01-11 04:13:39,415 - /DATA/Aurindum/Swarming/Outputs/20260109_202226_ParticleTesting/P60_I190/run.log - INFO - n_caps=7 | minZ=0.043161 | models=[1012, 1014, 509, 433, 344, 262, 171] | nodes=[9, 10, 14, 5, 15, 6, 7]
2026-01-11 04:19:28,999 - /DATA/Aurindum/Swarming/Outputs/20260109_202226_ParticleTesting/P60_I190/run.log - INFO - n_caps=8 | minZ=0.041465 | models=[1012, 1014, 509, 433, 344, 263, 171, 301] | nodes=[9, 10, 14, 5, 15, 6, 7, 16]
2026-01-11 04:19:29,000 - /DATA/Aurindum/Swarming/Outputs/20260109_202226_ParticleTesting/P60_I190/run.log - INFO - Threshold reached at n_caps=8
2026-01-11 04:25:35,931 - /DATA/Aurindum/Swarming/Outputs/20260109_202226_ParticleTesting/P60_I200/run.log - INFO - n_caps=1 | minZ=0.087365 | models=[1012] | nodes=[9]
2026-01-11 04:32:03,924 - /DATA/Aurindum/Swarming/Outputs/20260109_202226_ParticleTesting/P60_I200/run.log - INFO - n_caps=2 | minZ=0.064766 | models=[1012, 1014] | nodes=[9, 10]
2026-01-11 04:38:45,627 - /DATA/Aurindum/Swarming/Outputs/20260109_202226_ParticleTesting/P60_I200/run.log - INFO - n_caps=3 | minZ=0.053863 | models=[1012, 1014, 528] | nodes=[10, 9, 14]
2026-01-11 04:45:02,524 - /DATA/Aurindum/Swarming/Outputs/20260109_202226_ParticleTesting/P60_I200/run.log - INFO - n_caps=4 | minZ=0.049666 | models=[1012, 1014, 448, 433] | nodes=[10, 9, 14, 15]
2026-01-11 04:51:07,105 - /DATA/Aurindum/Swarming/Outputs/20260109_202226_ParticleTesting/P60_I200/run.log - INFO - n_caps=5 | minZ=0.046111 | models=[1012, 1014, 447, 434, 893] | nodes=[10, 9, 14, 15, 5]
2026-01-11 04:57:29,328 - /DATA/Aurindum/Swarming/Outputs/20260109_202226_ParticleTesting/P60_I200/run.log - INFO - n_caps=6 | minZ=0.044010 | models=[1012, 1014, 447, 434, 893, 189] | nodes=[9, 10, 14, 15, 5, 6]
2026-01-11 05:03:43,135 - /DATA/Aurindum/Swarming/Outputs/20260109_202226_ParticleTesting/P60_I200/run.log - INFO - n_caps=7 | minZ=0.041967 | models=[1012, 1014, 448, 433, 893, 189, 362] | nodes=[9, 10, 14, 15, 5, 6, 7]
2026-01-11 05:03:43,136 - /DATA/Aurindum/Swarming/Outputs/20260109_202226_ParticleTesting/P60_I200/run.log - INFO - Threshold reached at n_caps=7
2026-01-11 05:04:03,936 - /DATA/Aurindum/Swarming/Outputs/20260109_202226_ParticleTesting/P70_I10/run.log - INFO - n_caps=1 | minZ=0.104281 | models=[974] | nodes=[10]
2026-01-11 05:04:26,030 - /DATA/Aurindum/Swarming/Outputs/20260109_202226_ParticleTesting/P70_I10/run.log - INFO - n_caps=2 | minZ=0.080827 | models=[975, 911] | nodes=[10, 16]
2026-01-11 05:04:48,219 - /DATA/Aurindum/Swarming/Outputs/20260109_202226_ParticleTesting/P70_I10/run.log - INFO - n_caps=3 | minZ=0.068493 | models=[975, 910, 837] | nodes=[10, 16, 7]
2026-01-11 05:05:12,353 - /DATA/Aurindum/Swarming/Outputs/20260109_202226_ParticleTesting/P70_I10/run.log - INFO - n_caps=4 | minZ=0.059088 | models=[975, 910, 837, 434] | nodes=[10, 15, 7, 16]
2026-01-11 05:05:36,395 - /DATA/Aurindum/Swarming/Outputs/20260109_202226_ParticleTesting/P70_I10/run.log - INFO - n_caps=5 | minZ=0.053357 | models=[975, 910, 837, 434, 837] | nodes=[10, 15, 7, 16, 9]
2026-01-11 05:06:01,119 - /DATA/Aurindum/Swarming/Outputs/20260109_202226_ParticleTesting/P70_I10/run.log - INFO - n_caps=6 | minZ=0.049212 | models=[975, 910, 837, 433, 837, 685] | nodes=[10, 15, 7, 16, 9, 14]
2026-01-11 05:06:26,007 - /DATA/Aurindum/Swarming/Outputs/20260109_202226_ParticleTesting/P70_I10/run.log - INFO - n_caps=7 | minZ=0.047098 | models=[975, 911, 837, 433, 838, 685, 524] | nodes=[10, 15, 7, 16, 9, 14, 6]
2026-01-11 05:06:48,729 - /DATA/Aurindum/Swarming/Outputs/20260109_202226_ParticleTesting/P70_I10/run.log - INFO - n_caps=8 | minZ=0.045384 | models=[975, 911, 837, 433, 838, 685, 524, 439] | nodes=[9, 15, 7, 16, 10, 14, 6, 5]
2026-01-11 05:07:10,579 - /DATA/Aurindum/Swarming/Outputs/20260109_202226_ParticleTesting/P70_I10/run.log - INFO - n_caps=9 | minZ=0.044118 | models=[975, 910, 837, 434, 838, 685, 524, 439, 238] | nodes=[9, 15, 7, 16, 10, 14, 6, 5, 8]
2026-01-11 05:07:33,328 - /DATA/Aurindum/Swarming/Outputs/20260109_202226_ParticleTesting/P70_I10/run.log - INFO - n_caps=10 | minZ=0.043798 | models=[975, 910, 837, 434, 838, 685, 524, 439, 238, 125] | nodes=[9, 15, 7, 16, 10, 14, 6, 5, 8, 11]
2026-01-11 05:07:57,389 - /DATA/Aurindum/Swarming/Outputs/20260109_202226_ParticleTesting/P70_I10/run.log - INFO - n_caps=11 | minZ=0.043730 | models=[975, 910, 837, 434, 838, 685, 524, 440, 238, 125, 1520] | nodes=[10, 15, 7, 16, 9, 14, 6, 5, 8, 11, 2]
2026-01-11 05:08:18,463 - /DATA/Aurindum/Swarming/Outputs/20260109_202226_ParticleTesting/P70_I10/run.log - INFO - n_caps=12 | minZ=0.043624 | models=[975, 910, 837, 434, 838, 685, 524, 440, 238, 124, 1520, 1461] | nodes=[10, 15, 7, 16, 9, 14, 5, 6, 8, 11, 2, 1]
2026-01-11 05:08:39,623 - /DATA/Aurindum/Swarming/Outputs/20260109_202226_ParticleTesting/P70_I10/run.log - INFO - n_caps=13 | minZ=0.043615 | models=[975, 910, 837, 434, 838, 685, 524, 440, 238, 124, 1520, 1461, 174] | nodes=[10, 15, 7, 16, 9, 14, 5, 6, 8, 11, 2, 1, 18]
2026-01-11 05:09:01,146 - /DATA/Aurindum/Swarming/Outputs/20260109_202226_ParticleTesting/P70_I10/run.log - INFO - n_caps=14 | minZ=0.043436 | models=[975, 909, 837, 434, 837, 685, 524, 439, 238, 125, 1520, 1461, 173, 2380] | nodes=[10, 15, 7, 16, 9, 14, 5, 6, 8, 11, 2, 1, 18, 17]
2026-01-11 05:09:22,706 - /DATA/Aurindum/Swarming/Outputs/20260109_202226_ParticleTesting/P70_I10/run.log - INFO - n_caps=15 | minZ=0.043155 | models=[975, 909, 837, 433, 838, 685, 524, 440, 238, 124, 1520, 1462, 173, 2380, 2175] | nodes=[10, 15, 7, 16, 9, 14, 5, 6, 8, 11, 2, 12, 17, 18, 19]
2026-01-11 05:09:44,459 - /DATA/Aurindum/Swarming/Outputs/20260109_202226_ParticleTesting/P70_I10/run.log - INFO - n_caps=16 | minZ=0.043057 | models=[976, 909, 837, 433, 837, 685, 524, 440, 238, 125, 1520, 1462, 172, 2381, 2175, 1376] | nodes=[10, 15, 7, 16, 9, 14, 5, 6, 8, 11, 1, 12, 17, 18, 19, 2]
2026-01-11 05:10:05,495 - /DATA/Aurindum/Swarming/Outputs/20260109_202226_ParticleTesting/P70_I10/run.log - INFO - n_caps=17 | minZ=0.043054 | models=[976, 909, 837, 433, 837, 685, 524, 440, 238, 125, 1520, 1462, 172, 2381, 2175, 1376, 78] | nodes=[10, 15, 7, 16, 9, 14, 5, 6, 8, 11, 1, 12, 17, 18, 19, 2, 3]
2026-01-11 05:10:28,156 - /DATA/Aurindum/Swarming/Outputs/20260109_202226_ParticleTesting/P70_I10/run.log - INFO - n_caps=18 | minZ=0.042957 | models=[976, 908, 838, 433, 837, 685, 524, 439, 238, 125, 1521, 1462, 172, 2381, 2175, 1376, 77, 134] | nodes=[10, 16, 6, 15, 9, 14, 5, 7, 8, 11, 1, 12, 17, 18, 19, 2, 3, 20]
2026-01-11 05:10:51,239 - /DATA/Aurindum/Swarming/Outputs/20260109_202226_ParticleTesting/P70_I10/run.log - INFO - n_caps=19 | minZ=0.042883 | models=[976, 908, 837, 433, 837, 685, 524, 439, 238, 125, 1520, 1462, 172, 2381, 2175, 1376, 77, 134, 538] | nodes=[9, 16, 6, 14, 10, 15, 5, 7, 8, 11, 1, 12, 17, 18, 19, 2, 3, 4, 20]
2026-01-11 05:11:14,988 - /DATA/Aurindum/Swarming/Outputs/20260109_202226_ParticleTesting/P70_I10/run.log - INFO - n_caps=20 | minZ=0.042909 | models=[976, 908, 837, 433, 837, 685, 524, 439, 238, 125, 1520, 1462, 172, 2381, 2175, 1377, 77, 134, 538, 54] | nodes=[9, 16, 6, 14, 10, 15, 5, 7, 8, 11, 1, 12, 17, 18, 19, 2, 3, 4, 20, 13]
2026-01-11 05:11:58,170 - /DATA/Aurindum/Swarming/Outputs/20260109_202226_ParticleTesting/P70_I20/run.log - INFO - n_caps=1 | minZ=0.087365 | models=[1014] | nodes=[9]
2026-01-11 05:12:41,497 - /DATA/Aurindum/Swarming/Outputs/20260109_202226_ParticleTesting/P70_I20/run.log - INFO - n_caps=2 | minZ=0.064766 | models=[1014, 1014] | nodes=[9, 10]
2026-01-11 05:13:26,043 - /DATA/Aurindum/Swarming/Outputs/20260109_202226_ParticleTesting/P70_I20/run.log - INFO - n_caps=3 | minZ=0.055366 | models=[1014, 1014, 586] | nodes=[9, 10, 15]
2026-01-11 05:14:11,514 - /DATA/Aurindum/Swarming/Outputs/20260109_202226_ParticleTesting/P70_I20/run.log - INFO - n_caps=4 | minZ=0.052083 | models=[1014, 1014, 586, 334] | nodes=[9, 10, 16, 6]
2026-01-11 05:15:00,529 - /DATA/Aurindum/Swarming/Outputs/20260109_202226_ParticleTesting/P70_I20/run.log - INFO - n_caps=5 | minZ=0.049978 | models=[1014, 1014, 586, 334, 923] | nodes=[9, 10, 16, 6, 14]
2026-01-11 05:15:47,800 - /DATA/Aurindum/Swarming/Outputs/20260109_202226_ParticleTesting/P70_I20/run.log - INFO - n_caps=6 | minZ=0.047598 | models=[1014, 1014, 586, 333, 923, 178] | nodes=[9, 10, 16, 6, 14, 7]
2026-01-11 05:16:35,662 - /DATA/Aurindum/Swarming/Outputs/20260109_202226_ParticleTesting/P70_I20/run.log - INFO - n_caps=7 | minZ=0.044212 | models=[1014, 1014, 587, 333, 923, 178, 455] | nodes=[9, 10, 16, 6, 15, 7, 14]
2026-01-11 05:17:24,231 - /DATA/Aurindum/Swarming/Outputs/20260109_202226_ParticleTesting/P70_I20/run.log - INFO - n_caps=8 | minZ=0.042431 | models=[1014, 1014, 587, 333, 923, 178, 455, 174] | nodes=[9, 10, 16, 6, 14, 7, 15, 5]
2026-01-11 05:18:11,028 - /DATA/Aurindum/Swarming/Outputs/20260109_202226_ParticleTesting/P70_I20/run.log - INFO - n_caps=9 | minZ=0.041572 | models=[1014, 1014, 587, 333, 923, 178, 455, 175, 248] | nodes=[9, 10, 16, 5, 14, 7, 15, 6, 11]
2026-01-11 05:18:11,029 - /DATA/Aurindum/Swarming/Outputs/20260109_202226_ParticleTesting/P70_I20/run.log - INFO - Threshold reached at n_caps=9
2026-01-11 05:19:22,700 - /DATA/Aurindum/Swarming/Outputs/20260109_202226_ParticleTesting/P70_I30/run.log - INFO - n_caps=1 | minZ=0.093198 | models=[1014] | nodes=[14]
2026-01-11 05:20:29,660 - /DATA/Aurindum/Swarming/Outputs/20260109_202226_ParticleTesting/P70_I30/run.log - INFO - n_caps=2 | minZ=0.064766 | models=[1012, 1012] | nodes=[9, 10]
2026-01-11 05:21:39,285 - /DATA/Aurindum/Swarming/Outputs/20260109_202226_ParticleTesting/P70_I30/run.log - INFO - n_caps=3 | minZ=0.054024 | models=[1012, 1012, 500] | nodes=[9, 10, 15]
2026-01-11 05:22:49,016 - /DATA/Aurindum/Swarming/Outputs/20260109_202226_ParticleTesting/P70_I30/run.log - INFO - n_caps=4 | minZ=0.050937 | models=[1012, 1012, 500, 392] | nodes=[9, 10, 14, 15]
2026-01-11 05:23:55,367 - /DATA/Aurindum/Swarming/Outputs/20260109_202226_ParticleTesting/P70_I30/run.log - INFO - n_caps=5 | minZ=0.048789 | models=[1012, 1012, 500, 391, 273] | nodes=[9, 10, 14, 15, 6]
2026-01-11 05:24:59,172 - /DATA/Aurindum/Swarming/Outputs/20260109_202226_ParticleTesting/P70_I30/run.log - INFO - n_caps=6 | minZ=0.046832 | models=[1012, 1012, 500, 391, 273, 447] | nodes=[9, 10, 14, 15, 6, 5]
2026-01-11 05:26:03,119 - /DATA/Aurindum/Swarming/Outputs/20260109_202226_ParticleTesting/P70_I30/run.log - INFO - n_caps=7 | minZ=0.045593 | models=[1012, 1012, 500, 391, 273, 447, 365] | nodes=[9, 10, 14, 15, 6, 5, 16]
2026-01-11 05:27:08,832 - /DATA/Aurindum/Swarming/Outputs/20260109_202226_ParticleTesting/P70_I30/run.log - INFO - n_caps=8 | minZ=0.043776 | models=[1012, 1012, 501, 392, 273, 447, 366, 282] | nodes=[9, 10, 15, 16, 6, 5, 14, 7]
2026-01-11 05:28:09,744 - /DATA/Aurindum/Swarming/Outputs/20260109_202226_ParticleTesting/P70_I30/run.log - INFO - n_caps=9 | minZ=0.043339 | models=[1012, 1012, 501, 390, 273, 447, 365, 282, 1122] | nodes=[9, 10, 14, 15, 6, 5, 16, 7, 8]
2026-01-11 05:29:14,509 - /DATA/Aurindum/Swarming/Outputs/20260109_202226_ParticleTesting/P70_I30/run.log - INFO - n_caps=10 | minZ=0.043267 | models=[1012, 1012, 501, 390, 273, 447, 365, 282, 1122, 1423] | nodes=[9, 10, 14, 15, 6, 5, 16, 7, 8, 2]
2026-01-11 05:30:19,514 - /DATA/Aurindum/Swarming/Outputs/20260109_202226_ParticleTesting/P70_I30/run.log - INFO - n_caps=11 | minZ=0.043195 | models=[1012, 1012, 501, 389, 273, 447, 365, 282, 1122, 1423, 117] | nodes=[9, 10, 15, 16, 6, 5, 14, 7, 8, 1, 17]
2026-01-11 05:31:24,286 - /DATA/Aurindum/Swarming/Outputs/20260109_202226_ParticleTesting/P70_I30/run.log - INFO - n_caps=12 | minZ=0.042832 | models=[1012, 1012, 501, 389, 273, 447, 365, 283, 1122, 1423, 116, 327] | nodes=[9, 10, 12, 14, 6, 5, 15, 7, 8, 2, 16, 11]
2026-01-11 05:32:31,717 - /DATA/Aurindum/Swarming/Outputs/20260109_202226_ParticleTesting/P70_I30/run.log - INFO - n_caps=13 | minZ=0.042722 | models=[1012, 1012, 501, 389, 273, 447, 365, 283, 1122, 1423, 116, 327, 164] | nodes=[9, 10, 12, 14, 6, 5, 15, 7, 8, 2, 16, 11, 17]
2026-01-11 05:33:43,822 - /DATA/Aurindum/Swarming/Outputs/20260109_202226_ParticleTesting/P70_I30/run.log - INFO - n_caps=14 | minZ=0.042700 | models=[1012, 1012, 501, 389, 273, 447, 365, 283, 1122, 1423, 116, 327, 164, 1650] | nodes=[9, 10, 11, 14, 6, 5, 15, 7, 8, 2, 16, 12, 17, 1]
2026-01-11 05:34:49,147 - /DATA/Aurindum/Swarming/Outputs/20260109_202226_ParticleTesting/P70_I30/run.log - INFO - n_caps=15 | minZ=0.042711 | models=[1012, 1012, 501, 389, 273, 447, 365, 283, 1122, 1423, 116, 327, 164, 1650, 597] | nodes=[9, 10, 11, 14, 6, 5, 15, 7, 8, 2, 16, 12, 17, 1, 3]
2026-01-11 05:35:57,403 - /DATA/Aurindum/Swarming/Outputs/20260109_202226_ParticleTesting/P70_I30/run.log - INFO - n_caps=16 | minZ=0.042663 | models=[1012, 1012, 501, 390, 273, 447, 365, 284, 1122, 1423, 116, 328, 164, 1650, 597, 3334] | nodes=[9, 10, 11, 14, 6, 5, 15, 7, 8, 2, 16, 12, 17, 1, 3, 4]
2026-01-11 05:37:03,876 - /DATA/Aurindum/Swarming/Outputs/20260109_202226_ParticleTesting/P70_I30/run.log - INFO - n_caps=17 | minZ=0.042680 | models=[1012, 1012, 501, 390, 273, 447, 365, 284, 1122, 1423, 116, 328, 164, 1650, 597, 3334, 111] | nodes=[9, 10, 11, 14, 6, 5, 15, 7, 8, 2, 16, 12, 17, 1, 3, 4, 13]
2026-01-11 05:38:09,897 - /DATA/Aurindum/Swarming/Outputs/20260109_202226_ParticleTesting/P70_I30/run.log - INFO - n_caps=18 | minZ=0.042682 | models=[1012, 1012, 501, 390, 273, 447, 365, 284, 1122, 1423, 116, 328, 164, 1650, 597, 3334, 111, 30] | nodes=[9, 10, 11, 14, 6, 5, 15, 7, 8, 2, 16, 12, 17, 1, 3, 4, 13, 18]
2026-01-11 05:39:16,727 - /DATA/Aurindum/Swarming/Outputs/20260109_202226_ParticleTesting/P70_I30/run.log - INFO - n_caps=19 | minZ=0.042684 | models=[1012, 1012, 501, 390, 273, 447, 365, 284, 1122, 1423, 116, 328, 164, 1650, 597, 3334, 111, 30, 3334] | nodes=[9, 10, 11, 14, 6, 5, 15, 7, 8, 2, 16, 12, 17, 1, 3, 4, 13, 18, 19]
2026-01-11 05:40:21,811 - /DATA/Aurindum/Swarming/Outputs/20260109_202226_ParticleTesting/P70_I30/run.log - INFO - n_caps=20 | minZ=0.042686 | models=[1012, 1012, 501, 390, 273, 447, 365, 284, 1122, 1423, 116, 328, 164, 1650, 597, 3334, 111, 30, 3334, 3312] | nodes=[9, 10, 11, 14, 6, 5, 15, 7, 8, 2, 16, 12, 17, 1, 3, 4, 13, 18, 19, 20]
2026-01-11 05:41:49,865 - /DATA/Aurindum/Swarming/Outputs/20260109_202226_ParticleTesting/P70_I40/run.log - INFO - n_caps=1 | minZ=0.087365 | models=[1012] | nodes=[9]
2026-01-11 05:43:15,268 - /DATA/Aurindum/Swarming/Outputs/20260109_202226_ParticleTesting/P70_I40/run.log - INFO - n_caps=2 | minZ=0.064766 | models=[1012, 1012] | nodes=[10, 9]
2026-01-11 05:44:41,267 - /DATA/Aurindum/Swarming/Outputs/20260109_202226_ParticleTesting/P70_I40/run.log - INFO - n_caps=3 | minZ=0.054175 | models=[1012, 1012, 511] | nodes=[10, 9, 5]
2026-01-11 05:46:04,154 - /DATA/Aurindum/Swarming/Outputs/20260109_202226_ParticleTesting/P70_I40/run.log - INFO - n_caps=4 | minZ=0.050752 | models=[1012, 1012, 512, 434] | nodes=[9, 10, 5, 15]
2026-01-11 05:47:26,089 - /DATA/Aurindum/Swarming/Outputs/20260109_202226_ParticleTesting/P70_I40/run.log - INFO - n_caps=5 | minZ=0.048153 | models=[1012, 1012, 511, 433, 273] | nodes=[9, 10, 5, 14, 6]
2026-01-11 05:48:50,746 - /DATA/Aurindum/Swarming/Outputs/20260109_202226_ParticleTesting/P70_I40/run.log - INFO - n_caps=6 | minZ=0.046530 | models=[1012, 1012, 511, 433, 273, 115] | nodes=[9, 10, 5, 14, 6, 7]
2026-01-11 05:50:13,866 - /DATA/Aurindum/Swarming/Outputs/20260109_202226_ParticleTesting/P70_I40/run.log - INFO - n_caps=7 | minZ=0.044601 | models=[1012, 1012, 510, 433, 273, 115, 222] | nodes=[9, 10, 5, 14, 6, 7, 15]
2026-01-11 05:51:42,219 - /DATA/Aurindum/Swarming/Outputs/20260109_202226_ParticleTesting/P70_I40/run.log - INFO - n_caps=8 | minZ=0.043183 | models=[1012, 1012, 510, 433, 273, 116, 222, 226] | nodes=[9, 10, 5, 14, 6, 7, 15, 16]
2026-01-11 05:53:07,140 - /DATA/Aurindum/Swarming/Outputs/20260109_202226_ParticleTesting/P70_I40/run.log - INFO - n_caps=9 | minZ=0.042510 | models=[1012, 1012, 510, 434, 273, 116, 222, 226, 174] | nodes=[9, 10, 5, 14, 6, 7, 15, 16, 8]
2026-01-11 05:54:33,954 - /DATA/Aurindum/Swarming/Outputs/20260109_202226_ParticleTesting/P70_I40/run.log - INFO - n_caps=10 | minZ=0.041706 | models=[1012, 1012, 510, 434, 273, 117, 222, 226, 174, 1834] | nodes=[9, 10, 5, 14, 12, 6, 15, 16, 7, 13]
2026-01-11 05:54:33,955 - /DATA/Aurindum/Swarming/Outputs/20260109_202226_ParticleTesting/P70_I40/run.log - INFO - Threshold reached at n_caps=10
2026-01-11 05:56:24,278 - /DATA/Aurindum/Swarming/Outputs/20260109_202226_ParticleTesting/P70_I50/run.log - INFO - n_caps=1 | minZ=0.087365 | models=[1014] | nodes=[9]
2026-01-11 05:58:23,458 - /DATA/Aurindum/Swarming/Outputs/20260109_202226_ParticleTesting/P70_I50/run.log - INFO - n_caps=2 | minZ=0.066976 | models=[1014, 893] | nodes=[9, 10]
2026-01-11 06:00:23,184 - /DATA/Aurindum/Swarming/Outputs/20260109_202226_ParticleTesting/P70_I50/run.log - INFO - n_caps=3 | minZ=0.057382 | models=[1014, 893, 898] | nodes=[9, 10, 14]
2026-01-11 06:02:21,087 - /DATA/Aurindum/Swarming/Outputs/20260109_202226_ParticleTesting/P70_I50/run.log - INFO - n_caps=4 | minZ=0.049741 | models=[1014, 893, 898, 434] | nodes=[9, 10, 15, 5]
2026-01-11 06:04:07,197 - /DATA/Aurindum/Swarming/Outputs/20260109_202226_ParticleTesting/P70_I50/run.log - INFO - n_caps=5 | minZ=0.046648 | models=[1014, 893, 899, 434, 686] | nodes=[9, 10, 14, 5, 6]
2026-01-11 06:05:55,095 - /DATA/Aurindum/Swarming/Outputs/20260109_202226_ParticleTesting/P70_I50/run.log - INFO - n_caps=6 | minZ=0.043868 | models=[1014, 893, 899, 434, 686, 456] | nodes=[9, 10, 14, 5, 6, 15]
2026-01-11 06:07:41,441 - /DATA/Aurindum/Swarming/Outputs/20260109_202226_ParticleTesting/P70_I50/run.log - INFO - n_caps=7 | minZ=0.041712 | models=[1014, 892, 898, 434, 686, 456, 189] | nodes=[9, 10, 14, 5, 6, 15, 7]
2026-01-11 06:07:41,441 - /DATA/Aurindum/Swarming/Outputs/20260109_202226_ParticleTesting/P70_I50/run.log - INFO - Threshold reached at n_caps=7
2026-01-11 06:09:53,088 - /DATA/Aurindum/Swarming/Outputs/20260109_202226_ParticleTesting/P70_I60/run.log - INFO - n_caps=1 | minZ=0.087365 | models=[1012] | nodes=[9]
2026-01-11 06:12:05,415 - /DATA/Aurindum/Swarming/Outputs/20260109_202226_ParticleTesting/P70_I60/run.log - INFO - n_caps=2 | minZ=0.064766 | models=[1012, 1012] | nodes=[9, 10]
2026-01-11 06:14:16,552 - /DATA/Aurindum/Swarming/Outputs/20260109_202226_ParticleTesting/P70_I60/run.log - INFO - n_caps=3 | minZ=0.054175 | models=[1012, 1012, 500] | nodes=[9, 10, 5]
2026-01-11 06:16:28,503 - /DATA/Aurindum/Swarming/Outputs/20260109_202226_ParticleTesting/P70_I60/run.log - INFO - n_caps=4 | minZ=0.050903 | models=[1012, 1012, 500, 892] | nodes=[9, 10, 5, 14]
2026-01-11 06:18:47,256 - /DATA/Aurindum/Swarming/Outputs/20260109_202226_ParticleTesting/P70_I60/run.log - INFO - n_caps=5 | minZ=0.046104 | models=[1012, 1012, 500, 892, 262] | nodes=[9, 10, 5, 14, 7]
2026-01-11 06:21:08,147 - /DATA/Aurindum/Swarming/Outputs/20260109_202226_ParticleTesting/P70_I60/run.log - INFO - n_caps=6 | minZ=0.044250 | models=[1012, 1012, 499, 892, 262, 221] | nodes=[9, 10, 5, 14, 7, 15]
2026-01-11 06:23:18,892 - /DATA/Aurindum/Swarming/Outputs/20260109_202226_ParticleTesting/P70_I60/run.log - INFO - n_caps=7 | minZ=0.042888 | models=[1012, 1012, 499, 892, 262, 221, 225] | nodes=[9, 10, 5, 14, 7, 15, 6]
2026-01-11 06:25:31,383 - /DATA/Aurindum/Swarming/Outputs/20260109_202226_ParticleTesting/P70_I60/run.log - INFO - n_caps=8 | minZ=0.042039 | models=[1012, 1012, 499, 892, 262, 221, 226, 189] | nodes=[9, 10, 5, 14, 7, 15, 6, 16]
2026-01-11 06:27:51,834 - /DATA/Aurindum/Swarming/Outputs/20260109_202226_ParticleTesting/P70_I60/run.log - INFO - n_caps=9 | minZ=0.040730 | models=[1012, 1012, 499, 892, 262, 221, 226, 189, 1470] | nodes=[9, 10, 5, 14, 7, 15, 6, 16, 8]
2026-01-11 06:27:51,835 - /DATA/Aurindum/Swarming/Outputs/20260109_202226_ParticleTesting/P70_I60/run.log - INFO - Threshold reached at n_caps=9
2026-01-11 06:30:35,725 - /DATA/Aurindum/Swarming/Outputs/20260109_202226_ParticleTesting/P70_I70/run.log - INFO - n_caps=1 | minZ=0.087365 | models=[1012] | nodes=[9]
2026-01-11 06:33:02,797 - /DATA/Aurindum/Swarming/Outputs/20260109_202226_ParticleTesting/P70_I70/run.log - INFO - n_caps=2 | minZ=0.066996 | models=[1012, 1014] | nodes=[10, 14]
2026-01-11 06:35:32,419 - /DATA/Aurindum/Swarming/Outputs/20260109_202226_ParticleTesting/P70_I70/run.log - INFO - n_caps=3 | minZ=0.054612 | models=[1012, 1014, 585] | nodes=[10, 14, 9]
2026-01-11 06:38:06,290 - /DATA/Aurindum/Swarming/Outputs/20260109_202226_ParticleTesting/P70_I70/run.log - INFO - n_caps=4 | minZ=0.050814 | models=[1012, 1014, 585, 448] | nodes=[10, 14, 9, 5]
2026-01-11 06:40:53,792 - /DATA/Aurindum/Swarming/Outputs/20260109_202226_ParticleTesting/P70_I70/run.log - INFO - n_caps=5 | minZ=0.047171 | models=[1012, 1014, 524, 447, 433] | nodes=[10, 14, 9, 6, 5]
2026-01-11 06:43:26,787 - /DATA/Aurindum/Swarming/Outputs/20260109_202226_ParticleTesting/P70_I70/run.log - INFO - n_caps=6 | minZ=0.045174 | models=[1012, 1014, 524, 447, 433, 92] | nodes=[9, 14, 10, 6, 5, 15]
2026-01-11 06:46:01,953 - /DATA/Aurindum/Swarming/Outputs/20260109_202226_ParticleTesting/P70_I70/run.log - INFO - n_caps=7 | minZ=0.043710 | models=[1012, 1014, 524, 447, 434, 92, 110] | nodes=[9, 14, 10, 5, 6, 15, 7]
2026-01-11 06:48:28,189 - /DATA/Aurindum/Swarming/Outputs/20260109_202226_ParticleTesting/P70_I70/run.log - INFO - n_caps=8 | minZ=0.041856 | models=[1012, 1014, 524, 448, 434, 92, 109, 163] | nodes=[9, 14, 10, 5, 6, 15, 7, 16]
2026-01-11 06:48:28,190 - /DATA/Aurindum/Swarming/Outputs/20260109_202226_ParticleTesting/P70_I70/run.log - INFO - Threshold reached at n_caps=8
2026-01-11 06:51:20,795 - /DATA/Aurindum/Swarming/Outputs/20260109_202226_ParticleTesting/P70_I80/run.log - INFO - n_caps=1 | minZ=0.087365 | models=[1014] | nodes=[9]
2026-01-11 06:54:24,694 - /DATA/Aurindum/Swarming/Outputs/20260109_202226_ParticleTesting/P70_I80/run.log - INFO - n_caps=2 | minZ=0.066976 | models=[1014, 893] | nodes=[9, 10]
2026-01-11 06:57:21,178 - /DATA/Aurindum/Swarming/Outputs/20260109_202226_ParticleTesting/P70_I80/run.log - INFO - n_caps=3 | minZ=0.056198 | models=[1014, 893, 686] | nodes=[9, 10, 15]
2026-01-11 07:00:06,731 - /DATA/Aurindum/Swarming/Outputs/20260109_202226_ParticleTesting/P70_I80/run.log - INFO - n_caps=4 | minZ=0.050223 | models=[1014, 893, 686, 434] | nodes=[9, 10, 15, 6]
2026-01-11 07:03:03,670 - /DATA/Aurindum/Swarming/Outputs/20260109_202226_ParticleTesting/P70_I80/run.log - INFO - n_caps=5 | minZ=0.045974 | models=[1014, 893, 686, 434, 892] | nodes=[9, 10, 14, 5, 15]
2026-01-11 07:06:13,533 - /DATA/Aurindum/Swarming/Outputs/20260109_202226_ParticleTesting/P70_I80/run.log - INFO - n_caps=6 | minZ=0.043665 | models=[1014, 893, 686, 434, 892, 362] | nodes=[9, 10, 15, 5, 14, 6]
2026-01-11 07:09:14,327 - /DATA/Aurindum/Swarming/Outputs/20260109_202226_ParticleTesting/P70_I80/run.log - INFO - n_caps=7 | minZ=0.041597 | models=[1014, 893, 685, 433, 892, 362, 171] | nodes=[9, 10, 14, 5, 15, 6, 7]
2026-01-11 07:09:14,328 - /DATA/Aurindum/Swarming/Outputs/20260109_202226_ParticleTesting/P70_I80/run.log - INFO - Threshold reached at n_caps=7
2026-01-11 07:12:33,404 - /DATA/Aurindum/Swarming/Outputs/20260109_202226_ParticleTesting/P70_I90/run.log - INFO - n_caps=1 | minZ=0.087365 | models=[1014] | nodes=[9]
2026-01-11 07:15:50,525 - /DATA/Aurindum/Swarming/Outputs/20260109_202226_ParticleTesting/P70_I90/run.log - INFO - n_caps=2 | minZ=0.064766 | models=[1014, 1012] | nodes=[9, 10]
2026-01-11 07:19:00,858 - /DATA/Aurindum/Swarming/Outputs/20260109_202226_ParticleTesting/P70_I90/run.log - INFO - n_caps=3 | minZ=0.053863 | models=[1014, 1012, 528] | nodes=[9, 10, 14]
2026-01-11 07:22:20,086 - /DATA/Aurindum/Swarming/Outputs/20260109_202226_ParticleTesting/P70_I90/run.log - INFO - n_caps=4 | minZ=0.049979 | models=[1014, 1012, 512, 434] | nodes=[10, 9, 14, 5]
2026-01-11 07:25:45,535 - /DATA/Aurindum/Swarming/Outputs/20260109_202226_ParticleTesting/P70_I90/run.log - INFO - n_caps=5 | minZ=0.047554 | models=[1014, 1012, 510, 434, 433] | nodes=[9, 10, 14, 5, 15]
2026-01-11 07:29:01,656 - /DATA/Aurindum/Swarming/Outputs/20260109_202226_ParticleTesting/P70_I90/run.log - INFO - n_caps=6 | minZ=0.045091 | models=[1014, 1012, 510, 434, 433, 171] | nodes=[9, 10, 14, 5, 15, 7]
2026-01-11 07:32:13,347 - /DATA/Aurindum/Swarming/Outputs/20260109_202226_ParticleTesting/P70_I90/run.log - INFO - n_caps=7 | minZ=0.043073 | models=[1014, 1012, 510, 434, 433, 171, 109] | nodes=[9, 10, 14, 5, 15, 7, 6]
2026-01-11 07:35:25,264 - /DATA/Aurindum/Swarming/Outputs/20260109_202226_ParticleTesting/P70_I90/run.log - INFO - n_caps=8 | minZ=0.042096 | models=[1014, 1012, 509, 434, 433, 171, 109, 334] | nodes=[9, 10, 14, 5, 15, 7, 6, 16]
2026-01-11 07:38:38,125 - /DATA/Aurindum/Swarming/Outputs/20260109_202226_ParticleTesting/P70_I90/run.log - INFO - n_caps=9 | minZ=0.041557 | models=[1014, 1012, 510, 434, 433, 171, 109, 334, 178] | nodes=[9, 10, 14, 5, 15, 7, 6, 16, 8]
2026-01-11 07:38:38,126 - /DATA/Aurindum/Swarming/Outputs/20260109_202226_ParticleTesting/P70_I90/run.log - INFO - Threshold reached at n_caps=9
2026-01-11 07:42:38,114 - /DATA/Aurindum/Swarming/Outputs/20260109_202226_ParticleTesting/P70_I100/run.log - INFO - n_caps=1 | minZ=0.087365 | models=[1012] | nodes=[9]
2026-01-11 07:46:28,972 - /DATA/Aurindum/Swarming/Outputs/20260109_202226_ParticleTesting/P70_I100/run.log - INFO - n_caps=2 | minZ=0.064766 | models=[1012, 1012] | nodes=[9, 10]
2026-01-11 07:50:00,081 - /DATA/Aurindum/Swarming/Outputs/20260109_202226_ParticleTesting/P70_I100/run.log - INFO - n_caps=3 | minZ=0.053863 | models=[1012, 1012, 528] | nodes=[9, 10, 14]
2026-01-11 07:53:43,313 - /DATA/Aurindum/Swarming/Outputs/20260109_202226_ParticleTesting/P70_I100/run.log - INFO - n_caps=4 | minZ=0.050303 | models=[1012, 1012, 528, 342] | nodes=[9, 10, 14, 5]
2026-01-11 07:57:12,383 - /DATA/Aurindum/Swarming/Outputs/20260109_202226_ParticleTesting/P70_I100/run.log - INFO - n_caps=5 | minZ=0.047176 | models=[1012, 1012, 528, 342, 171] | nodes=[9, 10, 14, 5, 15]
2026-01-11 08:00:41,108 - /DATA/Aurindum/Swarming/Outputs/20260109_202226_ParticleTesting/P70_I100/run.log - INFO - n_caps=6 | minZ=0.045346 | models=[1012, 1012, 528, 342, 171, 365] | nodes=[9, 10, 14, 5, 15, 7]
2026-01-11 08:04:23,025 - /DATA/Aurindum/Swarming/Outputs/20260109_202226_ParticleTesting/P70_I100/run.log - INFO - n_caps=7 | minZ=0.043666 | models=[1012, 1012, 528, 342, 171, 365, 110] | nodes=[9, 10, 14, 5, 15, 7, 6]
2026-01-11 08:08:15,482 - /DATA/Aurindum/Swarming/Outputs/20260109_202226_ParticleTesting/P70_I100/run.log - INFO - n_caps=8 | minZ=0.042046 | models=[1012, 1012, 527, 342, 171, 365, 110, 189] | nodes=[9, 10, 14, 5, 15, 7, 6, 16]
2026-01-11 08:11:53,757 - /DATA/Aurindum/Swarming/Outputs/20260109_202226_ParticleTesting/P70_I100/run.log - INFO - n_caps=9 | minZ=0.041499 | models=[1012, 1012, 528, 342, 171, 365, 110, 189, 222] | nodes=[9, 10, 14, 5, 15, 7, 6, 16, 8]
2026-01-11 08:11:53,758 - /DATA/Aurindum/Swarming/Outputs/20260109_202226_ParticleTesting/P70_I100/run.log - INFO - Threshold reached at n_caps=9
2026-01-11 08:15:45,109 - /DATA/Aurindum/Swarming/Outputs/20260109_202226_ParticleTesting/P70_I110/run.log - INFO - n_caps=1 | minZ=0.087365 | models=[1014] | nodes=[9]
2026-01-11 08:19:52,812 - /DATA/Aurindum/Swarming/Outputs/20260109_202226_ParticleTesting/P70_I110/run.log - INFO - n_caps=2 | minZ=0.064766 | models=[1014, 1014] | nodes=[9, 10]
2026-01-11 08:23:53,822 - /DATA/Aurindum/Swarming/Outputs/20260109_202226_ParticleTesting/P70_I110/run.log - INFO - n_caps=3 | minZ=0.053976 | models=[1014, 1014, 509] | nodes=[9, 10, 14]
2026-01-11 08:27:48,939 - /DATA/Aurindum/Swarming/Outputs/20260109_202226_ParticleTesting/P70_I110/run.log - INFO - n_caps=4 | minZ=0.049666 | models=[1014, 1014, 455, 434] | nodes=[9, 10, 14, 15]
2026-01-11 08:31:48,274 - /DATA/Aurindum/Swarming/Outputs/20260109_202226_ParticleTesting/P70_I110/run.log - INFO - n_caps=5 | minZ=0.046154 | models=[1014, 1014, 455, 434, 433] | nodes=[9, 10, 14, 15, 6]
2026-01-11 08:35:44,131 - /DATA/Aurindum/Swarming/Outputs/20260109_202226_ParticleTesting/P70_I110/run.log - INFO - n_caps=6 | minZ=0.044156 | models=[1014, 1014, 456, 434, 433, 91] | nodes=[9, 10, 14, 15, 5, 6]
2026-01-11 08:39:37,197 - /DATA/Aurindum/Swarming/Outputs/20260109_202226_ParticleTesting/P70_I110/run.log - INFO - n_caps=7 | minZ=0.042649 | models=[1014, 1014, 455, 434, 433, 91, 226] | nodes=[9, 10, 14, 15, 5, 6, 7]
2026-01-11 08:43:31,660 - /DATA/Aurindum/Swarming/Outputs/20260109_202226_ParticleTesting/P70_I110/run.log - INFO - n_caps=8 | minZ=0.041634 | models=[1014, 1014, 455, 434, 433, 91, 226, 225] | nodes=[9, 10, 14, 16, 5, 6, 7, 15]
2026-01-11 08:43:31,661 - /DATA/Aurindum/Swarming/Outputs/20260109_202226_ParticleTesting/P70_I110/run.log - INFO - Threshold reached at n_caps=8
2026-01-11 08:47:53,628 - /DATA/Aurindum/Swarming/Outputs/20260109_202226_ParticleTesting/P70_I120/run.log - INFO - n_caps=1 | minZ=0.087365 | models=[1014] | nodes=[9]
2026-01-11 08:52:20,554 - /DATA/Aurindum/Swarming/Outputs/20260109_202226_ParticleTesting/P70_I120/run.log - INFO - n_caps=2 | minZ=0.064766 | models=[1014, 1012] | nodes=[9, 10]
2026-01-11 08:56:47,726 - /DATA/Aurindum/Swarming/Outputs/20260109_202226_ParticleTesting/P70_I120/run.log - INFO - n_caps=3 | minZ=0.053976 | models=[1014, 1012, 509] | nodes=[9, 10, 14]
2026-01-11 09:00:59,916 - /DATA/Aurindum/Swarming/Outputs/20260109_202226_ParticleTesting/P70_I120/run.log - INFO - n_caps=4 | minZ=0.049779 | models=[1014, 1014, 448, 433] | nodes=[9, 10, 15, 14]
2026-01-11 09:05:29,363 - /DATA/Aurindum/Swarming/Outputs/20260109_202226_ParticleTesting/P70_I120/run.log - INFO - n_caps=5 | minZ=0.046162 | models=[1014, 1014, 448, 433, 892] | nodes=[9, 10, 15, 14, 5]
2026-01-11 09:09:49,109 - /DATA/Aurindum/Swarming/Outputs/20260109_202226_ParticleTesting/P70_I120/run.log - INFO - n_caps=6 | minZ=0.043972 | models=[1014, 1014, 448, 434, 892, 263] | nodes=[10, 9, 15, 14, 5, 16]
2026-01-11 09:14:09,395 - /DATA/Aurindum/Swarming/Outputs/20260109_202226_ParticleTesting/P70_I120/run.log - INFO - n_caps=7 | minZ=0.041941 | models=[1014, 1014, 447, 434, 892, 262, 149] | nodes=[10, 9, 15, 14, 5, 16, 6]
2026-01-11 09:14:09,396 - /DATA/Aurindum/Swarming/Outputs/20260109_202226_ParticleTesting/P70_I120/run.log - INFO - Threshold reached at n_caps=7
2026-01-11 09:18:38,963 - /DATA/Aurindum/Swarming/Outputs/20260109_202226_ParticleTesting/P70_I130/run.log - INFO - n_caps=1 | minZ=0.087365 | models=[1012] | nodes=[9]
2026-01-11 09:23:20,851 - /DATA/Aurindum/Swarming/Outputs/20260109_202226_ParticleTesting/P70_I130/run.log - INFO - n_caps=2 | minZ=0.064766 | models=[1012, 1012] | nodes=[9, 10]
2026-01-11 09:28:06,036 - /DATA/Aurindum/Swarming/Outputs/20260109_202226_ParticleTesting/P70_I130/run.log - INFO - n_caps=3 | minZ=0.055259 | models=[1012, 1012, 456] | nodes=[9, 10, 6]
2026-01-11 09:32:46,529 - /DATA/Aurindum/Swarming/Outputs/20260109_202226_ParticleTesting/P70_I130/run.log - INFO - n_caps=4 | minZ=0.049495 | models=[1012, 1012, 456, 434] | nodes=[9, 10, 15, 5]
2026-01-11 09:37:34,100 - /DATA/Aurindum/Swarming/Outputs/20260109_202226_ParticleTesting/P70_I130/run.log - INFO - n_caps=5 | minZ=0.046090 | models=[1012, 1012, 455, 434, 434] | nodes=[9, 10, 14, 5, 6]
2026-01-11 09:42:25,022 - /DATA/Aurindum/Swarming/Outputs/20260109_202226_ParticleTesting/P70_I130/run.log - INFO - n_caps=6 | minZ=0.044402 | models=[1012, 1012, 455, 434, 434, 109] | nodes=[9, 10, 14, 5, 6, 15]
2026-01-11 09:47:13,376 - /DATA/Aurindum/Swarming/Outputs/20260109_202226_ParticleTesting/P70_I130/run.log - INFO - n_caps=7 | minZ=0.042624 | models=[1012, 1012, 455, 434, 434, 109, 171] | nodes=[9, 10, 14, 6, 5, 15, 7]
2026-01-11 09:52:01,401 - /DATA/Aurindum/Swarming/Outputs/20260109_202226_ParticleTesting/P70_I130/run.log - INFO - n_caps=8 | minZ=0.041027 | models=[1012, 1012, 455, 434, 434, 109, 171, 109] | nodes=[9, 10, 14, 6, 5, 16, 7, 15]
2026-01-11 09:52:01,402 - /DATA/Aurindum/Swarming/Outputs/20260109_202226_ParticleTesting/P70_I130/run.log - INFO - Threshold reached at n_caps=8
2026-01-11 09:57:36,157 - /DATA/Aurindum/Swarming/Outputs/20260109_202226_ParticleTesting/P70_I140/run.log - INFO - n_caps=1 | minZ=0.087365 | models=[1012] | nodes=[9]
2026-01-11 10:03:19,486 - /DATA/Aurindum/Swarming/Outputs/20260109_202226_ParticleTesting/P70_I140/run.log - INFO - n_caps=2 | minZ=0.064766 | models=[1012, 1014] | nodes=[9, 10]
2026-01-11 10:08:21,897 - /DATA/Aurindum/Swarming/Outputs/20260109_202226_ParticleTesting/P70_I140/run.log - INFO - n_caps=3 | minZ=0.053863 | models=[1012, 1014, 527] | nodes=[9, 10, 14]
2026-01-11 10:13:43,773 - /DATA/Aurindum/Swarming/Outputs/20260109_202226_ParticleTesting/P70_I140/run.log - INFO - n_caps=4 | minZ=0.049874 | models=[1012, 1014, 527, 434] | nodes=[9, 10, 14, 15]
2026-01-11 10:18:38,572 - /DATA/Aurindum/Swarming/Outputs/20260109_202226_ParticleTesting/P70_I140/run.log - INFO - n_caps=5 | minZ=0.047557 | models=[1012, 1014, 527, 434, 434] | nodes=[9, 10, 14, 15, 5]
2026-01-11 10:23:36,770 - /DATA/Aurindum/Swarming/Outputs/20260109_202226_ParticleTesting/P70_I140/run.log - INFO - n_caps=6 | minZ=0.045015 | models=[1012, 1014, 527, 434, 434, 189] | nodes=[9, 10, 14, 15, 5, 7]
2026-01-11 10:28:57,081 - /DATA/Aurindum/Swarming/Outputs/20260109_202226_ParticleTesting/P70_I140/run.log - INFO - n_caps=7 | minZ=0.043260 | models=[1012, 1014, 528, 433, 434, 189, 433] | nodes=[9, 10, 14, 15, 6, 7, 5]
2026-01-11 10:34:15,006 - /DATA/Aurindum/Swarming/Outputs/20260109_202226_ParticleTesting/P70_I140/run.log - INFO - n_caps=8 | minZ=0.041685 | models=[1012, 1014, 527, 433, 434, 189, 433, 183] | nodes=[9, 10, 14, 15, 6, 7, 5, 16]
2026-01-11 10:34:15,007 - /DATA/Aurindum/Swarming/Outputs/20260109_202226_ParticleTesting/P70_I140/run.log - INFO - Threshold reached at n_caps=8
2026-01-11 10:39:33,046 - /DATA/Aurindum/Swarming/Outputs/20260109_202226_ParticleTesting/P70_I150/run.log - INFO - n_caps=1 | minZ=0.087365 | models=[1014] | nodes=[9]
2026-01-11 10:44:53,875 - /DATA/Aurindum/Swarming/Outputs/20260109_202226_ParticleTesting/P70_I150/run.log - INFO - n_caps=2 | minZ=0.064766 | models=[1014, 1014] | nodes=[9, 10]
2026-01-11 10:50:20,745 - /DATA/Aurindum/Swarming/Outputs/20260109_202226_ParticleTesting/P70_I150/run.log - INFO - n_caps=3 | minZ=0.053863 | models=[1014, 1014, 527] | nodes=[9, 10, 14]
2026-01-11 10:55:50,218 - /DATA/Aurindum/Swarming/Outputs/20260109_202226_ParticleTesting/P70_I150/run.log - INFO - n_caps=4 | minZ=0.049874 | models=[1014, 1014, 528, 434] | nodes=[9, 10, 14, 15]
2026-01-11 11:01:16,520 - /DATA/Aurindum/Swarming/Outputs/20260109_202226_ParticleTesting/P70_I150/run.log - INFO - n_caps=5 | minZ=0.047557 | models=[1014, 1012, 528, 434, 434] | nodes=[9, 10, 14, 15, 5]
2026-01-11 11:07:00,700 - /DATA/Aurindum/Swarming/Outputs/20260109_202226_ParticleTesting/P70_I150/run.log - INFO - n_caps=6 | minZ=0.044875 | models=[1014, 1012, 605, 434, 434, 189] | nodes=[9, 10, 14, 15, 5, 7]
2026-01-11 11:12:29,025 - /DATA/Aurindum/Swarming/Outputs/20260109_202226_ParticleTesting/P70_I150/run.log - INFO - n_caps=7 | minZ=0.042900 | models=[1014, 1012, 605, 433, 434, 189, 433] | nodes=[9, 10, 14, 15, 5, 7, 6]
2026-01-11 11:17:58,606 - /DATA/Aurindum/Swarming/Outputs/20260109_202226_ParticleTesting/P70_I150/run.log - INFO - n_caps=8 | minZ=0.041359 | models=[1014, 1012, 605, 433, 434, 189, 433, 189] | nodes=[9, 10, 14, 15, 5, 7, 6, 16]
2026-01-11 11:17:58,607 - /DATA/Aurindum/Swarming/Outputs/20260109_202226_ParticleTesting/P70_I150/run.log - INFO - Threshold reached at n_caps=8
2026-01-11 11:24:11,587 - /DATA/Aurindum/Swarming/Outputs/20260109_202226_ParticleTesting/P70_I160/run.log - INFO - n_caps=1 | minZ=0.087365 | models=[1012] | nodes=[9]
2026-01-11 11:29:55,273 - /DATA/Aurindum/Swarming/Outputs/20260109_202226_ParticleTesting/P70_I160/run.log - INFO - n_caps=2 | minZ=0.064766 | models=[1012, 1014] | nodes=[9, 10]
2026-01-11 11:35:37,497 - /DATA/Aurindum/Swarming/Outputs/20260109_202226_ParticleTesting/P70_I160/run.log - INFO - n_caps=3 | minZ=0.054175 | models=[1012, 1014, 499] | nodes=[9, 10, 5]
2026-01-11 11:41:32,582 - /DATA/Aurindum/Swarming/Outputs/20260109_202226_ParticleTesting/P70_I160/run.log - INFO - n_caps=4 | minZ=0.051227 | models=[1012, 1014, 499, 341] | nodes=[9, 10, 5, 6]
2026-01-11 11:47:42,288 - /DATA/Aurindum/Swarming/Outputs/20260109_202226_ParticleTesting/P70_I160/run.log - INFO - n_caps=5 | minZ=0.047810 | models=[1012, 1014, 499, 342, 171] | nodes=[9, 10, 5, 6, 7]
2026-01-11 11:54:11,827 - /DATA/Aurindum/Swarming/Outputs/20260109_202226_ParticleTesting/P70_I160/run.log - INFO - n_caps=6 | minZ=0.045073 | models=[1012, 1014, 499, 342, 171, 456] | nodes=[9, 10, 5, 6, 7, 14]
2026-01-11 12:00:42,471 - /DATA/Aurindum/Swarming/Outputs/20260109_202226_ParticleTesting/P70_I160/run.log - INFO - n_caps=7 | minZ=0.043374 | models=[1012, 1014, 499, 342, 171, 456, 226] | nodes=[9, 10, 5, 6, 7, 14, 15]
2026-01-11 12:06:57,823 - /DATA/Aurindum/Swarming/Outputs/20260109_202226_ParticleTesting/P70_I160/run.log - INFO - n_caps=8 | minZ=0.041426 | models=[1012, 1014, 498, 342, 171, 455, 226, 447] | nodes=[9, 10, 5, 6, 7, 14, 15, 16]
2026-01-11 12:06:57,824 - /DATA/Aurindum/Swarming/Outputs/20260109_202226_ParticleTesting/P70_I160/run.log - INFO - Threshold reached at n_caps=8
2026-01-11 12:13:00,846 - /DATA/Aurindum/Swarming/Outputs/20260109_202226_ParticleTesting/P70_I170/run.log - INFO - n_caps=1 | minZ=0.087365 | models=[1014] | nodes=[9]
2026-01-11 12:19:23,699 - /DATA/Aurindum/Swarming/Outputs/20260109_202226_ParticleTesting/P70_I170/run.log - INFO - n_caps=2 | minZ=0.064766 | models=[1014, 1012] | nodes=[9, 10]
2026-01-11 12:25:39,725 - /DATA/Aurindum/Swarming/Outputs/20260109_202226_ParticleTesting/P70_I170/run.log - INFO - n_caps=3 | minZ=0.053863 | models=[1014, 1012, 528] | nodes=[9, 10, 14]
2026-01-11 12:32:01,247 - /DATA/Aurindum/Swarming/Outputs/20260109_202226_ParticleTesting/P70_I170/run.log - INFO - n_caps=4 | minZ=0.050198 | models=[1014, 1012, 499, 893] | nodes=[9, 10, 14, 15]
2026-01-11 12:38:00,954 - /DATA/Aurindum/Swarming/Outputs/20260109_202226_ParticleTesting/P70_I170/run.log - INFO - n_caps=5 | minZ=0.045859 | models=[1014, 1012, 500, 893, 262] | nodes=[9, 10, 15, 14, 7]
2026-01-11 12:44:11,012 - /DATA/Aurindum/Swarming/Outputs/20260109_202226_ParticleTesting/P70_I170/run.log - INFO - n_caps=6 | minZ=0.044230 | models=[1014, 1012, 499, 892, 263, 96] | nodes=[9, 10, 15, 14, 7, 5]
2026-01-11 12:50:33,176 - /DATA/Aurindum/Swarming/Outputs/20260109_202226_ParticleTesting/P70_I170/run.log - INFO - n_caps=7 | minZ=0.042024 | models=[1014, 1012, 499, 892, 263, 96, 171] | nodes=[9, 10, 15, 14, 7, 5, 6]
2026-01-11 12:56:57,889 - /DATA/Aurindum/Swarming/Outputs/20260109_202226_ParticleTesting/P70_I170/run.log - INFO - n_caps=8 | minZ=0.040942 | models=[1014, 1012, 499, 893, 262, 96, 171, 171] | nodes=[10, 9, 15, 14, 7, 5, 6, 16]
2026-01-11 12:56:57,890 - /DATA/Aurindum/Swarming/Outputs/20260109_202226_ParticleTesting/P70_I170/run.log - INFO - Threshold reached at n_caps=8
2026-01-11 13:03:48,873 - /DATA/Aurindum/Swarming/Outputs/20260109_202226_ParticleTesting/P70_I180/run.log - INFO - n_caps=1 | minZ=0.087365 | models=[1012] | nodes=[9]
2026-01-11 13:10:17,248 - /DATA/Aurindum/Swarming/Outputs/20260109_202226_ParticleTesting/P70_I180/run.log - INFO - n_caps=2 | minZ=0.064766 | models=[1012, 1014] | nodes=[9, 10]
2026-01-11 13:17:19,892 - /DATA/Aurindum/Swarming/Outputs/20260109_202226_ParticleTesting/P70_I180/run.log - INFO - n_caps=3 | minZ=0.053863 | models=[1014, 1014, 527] | nodes=[9, 10, 14]
2026-01-11 13:24:30,857 - /DATA/Aurindum/Swarming/Outputs/20260109_202226_ParticleTesting/P70_I180/run.log - INFO - n_caps=4 | minZ=0.049874 | models=[1014, 1014, 527, 434] | nodes=[10, 9, 14, 15]
2026-01-11 13:31:40,969 - /DATA/Aurindum/Swarming/Outputs/20260109_202226_ParticleTesting/P70_I180/run.log - INFO - n_caps=5 | minZ=0.047753 | models=[1014, 1014, 524, 434, 342] | nodes=[10, 9, 15, 14, 5]
2026-01-11 13:38:51,577 - /DATA/Aurindum/Swarming/Outputs/20260109_202226_ParticleTesting/P70_I180/run.log - INFO - n_caps=6 | minZ=0.045072 | models=[1014, 1014, 524, 434, 342, 334] | nodes=[9, 10, 15, 14, 5, 6]
2026-01-11 13:45:34,829 - /DATA/Aurindum/Swarming/Outputs/20260109_202226_ParticleTesting/P70_I180/run.log - INFO - n_caps=7 | minZ=0.042849 | models=[1014, 1014, 524, 433, 342, 334, 263] | nodes=[9, 10, 15, 14, 5, 6, 7]
2026-01-11 13:51:57,103 - /DATA/Aurindum/Swarming/Outputs/20260109_202226_ParticleTesting/P70_I180/run.log - INFO - n_caps=8 | minZ=0.041623 | models=[1014, 1014, 524, 433, 344, 333, 263, 184] | nodes=[9, 10, 15, 14, 5, 6, 7, 16]
2026-01-11 13:51:57,104 - /DATA/Aurindum/Swarming/Outputs/20260109_202226_ParticleTesting/P70_I180/run.log - INFO - Threshold reached at n_caps=8
2026-01-11 13:59:03,803 - /DATA/Aurindum/Swarming/Outputs/20260109_202226_ParticleTesting/P70_I190/run.log - INFO - n_caps=1 | minZ=0.087365 | models=[1012] | nodes=[9]
2026-01-11 14:05:58,107 - /DATA/Aurindum/Swarming/Outputs/20260109_202226_ParticleTesting/P70_I190/run.log - INFO - n_caps=2 | minZ=0.064766 | models=[1012, 1012] | nodes=[9, 10]
2026-01-11 14:13:06,192 - /DATA/Aurindum/Swarming/Outputs/20260109_202226_ParticleTesting/P70_I190/run.log - INFO - n_caps=3 | minZ=0.053863 | models=[1012, 1014, 527] | nodes=[9, 10, 14]
2026-01-11 14:20:01,625 - /DATA/Aurindum/Swarming/Outputs/20260109_202226_ParticleTesting/P70_I190/run.log - INFO - n_caps=4 | minZ=0.049852 | models=[1012, 1014, 500, 434] | nodes=[9, 10, 14, 15]
2026-01-11 14:26:47,193 - /DATA/Aurindum/Swarming/Outputs/20260109_202226_ParticleTesting/P70_I190/run.log - INFO - n_caps=5 | minZ=0.047587 | models=[1012, 1014, 500, 434, 433] | nodes=[9, 10, 14, 15, 5]
2026-01-11 14:33:46,223 - /DATA/Aurindum/Swarming/Outputs/20260109_202226_ParticleTesting/P70_I190/run.log - INFO - n_caps=6 | minZ=0.045187 | models=[1012, 1014, 500, 434, 433, 189] | nodes=[9, 10, 14, 15, 5, 7]
2026-01-11 14:40:39,300 - /DATA/Aurindum/Swarming/Outputs/20260109_202226_ParticleTesting/P70_I190/run.log - INFO - n_caps=7 | minZ=0.043083 | models=[1012, 1014, 500, 434, 433, 189, 109] | nodes=[9, 10, 14, 15, 5, 7, 6]
2026-01-11 14:47:51,292 - /DATA/Aurindum/Swarming/Outputs/20260109_202226_ParticleTesting/P70_I190/run.log - INFO - n_caps=8 | minZ=0.041869 | models=[1012, 1014, 500, 434, 433, 189, 110, 171] | nodes=[9, 10, 14, 15, 5, 7, 6, 16]
2026-01-11 14:47:51,293 - /DATA/Aurindum/Swarming/Outputs/20260109_202226_ParticleTesting/P70_I190/run.log - INFO - Threshold reached at n_caps=8
2026-01-11 14:55:10,469 - /DATA/Aurindum/Swarming/Outputs/20260109_202226_ParticleTesting/P70_I200/run.log - INFO - n_caps=1 | minZ=0.087365 | models=[1012] | nodes=[9]
2026-01-11 15:02:42,032 - /DATA/Aurindum/Swarming/Outputs/20260109_202226_ParticleTesting/P70_I200/run.log - INFO - n_caps=2 | minZ=0.064766 | models=[1012, 1014] | nodes=[9, 10]
2026-01-11 15:10:00,104 - /DATA/Aurindum/Swarming/Outputs/20260109_202226_ParticleTesting/P70_I200/run.log - INFO - n_caps=3 | minZ=0.053863 | models=[1012, 1014, 528] | nodes=[9, 10, 14]
2026-01-11 15:17:42,226 - /DATA/Aurindum/Swarming/Outputs/20260109_202226_ParticleTesting/P70_I200/run.log - INFO - n_caps=4 | minZ=0.049874 | models=[1012, 1014, 528, 434] | nodes=[9, 10, 14, 15]
2026-01-11 15:25:28,170 - /DATA/Aurindum/Swarming/Outputs/20260109_202226_ParticleTesting/P70_I200/run.log - INFO - n_caps=5 | minZ=0.046081 | models=[1014, 1014, 456, 434, 434] | nodes=[9, 10, 14, 15, 5]
2026-01-11 15:33:28,915 - /DATA/Aurindum/Swarming/Outputs/20260109_202226_ParticleTesting/P70_I200/run.log - INFO - n_caps=6 | minZ=0.044273 | models=[1014, 1014, 456, 434, 434, 343] | nodes=[9, 10, 14, 15, 5, 6]
2026-01-11 15:41:28,807 - /DATA/Aurindum/Swarming/Outputs/20260109_202226_ParticleTesting/P70_I200/run.log - INFO - n_caps=7 | minZ=0.042843 | models=[1014, 1016, 456, 434, 434, 343, 893] | nodes=[9, 10, 14, 15, 5, 6, 7]
2026-01-11 15:49:30,595 - /DATA/Aurindum/Swarming/Outputs/20260109_202226_ParticleTesting/P70_I200/run.log - INFO - n_caps=8 | minZ=0.041109 | models=[1014, 1016, 456, 434, 434, 343, 893, 163] | nodes=[10, 9, 14, 15, 5, 6, 7, 16]
2026-01-11 15:49:30,596 - /DATA/Aurindum/Swarming/Outputs/20260109_202226_ParticleTesting/P70_I200/run.log - INFO - Threshold reached at n_caps=8
2026-01-11 15:49:58,034 - /DATA/Aurindum/Swarming/Outputs/20260109_202226_ParticleTesting/P80_I10/run.log - INFO - n_caps=1 | minZ=0.089878 | models=[1014] | nodes=[10]
2026-01-11 15:50:25,865 - /DATA/Aurindum/Swarming/Outputs/20260109_202226_ParticleTesting/P80_I10/run.log - INFO - n_caps=2 | minZ=0.068879 | models=[1012, 1012] | nodes=[10, 16]
2026-01-11 15:50:53,408 - /DATA/Aurindum/Swarming/Outputs/20260109_202226_ParticleTesting/P80_I10/run.log - INFO - n_caps=3 | minZ=0.058689 | models=[1012, 1012, 509] | nodes=[10, 16, 7]
2026-01-11 15:51:19,586 - /DATA/Aurindum/Swarming/Outputs/20260109_202226_ParticleTesting/P80_I10/run.log - INFO - n_caps=4 | minZ=0.054188 | models=[1012, 1012, 509, 92] | nodes=[10, 16, 6, 14]
2026-01-11 15:51:47,303 - /DATA/Aurindum/Swarming/Outputs/20260109_202226_ParticleTesting/P80_I10/run.log - INFO - n_caps=5 | minZ=0.050102 | models=[1012, 1012, 509, 92, 745] | nodes=[10, 16, 5, 14, 9]
2026-01-11 15:52:13,894 - /DATA/Aurindum/Swarming/Outputs/20260109_202226_ParticleTesting/P80_I10/run.log - INFO - n_caps=6 | minZ=0.047261 | models=[1012, 1012, 509, 91, 745, 171] | nodes=[10, 16, 5, 15, 9, 7]
2026-01-11 15:52:41,943 - /DATA/Aurindum/Swarming/Outputs/20260109_202226_ParticleTesting/P80_I10/run.log - INFO - n_caps=7 | minZ=0.044744 | models=[1012, 1012, 509, 91, 745, 171, 248] | nodes=[10, 16, 5, 15, 9, 7, 6]
2026-01-11 15:53:09,838 - /DATA/Aurindum/Swarming/Outputs/20260109_202226_ParticleTesting/P80_I10/run.log - INFO - n_caps=8 | minZ=0.042290 | models=[1012, 1012, 509, 91, 745, 171, 248, 679] | nodes=[10, 16, 5, 15, 9, 6, 7, 14]
2026-01-11 15:53:39,398 - /DATA/Aurindum/Swarming/Outputs/20260109_202226_ParticleTesting/P80_I10/run.log - INFO - n_caps=9 | minZ=0.041991 | models=[1012, 1012, 509, 91, 745, 171, 248, 679, 184] | nodes=[10, 16, 5, 15, 9, 6, 7, 14, 17]
2026-01-11 15:53:39,399 - /DATA/Aurindum/Swarming/Outputs/20260109_202226_ParticleTesting/P80_I10/run.log - INFO - Threshold reached at n_caps=9
2026-01-11 15:54:33,317 - /DATA/Aurindum/Swarming/Outputs/20260109_202226_ParticleTesting/P80_I20/run.log - INFO - n_caps=1 | minZ=0.087365 | models=[1012] | nodes=[9]
2026-01-11 15:55:27,172 - /DATA/Aurindum/Swarming/Outputs/20260109_202226_ParticleTesting/P80_I20/run.log - INFO - n_caps=2 | minZ=0.067520 | models=[1012, 1014] | nodes=[9, 15]
2026-01-11 15:56:22,598 - /DATA/Aurindum/Swarming/Outputs/20260109_202226_ParticleTesting/P80_I20/run.log - INFO - n_caps=3 | minZ=0.054893 | models=[1012, 1014, 509] | nodes=[9, 14, 15]
2026-01-11 15:57:17,314 - /DATA/Aurindum/Swarming/Outputs/20260109_202226_ParticleTesting/P80_I20/run.log - INFO - n_caps=4 | minZ=0.051938 | models=[1012, 1014, 509, 433] | nodes=[9, 14, 15, 6]
2026-01-11 15:58:11,733 - /DATA/Aurindum/Swarming/Outputs/20260109_202226_ParticleTesting/P80_I20/run.log - INFO - n_caps=5 | minZ=0.048777 | models=[1012, 1014, 509, 433, 171] | nodes=[10, 14, 16, 5, 6]
2026-01-11 15:59:06,569 - /DATA/Aurindum/Swarming/Outputs/20260109_202226_ParticleTesting/P80_I20/run.log - INFO - n_caps=6 | minZ=0.046079 | models=[1012, 1014, 509, 433, 171, 1169] | nodes=[10, 14, 16, 5, 7, 9]
2026-01-11 16:00:01,788 - /DATA/Aurindum/Swarming/Outputs/20260109_202226_ParticleTesting/P80_I20/run.log - INFO - n_caps=7 | minZ=0.044215 | models=[1012, 1014, 509, 433, 171, 1169, 95] | nodes=[9, 14, 16, 5, 7, 10, 6]
2026-01-11 16:00:58,877 - /DATA/Aurindum/Swarming/Outputs/20260109_202226_ParticleTesting/P80_I20/run.log - INFO - n_caps=8 | minZ=0.043355 | models=[1012, 1015, 509, 433, 171, 1169, 96, 699] | nodes=[9, 14, 15, 5, 7, 10, 6, 16]
2026-01-11 16:01:54,941 - /DATA/Aurindum/Swarming/Outputs/20260109_202226_ParticleTesting/P80_I20/run.log - INFO - n_caps=9 | minZ=0.042458 | models=[1012, 1014, 509, 433, 171, 1170, 96, 699, 239] | nodes=[9, 14, 15, 5, 7, 10, 6, 16, 11]
2026-01-11 16:02:51,765 - /DATA/Aurindum/Swarming/Outputs/20260109_202226_ParticleTesting/P80_I20/run.log - INFO - n_caps=10 | minZ=0.041975 | models=[1012, 1015, 509, 433, 171, 1170, 96, 698, 240, 2177] | nodes=[9, 14, 15, 5, 7, 10, 6, 16, 11, 4]
2026-01-11 16:02:51,766 - /DATA/Aurindum/Swarming/Outputs/20260109_202226_ParticleTesting/P80_I20/run.log - INFO - Threshold reached at n_caps=10
2026-01-11 16:04:09,221 - /DATA/Aurindum/Swarming/Outputs/20260109_202226_ParticleTesting/P80_I30/run.log - INFO - n_caps=1 | minZ=0.087365 | models=[1014] | nodes=[9]
2026-01-11 16:05:28,438 - /DATA/Aurindum/Swarming/Outputs/20260109_202226_ParticleTesting/P80_I30/run.log - INFO - n_caps=2 | minZ=0.064766 | models=[1014, 1014] | nodes=[9, 10]
2026-01-11 16:06:49,676 - /DATA/Aurindum/Swarming/Outputs/20260109_202226_ParticleTesting/P80_I30/run.log - INFO - n_caps=3 | minZ=0.053863 | models=[1014, 1014, 528] | nodes=[9, 10, 14]
2026-01-11 16:08:11,723 - /DATA/Aurindum/Swarming/Outputs/20260109_202226_ParticleTesting/P80_I30/run.log - INFO - n_caps=4 | minZ=0.050407 | models=[1014, 1014, 528, 110] | nodes=[9, 10, 14, 6]
2026-01-11 16:09:33,209 - /DATA/Aurindum/Swarming/Outputs/20260109_202226_ParticleTesting/P80_I30/run.log - INFO - n_caps=5 | minZ=0.048438 | models=[1014, 1014, 528, 110, 226] | nodes=[9, 10, 14, 6, 7]
2026-01-11 16:10:58,121 - /DATA/Aurindum/Swarming/Outputs/20260109_202226_ParticleTesting/P80_I30/run.log - INFO - n_caps=6 | minZ=0.045964 | models=[1014, 1014, 528, 110, 226, 341] | nodes=[9, 10, 14, 5, 6, 15]
2026-01-11 16:12:21,671 - /DATA/Aurindum/Swarming/Outputs/20260109_202226_ParticleTesting/P80_I30/run.log - INFO - n_caps=7 | minZ=0.043660 | models=[1014, 1014, 528, 109, 226, 341, 174] | nodes=[9, 10, 14, 5, 6, 15, 7]
2026-01-11 16:13:46,190 - /DATA/Aurindum/Swarming/Outputs/20260109_202226_ParticleTesting/P80_I30/run.log - INFO - n_caps=8 | minZ=0.042380 | models=[1014, 1014, 528, 110, 225, 341, 174, 341] | nodes=[9, 10, 14, 6, 5, 15, 7, 16]
2026-01-11 16:15:10,538 - /DATA/Aurindum/Swarming/Outputs/20260109_202226_ParticleTesting/P80_I30/run.log - INFO - n_caps=9 | minZ=0.041344 | models=[1014, 1014, 528, 110, 225, 341, 175, 341, 261] | nodes=[9, 10, 14, 5, 4, 15, 6, 16, 7]
2026-01-11 16:15:10,538 - /DATA/Aurindum/Swarming/Outputs/20260109_202226_ParticleTesting/P80_I30/run.log - INFO - Threshold reached at n_caps=9
2026-01-11 16:17:01,539 - /DATA/Aurindum/Swarming/Outputs/20260109_202226_ParticleTesting/P80_I40/run.log - INFO - n_caps=1 | minZ=0.087365 | models=[1014] | nodes=[9]
2026-01-11 16:18:52,617 - /DATA/Aurindum/Swarming/Outputs/20260109_202226_ParticleTesting/P80_I40/run.log - INFO - n_caps=2 | minZ=0.067902 | models=[1014, 893] | nodes=[9, 5]
2026-01-11 16:20:44,137 - /DATA/Aurindum/Swarming/Outputs/20260109_202226_ParticleTesting/P80_I40/run.log - INFO - n_caps=3 | minZ=0.056227 | models=[1014, 893, 685] | nodes=[9, 5, 10]
2026-01-11 16:22:36,744 - /DATA/Aurindum/Swarming/Outputs/20260109_202226_ParticleTesting/P80_I40/run.log - INFO - n_caps=4 | minZ=0.050740 | models=[1014, 893, 686, 618] | nodes=[9, 5, 10, 6]
2026-01-11 16:24:29,495 - /DATA/Aurindum/Swarming/Outputs/20260109_202226_ParticleTesting/P80_I40/run.log - INFO - n_caps=5 | minZ=0.048126 | models=[1014, 893, 686, 617, 366] | nodes=[9, 5, 10, 6, 14]
2026-01-11 16:26:19,866 - /DATA/Aurindum/Swarming/Outputs/20260109_202226_ParticleTesting/P80_I40/run.log - INFO - n_caps=6 | minZ=0.044742 | models=[1014, 893, 686, 616, 366, 447] | nodes=[9, 5, 10, 6, 14, 15]
2026-01-11 16:28:06,967 - /DATA/Aurindum/Swarming/Outputs/20260109_202226_ParticleTesting/P80_I40/run.log - INFO - n_caps=7 | minZ=0.042911 | models=[1014, 893, 686, 616, 366, 447, 189] | nodes=[9, 5, 10, 6, 15, 14, 7]
2026-01-11 16:29:56,077 - /DATA/Aurindum/Swarming/Outputs/20260109_202226_ParticleTesting/P80_I40/run.log - INFO - n_caps=8 | minZ=0.041193 | models=[1014, 892, 686, 616, 366, 447, 189, 150] | nodes=[9, 5, 10, 6, 15, 14, 7, 16]
2026-01-11 16:29:56,078 - /DATA/Aurindum/Swarming/Outputs/20260109_202226_ParticleTesting/P80_I40/run.log - INFO - Threshold reached at n_caps=8
2026-01-11 16:32:10,230 - /DATA/Aurindum/Swarming/Outputs/20260109_202226_ParticleTesting/P80_I50/run.log - INFO - n_caps=1 | minZ=0.087365 | models=[1014] | nodes=[9]
2026-01-11 16:34:20,709 - /DATA/Aurindum/Swarming/Outputs/20260109_202226_ParticleTesting/P80_I50/run.log - INFO - n_caps=2 | minZ=0.064766 | models=[1014, 1012] | nodes=[9, 10]
2026-01-11 16:36:36,549 - /DATA/Aurindum/Swarming/Outputs/20260109_202226_ParticleTesting/P80_I50/run.log - INFO - n_caps=3 | minZ=0.055259 | models=[1014, 1012, 448] | nodes=[9, 10, 6]
2026-01-11 16:38:51,077 - /DATA/Aurindum/Swarming/Outputs/20260109_202226_ParticleTesting/P80_I50/run.log - INFO - n_caps=4 | minZ=0.049508 | models=[1014, 1012, 448, 434] | nodes=[9, 10, 5, 6]
2026-01-11 16:40:58,358 - /DATA/Aurindum/Swarming/Outputs/20260109_202226_ParticleTesting/P80_I50/run.log - INFO - n_caps=5 | minZ=0.046188 | models=[1014, 1012, 448, 434, 434] | nodes=[9, 10, 5, 6, 14]
2026-01-11 16:43:09,719 - /DATA/Aurindum/Swarming/Outputs/20260109_202226_ParticleTesting/P80_I50/run.log - INFO - n_caps=6 | minZ=0.044416 | models=[1014, 1012, 448, 434, 434, 433] | nodes=[9, 10, 5, 6, 14, 15]
2026-01-11 16:45:11,970 - /DATA/Aurindum/Swarming/Outputs/20260109_202226_ParticleTesting/P80_I50/run.log - INFO - n_caps=7 | minZ=0.042530 | models=[1014, 1012, 448, 434, 434, 433, 183] | nodes=[9, 10, 5, 6, 14, 15, 16]
2026-01-11 16:47:14,281 - /DATA/Aurindum/Swarming/Outputs/20260109_202226_ParticleTesting/P80_I50/run.log - INFO - n_caps=8 | minZ=0.041483 | models=[1014, 1012, 448, 434, 434, 433, 183, 110] | nodes=[9, 10, 5, 6, 14, 15, 16, 7]
2026-01-11 16:47:14,282 - /DATA/Aurindum/Swarming/Outputs/20260109_202226_ParticleTesting/P80_I50/run.log - INFO - Threshold reached at n_caps=8
2026-01-11 16:49:47,335 - /DATA/Aurindum/Swarming/Outputs/20260109_202226_ParticleTesting/P80_I60/run.log - INFO - n_caps=1 | minZ=0.087365 | models=[1012] | nodes=[9]
2026-01-11 16:52:19,765 - /DATA/Aurindum/Swarming/Outputs/20260109_202226_ParticleTesting/P80_I60/run.log - INFO - n_caps=2 | minZ=0.064766 | models=[1012, 1012] | nodes=[9, 10]
2026-01-11 16:54:51,011 - /DATA/Aurindum/Swarming/Outputs/20260109_202226_ParticleTesting/P80_I60/run.log - INFO - n_caps=3 | minZ=0.053863 | models=[1012, 1012, 527] | nodes=[9, 10, 14]
2026-01-11 16:57:30,228 - /DATA/Aurindum/Swarming/Outputs/20260109_202226_ParticleTesting/P80_I60/run.log - INFO - n_caps=4 | minZ=0.050166 | models=[1012, 1012, 527, 342] | nodes=[9, 10, 14, 15]
2026-01-11 16:59:56,951 - /DATA/Aurindum/Swarming/Outputs/20260109_202226_ParticleTesting/P80_I60/run.log - INFO - n_caps=5 | minZ=0.046663 | models=[1012, 1012, 527, 342, 189] | nodes=[9, 10, 14, 15, 7]
2026-01-11 17:02:26,557 - /DATA/Aurindum/Swarming/Outputs/20260109_202226_ParticleTesting/P80_I60/run.log - INFO - n_caps=6 | minZ=0.044696 | models=[1012, 1012, 527, 342, 189, 434] | nodes=[9, 10, 14, 15, 7, 5]
2026-01-11 17:05:05,997 - /DATA/Aurindum/Swarming/Outputs/20260109_202226_ParticleTesting/P80_I60/run.log - INFO - n_caps=7 | minZ=0.042511 | models=[1012, 1012, 527, 342, 189, 434, 171] | nodes=[9, 10, 14, 15, 7, 5, 6]
2026-01-11 17:07:55,000 - /DATA/Aurindum/Swarming/Outputs/20260109_202226_ParticleTesting/P80_I60/run.log - INFO - n_caps=8 | minZ=0.041244 | models=[1012, 1012, 528, 342, 189, 434, 171, 222] | nodes=[9, 10, 14, 15, 7, 5, 6, 16]
2026-01-11 17:07:55,001 - /DATA/Aurindum/Swarming/Outputs/20260109_202226_ParticleTesting/P80_I60/run.log - INFO - Threshold reached at n_caps=8
2026-01-11 17:11:06,498 - /DATA/Aurindum/Swarming/Outputs/20260109_202226_ParticleTesting/P80_I70/run.log - INFO - n_caps=1 | minZ=0.087365 | models=[1014] | nodes=[9]
2026-01-11 17:14:12,685 - /DATA/Aurindum/Swarming/Outputs/20260109_202226_ParticleTesting/P80_I70/run.log - INFO - n_caps=2 | minZ=0.064766 | models=[1014, 1012] | nodes=[10, 9]
2026-01-11 17:17:21,609 - /DATA/Aurindum/Swarming/Outputs/20260109_202226_ParticleTesting/P80_I70/run.log - INFO - n_caps=3 | minZ=0.054175 | models=[1014, 1012, 499] | nodes=[10, 9, 5]
2026-01-11 17:20:30,886 - /DATA/Aurindum/Swarming/Outputs/20260109_202226_ParticleTesting/P80_I70/run.log - INFO - n_caps=4 | minZ=0.050965 | models=[1014, 1012, 499, 433] | nodes=[9, 10, 5, 6]
2026-01-11 17:23:44,321 - /DATA/Aurindum/Swarming/Outputs/20260109_202226_ParticleTesting/P80_I70/run.log - INFO - n_caps=5 | minZ=0.048333 | models=[1014, 1012, 499, 433, 893] | nodes=[10, 9, 5, 6, 14]
2026-01-11 17:27:01,251 - /DATA/Aurindum/Swarming/Outputs/20260109_202226_ParticleTesting/P80_I70/run.log - INFO - n_caps=6 | minZ=0.044584 | models=[1014, 1012, 499, 433, 892, 262] | nodes=[9, 10, 5, 6, 14, 7]
2026-01-11 17:30:12,597 - /DATA/Aurindum/Swarming/Outputs/20260109_202226_ParticleTesting/P80_I70/run.log - INFO - n_caps=7 | minZ=0.042439 | models=[1014, 1012, 499, 433, 892, 262, 179] | nodes=[9, 10, 5, 7, 14, 6, 15]
2026-01-11 17:33:30,419 - /DATA/Aurindum/Swarming/Outputs/20260109_202226_ParticleTesting/P80_I70/run.log - INFO - n_caps=8 | minZ=0.041054 | models=[1014, 1012, 500, 433, 893, 262, 179, 222] | nodes=[9, 10, 5, 7, 14, 6, 15, 16]
2026-01-11 17:33:30,420 - /DATA/Aurindum/Swarming/Outputs/20260109_202226_ParticleTesting/P80_I70/run.log - INFO - Threshold reached at n_caps=8
2026-01-11 17:37:21,347 - /DATA/Aurindum/Swarming/Outputs/20260109_202226_ParticleTesting/P80_I80/run.log - INFO - n_caps=1 | minZ=0.087365 | models=[1012] | nodes=[9]
2026-01-11 17:41:00,476 - /DATA/Aurindum/Swarming/Outputs/20260109_202226_ParticleTesting/P80_I80/run.log - INFO - n_caps=2 | minZ=0.064766 | models=[1012, 1012] | nodes=[9, 10]
2026-01-11 17:44:40,302 - /DATA/Aurindum/Swarming/Outputs/20260109_202226_ParticleTesting/P80_I80/run.log - INFO - n_caps=3 | minZ=0.054024 | models=[1012, 1012, 512] | nodes=[9, 10, 15]
2026-01-11 17:48:23,909 - /DATA/Aurindum/Swarming/Outputs/20260109_202226_ParticleTesting/P80_I80/run.log - INFO - n_caps=4 | minZ=0.050330 | models=[1012, 1012, 511, 433] | nodes=[9, 10, 14, 6]
2026-01-11 17:52:00,992 - /DATA/Aurindum/Swarming/Outputs/20260109_202226_ParticleTesting/P80_I80/run.log - INFO - n_caps=5 | minZ=0.048038 | models=[1012, 1012, 512, 433, 226] | nodes=[9, 10, 14, 6, 7]
2026-01-11 17:55:48,121 - /DATA/Aurindum/Swarming/Outputs/20260109_202226_ParticleTesting/P80_I80/run.log - INFO - n_caps=6 | minZ=0.046049 | models=[1012, 1012, 512, 434, 226, 344] | nodes=[9, 10, 14, 6, 7, 5]
2026-01-11 17:59:30,624 - /DATA/Aurindum/Swarming/Outputs/20260109_202226_ParticleTesting/P80_I80/run.log - INFO - n_caps=7 | minZ=0.042783 | models=[1012, 1012, 512, 433, 226, 344, 262] | nodes=[9, 10, 14, 6, 7, 5, 16]
2026-01-11 18:03:10,689 - /DATA/Aurindum/Swarming/Outputs/20260109_202226_ParticleTesting/P80_I80/run.log - INFO - n_caps=8 | minZ=0.041941 | models=[1012, 1012, 511, 433, 226, 344, 261, 189] | nodes=[9, 10, 14, 6, 7, 5, 16, 15]
2026-01-11 18:03:10,690 - /DATA/Aurindum/Swarming/Outputs/20260109_202226_ParticleTesting/P80_I80/run.log - INFO - Threshold reached at n_caps=8
2026-01-11 18:07:11,719 - /DATA/Aurindum/Swarming/Outputs/20260109_202226_ParticleTesting/P80_I90/run.log - INFO - n_caps=1 | minZ=0.087365 | models=[1012] | nodes=[9]
2026-01-11 18:11:14,947 - /DATA/Aurindum/Swarming/Outputs/20260109_202226_ParticleTesting/P80_I90/run.log - INFO - n_caps=2 | minZ=0.064766 | models=[1012, 1014] | nodes=[9, 10]
2026-01-11 18:15:22,439 - /DATA/Aurindum/Swarming/Outputs/20260109_202226_ParticleTesting/P80_I90/run.log - INFO - n_caps=3 | minZ=0.054024 | models=[1012, 1014, 499] | nodes=[9, 10, 15]
2026-01-11 18:19:29,946 - /DATA/Aurindum/Swarming/Outputs/20260109_202226_ParticleTesting/P80_I90/run.log - INFO - n_caps=4 | minZ=0.049979 | models=[1012, 1014, 499, 433] | nodes=[9, 10, 14, 5]
2026-01-11 18:23:39,589 - /DATA/Aurindum/Swarming/Outputs/20260109_202226_ParticleTesting/P80_I90/run.log - INFO - n_caps=5 | minZ=0.047587 | models=[1012, 1014, 499, 433, 434] | nodes=[9, 10, 14, 5, 15]
2026-01-11 18:27:40,529 - /DATA/Aurindum/Swarming/Outputs/20260109_202226_ParticleTesting/P80_I90/run.log - INFO - n_caps=6 | minZ=0.045199 | models=[1012, 1014, 499, 433, 434, 171] | nodes=[9, 10, 14, 5, 15, 6]
2026-01-11 18:31:52,619 - /DATA/Aurindum/Swarming/Outputs/20260109_202226_ParticleTesting/P80_I90/run.log - INFO - n_caps=7 | minZ=0.043387 | models=[1012, 1014, 499, 434, 434, 171, 300] | nodes=[9, 10, 14, 5, 15, 6, 7]
2026-01-11 18:36:04,635 - /DATA/Aurindum/Swarming/Outputs/20260109_202226_ParticleTesting/P80_I90/run.log - INFO - n_caps=8 | minZ=0.041983 | models=[1012, 1014, 498, 433, 434, 171, 299, 455] | nodes=[9, 10, 14, 5, 15, 6, 7, 16]
2026-01-11 18:36:04,636 - /DATA/Aurindum/Swarming/Outputs/20260109_202226_ParticleTesting/P80_I90/run.log - INFO - Threshold reached at n_caps=8
2026-01-11 18:40:40,963 - /DATA/Aurindum/Swarming/Outputs/20260109_202226_ParticleTesting/P80_I100/run.log - INFO - n_caps=1 | minZ=0.087365 | models=[1014] | nodes=[9]
2026-01-11 18:45:16,107 - /DATA/Aurindum/Swarming/Outputs/20260109_202226_ParticleTesting/P80_I100/run.log - INFO - n_caps=2 | minZ=0.064766 | models=[1012, 1012] | nodes=[9, 10]
2026-01-11 18:49:53,269 - /DATA/Aurindum/Swarming/Outputs/20260109_202226_ParticleTesting/P80_I100/run.log - INFO - n_caps=3 | minZ=0.054175 | models=[1012, 1012, 500] | nodes=[9, 10, 5]
2026-01-11 18:54:26,698 - /DATA/Aurindum/Swarming/Outputs/20260109_202226_ParticleTesting/P80_I100/run.log - INFO - n_caps=4 | minZ=0.050965 | models=[1012, 1012, 500, 433] | nodes=[9, 10, 5, 6]
2026-01-11 18:58:55,752 - /DATA/Aurindum/Swarming/Outputs/20260109_202226_ParticleTesting/P80_I100/run.log - INFO - n_caps=5 | minZ=0.048507 | models=[1012, 1012, 500, 433, 171] | nodes=[9, 10, 5, 6, 7]
2026-01-11 19:03:13,614 - /DATA/Aurindum/Swarming/Outputs/20260109_202226_ParticleTesting/P80_I100/run.log - INFO - n_caps=6 | minZ=0.045360 | models=[1012, 1012, 500, 433, 171, 342] | nodes=[9, 10, 5, 6, 7, 14]
2026-01-11 19:07:53,273 - /DATA/Aurindum/Swarming/Outputs/20260109_202226_ParticleTesting/P80_I100/run.log - INFO - n_caps=7 | minZ=0.043162 | models=[1012, 1012, 500, 433, 171, 342, 171] | nodes=[9, 10, 5, 6, 7, 14, 15]
2026-01-11 19:12:31,300 - /DATA/Aurindum/Swarming/Outputs/20260109_202226_ParticleTesting/P80_I100/run.log - INFO - n_caps=8 | minZ=0.041794 | models=[1012, 1012, 500, 433, 171, 342, 171, 221] | nodes=[10, 9, 5, 6, 7, 14, 15, 16]
2026-01-11 19:12:31,300 - /DATA/Aurindum/Swarming/Outputs/20260109_202226_ParticleTesting/P80_I100/run.log - INFO - Threshold reached at n_caps=8
2026-01-11 19:17:32,091 - /DATA/Aurindum/Swarming/Outputs/20260109_202226_ParticleTesting/P80_I110/run.log - INFO - n_caps=1 | minZ=0.087365 | models=[1012] | nodes=[9]
2026-01-11 19:22:27,093 - /DATA/Aurindum/Swarming/Outputs/20260109_202226_ParticleTesting/P80_I110/run.log - INFO - n_caps=2 | minZ=0.064766 | models=[1012, 1012] | nodes=[9, 10]
2026-01-11 19:27:12,142 - /DATA/Aurindum/Swarming/Outputs/20260109_202226_ParticleTesting/P80_I110/run.log - INFO - n_caps=3 | minZ=0.053863 | models=[1012, 1012, 528] | nodes=[9, 10, 14]
2026-01-11 19:31:53,406 - /DATA/Aurindum/Swarming/Outputs/20260109_202226_ParticleTesting/P80_I110/run.log - INFO - n_caps=4 | minZ=0.049874 | models=[1012, 1012, 528, 433] | nodes=[9, 10, 14, 15]
2026-01-11 19:36:49,594 - /DATA/Aurindum/Swarming/Outputs/20260109_202226_ParticleTesting/P80_I110/run.log - INFO - n_caps=5 | minZ=0.047843 | models=[1012, 1012, 528, 433, 226] | nodes=[9, 10, 14, 15, 5]
2026-01-11 19:41:48,421 - /DATA/Aurindum/Swarming/Outputs/20260109_202226_ParticleTesting/P80_I110/run.log - INFO - n_caps=6 | minZ=0.045942 | models=[1012, 1012, 527, 434, 226, 343] | nodes=[9, 10, 14, 15, 5, 6]
2026-01-11 19:46:52,883 - /DATA/Aurindum/Swarming/Outputs/20260109_202226_ParticleTesting/P80_I110/run.log - INFO - n_caps=7 | minZ=0.043719 | models=[1012, 1012, 527, 434, 225, 343, 263] | nodes=[9, 10, 14, 15, 7, 5, 16]
2026-01-11 19:51:53,830 - /DATA/Aurindum/Swarming/Outputs/20260109_202226_ParticleTesting/P80_I110/run.log - INFO - n_caps=8 | minZ=0.041786 | models=[1012, 1012, 528, 433, 225, 342, 263, 171] | nodes=[9, 10, 14, 15, 7, 5, 16, 6]
2026-01-11 19:51:53,831 - /DATA/Aurindum/Swarming/Outputs/20260109_202226_ParticleTesting/P80_I110/run.log - INFO - Threshold reached at n_caps=8
2026-01-11 19:57:17,244 - /DATA/Aurindum/Swarming/Outputs/20260109_202226_ParticleTesting/P80_I120/run.log - INFO - n_caps=1 | minZ=0.087365 | models=[1012] | nodes=[9]
2026-01-11 20:02:50,415 - /DATA/Aurindum/Swarming/Outputs/20260109_202226_ParticleTesting/P80_I120/run.log - INFO - n_caps=2 | minZ=0.064766 | models=[1012, 1012] | nodes=[9, 10]
2026-01-11 20:08:26,797 - /DATA/Aurindum/Swarming/Outputs/20260109_202226_ParticleTesting/P80_I120/run.log - INFO - n_caps=3 | minZ=0.053863 | models=[1012, 1012, 527] | nodes=[9, 10, 14]
2026-01-11 20:14:02,299 - /DATA/Aurindum/Swarming/Outputs/20260109_202226_ParticleTesting/P80_I120/run.log - INFO - n_caps=4 | minZ=0.050228 | models=[1012, 892, 528, 892] | nodes=[9, 10, 14, 15]
2026-01-11 20:19:31,680 - /DATA/Aurindum/Swarming/Outputs/20260109_202226_ParticleTesting/P80_I120/run.log - INFO - n_caps=5 | minZ=0.045998 | models=[1012, 892, 528, 892, 893] | nodes=[9, 10, 14, 15, 5]
2026-01-11 20:24:56,813 - /DATA/Aurindum/Swarming/Outputs/20260109_202226_ParticleTesting/P80_I120/run.log - INFO - n_caps=6 | minZ=0.043045 | models=[1012, 892, 528, 892, 892, 179] | nodes=[9, 10, 14, 15, 5, 7]
2026-01-11 20:30:28,230 - /DATA/Aurindum/Swarming/Outputs/20260109_202226_ParticleTesting/P80_I120/run.log - INFO - n_caps=7 | minZ=0.041395 | models=[1012, 892, 528, 893, 893, 179, 221] | nodes=[9, 10, 14, 15, 5, 7, 6]
2026-01-11 20:30:28,231 - /DATA/Aurindum/Swarming/Outputs/20260109_202226_ParticleTesting/P80_I120/run.log - INFO - Threshold reached at n_caps=7
2026-01-11 20:36:29,648 - /DATA/Aurindum/Swarming/Outputs/20260109_202226_ParticleTesting/P80_I130/run.log - INFO - n_caps=1 | minZ=0.087365 | models=[1012] | nodes=[9]
2026-01-11 20:42:31,535 - /DATA/Aurindum/Swarming/Outputs/20260109_202226_ParticleTesting/P80_I130/run.log - INFO - n_caps=2 | minZ=0.064766 | models=[1012, 1012] | nodes=[9, 10]
2026-01-11 20:48:32,969 - /DATA/Aurindum/Swarming/Outputs/20260109_202226_ParticleTesting/P80_I130/run.log - INFO - n_caps=3 | minZ=0.055259 | models=[1012, 1012, 448] | nodes=[10, 9, 6]
2026-01-11 20:54:26,766 - /DATA/Aurindum/Swarming/Outputs/20260109_202226_ParticleTesting/P80_I130/run.log - INFO - n_caps=4 | minZ=0.049814 | models=[1012, 1012, 448, 342] | nodes=[10, 9, 6, 15]
2026-01-11 21:00:14,765 - /DATA/Aurindum/Swarming/Outputs/20260109_202226_ParticleTesting/P80_I130/run.log - INFO - n_caps=5 | minZ=0.047337 | models=[1012, 1012, 448, 342, 222] | nodes=[10, 9, 6, 14, 7]
2026-01-11 21:06:07,550 - /DATA/Aurindum/Swarming/Outputs/20260109_202226_ParticleTesting/P80_I130/run.log - INFO - n_caps=6 | minZ=0.044575 | models=[1012, 1012, 448, 342, 222, 433] | nodes=[10, 9, 6, 14, 7, 5]
2026-01-11 21:11:20,661 - /DATA/Aurindum/Swarming/Outputs/20260109_202226_ParticleTesting/P80_I130/run.log - INFO - n_caps=7 | minZ=0.042433 | models=[1012, 1012, 448, 342, 222, 433, 189] | nodes=[10, 9, 6, 14, 7, 5, 15]
2026-01-11 21:16:42,351 - /DATA/Aurindum/Swarming/Outputs/20260109_202226_ParticleTesting/P80_I130/run.log - INFO - n_caps=8 | minZ=0.041091 | models=[1012, 1012, 448, 342, 222, 433, 189, 221] | nodes=[10, 9, 6, 14, 7, 5, 15, 16]
2026-01-11 21:16:42,352 - /DATA/Aurindum/Swarming/Outputs/20260109_202226_ParticleTesting/P80_I130/run.log - INFO - Threshold reached at n_caps=8
2026-01-11 21:22:39,284 - /DATA/Aurindum/Swarming/Outputs/20260109_202226_ParticleTesting/P80_I140/run.log - INFO - n_caps=1 | minZ=0.087365 | models=[1014] | nodes=[9]
2026-01-11 21:28:19,293 - /DATA/Aurindum/Swarming/Outputs/20260109_202226_ParticleTesting/P80_I140/run.log - INFO - n_caps=2 | minZ=0.064766 | models=[1014, 1014] | nodes=[9, 10]
2026-01-11 21:34:08,692 - /DATA/Aurindum/Swarming/Outputs/20260109_202226_ParticleTesting/P80_I140/run.log - INFO - n_caps=3 | minZ=0.053863 | models=[1014, 1014, 527] | nodes=[9, 10, 14]
2026-01-11 21:39:48,814 - /DATA/Aurindum/Swarming/Outputs/20260109_202226_ParticleTesting/P80_I140/run.log - INFO - n_caps=4 | minZ=0.050231 | models=[1014, 1014, 527, 892] | nodes=[9, 10, 14, 15]
2026-01-11 21:45:42,362 - /DATA/Aurindum/Swarming/Outputs/20260109_202226_ParticleTesting/P80_I140/run.log - INFO - n_caps=5 | minZ=0.046343 | models=[1014, 1014, 510, 892, 263] | nodes=[9, 10, 14, 15, 16]
2026-01-11 21:51:48,010 - /DATA/Aurindum/Swarming/Outputs/20260109_202226_ParticleTesting/P80_I140/run.log - INFO - n_caps=6 | minZ=0.044200 | models=[1014, 1014, 511, 892, 263, 447] | nodes=[9, 10, 14, 15, 16, 5]
2026-01-11 21:57:45,634 - /DATA/Aurindum/Swarming/Outputs/20260109_202226_ParticleTesting/P80_I140/run.log - INFO - n_caps=7 | minZ=0.042431 | models=[1014, 1014, 511, 892, 263, 523, 171] | nodes=[9, 10, 14, 15, 16, 5, 7]
2026-01-11 22:03:29,596 - /DATA/Aurindum/Swarming/Outputs/20260109_202226_ParticleTesting/P80_I140/run.log - INFO - n_caps=8 | minZ=0.041141 | models=[1014, 1014, 511, 892, 263, 523, 171, 12] | nodes=[9, 10, 14, 15, 16, 5, 6, 7]
2026-01-11 22:03:29,597 - /DATA/Aurindum/Swarming/Outputs/20260109_202226_ParticleTesting/P80_I140/run.log - INFO - Threshold reached at n_caps=8
2026-01-11 22:10:07,032 - /DATA/Aurindum/Swarming/Outputs/20260109_202226_ParticleTesting/P80_I150/run.log - INFO - n_caps=1 | minZ=0.087365 | models=[1014] | nodes=[9]
2026-01-11 22:16:20,894 - /DATA/Aurindum/Swarming/Outputs/20260109_202226_ParticleTesting/P80_I150/run.log - INFO - n_caps=2 | minZ=0.064766 | models=[1012, 1014] | nodes=[9, 10]
2026-01-11 22:22:38,846 - /DATA/Aurindum/Swarming/Outputs/20260109_202226_ParticleTesting/P80_I150/run.log - INFO - n_caps=3 | minZ=0.053863 | models=[1012, 1014, 528] | nodes=[9, 10, 14]
2026-01-11 22:29:17,975 - /DATA/Aurindum/Swarming/Outputs/20260109_202226_ParticleTesting/P80_I150/run.log - INFO - n_caps=4 | minZ=0.050231 | models=[1012, 1014, 528, 892] | nodes=[9, 10, 14, 15]
2026-01-11 22:35:25,088 - /DATA/Aurindum/Swarming/Outputs/20260109_202226_ParticleTesting/P80_I150/run.log - INFO - n_caps=5 | minZ=0.046281 | models=[1012, 1014, 528, 892, 262] | nodes=[9, 10, 14, 15, 7]
2026-01-11 22:41:21,746 - /DATA/Aurindum/Swarming/Outputs/20260109_202226_ParticleTesting/P80_I150/run.log - INFO - n_caps=6 | minZ=0.043775 | models=[1012, 1014, 528, 892, 262, 149] | nodes=[9, 10, 14, 15, 6, 5]
2026-01-11 22:47:32,236 - /DATA/Aurindum/Swarming/Outputs/20260109_202226_ParticleTesting/P80_I150/run.log - INFO - n_caps=7 | minZ=0.042344 | models=[1012, 1014, 528, 893, 262, 149, 174] | nodes=[9, 10, 14, 15, 6, 5, 7]
2026-01-11 22:53:31,262 - /DATA/Aurindum/Swarming/Outputs/20260109_202226_ParticleTesting/P80_I150/run.log - INFO - n_caps=8 | minZ=0.040992 | models=[1012, 1014, 528, 893, 263, 149, 174, 110] | nodes=[9, 10, 14, 15, 6, 5, 7, 16]
2026-01-11 22:53:31,262 - /DATA/Aurindum/Swarming/Outputs/20260109_202226_ParticleTesting/P80_I150/run.log - INFO - Threshold reached at n_caps=8
2026-01-11 23:00:04,051 - /DATA/Aurindum/Swarming/Outputs/20260109_202226_ParticleTesting/P80_I160/run.log - INFO - n_caps=1 | minZ=0.087365 | models=[1014] | nodes=[9]
2026-01-11 23:06:36,124 - /DATA/Aurindum/Swarming/Outputs/20260109_202226_ParticleTesting/P80_I160/run.log - INFO - n_caps=2 | minZ=0.064766 | models=[1014, 1014] | nodes=[9, 10]
2026-01-11 23:13:05,157 - /DATA/Aurindum/Swarming/Outputs/20260109_202226_ParticleTesting/P80_I160/run.log - INFO - n_caps=3 | minZ=0.053863 | models=[1014, 1014, 527] | nodes=[9, 10, 14]
2026-01-11 23:19:59,268 - /DATA/Aurindum/Swarming/Outputs/20260109_202226_ParticleTesting/P80_I160/run.log - INFO - n_caps=4 | minZ=0.049874 | models=[1014, 1014, 527, 433] | nodes=[9, 10, 14, 15]
2026-01-11 23:26:52,737 - /DATA/Aurindum/Swarming/Outputs/20260109_202226_ParticleTesting/P80_I160/run.log - INFO - n_caps=5 | minZ=0.047557 | models=[1014, 1014, 527, 433, 433] | nodes=[9, 10, 14, 15, 5]
2026-01-11 23:33:40,299 - /DATA/Aurindum/Swarming/Outputs/20260109_202226_ParticleTesting/P80_I160/run.log - INFO - n_caps=6 | minZ=0.045027 | models=[1014, 1014, 527, 433, 433, 189] | nodes=[9, 10, 14, 15, 5, 6]
2026-01-11 23:40:22,572 - /DATA/Aurindum/Swarming/Outputs/20260109_202226_ParticleTesting/P80_I160/run.log - INFO - n_caps=7 | minZ=0.043219 | models=[1014, 1014, 527, 433, 434, 189, 110] | nodes=[9, 10, 14, 15, 5, 6, 7]
2026-01-11 23:47:05,983 - /DATA/Aurindum/Swarming/Outputs/20260109_202226_ParticleTesting/P80_I160/run.log - INFO - n_caps=8 | minZ=0.041726 | models=[1014, 1014, 527, 433, 433, 189, 110, 189] | nodes=[9, 10, 14, 15, 5, 7, 6, 16]
2026-01-11 23:47:05,984 - /DATA/Aurindum/Swarming/Outputs/20260109_202226_ParticleTesting/P80_I160/run.log - INFO - Threshold reached at n_caps=8
2026-01-11 23:54:09,202 - /DATA/Aurindum/Swarming/Outputs/20260109_202226_ParticleTesting/P80_I170/run.log - INFO - n_caps=1 | minZ=0.087365 | models=[1012] | nodes=[9]
2026-01-12 00:01:29,672 - /DATA/Aurindum/Swarming/Outputs/20260109_202226_ParticleTesting/P80_I170/run.log - INFO - n_caps=2 | minZ=0.064766 | models=[1012, 1014] | nodes=[9, 10]
2026-01-12 00:08:32,157 - /DATA/Aurindum/Swarming/Outputs/20260109_202226_ParticleTesting/P80_I170/run.log - INFO - n_caps=3 | minZ=0.053863 | models=[1012, 1014, 527] | nodes=[9, 10, 14]
2026-01-12 00:15:39,356 - /DATA/Aurindum/Swarming/Outputs/20260109_202226_ParticleTesting/P80_I170/run.log - INFO - n_caps=4 | minZ=0.050198 | models=[1012, 1014, 511, 892] | nodes=[9, 10, 14, 15]
2026-01-12 00:22:25,501 - /DATA/Aurindum/Swarming/Outputs/20260109_202226_ParticleTesting/P80_I170/run.log - INFO - n_caps=5 | minZ=0.046343 | models=[1012, 1014, 510, 893, 262] | nodes=[9, 10, 14, 15, 16]
2026-01-12 00:29:23,338 - /DATA/Aurindum/Swarming/Outputs/20260109_202226_ParticleTesting/P80_I170/run.log - INFO - n_caps=6 | minZ=0.044223 | models=[1012, 1014, 509, 893, 262, 222] | nodes=[10, 9, 14, 15, 16, 6]
2026-01-12 00:36:14,456 - /DATA/Aurindum/Swarming/Outputs/20260109_202226_ParticleTesting/P80_I170/run.log - INFO - n_caps=7 | minZ=0.042509 | models=[1012, 1014, 509, 893, 262, 222, 226] | nodes=[10, 9, 14, 15, 16, 6, 5]
2026-01-12 00:43:01,193 - /DATA/Aurindum/Swarming/Outputs/20260109_202226_ParticleTesting/P80_I170/run.log - INFO - n_caps=8 | minZ=0.041527 | models=[1012, 1014, 509, 893, 262, 222, 226, 12] | nodes=[10, 9, 14, 15, 16, 6, 5, 7]
2026-01-12 00:43:01,194 - /DATA/Aurindum/Swarming/Outputs/20260109_202226_ParticleTesting/P80_I170/run.log - INFO - Threshold reached at n_caps=8
2026-01-12 00:50:22,703 - /DATA/Aurindum/Swarming/Outputs/20260109_202226_ParticleTesting/P80_I180/run.log - INFO - n_caps=1 | minZ=0.087365 | models=[1014] | nodes=[9]
2026-01-12 00:57:32,704 - /DATA/Aurindum/Swarming/Outputs/20260109_202226_ParticleTesting/P80_I180/run.log - INFO - n_caps=2 | minZ=0.064766 | models=[1014, 1014] | nodes=[9, 10]
2026-01-12 01:05:04,532 - /DATA/Aurindum/Swarming/Outputs/20260109_202226_ParticleTesting/P80_I180/run.log - INFO - n_caps=3 | minZ=0.053863 | models=[1014, 1014, 528] | nodes=[9, 10, 14]
2026-01-12 01:11:56,477 - /DATA/Aurindum/Swarming/Outputs/20260109_202226_ParticleTesting/P80_I180/run.log - INFO - n_caps=4 | minZ=0.049852 | models=[1014, 1014, 499, 434] | nodes=[9, 10, 14, 15]
2026-01-12 01:19:01,357 - /DATA/Aurindum/Swarming/Outputs/20260109_202226_ParticleTesting/P80_I180/run.log - INFO - n_caps=5 | minZ=0.047807 | models=[1014, 1014, 500, 434, 893] | nodes=[9, 10, 14, 15, 5]
2026-01-12 01:26:29,975 - /DATA/Aurindum/Swarming/Outputs/20260109_202226_ParticleTesting/P80_I180/run.log - INFO - n_caps=6 | minZ=0.044037 | models=[1014, 1014, 500, 434, 893, 263] | nodes=[9, 10, 14, 15, 5, 6]
2026-01-12 01:33:50,431 - /DATA/Aurindum/Swarming/Outputs/20260109_202226_ParticleTesting/P80_I180/run.log - INFO - n_caps=7 | minZ=0.041665 | models=[1014, 1014, 500, 434, 893, 263, 179] | nodes=[10, 9, 14, 15, 5, 6, 7]
2026-01-12 01:33:50,432 - /DATA/Aurindum/Swarming/Outputs/20260109_202226_ParticleTesting/P80_I180/run.log - INFO - Threshold reached at n_caps=7
2026-01-12 01:41:17,363 - /DATA/Aurindum/Swarming/Outputs/20260109_202226_ParticleTesting/P80_I190/run.log - INFO - n_caps=1 | minZ=0.087365 | models=[1012] | nodes=[9]
2026-01-12 01:49:05,077 - /DATA/Aurindum/Swarming/Outputs/20260109_202226_ParticleTesting/P80_I190/run.log - INFO - n_caps=2 | minZ=0.064766 | models=[1012, 1012] | nodes=[9, 10]
2026-01-12 01:56:42,533 - /DATA/Aurindum/Swarming/Outputs/20260109_202226_ParticleTesting/P80_I190/run.log - INFO - n_caps=3 | minZ=0.053863 | models=[1012, 1012, 528] | nodes=[9, 10, 14]
2026-01-12 02:04:17,936 - /DATA/Aurindum/Swarming/Outputs/20260109_202226_ParticleTesting/P80_I190/run.log - INFO - n_caps=4 | minZ=0.049874 | models=[1012, 1012, 528, 433] | nodes=[9, 10, 14, 15]
2026-01-12 02:12:10,800 - /DATA/Aurindum/Swarming/Outputs/20260109_202226_ParticleTesting/P80_I190/run.log - INFO - n_caps=5 | minZ=0.047096 | models=[1012, 1045, 686, 433, 433] | nodes=[10, 9, 14, 15, 5]
2026-01-12 02:20:51,153 - /DATA/Aurindum/Swarming/Outputs/20260109_202226_ParticleTesting/P80_I190/run.log - INFO - n_caps=6 | minZ=0.044086 | models=[1012, 1045, 686, 434, 433, 434] | nodes=[9, 10, 14, 15, 6, 5]
2026-01-12 02:29:34,506 - /DATA/Aurindum/Swarming/Outputs/20260109_202226_ParticleTesting/P80_I190/run.log - INFO - n_caps=7 | minZ=0.042599 | models=[1012, 1044, 686, 434, 433, 434, 222] | nodes=[10, 9, 14, 15, 5, 6, 7]
2026-01-12 02:38:19,465 - /DATA/Aurindum/Swarming/Outputs/20260109_202226_ParticleTesting/P80_I190/run.log - INFO - n_caps=8 | minZ=0.041304 | models=[1012, 1045, 686, 434, 433, 434, 222, 225] | nodes=[9, 10, 15, 14, 6, 5, 7, 16]
2026-01-12 02:38:19,466 - /DATA/Aurindum/Swarming/Outputs/20260109_202226_ParticleTesting/P80_I190/run.log - INFO - Threshold reached at n_caps=8
2026-01-12 02:47:20,302 - /DATA/Aurindum/Swarming/Outputs/20260109_202226_ParticleTesting/P80_I200/run.log - INFO - n_caps=1 | minZ=0.087365 | models=[1014] | nodes=[9]
2026-01-12 02:56:34,071 - /DATA/Aurindum/Swarming/Outputs/20260109_202226_ParticleTesting/P80_I200/run.log - INFO - n_caps=2 | minZ=0.064766 | models=[1014, 1012] | nodes=[9, 10]
2026-01-12 03:05:53,923 - /DATA/Aurindum/Swarming/Outputs/20260109_202226_ParticleTesting/P80_I200/run.log - INFO - n_caps=3 | minZ=0.053863 | models=[1014, 1012, 527] | nodes=[9, 10, 14]
2026-01-12 03:15:26,313 - /DATA/Aurindum/Swarming/Outputs/20260109_202226_ParticleTesting/P80_I200/run.log - INFO - n_caps=4 | minZ=0.049857 | models=[1014, 1014, 509, 433] | nodes=[9, 10, 14, 15]
2026-01-12 03:24:50,448 - /DATA/Aurindum/Swarming/Outputs/20260109_202226_ParticleTesting/P80_I200/run.log - INFO - n_caps=5 | minZ=0.047554 | models=[1014, 1014, 509, 434, 433] | nodes=[9, 10, 14, 15, 5]
2026-01-12 03:34:12,611 - /DATA/Aurindum/Swarming/Outputs/20260109_202226_ParticleTesting/P80_I200/run.log - INFO - n_caps=6 | minZ=0.045367 | models=[1014, 1014, 509, 433, 433, 171] | nodes=[9, 10, 14, 15, 5, 16]
2026-01-12 03:43:41,634 - /DATA/Aurindum/Swarming/Outputs/20260109_202226_ParticleTesting/P80_I200/run.log - INFO - n_caps=7 | minZ=0.043649 | models=[1014, 1014, 509, 434, 433, 171, 221] | nodes=[9, 10, 14, 15, 5, 16, 6]
2026-01-12 03:52:59,435 - /DATA/Aurindum/Swarming/Outputs/20260109_202226_ParticleTesting/P80_I200/run.log - INFO - n_caps=8 | minZ=0.042300 | models=[1014, 1014, 510, 434, 433, 171, 221, 221] | nodes=[9, 10, 14, 15, 5, 16, 7, 6]
2026-01-12 04:02:19,215 - /DATA/Aurindum/Swarming/Outputs/20260109_202226_ParticleTesting/P80_I200/run.log - INFO - n_caps=9 | minZ=0.041928 | models=[1014, 1014, 510, 433, 433, 171, 221, 221, 189] | nodes=[9, 10, 14, 15, 5, 16, 6, 7, 8]
2026-01-12 04:02:19,216 - /DATA/Aurindum/Swarming/Outputs/20260109_202226_ParticleTesting/P80_I200/run.log - INFO - Threshold reached at n_caps=9
2026-01-12 04:02:51,278 - /DATA/Aurindum/Swarming/Outputs/20260109_202226_ParticleTesting/P90_I10/run.log - INFO - n_caps=1 | minZ=0.094292 | models=[1012] | nodes=[5]
2026-01-12 04:03:22,210 - /DATA/Aurindum/Swarming/Outputs/20260109_202226_ParticleTesting/P90_I10/run.log - INFO - n_caps=2 | minZ=0.070838 | models=[1012, 686] | nodes=[5, 15]
2026-01-12 04:03:54,073 - /DATA/Aurindum/Swarming/Outputs/20260109_202226_ParticleTesting/P90_I10/run.log - INFO - n_caps=3 | minZ=0.059405 | models=[1012, 686, 1014] | nodes=[5, 15, 14]
2026-01-12 04:04:26,979 - /DATA/Aurindum/Swarming/Outputs/20260109_202226_ParticleTesting/P90_I10/run.log - INFO - n_caps=4 | minZ=0.054299 | models=[1012, 686, 1014, 892] | nodes=[5, 15, 14, 6]
2026-01-12 04:04:58,320 - /DATA/Aurindum/Swarming/Outputs/20260109_202226_ParticleTesting/P90_I10/run.log - INFO - n_caps=5 | minZ=0.050533 | models=[1012, 686, 1014, 892, 343] | nodes=[5, 15, 14, 6, 9]
2026-01-12 04:05:30,556 - /DATA/Aurindum/Swarming/Outputs/20260109_202226_ParticleTesting/P90_I10/run.log - INFO - n_caps=6 | minZ=0.046056 | models=[1013, 686, 1014, 892, 344, 510] | nodes=[6, 15, 14, 5, 9, 10]
2026-01-12 04:06:02,616 - /DATA/Aurindum/Swarming/Outputs/20260109_202226_ParticleTesting/P90_I10/run.log - INFO - n_caps=7 | minZ=0.045185 | models=[1013, 686, 1014, 892, 344, 510, 212] | nodes=[6, 15, 14, 5, 9, 10, 7]
2026-01-12 04:06:34,682 - /DATA/Aurindum/Swarming/Outputs/20260109_202226_ParticleTesting/P90_I10/run.log - INFO - n_caps=8 | minZ=0.044120 | models=[1013, 686, 1014, 892, 344, 510, 211, 744] | nodes=[6, 15, 14, 5, 9, 10, 7, 16]
2026-01-12 04:07:06,981 - /DATA/Aurindum/Swarming/Outputs/20260109_202226_ParticleTesting/P90_I10/run.log - INFO - n_caps=9 | minZ=0.043271 | models=[1013, 686, 1014, 892, 344, 510, 211, 744, 261] | nodes=[6, 15, 14, 5, 9, 10, 7, 16, 8]
2026-01-12 04:07:38,081 - /DATA/Aurindum/Swarming/Outputs/20260109_202226_ParticleTesting/P90_I10/run.log - INFO - n_caps=10 | minZ=0.042485 | models=[1013, 686, 1014, 893, 344, 510, 211, 745, 262, 2994] | nodes=[6, 14, 15, 5, 9, 10, 8, 16, 7, 2]
2026-01-12 04:08:09,608 - /DATA/Aurindum/Swarming/Outputs/20260109_202226_ParticleTesting/P90_I10/run.log - INFO - n_caps=11 | minZ=0.042399 | models=[1013, 686, 1014, 893, 344, 510, 211, 745, 262, 2994, 34] | nodes=[6, 14, 15, 5, 9, 10, 8, 16, 7, 2, 11]
2026-01-12 04:08:40,736 - /DATA/Aurindum/Swarming/Outputs/20260109_202226_ParticleTesting/P90_I10/run.log - INFO - n_caps=12 | minZ=0.042393 | models=[1013, 686, 1014, 893, 344, 510, 211, 745, 262, 2994, 34, 1168] | nodes=[6, 14, 15, 5, 9, 10, 8, 16, 7, 2, 11, 1]
2026-01-12 04:09:13,014 - /DATA/Aurindum/Swarming/Outputs/20260109_202226_ParticleTesting/P90_I10/run.log - INFO - n_caps=13 | minZ=0.042261 | models=[1013, 685, 1014, 892, 343, 511, 211, 745, 262, 2994, 34, 1168, 62] | nodes=[6, 14, 15, 5, 9, 10, 8, 16, 7, 2, 11, 1, 17]
2026-01-12 04:09:44,935 - /DATA/Aurindum/Swarming/Outputs/20260109_202226_ParticleTesting/P90_I10/run.log - INFO - n_caps=14 | minZ=0.042172 | models=[1013, 686, 1014, 893, 344, 511, 211, 743, 262, 2995, 34, 1169, 63, 1241] | nodes=[6, 14, 15, 5, 9, 10, 8, 16, 7, 2, 11, 3, 17, 4]
2026-01-12 04:10:18,498 - /DATA/Aurindum/Swarming/Outputs/20260109_202226_ParticleTesting/P90_I10/run.log - INFO - n_caps=15 | minZ=0.042120 | models=[1013, 685, 1014, 893, 343, 510, 211, 743, 262, 2994, 34, 1169, 63, 1240, 2927] | nodes=[6, 14, 15, 5, 9, 10, 8, 16, 7, 2, 11, 1, 17, 3, 4]
2026-01-12 04:10:51,526 - /DATA/Aurindum/Swarming/Outputs/20260109_202226_ParticleTesting/P90_I10/run.log - INFO - n_caps=16 | minZ=0.042122 | models=[1013, 686, 1014, 893, 343, 510, 211, 743, 262, 2994, 34, 1169, 63, 1241, 2927, 47] | nodes=[6, 14, 15, 5, 9, 10, 8, 16, 7, 2, 11, 1, 17, 3, 4, 12]
2026-01-12 04:11:24,897 - /DATA/Aurindum/Swarming/Outputs/20260109_202226_ParticleTesting/P90_I10/run.log - INFO - n_caps=17 | minZ=0.042116 | models=[1013, 686, 1014, 893, 343, 510, 211, 743, 262, 2994, 34, 1169, 62, 1241, 2927, 47, 2345] | nodes=[6, 14, 15, 5, 9, 10, 8, 16, 7, 2, 11, 1, 17, 3, 4, 12, 20]
2026-01-12 04:11:59,672 - /DATA/Aurindum/Swarming/Outputs/20260109_202226_ParticleTesting/P90_I10/run.log - INFO - n_caps=18 | minZ=0.042117 | models=[1013, 686, 1014, 893, 343, 510, 211, 743, 263, 2994, 34, 1169, 62, 1240, 2927, 47, 2345, 2631] | nodes=[6, 14, 15, 5, 9, 10, 8, 16, 7, 3, 11, 1, 17, 2, 4, 12, 18, 19]
2026-01-12 04:12:33,421 - /DATA/Aurindum/Swarming/Outputs/20260109_202226_ParticleTesting/P90_I10/run.log - INFO - n_caps=19 | minZ=0.042116 | models=[1013, 686, 1014, 893, 343, 510, 211, 743, 263, 2994, 34, 1169, 62, 1240, 2927, 47, 2345, 2631, 1624] | nodes=[6, 14, 15, 5, 9, 10, 8, 16, 7, 3, 11, 1, 17, 2, 4, 12, 18, 19, 20]
2026-01-12 04:13:06,604 - /DATA/Aurindum/Swarming/Outputs/20260109_202226_ParticleTesting/P90_I10/run.log - INFO - n_caps=20 | minZ=0.042176 | models=[1013, 686, 1014, 893, 343, 510, 211, 743, 263, 2994, 34, 1169, 62, 1240, 2927, 47, 2345, 2631, 1624, 3345] | nodes=[6, 14, 15, 5, 9, 10, 8, 16, 7, 3, 11, 1, 17, 2, 4, 12, 18, 19, 20, 13]
2026-01-12 04:14:13,627 - /DATA/Aurindum/Swarming/Outputs/20260109_202226_ParticleTesting/P90_I20/run.log - INFO - n_caps=1 | minZ=0.094622 | models=[1014] | nodes=[16]
2026-01-12 04:15:18,608 - /DATA/Aurindum/Swarming/Outputs/20260109_202226_ParticleTesting/P90_I20/run.log - INFO - n_caps=2 | minZ=0.069043 | models=[1014, 1014] | nodes=[16, 9]
2026-01-12 04:16:23,727 - /DATA/Aurindum/Swarming/Outputs/20260109_202226_ParticleTesting/P90_I20/run.log - INFO - n_caps=3 | minZ=0.056560 | models=[1014, 1014, 511] | nodes=[16, 10, 9]
2026-01-12 04:17:29,993 - /DATA/Aurindum/Swarming/Outputs/20260109_202226_ParticleTesting/P90_I20/run.log - INFO - n_caps=4 | minZ=0.051159 | models=[1014, 1014, 511, 366] | nodes=[16, 10, 9, 5]
2026-01-12 04:18:34,753 - /DATA/Aurindum/Swarming/Outputs/20260109_202226_ParticleTesting/P90_I20/run.log - INFO - n_caps=5 | minZ=0.048543 | models=[1014, 1014, 511, 366, 221] | nodes=[16, 10, 9, 5, 6]
2026-01-12 04:19:38,351 - /DATA/Aurindum/Swarming/Outputs/20260109_202226_ParticleTesting/P90_I20/run.log - INFO - n_caps=6 | minZ=0.046588 | models=[1014, 1014, 510, 365, 222, 366] | nodes=[16, 10, 9, 5, 6, 14]
2026-01-12 04:20:40,852 - /DATA/Aurindum/Swarming/Outputs/20260109_202226_ParticleTesting/P90_I20/run.log - INFO - n_caps=7 | minZ=0.044223 | models=[1014, 1014, 510, 365, 222, 366, 184] | nodes=[16, 10, 9, 5, 6, 14, 7]
2026-01-12 04:21:43,796 - /DATA/Aurindum/Swarming/Outputs/20260109_202226_ParticleTesting/P90_I20/run.log - INFO - n_caps=8 | minZ=0.042719 | models=[1014, 1014, 510, 365, 222, 366, 184, 330] | nodes=[16, 10, 9, 5, 6, 14, 7, 15]
2026-01-12 04:22:47,681 - /DATA/Aurindum/Swarming/Outputs/20260109_202226_ParticleTesting/P90_I20/run.log - INFO - n_caps=9 | minZ=0.042282 | models=[1014, 1014, 510, 366, 222, 366, 184, 330, 231] | nodes=[16, 10, 9, 5, 6, 14, 7, 15, 8]
2026-01-12 04:23:51,591 - /DATA/Aurindum/Swarming/Outputs/20260109_202226_ParticleTesting/P90_I20/run.log - INFO - n_caps=10 | minZ=0.041409 | models=[1014, 1014, 510, 366, 221, 365, 183, 331, 231, 2029] | nodes=[14, 10, 9, 5, 6, 15, 7, 16, 8, 17]
2026-01-12 04:23:51,591 - /DATA/Aurindum/Swarming/Outputs/20260109_202226_ParticleTesting/P90_I20/run.log - INFO - Threshold reached at n_caps=10
2026-01-12 04:25:24,978 - /DATA/Aurindum/Swarming/Outputs/20260109_202226_ParticleTesting/P90_I30/run.log - INFO - n_caps=1 | minZ=0.087365 | models=[1014] | nodes=[9]
2026-01-12 04:26:56,697 - /DATA/Aurindum/Swarming/Outputs/20260109_202226_ParticleTesting/P90_I30/run.log - INFO - n_caps=2 | minZ=0.067602 | models=[1014, 898] | nodes=[9, 15]
2026-01-12 04:28:27,721 - /DATA/Aurindum/Swarming/Outputs/20260109_202226_ParticleTesting/P90_I30/run.log - INFO - n_caps=3 | minZ=0.056907 | models=[1014, 898, 893] | nodes=[9, 15, 10]
2026-01-12 04:30:00,834 - /DATA/Aurindum/Swarming/Outputs/20260109_202226_ParticleTesting/P90_I30/run.log - INFO - n_caps=4 | minZ=0.050563 | models=[1014, 898, 893, 433] | nodes=[9, 15, 10, 7]
2026-01-12 04:31:34,343 - /DATA/Aurindum/Swarming/Outputs/20260109_202226_ParticleTesting/P90_I30/run.log - INFO - n_caps=5 | minZ=0.046734 | models=[1014, 898, 892, 433, 892] | nodes=[9, 15, 10, 6, 5]
2026-01-12 04:33:08,119 - /DATA/Aurindum/Swarming/Outputs/20260109_202226_ParticleTesting/P90_I30/run.log - INFO - n_caps=6 | minZ=0.044581 | models=[1014, 898, 892, 433, 892, 238] | nodes=[9, 15, 10, 6, 5, 7]
2026-01-12 04:34:41,262 - /DATA/Aurindum/Swarming/Outputs/20260109_202226_ParticleTesting/P90_I30/run.log - INFO - n_caps=7 | minZ=0.042033 | models=[1014, 898, 892, 433, 892, 238, 447] | nodes=[9, 14, 10, 7, 5, 6, 15]
2026-01-12 04:36:13,083 - /DATA/Aurindum/Swarming/Outputs/20260109_202226_ParticleTesting/P90_I30/run.log - INFO - n_caps=8 | minZ=0.040163 | models=[1014, 898, 892, 433, 892, 239, 448, 183] | nodes=[10, 14, 9, 7, 5, 6, 15, 16]
2026-01-12 04:36:13,083 - /DATA/Aurindum/Swarming/Outputs/20260109_202226_ParticleTesting/P90_I30/run.log - INFO - Threshold reached at n_caps=8
2026-01-12 04:38:20,487 - /DATA/Aurindum/Swarming/Outputs/20260109_202226_ParticleTesting/P90_I40/run.log - INFO - n_caps=1 | minZ=0.087365 | models=[1012] | nodes=[9]
2026-01-12 04:40:29,370 - /DATA/Aurindum/Swarming/Outputs/20260109_202226_ParticleTesting/P90_I40/run.log - INFO - n_caps=2 | minZ=0.068828 | models=[1012, 686] | nodes=[9, 6]
2026-01-12 04:42:35,699 - /DATA/Aurindum/Swarming/Outputs/20260109_202226_ParticleTesting/P90_I40/run.log - INFO - n_caps=3 | minZ=0.057515 | models=[1012, 686, 686] | nodes=[9, 7, 10]
2026-01-12 04:44:40,935 - /DATA/Aurindum/Swarming/Outputs/20260109_202226_ParticleTesting/P90_I40/run.log - INFO - n_caps=4 | minZ=0.051779 | models=[1012, 686, 686, 344] | nodes=[9, 7, 10, 5]
2026-01-12 04:46:49,081 - /DATA/Aurindum/Swarming/Outputs/20260109_202226_ParticleTesting/P90_I40/run.log - INFO - n_caps=5 | minZ=0.047844 | models=[1012, 685, 686, 344, 455] | nodes=[9, 7, 10, 5, 15]
2026-01-12 04:48:53,379 - /DATA/Aurindum/Swarming/Outputs/20260109_202226_ParticleTesting/P90_I40/run.log - INFO - n_caps=6 | minZ=0.044748 | models=[1012, 685, 686, 344, 455, 433] | nodes=[9, 7, 10, 6, 15, 5]
2026-01-12 04:50:59,328 - /DATA/Aurindum/Swarming/Outputs/20260109_202226_ParticleTesting/P90_I40/run.log - INFO - n_caps=7 | minZ=0.043162 | models=[1012, 685, 686, 344, 455, 433, 58] | nodes=[9, 7, 10, 6, 14, 5, 15]
2026-01-12 04:53:05,406 - /DATA/Aurindum/Swarming/Outputs/20260109_202226_ParticleTesting/P90_I40/run.log - INFO - n_caps=8 | minZ=0.041880 | models=[1012, 685, 686, 344, 456, 433, 58, 221] | nodes=[9, 7, 10, 6, 14, 5, 15, 16]
2026-01-12 04:53:05,407 - /DATA/Aurindum/Swarming/Outputs/20260109_202226_ParticleTesting/P90_I40/run.log - INFO - Threshold reached at n_caps=8
2026-01-12 04:55:40,165 - /DATA/Aurindum/Swarming/Outputs/20260109_202226_ParticleTesting/P90_I50/run.log - INFO - n_caps=1 | minZ=0.087365 | models=[1014] | nodes=[9]
2026-01-12 04:58:14,563 - /DATA/Aurindum/Swarming/Outputs/20260109_202226_ParticleTesting/P90_I50/run.log - INFO - n_caps=2 | minZ=0.064766 | models=[1014, 1012] | nodes=[9, 10]
2026-01-12 05:00:52,271 - /DATA/Aurindum/Swarming/Outputs/20260109_202226_ParticleTesting/P90_I50/run.log - INFO - n_caps=3 | minZ=0.053863 | models=[1014, 1012, 527] | nodes=[9, 10, 14]
2026-01-12 05:03:26,019 - /DATA/Aurindum/Swarming/Outputs/20260109_202226_ParticleTesting/P90_I50/run.log - INFO - n_caps=4 | minZ=0.050349 | models=[1014, 1012, 527, 434] | nodes=[9, 10, 14, 6]
2026-01-12 05:06:00,327 - /DATA/Aurindum/Swarming/Outputs/20260109_202226_ParticleTesting/P90_I50/run.log - INFO - n_caps=5 | minZ=0.047756 | models=[1014, 1012, 527, 434, 342] | nodes=[9, 10, 14, 5, 15]
2026-01-12 05:08:35,902 - /DATA/Aurindum/Swarming/Outputs/20260109_202226_ParticleTesting/P90_I50/run.log - INFO - n_caps=6 | minZ=0.044040 | models=[1014, 1012, 527, 434, 342, 263] | nodes=[9, 10, 14, 5, 15, 6]
2026-01-12 05:11:13,032 - /DATA/Aurindum/Swarming/Outputs/20260109_202226_ParticleTesting/P90_I50/run.log - INFO - n_caps=7 | minZ=0.043094 | models=[1014, 1012, 527, 434, 342, 263, 189] | nodes=[9, 10, 14, 5, 15, 6, 7]
2026-01-12 05:13:48,367 - /DATA/Aurindum/Swarming/Outputs/20260109_202226_ParticleTesting/P90_I50/run.log - INFO - n_caps=8 | minZ=0.041412 | models=[1014, 1012, 527, 434, 342, 263, 189, 343] | nodes=[9, 10, 14, 5, 15, 7, 6, 16]
2026-01-12 05:13:48,368 - /DATA/Aurindum/Swarming/Outputs/20260109_202226_ParticleTesting/P90_I50/run.log - INFO - Threshold reached at n_caps=8
2026-01-12 05:16:56,647 - /DATA/Aurindum/Swarming/Outputs/20260109_202226_ParticleTesting/P90_I60/run.log - INFO - n_caps=1 | minZ=0.087365 | models=[1014] | nodes=[9]
2026-01-12 05:20:04,613 - /DATA/Aurindum/Swarming/Outputs/20260109_202226_ParticleTesting/P90_I60/run.log - INFO - n_caps=2 | minZ=0.064766 | models=[1014, 1014] | nodes=[9, 10]
2026-01-12 05:23:10,650 - /DATA/Aurindum/Swarming/Outputs/20260109_202226_ParticleTesting/P90_I60/run.log - INFO - n_caps=3 | minZ=0.055259 | models=[1014, 1014, 447] | nodes=[9, 10, 6]
2026-01-12 05:26:15,546 - /DATA/Aurindum/Swarming/Outputs/20260109_202226_ParticleTesting/P90_I60/run.log - INFO - n_caps=4 | minZ=0.049832 | models=[1014, 1014, 447, 892] | nodes=[9, 10, 6, 14]
2026-01-12 05:29:26,753 - /DATA/Aurindum/Swarming/Outputs/20260109_202226_ParticleTesting/P90_I60/run.log - INFO - n_caps=5 | minZ=0.046466 | models=[1014, 1014, 448, 892, 448] | nodes=[9, 10, 6, 14, 5]
2026-01-12 05:32:32,965 - /DATA/Aurindum/Swarming/Outputs/20260109_202226_ParticleTesting/P90_I60/run.log - INFO - n_caps=6 | minZ=0.043582 | models=[1014, 1014, 448, 892, 448, 189] | nodes=[9, 10, 6, 14, 5, 7]
2026-01-12 05:35:43,651 - /DATA/Aurindum/Swarming/Outputs/20260109_202226_ParticleTesting/P90_I60/run.log - INFO - n_caps=7 | minZ=0.041970 | models=[1014, 1014, 448, 892, 448, 189, 226] | nodes=[9, 10, 6, 14, 5, 7, 15]
2026-01-12 05:35:43,652 - /DATA/Aurindum/Swarming/Outputs/20260109_202226_ParticleTesting/P90_I60/run.log - INFO - Threshold reached at n_caps=7
2026-01-12 05:39:21,744 - /DATA/Aurindum/Swarming/Outputs/20260109_202226_ParticleTesting/P90_I70/run.log - INFO - n_caps=1 | minZ=0.087365 | models=[1014] | nodes=[9]
2026-01-12 05:43:07,689 - /DATA/Aurindum/Swarming/Outputs/20260109_202226_ParticleTesting/P90_I70/run.log - INFO - n_caps=2 | minZ=0.064766 | models=[1014, 1012] | nodes=[9, 10]
2026-01-12 05:46:50,094 - /DATA/Aurindum/Swarming/Outputs/20260109_202226_ParticleTesting/P90_I70/run.log - INFO - n_caps=3 | minZ=0.054175 | models=[1014, 1012, 499] | nodes=[9, 10, 5]
2026-01-12 05:50:33,032 - /DATA/Aurindum/Swarming/Outputs/20260109_202226_ParticleTesting/P90_I70/run.log - INFO - n_caps=4 | minZ=0.051312 | models=[1014, 1012, 499, 893] | nodes=[9, 10, 5, 6]
2026-01-12 05:54:14,701 - /DATA/Aurindum/Swarming/Outputs/20260109_202226_ParticleTesting/P90_I70/run.log - INFO - n_caps=5 | minZ=0.046196 | models=[1014, 1012, 499, 892, 247] | nodes=[9, 10, 5, 6, 7]
2026-01-12 05:57:54,763 - /DATA/Aurindum/Swarming/Outputs/20260109_202226_ParticleTesting/P90_I70/run.log - INFO - n_caps=6 | minZ=0.044386 | models=[1014, 1012, 499, 892, 247, 221] | nodes=[9, 10, 5, 6, 7, 14]
2026-01-12 06:01:38,388 - /DATA/Aurindum/Swarming/Outputs/20260109_202226_ParticleTesting/P90_I70/run.log - INFO - n_caps=7 | minZ=0.043030 | models=[1014, 1012, 499, 892, 247, 221, 189] | nodes=[9, 10, 5, 6, 7, 14, 16]
2026-01-12 06:05:21,219 - /DATA/Aurindum/Swarming/Outputs/20260109_202226_ParticleTesting/P90_I70/run.log - INFO - n_caps=8 | minZ=0.041259 | models=[1014, 1012, 499, 892, 247, 222, 189, 893] | nodes=[9, 10, 5, 6, 7, 15, 16, 14]
2026-01-12 06:05:21,220 - /DATA/Aurindum/Swarming/Outputs/20260109_202226_ParticleTesting/P90_I70/run.log - INFO - Threshold reached at n_caps=8
2026-01-12 06:09:42,828 - /DATA/Aurindum/Swarming/Outputs/20260109_202226_ParticleTesting/P90_I80/run.log - INFO - n_caps=1 | minZ=0.087365 | models=[1014] | nodes=[9]
2026-01-12 06:13:59,333 - /DATA/Aurindum/Swarming/Outputs/20260109_202226_ParticleTesting/P90_I80/run.log - INFO - n_caps=2 | minZ=0.064766 | models=[1014, 1012] | nodes=[9, 10]
2026-01-12 06:18:16,580 - /DATA/Aurindum/Swarming/Outputs/20260109_202226_ParticleTesting/P90_I80/run.log - INFO - n_caps=3 | minZ=0.053863 | models=[1014, 1012, 528] | nodes=[9, 10, 14]
2026-01-12 06:22:32,630 - /DATA/Aurindum/Swarming/Outputs/20260109_202226_ParticleTesting/P90_I80/run.log - INFO - n_caps=4 | minZ=0.049874 | models=[1014, 1012, 528, 434] | nodes=[10, 9, 14, 15]
2026-01-12 06:26:48,620 - /DATA/Aurindum/Swarming/Outputs/20260109_202226_ParticleTesting/P90_I80/run.log - INFO - n_caps=5 | minZ=0.047557 | models=[1014, 1012, 528, 433, 434] | nodes=[10, 9, 14, 15, 5]
2026-01-12 06:31:07,084 - /DATA/Aurindum/Swarming/Outputs/20260109_202226_ParticleTesting/P90_I80/run.log - INFO - n_caps=6 | minZ=0.045686 | models=[1014, 1012, 528, 433, 434, 262] | nodes=[10, 9, 14, 15, 5, 16]
2026-01-12 06:35:22,394 - /DATA/Aurindum/Swarming/Outputs/20260109_202226_ParticleTesting/P90_I80/run.log - INFO - n_caps=7 | minZ=0.042859 | models=[1014, 1012, 528, 433, 434, 261, 96] | nodes=[9, 10, 14, 15, 5, 16, 6]
2026-01-12 06:39:35,244 - /DATA/Aurindum/Swarming/Outputs/20260109_202226_ParticleTesting/P90_I80/run.log - INFO - n_caps=8 | minZ=0.041655 | models=[1014, 1012, 528, 433, 434, 261, 95, 189] | nodes=[9, 10, 14, 15, 5, 16, 6, 7]
2026-01-12 06:39:35,245 - /DATA/Aurindum/Swarming/Outputs/20260109_202226_ParticleTesting/P90_I80/run.log - INFO - Threshold reached at n_caps=8
2026-01-12 06:44:18,394 - /DATA/Aurindum/Swarming/Outputs/20260109_202226_ParticleTesting/P90_I90/run.log - INFO - n_caps=1 | minZ=0.087365 | models=[1014] | nodes=[9]
2026-01-12 06:49:04,541 - /DATA/Aurindum/Swarming/Outputs/20260109_202226_ParticleTesting/P90_I90/run.log - INFO - n_caps=2 | minZ=0.064766 | models=[1014, 1014] | nodes=[9, 10]
2026-01-12 06:53:47,702 - /DATA/Aurindum/Swarming/Outputs/20260109_202226_ParticleTesting/P90_I90/run.log - INFO - n_caps=3 | minZ=0.054024 | models=[1014, 1014, 499] | nodes=[10, 9, 15]
2026-01-12 06:58:40,229 - /DATA/Aurindum/Swarming/Outputs/20260109_202226_ParticleTesting/P90_I90/run.log - INFO - n_caps=4 | minZ=0.049852 | models=[1014, 1014, 499, 434] | nodes=[10, 9, 14, 15]
2026-01-12 07:03:29,768 - /DATA/Aurindum/Swarming/Outputs/20260109_202226_ParticleTesting/P90_I90/run.log - INFO - n_caps=5 | minZ=0.047222 | models=[1014, 1014, 497, 434, 448] | nodes=[10, 9, 14, 15, 5]
2026-01-12 07:08:15,321 - /DATA/Aurindum/Swarming/Outputs/20260109_202226_ParticleTesting/P90_I90/run.log - INFO - n_caps=6 | minZ=0.045022 | models=[1014, 1014, 497, 434, 448, 268] | nodes=[10, 9, 15, 14, 5, 6]
2026-01-12 07:13:02,529 - /DATA/Aurindum/Swarming/Outputs/20260109_202226_ParticleTesting/P90_I90/run.log - INFO - n_caps=7 | minZ=0.042645 | models=[1014, 1014, 497, 434, 447, 268, 163] | nodes=[10, 9, 15, 14, 5, 6, 7]
2026-01-12 07:17:49,672 - /DATA/Aurindum/Swarming/Outputs/20260109_202226_ParticleTesting/P90_I90/run.log - INFO - n_caps=8 | minZ=0.041303 | models=[1014, 1014, 497, 434, 447, 268, 163, 225] | nodes=[10, 9, 15, 14, 5, 6, 7, 16]
2026-01-12 07:17:49,673 - /DATA/Aurindum/Swarming/Outputs/20260109_202226_ParticleTesting/P90_I90/run.log - INFO - Threshold reached at n_caps=8
2026-01-12 07:23:17,211 - /DATA/Aurindum/Swarming/Outputs/20260109_202226_ParticleTesting/P90_I100/run.log - INFO - n_caps=1 | minZ=0.087365 | models=[1012] | nodes=[9]
2026-01-12 07:28:41,603 - /DATA/Aurindum/Swarming/Outputs/20260109_202226_ParticleTesting/P90_I100/run.log - INFO - n_caps=2 | minZ=0.064766 | models=[1012, 1012] | nodes=[9, 10]
2026-01-12 07:34:08,617 - /DATA/Aurindum/Swarming/Outputs/20260109_202226_ParticleTesting/P90_I100/run.log - INFO - n_caps=3 | minZ=0.053863 | models=[1012, 1012, 527] | nodes=[9, 10, 14]
2026-01-12 07:39:36,979 - /DATA/Aurindum/Swarming/Outputs/20260109_202226_ParticleTesting/P90_I100/run.log - INFO - n_caps=4 | minZ=0.050462 | models=[1012, 1012, 511, 150] | nodes=[9, 10, 14, 15]
2026-01-12 07:44:57,876 - /DATA/Aurindum/Swarming/Outputs/20260109_202226_ParticleTesting/P90_I100/run.log - INFO - n_caps=5 | minZ=0.047971 | models=[1012, 1012, 511, 150, 434] | nodes=[9, 10, 14, 15, 5]
2026-01-12 07:50:11,205 - /DATA/Aurindum/Swarming/Outputs/20260109_202226_ParticleTesting/P90_I100/run.log - INFO - n_caps=6 | minZ=0.045470 | models=[1012, 1012, 511, 1438, 434, 171] | nodes=[9, 10, 14, 15, 5, 6]
2026-01-12 07:55:20,588 - /DATA/Aurindum/Swarming/Outputs/20260109_202226_ParticleTesting/P90_I100/run.log - INFO - n_caps=7 | minZ=0.043705 | models=[1012, 1012, 511, 1438, 434, 171, 221] | nodes=[10, 9, 14, 15, 5, 6, 7]
2026-01-12 08:00:35,321 - /DATA/Aurindum/Swarming/Outputs/20260109_202226_ParticleTesting/P90_I100/run.log - INFO - n_caps=8 | minZ=0.042303 | models=[1012, 1012, 511, 1438, 434, 171, 221, 221] | nodes=[9, 10, 14, 15, 5, 7, 6, 16]
2026-01-12 08:05:53,180 - /DATA/Aurindum/Swarming/Outputs/20260109_202226_ParticleTesting/P90_I100/run.log - INFO - n_caps=9 | minZ=0.041745 | models=[1012, 1012, 510, 1438, 434, 171, 221, 221, 179] | nodes=[9, 10, 14, 15, 5, 7, 6, 16, 8]
2026-01-12 08:05:53,181 - /DATA/Aurindum/Swarming/Outputs/20260109_202226_ParticleTesting/P90_I100/run.log - INFO - Threshold reached at n_caps=9
2026-01-12 08:11:33,781 - /DATA/Aurindum/Swarming/Outputs/20260109_202226_ParticleTesting/P90_I110/run.log - INFO - n_caps=1 | minZ=0.087365 | models=[1012] | nodes=[9]
2026-01-12 08:17:12,129 - /DATA/Aurindum/Swarming/Outputs/20260109_202226_ParticleTesting/P90_I110/run.log - INFO - n_caps=2 | minZ=0.064766 | models=[1012, 1014] | nodes=[9, 10]
2026-01-12 08:23:01,726 - /DATA/Aurindum/Swarming/Outputs/20260109_202226_ParticleTesting/P90_I110/run.log - INFO - n_caps=3 | minZ=0.053863 | models=[1012, 1014, 527] | nodes=[9, 10, 14]
2026-01-12 08:28:35,243 - /DATA/Aurindum/Swarming/Outputs/20260109_202226_ParticleTesting/P90_I110/run.log - INFO - n_caps=4 | minZ=0.049874 | models=[1012, 1014, 527, 434] | nodes=[9, 10, 14, 15]
2026-01-12 08:34:09,395 - /DATA/Aurindum/Swarming/Outputs/20260109_202226_ParticleTesting/P90_I110/run.log - INFO - n_caps=5 | minZ=0.047557 | models=[1012, 1014, 527, 433, 434] | nodes=[9, 10, 14, 15, 5]
2026-01-12 08:40:00,097 - /DATA/Aurindum/Swarming/Outputs/20260109_202226_ParticleTesting/P90_I110/run.log - INFO - n_caps=6 | minZ=0.045027 | models=[1012, 1014, 527, 433, 434, 171] | nodes=[10, 9, 14, 15, 5, 6]
2026-01-12 08:45:32,581 - /DATA/Aurindum/Swarming/Outputs/20260109_202226_ParticleTesting/P90_I110/run.log - INFO - n_caps=7 | minZ=0.043219 | models=[1012, 1014, 527, 433, 434, 171, 109] | nodes=[10, 9, 14, 15, 5, 6, 7]
2026-01-12 08:51:09,072 - /DATA/Aurindum/Swarming/Outputs/20260109_202226_ParticleTesting/P90_I110/run.log - INFO - n_caps=8 | minZ=0.041728 | models=[1012, 1014, 527, 433, 434, 171, 109, 189] | nodes=[10, 9, 14, 15, 5, 6, 7, 16]
2026-01-12 08:51:09,072 - /DATA/Aurindum/Swarming/Outputs/20260109_202226_ParticleTesting/P90_I110/run.log - INFO - Threshold reached at n_caps=8
2026-01-12 08:57:03,649 - /DATA/Aurindum/Swarming/Outputs/20260109_202226_ParticleTesting/P90_I120/run.log - INFO - n_caps=1 | minZ=0.087365 | models=[1012] | nodes=[9]
2026-01-12 09:03:07,891 - /DATA/Aurindum/Swarming/Outputs/20260109_202226_ParticleTesting/P90_I120/run.log - INFO - n_caps=2 | minZ=0.064766 | models=[1012, 1014] | nodes=[9, 10]
2026-01-12 09:09:10,265 - /DATA/Aurindum/Swarming/Outputs/20260109_202226_ParticleTesting/P90_I120/run.log - INFO - n_caps=3 | minZ=0.053863 | models=[1012, 1014, 527] | nodes=[9, 10, 14]
2026-01-12 09:15:08,715 - /DATA/Aurindum/Swarming/Outputs/20260109_202226_ParticleTesting/P90_I120/run.log - INFO - n_caps=4 | minZ=0.049874 | models=[1012, 1014, 527, 434] | nodes=[9, 10, 14, 15]
2026-01-12 09:21:08,933 - /DATA/Aurindum/Swarming/Outputs/20260109_202226_ParticleTesting/P90_I120/run.log - INFO - n_caps=5 | minZ=0.047841 | models=[1012, 1014, 527, 434, 222] | nodes=[9, 10, 14, 15, 7]
2026-01-12 09:27:14,753 - /DATA/Aurindum/Swarming/Outputs/20260109_202226_ParticleTesting/P90_I120/run.log - INFO - n_caps=6 | minZ=0.045642 | models=[1012, 1014, 527, 434, 221, 344] | nodes=[10, 9, 14, 15, 6, 5]
2026-01-12 09:33:18,163 - /DATA/Aurindum/Swarming/Outputs/20260109_202226_ParticleTesting/P90_I120/run.log - INFO - n_caps=7 | minZ=0.042659 | models=[1012, 1014, 527, 434, 221, 344, 262] | nodes=[9, 10, 14, 15, 6, 5, 16]
2026-01-12 09:39:10,044 - /DATA/Aurindum/Swarming/Outputs/20260109_202226_ParticleTesting/P90_I120/run.log - INFO - n_caps=8 | minZ=0.041789 | models=[1012, 1014, 527, 434, 221, 344, 262, 171] | nodes=[9, 10, 14, 15, 6, 5, 16, 7]
2026-01-12 09:39:10,045 - /DATA/Aurindum/Swarming/Outputs/20260109_202226_ParticleTesting/P90_I120/run.log - INFO - Threshold reached at n_caps=8
2026-01-12 09:45:38,206 - /DATA/Aurindum/Swarming/Outputs/20260109_202226_ParticleTesting/P90_I130/run.log - INFO - n_caps=1 | minZ=0.087365 | models=[1012] | nodes=[9]
2026-01-12 09:52:07,018 - /DATA/Aurindum/Swarming/Outputs/20260109_202226_ParticleTesting/P90_I130/run.log - INFO - n_caps=2 | minZ=0.064766 | models=[1012, 1012] | nodes=[9, 10]
2026-01-12 09:58:25,654 - /DATA/Aurindum/Swarming/Outputs/20260109_202226_ParticleTesting/P90_I130/run.log - INFO - n_caps=3 | minZ=0.053976 | models=[1012, 1012, 510] | nodes=[9, 10, 14]
2026-01-12 10:05:06,555 - /DATA/Aurindum/Swarming/Outputs/20260109_202226_ParticleTesting/P90_I130/run.log - INFO - n_caps=4 | minZ=0.049852 | models=[1012, 1012, 511, 433] | nodes=[9, 10, 14, 15]
2026-01-12 10:11:42,656 - /DATA/Aurindum/Swarming/Outputs/20260109_202226_ParticleTesting/P90_I130/run.log - INFO - n_caps=5 | minZ=0.047861 | models=[1012, 1012, 511, 433, 109] | nodes=[10, 9, 14, 15, 6]
2026-01-12 10:18:15,082 - /DATA/Aurindum/Swarming/Outputs/20260109_202226_ParticleTesting/P90_I130/run.log - INFO - n_caps=6 | minZ=0.045653 | models=[1012, 1012, 510, 433, 109, 171] | nodes=[9, 10, 14, 15, 5, 7]
2026-01-12 10:24:55,192 - /DATA/Aurindum/Swarming/Outputs/20260109_202226_ParticleTesting/P90_I130/run.log - INFO - n_caps=7 | minZ=0.043733 | models=[1012, 1012, 511, 433, 109, 171, 110] | nodes=[9, 10, 14, 15, 6, 7, 16]
2026-01-12 10:31:31,335 - /DATA/Aurindum/Swarming/Outputs/20260109_202226_ParticleTesting/P90_I130/run.log - INFO - n_caps=8 | minZ=0.042107 | models=[1012, 1012, 510, 433, 109, 171, 110, 222] | nodes=[9, 10, 14, 15, 5, 7, 16, 6]
2026-01-12 10:38:11,523 - /DATA/Aurindum/Swarming/Outputs/20260109_202226_ParticleTesting/P90_I130/run.log - INFO - n_caps=9 | minZ=0.041566 | models=[1012, 1012, 510, 433, 110, 171, 110, 222, 164] | nodes=[9, 10, 14, 15, 5, 7, 16, 6, 8]
2026-01-12 10:38:11,524 - /DATA/Aurindum/Swarming/Outputs/20260109_202226_ParticleTesting/P90_I130/run.log - INFO - Threshold reached at n_caps=9
2026-01-12 10:45:18,757 - /DATA/Aurindum/Swarming/Outputs/20260109_202226_ParticleTesting/P90_I140/run.log - INFO - n_caps=1 | minZ=0.087365 | models=[1012] | nodes=[9]
2026-01-12 10:52:28,900 - /DATA/Aurindum/Swarming/Outputs/20260109_202226_ParticleTesting/P90_I140/run.log - INFO - n_caps=2 | minZ=0.064766 | models=[1012, 1014] | nodes=[9, 10]
2026-01-12 10:59:40,717 - /DATA/Aurindum/Swarming/Outputs/20260109_202226_ParticleTesting/P90_I140/run.log - INFO - n_caps=3 | minZ=0.053863 | models=[1012, 1014, 528] | nodes=[9, 10, 14]
2026-01-12 11:06:48,997 - /DATA/Aurindum/Swarming/Outputs/20260109_202226_ParticleTesting/P90_I140/run.log - INFO - n_caps=4 | minZ=0.049874 | models=[1012, 1014, 528, 434] | nodes=[9, 10, 14, 15]
2026-01-12 11:13:55,061 - /DATA/Aurindum/Swarming/Outputs/20260109_202226_ParticleTesting/P90_I140/run.log - INFO - n_caps=5 | minZ=0.047557 | models=[1012, 1014, 528, 434, 434] | nodes=[9, 10, 14, 15, 5]
2026-01-12 11:21:10,789 - /DATA/Aurindum/Swarming/Outputs/20260109_202226_ParticleTesting/P90_I140/run.log - INFO - n_caps=6 | minZ=0.044981 | models=[1012, 1014, 528, 433, 434, 171] | nodes=[7, 9, 14, 15, 5, 6]
2026-01-12 11:28:24,260 - /DATA/Aurindum/Swarming/Outputs/20260109_202226_ParticleTesting/P90_I140/run.log - INFO - n_caps=7 | minZ=0.042736 | models=[1012, 1014, 528, 433, 434, 171, 433] | nodes=[6, 9, 14, 15, 5, 7, 10]
2026-01-12 11:35:37,217 - /DATA/Aurindum/Swarming/Outputs/20260109_202226_ParticleTesting/P90_I140/run.log - INFO - n_caps=8 | minZ=0.041218 | models=[1012, 1014, 528, 433, 434, 171, 433, 171] | nodes=[6, 9, 14, 15, 5, 7, 10, 16]
2026-01-12 11:35:37,218 - /DATA/Aurindum/Swarming/Outputs/20260109_202226_ParticleTesting/P90_I140/run.log - INFO - Threshold reached at n_caps=8
2026-01-12 11:43:23,010 - /DATA/Aurindum/Swarming/Outputs/20260109_202226_ParticleTesting/P90_I150/run.log - INFO - n_caps=1 | minZ=0.087365 | models=[1014] | nodes=[9]
2026-01-12 11:51:06,472 - /DATA/Aurindum/Swarming/Outputs/20260109_202226_ParticleTesting/P90_I150/run.log - INFO - n_caps=2 | minZ=0.064766 | models=[1014, 1012] | nodes=[9, 10]
2026-01-12 11:58:45,544 - /DATA/Aurindum/Swarming/Outputs/20260109_202226_ParticleTesting/P90_I150/run.log - INFO - n_caps=3 | minZ=0.053863 | models=[1014, 1012, 528] | nodes=[9, 10, 14]
2026-01-12 12:06:27,715 - /DATA/Aurindum/Swarming/Outputs/20260109_202226_ParticleTesting/P90_I150/run.log - INFO - n_caps=4 | minZ=0.050231 | models=[1014, 1012, 528, 892] | nodes=[10, 9, 14, 15]
2026-01-12 12:14:12,956 - /DATA/Aurindum/Swarming/Outputs/20260109_202226_ParticleTesting/P90_I150/run.log - INFO - n_caps=5 | minZ=0.046405 | models=[1014, 1012, 527, 892, 262] | nodes=[10, 9, 14, 15, 16]
2026-01-12 12:21:33,762 - /DATA/Aurindum/Swarming/Outputs/20260109_202226_ParticleTesting/P90_I150/run.log - INFO - n_caps=6 | minZ=0.044249 | models=[1014, 1012, 528, 893, 263, 221] | nodes=[10, 9, 14, 15, 16, 6]
2026-01-12 12:28:19,020 - /DATA/Aurindum/Swarming/Outputs/20260109_202226_ParticleTesting/P90_I150/run.log - INFO - n_caps=7 | minZ=0.042541 | models=[1014, 1012, 528, 893, 263, 221, 222] | nodes=[10, 9, 14, 15, 16, 7, 6]
2026-01-12 12:35:31,347 - /DATA/Aurindum/Swarming/Outputs/20260109_202226_ParticleTesting/P90_I150/run.log - INFO - n_caps=8 | minZ=0.041578 | models=[1014, 1012, 527, 893, 263, 221, 222, 189] | nodes=[9, 10, 14, 15, 16, 7, 6, 5]
2026-01-12 12:35:31,347 - /DATA/Aurindum/Swarming/Outputs/20260109_202226_ParticleTesting/P90_I150/run.log - INFO - Threshold reached at n_caps=8
2026-01-12 12:42:26,726 - /DATA/Aurindum/Swarming/Outputs/20260109_202226_ParticleTesting/P90_I160/run.log - INFO - n_caps=1 | minZ=0.087365 | models=[1014] | nodes=[9]
2026-01-12 12:49:51,211 - /DATA/Aurindum/Swarming/Outputs/20260109_202226_ParticleTesting/P90_I160/run.log - INFO - n_caps=2 | minZ=0.064766 | models=[1012, 1014] | nodes=[9, 10]
2026-01-12 12:57:15,082 - /DATA/Aurindum/Swarming/Outputs/20260109_202226_ParticleTesting/P90_I160/run.log - INFO - n_caps=3 | minZ=0.054024 | models=[1012, 1014, 499] | nodes=[10, 9, 15]
2026-01-12 13:04:37,864 - /DATA/Aurindum/Swarming/Outputs/20260109_202226_ParticleTesting/P90_I160/run.log - INFO - n_caps=4 | minZ=0.049852 | models=[1012, 1014, 499, 434] | nodes=[10, 9, 14, 15]
2026-01-12 13:12:01,774 - /DATA/Aurindum/Swarming/Outputs/20260109_202226_ParticleTesting/P90_I160/run.log - INFO - n_caps=5 | minZ=0.047861 | models=[1012, 1014, 499, 434, 109] | nodes=[10, 9, 14, 15, 6]
2026-01-12 13:19:39,833 - /DATA/Aurindum/Swarming/Outputs/20260109_202226_ParticleTesting/P90_I160/run.log - INFO - n_caps=6 | minZ=0.045753 | models=[1012, 1014, 499, 434, 109, 171] | nodes=[10, 9, 14, 15, 5, 16]
2026-01-12 13:27:26,252 - /DATA/Aurindum/Swarming/Outputs/20260109_202226_ParticleTesting/P90_I160/run.log - INFO - n_caps=7 | minZ=0.043902 | models=[1012, 1014, 499, 434, 109, 171, 434] | nodes=[10, 9, 14, 15, 6, 16, 5]
2026-01-12 13:34:32,884 - /DATA/Aurindum/Swarming/Outputs/20260109_202226_ParticleTesting/P90_I160/run.log - INFO - n_caps=8 | minZ=0.041868 | models=[1012, 1014, 500, 434, 109, 171, 434, 171] | nodes=[10, 9, 14, 15, 5, 16, 6, 7]
2026-01-12 13:34:32,885 - /DATA/Aurindum/Swarming/Outputs/20260109_202226_ParticleTesting/P90_I160/run.log - INFO - Threshold reached at n_caps=8
2026-01-12 13:42:07,438 - /DATA/Aurindum/Swarming/Outputs/20260109_202226_ParticleTesting/P90_I170/run.log - INFO - n_caps=1 | minZ=0.087365 | models=[1014] | nodes=[9]
2026-01-12 13:49:30,641 - /DATA/Aurindum/Swarming/Outputs/20260109_202226_ParticleTesting/P90_I170/run.log - INFO - n_caps=2 | minZ=0.064766 | models=[1014, 1014] | nodes=[9, 10]
2026-01-12 13:57:23,410 - /DATA/Aurindum/Swarming/Outputs/20260109_202226_ParticleTesting/P90_I170/run.log - INFO - n_caps=3 | minZ=0.053863 | models=[1014, 1014, 527] | nodes=[9, 10, 14]
2026-01-12 14:05:14,046 - /DATA/Aurindum/Swarming/Outputs/20260109_202226_ParticleTesting/P90_I170/run.log - INFO - n_caps=4 | minZ=0.049666 | models=[1014, 1012, 447, 434] | nodes=[9, 10, 14, 15]
2026-01-12 14:13:27,970 - /DATA/Aurindum/Swarming/Outputs/20260109_202226_ParticleTesting/P90_I170/run.log - INFO - n_caps=5 | minZ=0.046011 | models=[1014, 1012, 447, 434, 344] | nodes=[9, 10, 14, 15, 5]
2026-01-12 14:21:36,318 - /DATA/Aurindum/Swarming/Outputs/20260109_202226_ParticleTesting/P90_I170/run.log - INFO - n_caps=6 | minZ=0.043584 | models=[1014, 1012, 447, 434, 344, 189] | nodes=[9, 10, 15, 14, 5, 6]
2026-01-12 14:29:28,304 - /DATA/Aurindum/Swarming/Outputs/20260109_202226_ParticleTesting/P90_I170/run.log - INFO - n_caps=7 | minZ=0.042164 | models=[1014, 1012, 447, 434, 344, 189, 109] | nodes=[9, 10, 15, 14, 5, 6, 7]
2026-01-12 14:37:28,406 - /DATA/Aurindum/Swarming/Outputs/20260109_202226_ParticleTesting/P90_I170/run.log - INFO - n_caps=8 | minZ=0.040566 | models=[1014, 1012, 447, 434, 344, 189, 109, 189] | nodes=[10, 9, 15, 14, 5, 6, 7, 16]
2026-01-12 14:37:28,407 - /DATA/Aurindum/Swarming/Outputs/20260109_202226_ParticleTesting/P90_I170/run.log - INFO - Threshold reached at n_caps=8
2026-01-12 14:45:23,709 - /DATA/Aurindum/Swarming/Outputs/20260109_202226_ParticleTesting/P90_I180/run.log - INFO - n_caps=1 | minZ=0.087365 | models=[1012] | nodes=[9]
2026-01-12 14:53:54,767 - /DATA/Aurindum/Swarming/Outputs/20260109_202226_ParticleTesting/P90_I180/run.log - INFO - n_caps=2 | minZ=0.064766 | models=[1012, 1012] | nodes=[9, 10]
2026-01-12 15:02:10,708 - /DATA/Aurindum/Swarming/Outputs/20260109_202226_ParticleTesting/P90_I180/run.log - INFO - n_caps=3 | minZ=0.053863 | models=[1012, 1012, 527] | nodes=[9, 10, 14]
2026-01-12 15:10:19,388 - /DATA/Aurindum/Swarming/Outputs/20260109_202226_ParticleTesting/P90_I180/run.log - INFO - n_caps=4 | minZ=0.049874 | models=[1012, 1012, 527, 433] | nodes=[9, 10, 14, 15]
2026-01-12 15:18:55,668 - /DATA/Aurindum/Swarming/Outputs/20260109_202226_ParticleTesting/P90_I180/run.log - INFO - n_caps=5 | minZ=0.046776 | models=[1012, 1012, 523, 448, 433] | nodes=[9, 10, 14, 15, 5]
2026-01-12 15:27:28,213 - /DATA/Aurindum/Swarming/Outputs/20260109_202226_ParticleTesting/P90_I180/run.log - INFO - n_caps=6 | minZ=0.045044 | models=[1012, 1012, 523, 447, 433, 109] | nodes=[9, 10, 14, 15, 5, 6]
2026-01-12 15:35:54,250 - /DATA/Aurindum/Swarming/Outputs/20260109_202226_ParticleTesting/P90_I180/run.log - INFO - n_caps=7 | minZ=0.043100 | models=[1012, 1012, 523, 448, 433, 109, 189] | nodes=[9, 10, 14, 15, 5, 6, 7]
2026-01-12 15:44:16,812 - /DATA/Aurindum/Swarming/Outputs/20260109_202226_ParticleTesting/P90_I180/run.log - INFO - n_caps=8 | minZ=0.041367 | models=[1012, 1012, 523, 448, 434, 109, 189, 109] | nodes=[9, 10, 15, 14, 5, 6, 7, 16]
2026-01-12 15:44:16,813 - /DATA/Aurindum/Swarming/Outputs/20260109_202226_ParticleTesting/P90_I180/run.log - INFO - Threshold reached at n_caps=8
2026-01-12 15:53:07,506 - /DATA/Aurindum/Swarming/Outputs/20260109_202226_ParticleTesting/P90_I190/run.log - INFO - n_caps=1 | minZ=0.087365 | models=[1012] | nodes=[9]
2026-01-12 16:01:50,952 - /DATA/Aurindum/Swarming/Outputs/20260109_202226_ParticleTesting/P90_I190/run.log - INFO - n_caps=2 | minZ=0.064766 | models=[1012, 1014] | nodes=[9, 10]
2026-01-12 16:10:37,970 - /DATA/Aurindum/Swarming/Outputs/20260109_202226_ParticleTesting/P90_I190/run.log - INFO - n_caps=3 | minZ=0.053863 | models=[1012, 1014, 527] | nodes=[9, 10, 14]
2026-01-12 16:19:43,039 - /DATA/Aurindum/Swarming/Outputs/20260109_202226_ParticleTesting/P90_I190/run.log - INFO - n_caps=4 | minZ=0.049874 | models=[1012, 1014, 527, 434] | nodes=[9, 10, 14, 15]
2026-01-12 16:29:03,434 - /DATA/Aurindum/Swarming/Outputs/20260109_202226_ParticleTesting/P90_I190/run.log - INFO - n_caps=5 | minZ=0.047795 | models=[1012, 1014, 527, 434, 893] | nodes=[9, 10, 14, 15, 5]
2026-01-12 16:38:00,491 - /DATA/Aurindum/Swarming/Outputs/20260109_202226_ParticleTesting/P90_I190/run.log - INFO - n_caps=6 | minZ=0.044006 | models=[1012, 1014, 527, 434, 893, 263] | nodes=[9, 10, 14, 15, 5, 6]
2026-01-12 16:46:50,131 - /DATA/Aurindum/Swarming/Outputs/20260109_202226_ParticleTesting/P90_I190/run.log - INFO - n_caps=7 | minZ=0.041583 | models=[1012, 1014, 527, 434, 893, 262, 178] | nodes=[9, 10, 14, 15, 5, 6, 7]
2026-01-12 16:46:50,132 - /DATA/Aurindum/Swarming/Outputs/20260109_202226_ParticleTesting/P90_I190/run.log - INFO - Threshold reached at n_caps=7
2026-01-12 16:56:22,978 - /DATA/Aurindum/Swarming/Outputs/20260109_202226_ParticleTesting/P90_I200/run.log - INFO - n_caps=1 | minZ=0.087365 | models=[1014] | nodes=[9]
2026-01-12 17:05:45,360 - /DATA/Aurindum/Swarming/Outputs/20260109_202226_ParticleTesting/P90_I200/run.log - INFO - n_caps=2 | minZ=0.064766 | models=[1014, 1014] | nodes=[9, 10]
2026-01-12 17:15:29,747 - /DATA/Aurindum/Swarming/Outputs/20260109_202226_ParticleTesting/P90_I200/run.log - INFO - n_caps=3 | minZ=0.053863 | models=[1014, 1014, 528] | nodes=[10, 9, 14]
2026-01-12 17:24:57,593 - /DATA/Aurindum/Swarming/Outputs/20260109_202226_ParticleTesting/P90_I200/run.log - INFO - n_caps=4 | minZ=0.049666 | models=[1014, 1014, 448, 434] | nodes=[10, 9, 14, 15]
2026-01-12 17:34:34,445 - /DATA/Aurindum/Swarming/Outputs/20260109_202226_ParticleTesting/P90_I200/run.log - INFO - n_caps=5 | minZ=0.046111 | models=[1014, 1014, 448, 434, 893] | nodes=[10, 9, 14, 15, 5]
2026-01-12 17:43:51,028 - /DATA/Aurindum/Swarming/Outputs/20260109_202226_ParticleTesting/P90_I200/run.log - INFO - n_caps=6 | minZ=0.044010 | models=[1014, 1014, 448, 434, 893, 171] | nodes=[9, 10, 14, 15, 5, 6]
2026-01-12 17:53:21,915 - /DATA/Aurindum/Swarming/Outputs/20260109_202226_ParticleTesting/P90_I200/run.log - INFO - n_caps=7 | minZ=0.041818 | models=[1014, 1014, 448, 433, 892, 171, 365] | nodes=[9, 10, 14, 15, 5, 7, 6]
2026-01-12 17:53:21,916 - /DATA/Aurindum/Swarming/Outputs/20260109_202226_ParticleTesting/P90_I200/run.log - INFO - Threshold reached at n_caps=7
2026-01-12 17:53:52,247 - /DATA/Aurindum/Swarming/Outputs/20260109_202226_ParticleTesting/P100_I10/run.log - INFO - n_caps=1 | minZ=0.089878 | models=[1012] | nodes=[10]
2026-01-12 17:54:24,114 - /DATA/Aurindum/Swarming/Outputs/20260109_202226_ParticleTesting/P100_I10/run.log - INFO - n_caps=2 | minZ=0.071407 | models=[1012, 735] | nodes=[10, 6]
2026-01-12 17:54:55,688 - /DATA/Aurindum/Swarming/Outputs/20260109_202226_ParticleTesting/P100_I10/run.log - INFO - n_caps=3 | minZ=0.062844 | models=[1012, 735, 433] | nodes=[10, 6, 7]
2026-01-12 17:55:27,266 - /DATA/Aurindum/Swarming/Outputs/20260109_202226_ParticleTesting/P100_I10/run.log - INFO - n_caps=4 | minZ=0.054088 | models=[1012, 735, 433, 892] | nodes=[10, 6, 7, 16]
2026-01-12 17:55:56,930 - /DATA/Aurindum/Swarming/Outputs/20260109_202226_ParticleTesting/P100_I10/run.log - INFO - n_caps=5 | minZ=0.049411 | models=[1012, 735, 433, 893, 736] | nodes=[9, 5, 6, 16, 10]
2026-01-12 17:56:25,442 - /DATA/Aurindum/Swarming/Outputs/20260109_202226_ParticleTesting/P100_I10/run.log - INFO - n_caps=6 | minZ=0.047380 | models=[1012, 735, 433, 893, 736, 725] | nodes=[9, 5, 6, 14, 10, 15]
2026-01-12 17:56:56,036 - /DATA/Aurindum/Swarming/Outputs/20260109_202226_ParticleTesting/P100_I10/run.log - INFO - n_caps=7 | minZ=0.046158 | models=[1012, 735, 433, 892, 736, 725, 439] | nodes=[9, 5, 6, 14, 10, 15, 16]
2026-01-12 17:57:26,867 - /DATA/Aurindum/Swarming/Outputs/20260109_202226_ParticleTesting/P100_I10/run.log - INFO - n_caps=8 | minZ=0.043730 | models=[1012, 735, 433, 892, 735, 725, 439, 171] | nodes=[9, 5, 6, 14, 10, 15, 16, 7]
2026-01-12 17:57:57,841 - /DATA/Aurindum/Swarming/Outputs/20260109_202226_ParticleTesting/P100_I10/run.log - INFO - n_caps=9 | minZ=0.042696 | models=[1012, 735, 434, 892, 735, 725, 439, 171, 243] | nodes=[9, 5, 6, 14, 10, 15, 16, 7, 8]
2026-01-12 17:58:27,301 - /DATA/Aurindum/Swarming/Outputs/20260109_202226_ParticleTesting/P100_I10/run.log - INFO - n_caps=10 | minZ=0.042547 | models=[1012, 735, 434, 892, 735, 725, 439, 171, 243, 2798] | nodes=[9, 5, 6, 14, 10, 15, 16, 7, 8, 2]
2026-01-12 17:59:00,536 - /DATA/Aurindum/Swarming/Outputs/20260109_202226_ParticleTesting/P100_I10/run.log - INFO - n_caps=11 | minZ=0.042102 | models=[1012, 735, 434, 892, 736, 725, 439, 171, 243, 2798, 73] | nodes=[9, 5, 6, 14, 10, 15, 16, 7, 8, 2, 11]
2026-01-12 17:59:31,783 - /DATA/Aurindum/Swarming/Outputs/20260109_202226_ParticleTesting/P100_I10/run.log - INFO - n_caps=12 | minZ=0.041908 | models=[1012, 735, 434, 892, 736, 725, 439, 171, 243, 2798, 74, 32] | nodes=[9, 5, 6, 14, 10, 15, 16, 7, 8, 2, 11, 12]
2026-01-12 17:59:31,783 - /DATA/Aurindum/Swarming/Outputs/20260109_202226_ParticleTesting/P100_I10/run.log - INFO - Threshold reached at n_caps=12
2026-01-12 18:00:38,742 - /DATA/Aurindum/Swarming/Outputs/20260109_202226_ParticleTesting/P100_I20/run.log - INFO - n_caps=1 | minZ=0.087365 | models=[1014] | nodes=[9]
2026-01-12 18:01:44,606 - /DATA/Aurindum/Swarming/Outputs/20260109_202226_ParticleTesting/P100_I20/run.log - INFO - n_caps=2 | minZ=0.067454 | models=[1014, 1127] | nodes=[9, 10]
2026-01-12 18:02:48,561 - /DATA/Aurindum/Swarming/Outputs/20260109_202226_ParticleTesting/P100_I20/run.log - INFO - n_caps=3 | minZ=0.056795 | models=[1014, 1127, 618] | nodes=[9, 10, 14]
2026-01-12 18:03:49,713 - /DATA/Aurindum/Swarming/Outputs/20260109_202226_ParticleTesting/P100_I20/run.log - INFO - n_caps=4 | minZ=0.051357 | models=[1014, 1127, 618, 686] | nodes=[9, 10, 14, 15]
2026-01-12 18:04:52,341 - /DATA/Aurindum/Swarming/Outputs/20260109_202226_ParticleTesting/P100_I20/run.log - INFO - n_caps=5 | minZ=0.048231 | models=[1014, 1127, 618, 686, 183] | nodes=[9, 10, 14, 15, 7]
2026-01-12 18:05:51,770 - /DATA/Aurindum/Swarming/Outputs/20260109_202226_ParticleTesting/P100_I20/run.log - INFO - n_caps=6 | minZ=0.046543 | models=[1014, 1127, 618, 686, 183, 164] | nodes=[10, 9, 14, 15, 7, 6]
2026-01-12 18:06:52,658 - /DATA/Aurindum/Swarming/Outputs/20260109_202226_ParticleTesting/P100_I20/run.log - INFO - n_caps=7 | minZ=0.043918 | models=[1014, 1127, 618, 686, 183, 164, 343] | nodes=[10, 9, 14, 15, 7, 6, 5]
2026-01-12 18:07:51,907 - /DATA/Aurindum/Swarming/Outputs/20260109_202226_ParticleTesting/P100_I20/run.log - INFO - n_caps=8 | minZ=0.041844 | models=[1014, 1127, 618, 686, 183, 164, 342, 263] | nodes=[9, 10, 14, 15, 7, 6, 5, 16]
2026-01-12 18:07:51,908 - /DATA/Aurindum/Swarming/Outputs/20260109_202226_ParticleTesting/P100_I20/run.log - INFO - Threshold reached at n_caps=8
2026-01-12 18:09:28,896 - /DATA/Aurindum/Swarming/Outputs/20260109_202226_ParticleTesting/P100_I30/run.log - INFO - n_caps=1 | minZ=0.093198 | models=[1014] | nodes=[14]
2026-01-12 18:11:08,963 - /DATA/Aurindum/Swarming/Outputs/20260109_202226_ParticleTesting/P100_I30/run.log - INFO - n_caps=2 | minZ=0.069998 | models=[1014, 685] | nodes=[14, 5]
2026-01-12 18:12:38,843 - /DATA/Aurindum/Swarming/Outputs/20260109_202226_ParticleTesting/P100_I30/run.log - INFO - n_caps=3 | minZ=0.058000 | models=[1014, 685, 1012] | nodes=[14, 5, 9]
2026-01-12 18:14:06,995 - /DATA/Aurindum/Swarming/Outputs/20260109_202226_ParticleTesting/P100_I30/run.log - INFO - n_caps=4 | minZ=0.050389 | models=[1014, 685, 1012, 448] | nodes=[14, 5, 9, 10]
2026-01-12 18:15:38,947 - /DATA/Aurindum/Swarming/Outputs/20260109_202226_ParticleTesting/P100_I30/run.log - INFO - n_caps=5 | minZ=0.046426 | models=[1014, 685, 1012, 448, 433] | nodes=[14, 5, 9, 10, 6]
2026-01-12 18:17:19,043 - /DATA/Aurindum/Swarming/Outputs/20260109_202226_ParticleTesting/P100_I30/run.log - INFO - n_caps=6 | minZ=0.043952 | models=[1014, 685, 1012, 447, 433, 175] | nodes=[14, 6, 9, 10, 5, 15]
2026-01-12 18:18:56,809 - /DATA/Aurindum/Swarming/Outputs/20260109_202226_ParticleTesting/P100_I30/run.log - INFO - n_caps=7 | minZ=0.042775 | models=[1014, 685, 1012, 447, 433, 175, 331] | nodes=[14, 6, 9, 10, 5, 15, 7]
2026-01-12 18:20:33,937 - /DATA/Aurindum/Swarming/Outputs/20260109_202226_ParticleTesting/P100_I30/run.log - INFO - n_caps=8 | minZ=0.041742 | models=[1014, 685, 1012, 448, 433, 175, 331, 275] | nodes=[14, 6, 9, 10, 5, 15, 7, 16]
2026-01-12 18:20:33,938 - /DATA/Aurindum/Swarming/Outputs/20260109_202226_ParticleTesting/P100_I30/run.log - INFO - Threshold reached at n_caps=8
2026-01-12 18:22:40,592 - /DATA/Aurindum/Swarming/Outputs/20260109_202226_ParticleTesting/P100_I40/run.log - INFO - n_caps=1 | minZ=0.093198 | models=[1012] | nodes=[14]
2026-01-12 18:24:42,487 - /DATA/Aurindum/Swarming/Outputs/20260109_202226_ParticleTesting/P100_I40/run.log - INFO - n_caps=2 | minZ=0.069737 | models=[1012, 1014] | nodes=[14, 15]
2026-01-12 18:26:55,886 - /DATA/Aurindum/Swarming/Outputs/20260109_202226_ParticleTesting/P100_I40/run.log - INFO - n_caps=3 | minZ=0.055874 | models=[1012, 1014, 527] | nodes=[14, 15, 5]
2026-01-12 18:28:53,568 - /DATA/Aurindum/Swarming/Outputs/20260109_202226_ParticleTesting/P100_I40/run.log - INFO - n_caps=4 | minZ=0.050989 | models=[1012, 1014, 528, 433] | nodes=[14, 15, 5, 10]
2026-01-12 18:30:56,822 - /DATA/Aurindum/Swarming/Outputs/20260109_202226_ParticleTesting/P100_I40/run.log - INFO - n_caps=5 | minZ=0.048459 | models=[1012, 1014, 528, 433, 91] | nodes=[14, 15, 5, 9, 6]
2026-01-12 18:32:59,641 - /DATA/Aurindum/Swarming/Outputs/20260109_202226_ParticleTesting/P100_I40/run.log - INFO - n_caps=6 | minZ=0.045869 | models=[1012, 1014, 528, 433, 92, 434] | nodes=[14, 15, 5, 9, 6, 10]
2026-01-12 18:35:00,329 - /DATA/Aurindum/Swarming/Outputs/20260109_202226_ParticleTesting/P100_I40/run.log - INFO - n_caps=7 | minZ=0.043272 | models=[1012, 1014, 528, 433, 91, 434, 189] | nodes=[14, 15, 5, 9, 6, 10, 7]
2026-01-12 18:37:10,099 - /DATA/Aurindum/Swarming/Outputs/20260109_202226_ParticleTesting/P100_I40/run.log - INFO - n_caps=8 | minZ=0.042055 | models=[1012, 1014, 528, 433, 91, 434, 189, 222] | nodes=[14, 15, 5, 9, 6, 10, 7, 16]
2026-01-12 18:39:12,159 - /DATA/Aurindum/Swarming/Outputs/20260109_202226_ParticleTesting/P100_I40/run.log - INFO - n_caps=9 | minZ=0.041609 | models=[1012, 1014, 527, 433, 91, 434, 189, 222, 164] | nodes=[14, 15, 5, 9, 6, 10, 7, 16, 8]
2026-01-12 18:39:12,160 - /DATA/Aurindum/Swarming/Outputs/20260109_202226_ParticleTesting/P100_I40/run.log - INFO - Threshold reached at n_caps=9
2026-01-12 18:41:59,446 - /DATA/Aurindum/Swarming/Outputs/20260109_202226_ParticleTesting/P100_I50/run.log - INFO - n_caps=1 | minZ=0.087365 | models=[1012] | nodes=[9]
2026-01-12 18:44:30,734 - /DATA/Aurindum/Swarming/Outputs/20260109_202226_ParticleTesting/P100_I50/run.log - INFO - n_caps=2 | minZ=0.064766 | models=[1012, 1012] | nodes=[9, 10]
2026-01-12 18:47:16,889 - /DATA/Aurindum/Swarming/Outputs/20260109_202226_ParticleTesting/P100_I50/run.log - INFO - n_caps=3 | minZ=0.053863 | models=[1012, 1012, 527] | nodes=[9, 10, 14]
2026-01-12 18:50:04,099 - /DATA/Aurindum/Swarming/Outputs/20260109_202226_ParticleTesting/P100_I50/run.log - INFO - n_caps=4 | minZ=0.049874 | models=[1012, 1012, 527, 434] | nodes=[9, 10, 14, 15]
2026-01-12 18:52:50,668 - /DATA/Aurindum/Swarming/Outputs/20260109_202226_ParticleTesting/P100_I50/run.log - INFO - n_caps=5 | minZ=0.048097 | models=[1012, 1012, 527, 434, 225] | nodes=[9, 10, 14, 15, 16]
2026-01-12 18:55:32,731 - /DATA/Aurindum/Swarming/Outputs/20260109_202226_ParticleTesting/P100_I50/run.log - INFO - n_caps=6 | minZ=0.046205 | models=[1012, 1012, 527, 434, 225, 226] | nodes=[9, 10, 14, 15, 16, 7]
2026-01-12 18:58:06,862 - /DATA/Aurindum/Swarming/Outputs/20260109_202226_ParticleTesting/P100_I50/run.log - INFO - n_caps=7 | minZ=0.044397 | models=[1012, 1012, 527, 434, 225, 226, 433] | nodes=[9, 10, 14, 15, 16, 7, 5]
2026-01-12 19:00:48,679 - /DATA/Aurindum/Swarming/Outputs/20260109_202226_ParticleTesting/P100_I50/run.log - INFO - n_caps=8 | minZ=0.042238 | models=[1012, 1012, 528, 433, 225, 225, 433, 189] | nodes=[9, 10, 14, 15, 16, 7, 5, 6]
2026-01-12 19:03:30,314 - /DATA/Aurindum/Swarming/Outputs/20260109_202226_ParticleTesting/P100_I50/run.log - INFO - n_caps=9 | minZ=0.041679 | models=[1012, 1012, 528, 433, 225, 226, 433, 189, 921] | nodes=[9, 10, 14, 15, 16, 6, 5, 7, 8]
2026-01-12 19:03:30,315 - /DATA/Aurindum/Swarming/Outputs/20260109_202226_ParticleTesting/P100_I50/run.log - INFO - Threshold reached at n_caps=9
2026-01-12 19:06:29,450 - /DATA/Aurindum/Swarming/Outputs/20260109_202226_ParticleTesting/P100_I60/run.log - INFO - n_caps=1 | minZ=0.087365 | models=[1012] | nodes=[9]
2026-01-12 19:09:29,200 - /DATA/Aurindum/Swarming/Outputs/20260109_202226_ParticleTesting/P100_I60/run.log - INFO - n_caps=2 | minZ=0.064766 | models=[1012, 1014] | nodes=[9, 10]
2026-01-12 19:12:23,431 - /DATA/Aurindum/Swarming/Outputs/20260109_202226_ParticleTesting/P100_I60/run.log - INFO - n_caps=3 | minZ=0.054024 | models=[1012, 1014, 500] | nodes=[9, 10, 15]
2026-01-12 19:15:46,220 - /DATA/Aurindum/Swarming/Outputs/20260109_202226_ParticleTesting/P100_I60/run.log - INFO - n_caps=4 | minZ=0.050875 | models=[1012, 1014, 500, 433] | nodes=[9, 10, 15, 5]
2026-01-12 19:18:47,041 - /DATA/Aurindum/Swarming/Outputs/20260109_202226_ParticleTesting/P100_I60/run.log - INFO - n_caps=5 | minZ=0.047998 | models=[1012, 1014, 500, 433, 448] | nodes=[9, 10, 15, 5, 14]
2026-01-12 19:21:48,659 - /DATA/Aurindum/Swarming/Outputs/20260109_202226_ParticleTesting/P100_I60/run.log - INFO - n_caps=6 | minZ=0.045082 | models=[1012, 1014, 501, 433, 448, 434] | nodes=[10, 9, 15, 5, 14, 6]
2026-01-12 19:25:09,536 - /DATA/Aurindum/Swarming/Outputs/20260109_202226_ParticleTesting/P100_I60/run.log - INFO - n_caps=7 | minZ=0.043336 | models=[1012, 1014, 501, 433, 448, 434, 171] | nodes=[10, 9, 15, 5, 14, 6, 7]
2026-01-12 19:28:12,363 - /DATA/Aurindum/Swarming/Outputs/20260109_202226_ParticleTesting/P100_I60/run.log - INFO - n_caps=8 | minZ=0.041585 | models=[1012, 1014, 501, 433, 447, 434, 171, 434] | nodes=[10, 9, 15, 5, 14, 6, 7, 16]
2026-01-12 19:28:12,364 - /DATA/Aurindum/Swarming/Outputs/20260109_202226_ParticleTesting/P100_I60/run.log - INFO - Threshold reached at n_caps=8
2026-01-12 19:31:57,975 - /DATA/Aurindum/Swarming/Outputs/20260109_202226_ParticleTesting/P100_I70/run.log - INFO - n_caps=1 | minZ=0.087365 | models=[1012] | nodes=[9]
2026-01-12 19:35:50,761 - /DATA/Aurindum/Swarming/Outputs/20260109_202226_ParticleTesting/P100_I70/run.log - INFO - n_caps=2 | minZ=0.064766 | models=[1012, 1014] | nodes=[9, 10]
2026-01-12 19:39:34,918 - /DATA/Aurindum/Swarming/Outputs/20260109_202226_ParticleTesting/P100_I70/run.log - INFO - n_caps=3 | minZ=0.053863 | models=[1012, 1012, 527] | nodes=[9, 10, 14]
2026-01-12 19:43:25,611 - /DATA/Aurindum/Swarming/Outputs/20260109_202226_ParticleTesting/P100_I70/run.log - INFO - n_caps=4 | minZ=0.049874 | models=[1012, 1012, 527, 434] | nodes=[9, 10, 14, 15]
2026-01-12 19:47:08,108 - /DATA/Aurindum/Swarming/Outputs/20260109_202226_ParticleTesting/P100_I70/run.log - INFO - n_caps=5 | minZ=0.047841 | models=[1012, 1012, 527, 433, 226] | nodes=[9, 10, 14, 15, 7]
2026-01-12 19:51:03,210 - /DATA/Aurindum/Swarming/Outputs/20260109_202226_ParticleTesting/P100_I70/run.log - INFO - n_caps=6 | minZ=0.045489 | models=[1012, 1012, 527, 433, 226, 434] | nodes=[9, 10, 14, 15, 6, 5]
2026-01-12 19:54:57,361 - /DATA/Aurindum/Swarming/Outputs/20260109_202226_ParticleTesting/P100_I70/run.log - INFO - n_caps=7 | minZ=0.043576 | models=[1012, 1012, 527, 433, 226, 434, 189] | nodes=[9, 10, 14, 15, 6, 5, 7]
2026-01-12 19:58:55,207 - /DATA/Aurindum/Swarming/Outputs/20260109_202226_ParticleTesting/P100_I70/run.log - INFO - n_caps=8 | minZ=0.041997 | models=[1012, 1012, 527, 433, 226, 434, 189, 92] | nodes=[9, 10, 14, 15, 6, 5, 7, 16]
2026-01-12 19:58:55,207 - /DATA/Aurindum/Swarming/Outputs/20260109_202226_ParticleTesting/P100_I70/run.log - INFO - Threshold reached at n_caps=8
2026-01-12 20:03:25,801 - /DATA/Aurindum/Swarming/Outputs/20260109_202226_ParticleTesting/P100_I80/run.log - INFO - n_caps=1 | minZ=0.087365 | models=[1012] | nodes=[9]
2026-01-12 20:08:02,447 - /DATA/Aurindum/Swarming/Outputs/20260109_202226_ParticleTesting/P100_I80/run.log - INFO - n_caps=2 | minZ=0.064766 | models=[1012, 1012] | nodes=[10, 9]
2026-01-12 20:12:48,218 - /DATA/Aurindum/Swarming/Outputs/20260109_202226_ParticleTesting/P100_I80/run.log - INFO - n_caps=3 | minZ=0.053976 | models=[1012, 1012, 509] | nodes=[10, 9, 14]
2026-01-12 20:17:25,378 - /DATA/Aurindum/Swarming/Outputs/20260109_202226_ParticleTesting/P100_I80/run.log - INFO - n_caps=4 | minZ=0.049979 | models=[1012, 1014, 511, 434] | nodes=[9, 10, 14, 5]
2026-01-12 20:21:53,734 - /DATA/Aurindum/Swarming/Outputs/20260109_202226_ParticleTesting/P100_I80/run.log - INFO - n_caps=5 | minZ=0.047776 | models=[1012, 1014, 511, 434, 109] | nodes=[9, 10, 14, 5, 6]
2026-01-12 20:26:30,493 - /DATA/Aurindum/Swarming/Outputs/20260109_202226_ParticleTesting/P100_I80/run.log - INFO - n_caps=6 | minZ=0.045751 | models=[1012, 1014, 511, 434, 109, 189] | nodes=[9, 10, 14, 5, 6, 7]
2026-01-12 20:31:09,794 - /DATA/Aurindum/Swarming/Outputs/20260109_202226_ParticleTesting/P100_I80/run.log - INFO - n_caps=7 | minZ=0.043083 | models=[1012, 1014, 512, 434, 109, 189, 433] | nodes=[9, 10, 14, 5, 6, 7, 15]
2026-01-12 20:35:48,050 - /DATA/Aurindum/Swarming/Outputs/20260109_202226_ParticleTesting/P100_I80/run.log - INFO - n_caps=8 | minZ=0.041869 | models=[1012, 1014, 512, 434, 109, 189, 433, 189] | nodes=[10, 9, 14, 5, 6, 7, 15, 16]
2026-01-12 20:35:48,051 - /DATA/Aurindum/Swarming/Outputs/20260109_202226_ParticleTesting/P100_I80/run.log - INFO - Threshold reached at n_caps=8
2026-01-12 20:41:01,859 - /DATA/Aurindum/Swarming/Outputs/20260109_202226_ParticleTesting/P100_I90/run.log - INFO - n_caps=1 | minZ=0.087365 | models=[1012] | nodes=[9]
2026-01-12 20:46:12,976 - /DATA/Aurindum/Swarming/Outputs/20260109_202226_ParticleTesting/P100_I90/run.log - INFO - n_caps=2 | minZ=0.064766 | models=[1012, 1014] | nodes=[9, 10]
2026-01-12 20:51:32,307 - /DATA/Aurindum/Swarming/Outputs/20260109_202226_ParticleTesting/P100_I90/run.log - INFO - n_caps=3 | minZ=0.054175 | models=[1012, 1014, 512] | nodes=[9, 10, 5]
2026-01-12 20:56:42,935 - /DATA/Aurindum/Swarming/Outputs/20260109_202226_ParticleTesting/P100_I90/run.log - INFO - n_caps=4 | minZ=0.050198 | models=[1012, 1014, 512, 893] | nodes=[9, 10, 14, 15]
2026-01-12 21:01:52,070 - /DATA/Aurindum/Swarming/Outputs/20260109_202226_ParticleTesting/P100_I90/run.log - INFO - n_caps=5 | minZ=0.046462 | models=[1012, 1014, 512, 893, 262] | nodes=[9, 10, 14, 15, 16]
2026-01-12 21:07:03,372 - /DATA/Aurindum/Swarming/Outputs/20260109_202226_ParticleTesting/P100_I90/run.log - INFO - n_caps=6 | minZ=0.044200 | models=[1012, 1014, 512, 892, 262, 447] | nodes=[9, 10, 14, 15, 16, 5]
2026-01-12 21:12:12,160 - /DATA/Aurindum/Swarming/Outputs/20260109_202226_ParticleTesting/P100_I90/run.log - INFO - n_caps=7 | minZ=0.042656 | models=[1012, 1014, 512, 893, 262, 447, 189] | nodes=[10, 9, 14, 15, 16, 5, 7]
2026-01-12 21:17:27,559 - /DATA/Aurindum/Swarming/Outputs/20260109_202226_ParticleTesting/P100_I90/run.log - INFO - n_caps=8 | minZ=0.041325 | models=[1012, 1014, 512, 892, 262, 447, 189, 109] | nodes=[9, 10, 14, 15, 16, 5, 6, 7]
2026-01-12 21:17:27,559 - /DATA/Aurindum/Swarming/Outputs/20260109_202226_ParticleTesting/P100_I90/run.log - INFO - Threshold reached at n_caps=8
2026-01-12 21:23:12,525 - /DATA/Aurindum/Swarming/Outputs/20260109_202226_ParticleTesting/P100_I100/run.log - INFO - n_caps=1 | minZ=0.087365 | models=[1012] | nodes=[9]
2026-01-12 21:28:53,402 - /DATA/Aurindum/Swarming/Outputs/20260109_202226_ParticleTesting/P100_I100/run.log - INFO - n_caps=2 | minZ=0.064766 | models=[1012, 1012] | nodes=[9, 10]
2026-01-12 21:34:44,321 - /DATA/Aurindum/Swarming/Outputs/20260109_202226_ParticleTesting/P100_I100/run.log - INFO - n_caps=3 | minZ=0.054024 | models=[1012, 1012, 499] | nodes=[9, 10, 15]
2026-01-12 21:40:33,038 - /DATA/Aurindum/Swarming/Outputs/20260109_202226_ParticleTesting/P100_I100/run.log - INFO - n_caps=4 | minZ=0.050135 | models=[1012, 1012, 499, 342] | nodes=[9, 10, 14, 15]
2026-01-12 21:46:10,628 - /DATA/Aurindum/Swarming/Outputs/20260109_202226_ParticleTesting/P100_I100/run.log - INFO - n_caps=5 | minZ=0.046666 | models=[1012, 1012, 499, 342, 171] | nodes=[9, 10, 14, 15, 7]
2026-01-12 21:51:53,897 - /DATA/Aurindum/Swarming/Outputs/20260109_202226_ParticleTesting/P100_I100/run.log - INFO - n_caps=6 | minZ=0.044899 | models=[1012, 1012, 499, 342, 171, 109] | nodes=[9, 10, 14, 15, 7, 6]
2026-01-12 21:57:39,707 - /DATA/Aurindum/Swarming/Outputs/20260109_202226_ParticleTesting/P100_I100/run.log - INFO - n_caps=7 | minZ=0.043152 | models=[1012, 1012, 499, 342, 171, 109, 171] | nodes=[9, 10, 14, 15, 7, 6, 16]
2026-01-12 22:03:23,968 - /DATA/Aurindum/Swarming/Outputs/20260109_202226_ParticleTesting/P100_I100/run.log - INFO - n_caps=8 | minZ=0.041610 | models=[1012, 1012, 499, 342, 171, 109, 171, 456] | nodes=[9, 10, 14, 15, 7, 6, 16, 5]
2026-01-12 22:03:23,969 - /DATA/Aurindum/Swarming/Outputs/20260109_202226_ParticleTesting/P100_I100/run.log - INFO - Threshold reached at n_caps=8
2026-01-12 22:09:46,209 - /DATA/Aurindum/Swarming/Outputs/20260109_202226_ParticleTesting/P100_I110/run.log - INFO - n_caps=1 | minZ=0.087365 | models=[1014] | nodes=[9]
2026-01-12 22:16:14,477 - /DATA/Aurindum/Swarming/Outputs/20260109_202226_ParticleTesting/P100_I110/run.log - INFO - n_caps=2 | minZ=0.064766 | models=[1014, 1012] | nodes=[9, 10]
2026-01-12 22:22:37,899 - /DATA/Aurindum/Swarming/Outputs/20260109_202226_ParticleTesting/P100_I110/run.log - INFO - n_caps=3 | minZ=0.053976 | models=[1014, 1012, 509] | nodes=[9, 10, 14]
2026-01-12 22:28:51,510 - /DATA/Aurindum/Swarming/Outputs/20260109_202226_ParticleTesting/P100_I110/run.log - INFO - n_caps=4 | minZ=0.049852 | models=[1014, 1012, 500, 433] | nodes=[9, 10, 14, 15]
2026-01-12 22:35:05,349 - /DATA/Aurindum/Swarming/Outputs/20260109_202226_ParticleTesting/P100_I110/run.log - INFO - n_caps=5 | minZ=0.047078 | models=[1014, 1012, 455, 433, 1511] | nodes=[9, 10, 14, 15, 5]
2026-01-12 22:41:24,855 - /DATA/Aurindum/Swarming/Outputs/20260109_202226_ParticleTesting/P100_I110/run.log - INFO - n_caps=6 | minZ=0.044695 | models=[1014, 1012, 455, 433, 1512, 334] | nodes=[9, 10, 14, 15, 5, 6]
2026-01-12 22:47:42,303 - /DATA/Aurindum/Swarming/Outputs/20260109_202226_ParticleTesting/P100_I110/run.log - INFO - n_caps=7 | minZ=0.042592 | models=[1014, 1012, 455, 433, 1512, 334, 171] | nodes=[9, 10, 14, 15, 5, 6, 7]
2026-01-12 22:53:50,922 - /DATA/Aurindum/Swarming/Outputs/20260109_202226_ParticleTesting/P100_I110/run.log - INFO - n_caps=8 | minZ=0.041117 | models=[1014, 1012, 455, 433, 1512, 334, 171, 222] | nodes=[9, 10, 14, 15, 5, 6, 7, 16]
2026-01-12 22:53:50,923 - /DATA/Aurindum/Swarming/Outputs/20260109_202226_ParticleTesting/P100_I110/run.log - INFO - Threshold reached at n_caps=8
2026-01-12 23:00:44,833 - /DATA/Aurindum/Swarming/Outputs/20260109_202226_ParticleTesting/P100_I120/run.log - INFO - n_caps=1 | minZ=0.087365 | models=[1014] | nodes=[9]
2026-01-12 23:07:38,379 - /DATA/Aurindum/Swarming/Outputs/20260109_202226_ParticleTesting/P100_I120/run.log - INFO - n_caps=2 | minZ=0.064766 | models=[1014, 1012] | nodes=[9, 10]
2026-01-12 23:14:34,454 - /DATA/Aurindum/Swarming/Outputs/20260109_202226_ParticleTesting/P100_I120/run.log - INFO - n_caps=3 | minZ=0.053863 | models=[1014, 1012, 528] | nodes=[9, 10, 14]
2026-01-12 23:21:29,161 - /DATA/Aurindum/Swarming/Outputs/20260109_202226_ParticleTesting/P100_I120/run.log - INFO - n_caps=4 | minZ=0.049874 | models=[1014, 1012, 528, 433] | nodes=[9, 10, 14, 15]
2026-01-12 23:28:26,377 - /DATA/Aurindum/Swarming/Outputs/20260109_202226_ParticleTesting/P100_I120/run.log - INFO - n_caps=5 | minZ=0.047257 | models=[1014, 1012, 523, 433, 433] | nodes=[9, 10, 14, 15, 5]
2026-01-12 23:35:12,661 - /DATA/Aurindum/Swarming/Outputs/20260109_202226_ParticleTesting/P100_I120/run.log - INFO - n_caps=6 | minZ=0.044802 | models=[1014, 1012, 523, 433, 433, 334] | nodes=[9, 10, 14, 15, 5, 6]
2026-01-12 23:42:09,817 - /DATA/Aurindum/Swarming/Outputs/20260109_202226_ParticleTesting/P100_I120/run.log - INFO - n_caps=7 | minZ=0.043026 | models=[1014, 1012, 523, 433, 433, 334, 225] | nodes=[10, 9, 15, 14, 5, 6, 7]
2026-01-12 23:48:29,831 - /DATA/Aurindum/Swarming/Outputs/20260109_202226_ParticleTesting/P100_I120/run.log - INFO - n_caps=8 | minZ=0.041916 | models=[1014, 1012, 523, 434, 433, 334, 225, 222] | nodes=[9, 10, 14, 15, 5, 6, 7, 16]
2026-01-12 23:48:29,831 - /DATA/Aurindum/Swarming/Outputs/20260109_202226_ParticleTesting/P100_I120/run.log - INFO - Threshold reached at n_caps=8
2026-01-12 23:55:35,139 - /DATA/Aurindum/Swarming/Outputs/20260109_202226_ParticleTesting/P100_I130/run.log - INFO - n_caps=1 | minZ=0.087365 | models=[1012] | nodes=[9]
2026-01-13 00:02:05,933 - /DATA/Aurindum/Swarming/Outputs/20260109_202226_ParticleTesting/P100_I130/run.log - INFO - n_caps=2 | minZ=0.064766 | models=[1012, 1014] | nodes=[9, 10]
2026-01-13 00:08:45,757 - /DATA/Aurindum/Swarming/Outputs/20260109_202226_ParticleTesting/P100_I130/run.log - INFO - n_caps=3 | minZ=0.053863 | models=[1012, 1014, 528] | nodes=[9, 10, 14]
2026-01-13 00:15:32,983 - /DATA/Aurindum/Swarming/Outputs/20260109_202226_ParticleTesting/P100_I130/run.log - INFO - n_caps=4 | minZ=0.049874 | models=[1012, 1014, 528, 433] | nodes=[9, 10, 14, 15]
2026-01-13 00:22:32,886 - /DATA/Aurindum/Swarming/Outputs/20260109_202226_ParticleTesting/P100_I130/run.log - INFO - n_caps=5 | minZ=0.047557 | models=[1012, 1014, 528, 434, 433] | nodes=[10, 9, 14, 15, 5]
2026-01-13 00:29:10,599 - /DATA/Aurindum/Swarming/Outputs/20260109_202226_ParticleTesting/P100_I130/run.log - INFO - n_caps=6 | minZ=0.043940 | models=[1012, 1014, 433, 434, 433, 171] | nodes=[10, 9, 14, 15, 5, 7]
2026-01-13 00:35:47,966 - /DATA/Aurindum/Swarming/Outputs/20260109_202226_ParticleTesting/P100_I130/run.log - INFO - n_caps=7 | minZ=0.042228 | models=[1012, 1014, 433, 433, 433, 171, 455] | nodes=[10, 9, 14, 15, 5, 7, 6]
2026-01-13 00:42:19,617 - /DATA/Aurindum/Swarming/Outputs/20260109_202226_ParticleTesting/P100_I130/run.log - INFO - n_caps=8 | minZ=0.040987 | models=[1012, 1014, 433, 433, 433, 171, 455, 226] | nodes=[9, 10, 14, 15, 5, 7, 6, 16]
2026-01-13 00:42:19,618 - /DATA/Aurindum/Swarming/Outputs/20260109_202226_ParticleTesting/P100_I130/run.log - INFO - Threshold reached at n_caps=8
2026-01-13 00:49:35,316 - /DATA/Aurindum/Swarming/Outputs/20260109_202226_ParticleTesting/P100_I140/run.log - INFO - n_caps=1 | minZ=0.087365 | models=[1012] | nodes=[9]
2026-01-13 00:56:37,087 - /DATA/Aurindum/Swarming/Outputs/20260109_202226_ParticleTesting/P100_I140/run.log - INFO - n_caps=2 | minZ=0.064766 | models=[1014, 1012] | nodes=[9, 10]
2026-01-13 01:03:48,714 - /DATA/Aurindum/Swarming/Outputs/20260109_202226_ParticleTesting/P100_I140/run.log - INFO - n_caps=3 | minZ=0.053863 | models=[1014, 1012, 528] | nodes=[9, 10, 14]
2026-01-13 01:11:27,730 - /DATA/Aurindum/Swarming/Outputs/20260109_202226_ParticleTesting/P100_I140/run.log - INFO - n_caps=4 | minZ=0.049874 | models=[1014, 1012, 528, 433] | nodes=[9, 10, 14, 15]
2026-01-13 01:18:31,912 - /DATA/Aurindum/Swarming/Outputs/20260109_202226_ParticleTesting/P100_I140/run.log - INFO - n_caps=5 | minZ=0.047841 | models=[1014, 1012, 528, 433, 222] | nodes=[10, 9, 14, 15, 7]
2026-01-13 01:25:42,081 - /DATA/Aurindum/Swarming/Outputs/20260109_202226_ParticleTesting/P100_I140/run.log - INFO - n_caps=6 | minZ=0.044079 | models=[1014, 1012, 434, 433, 222, 433] | nodes=[9, 10, 14, 15, 6, 5]
2026-01-13 01:33:19,546 - /DATA/Aurindum/Swarming/Outputs/20260109_202226_ParticleTesting/P100_I140/run.log - INFO - n_caps=7 | minZ=0.042578 | models=[1014, 1012, 434, 433, 222, 433, 171] | nodes=[10, 9, 14, 15, 7, 5, 16]
2026-01-13 01:40:50,826 - /DATA/Aurindum/Swarming/Outputs/20260109_202226_ParticleTesting/P100_I140/run.log - INFO - n_caps=8 | minZ=0.041115 | models=[1014, 1012, 434, 433, 222, 433, 171, 91] | nodes=[9, 10, 14, 15, 7, 5, 16, 6]
2026-01-13 01:40:50,826 - /DATA/Aurindum/Swarming/Outputs/20260109_202226_ParticleTesting/P100_I140/run.log - INFO - Threshold reached at n_caps=8
2026-01-13 01:48:39,183 - /DATA/Aurindum/Swarming/Outputs/20260109_202226_ParticleTesting/P100_I150/run.log - INFO - n_caps=1 | minZ=0.087365 | models=[1012] | nodes=[9]
2026-01-13 01:56:27,704 - /DATA/Aurindum/Swarming/Outputs/20260109_202226_ParticleTesting/P100_I150/run.log - INFO - n_caps=2 | minZ=0.064766 | models=[1012, 1014] | nodes=[9, 10]
2026-01-13 02:04:08,609 - /DATA/Aurindum/Swarming/Outputs/20260109_202226_ParticleTesting/P100_I150/run.log - INFO - n_caps=3 | minZ=0.053863 | models=[1012, 1014, 527] | nodes=[9, 10, 14]
2026-01-13 02:11:54,697 - /DATA/Aurindum/Swarming/Outputs/20260109_202226_ParticleTesting/P100_I150/run.log - INFO - n_caps=4 | minZ=0.049666 | models=[1012, 1014, 455, 433] | nodes=[9, 10, 14, 15]
2026-01-13 02:19:48,102 - /DATA/Aurindum/Swarming/Outputs/20260109_202226_ParticleTesting/P100_I150/run.log - INFO - n_caps=5 | minZ=0.046011 | models=[1012, 1014, 455, 433, 344] | nodes=[9, 10, 14, 15, 5]
2026-01-13 02:27:59,921 - /DATA/Aurindum/Swarming/Outputs/20260109_202226_ParticleTesting/P100_I150/run.log - INFO - n_caps=6 | minZ=0.043876 | models=[1012, 1014, 455, 433, 344, 189] | nodes=[9, 10, 14, 15, 5, 6]
2026-01-13 02:36:06,960 - /DATA/Aurindum/Swarming/Outputs/20260109_202226_ParticleTesting/P100_I150/run.log - INFO - n_caps=7 | minZ=0.042121 | models=[1012, 1014, 455, 433, 344, 189, 222] | nodes=[9, 10, 14, 15, 5, 6, 7]
2026-01-13 02:44:13,156 - /DATA/Aurindum/Swarming/Outputs/20260109_202226_ParticleTesting/P100_I150/run.log - INFO - n_caps=8 | minZ=0.040869 | models=[1012, 1014, 455, 433, 344, 189, 221, 275] | nodes=[9, 10, 14, 15, 5, 6, 7, 16]
2026-01-13 02:44:13,157 - /DATA/Aurindum/Swarming/Outputs/20260109_202226_ParticleTesting/P100_I150/run.log - INFO - Threshold reached at n_caps=8
2026-01-13 02:52:51,017 - /DATA/Aurindum/Swarming/Outputs/20260109_202226_ParticleTesting/P100_I160/run.log - INFO - n_caps=1 | minZ=0.087365 | models=[1014] | nodes=[9]
2026-01-13 03:01:23,543 - /DATA/Aurindum/Swarming/Outputs/20260109_202226_ParticleTesting/P100_I160/run.log - INFO - n_caps=2 | minZ=0.064766 | models=[1012, 1012] | nodes=[9, 10]
2026-01-13 03:09:45,296 - /DATA/Aurindum/Swarming/Outputs/20260109_202226_ParticleTesting/P100_I160/run.log - INFO - n_caps=3 | minZ=0.053863 | models=[1012, 1012, 527] | nodes=[9, 10, 14]
2026-01-13 03:18:06,563 - /DATA/Aurindum/Swarming/Outputs/20260109_202226_ParticleTesting/P100_I160/run.log - INFO - n_caps=4 | minZ=0.049874 | models=[1012, 1012, 527, 433] | nodes=[10, 9, 14, 15]
2026-01-13 03:26:27,668 - /DATA/Aurindum/Swarming/Outputs/20260109_202226_ParticleTesting/P100_I160/run.log - INFO - n_caps=5 | minZ=0.046011 | models=[1012, 1012, 455, 433, 342] | nodes=[10, 9, 14, 15, 5]
2026-01-13 03:34:40,781 - /DATA/Aurindum/Swarming/Outputs/20260109_202226_ParticleTesting/P100_I160/run.log - INFO - n_caps=6 | minZ=0.043876 | models=[1012, 1012, 455, 433, 342, 171] | nodes=[10, 9, 14, 15, 5, 6]
2026-01-13 03:42:51,181 - /DATA/Aurindum/Swarming/Outputs/20260109_202226_ParticleTesting/P100_I160/run.log - INFO - n_caps=7 | minZ=0.041891 | models=[1012, 1012, 455, 434, 342, 171, 434] | nodes=[10, 9, 14, 15, 6, 7, 5]
2026-01-13 03:42:51,182 - /DATA/Aurindum/Swarming/Outputs/20260109_202226_ParticleTesting/P100_I160/run.log - INFO - Threshold reached at n_caps=7
2026-01-13 03:52:01,464 - /DATA/Aurindum/Swarming/Outputs/20260109_202226_ParticleTesting/P100_I170/run.log - INFO - n_caps=1 | minZ=0.087365 | models=[1012] | nodes=[9]
2026-01-13 04:00:38,491 - /DATA/Aurindum/Swarming/Outputs/20260109_202226_ParticleTesting/P100_I170/run.log - INFO - n_caps=2 | minZ=0.064766 | models=[1012, 1014] | nodes=[9, 10]
2026-01-13 04:09:18,603 - /DATA/Aurindum/Swarming/Outputs/20260109_202226_ParticleTesting/P100_I170/run.log - INFO - n_caps=3 | minZ=0.053863 | models=[1012, 1014, 528] | nodes=[9, 10, 14]
2026-01-13 04:17:55,425 - /DATA/Aurindum/Swarming/Outputs/20260109_202226_ParticleTesting/P100_I170/run.log - INFO - n_caps=4 | minZ=0.049874 | models=[1012, 1014, 527, 434] | nodes=[9, 10, 14, 15]
2026-01-13 04:26:45,385 - /DATA/Aurindum/Swarming/Outputs/20260109_202226_ParticleTesting/P100_I170/run.log - INFO - n_caps=5 | minZ=0.047031 | models=[1012, 1014, 566, 433, 448] | nodes=[9, 10, 14, 15, 5]
2026-01-13 04:36:23,111 - /DATA/Aurindum/Swarming/Outputs/20260109_202226_ParticleTesting/P100_I170/run.log - INFO - n_caps=6 | minZ=0.045086 | models=[1012, 1014, 566, 433, 448, 226] | nodes=[9, 10, 14, 15, 5, 6]
2026-01-13 04:46:06,089 - /DATA/Aurindum/Swarming/Outputs/20260109_202226_ParticleTesting/P100_I170/run.log - INFO - n_caps=7 | minZ=0.043518 | models=[1012, 1014, 566, 433, 447, 225, 110] | nodes=[9, 10, 14, 15, 5, 6, 7]
2026-01-13 04:55:56,758 - /DATA/Aurindum/Swarming/Outputs/20260109_202226_ParticleTesting/P100_I170/run.log - INFO - n_caps=8 | minZ=0.041787 | models=[1012, 1014, 565, 433, 447, 225, 110, 171] | nodes=[9, 10, 14, 15, 5, 6, 7, 16]
2026-01-13 04:55:56,759 - /DATA/Aurindum/Swarming/Outputs/20260109_202226_ParticleTesting/P100_I170/run.log - INFO - Threshold reached at n_caps=8
2026-01-13 05:06:26,559 - /DATA/Aurindum/Swarming/Outputs/20260109_202226_ParticleTesting/P100_I180/run.log - INFO - n_caps=1 | minZ=0.087365 | models=[1012] | nodes=[9]
2026-01-13 05:17:05,014 - /DATA/Aurindum/Swarming/Outputs/20260109_202226_ParticleTesting/P100_I180/run.log - INFO - n_caps=2 | minZ=0.064766 | models=[1012, 1012] | nodes=[9, 10]
2026-01-13 05:27:23,656 - /DATA/Aurindum/Swarming/Outputs/20260109_202226_ParticleTesting/P100_I180/run.log - INFO - n_caps=3 | minZ=0.053863 | models=[1012, 1012, 528] | nodes=[9, 10, 14]
2026-01-13 05:37:34,395 - /DATA/Aurindum/Swarming/Outputs/20260109_202226_ParticleTesting/P100_I180/run.log - INFO - n_caps=4 | minZ=0.049874 | models=[1012, 1012, 528, 433] | nodes=[9, 10, 14, 15]
2026-01-13 05:48:01,241 - /DATA/Aurindum/Swarming/Outputs/20260109_202226_ParticleTesting/P100_I180/run.log - INFO - n_caps=5 | minZ=0.046081 | models=[1012, 1012, 447, 433, 434] | nodes=[9, 10, 14, 15, 5]
2026-01-13 05:58:35,045 - /DATA/Aurindum/Swarming/Outputs/20260109_202226_ParticleTesting/P100_I180/run.log - INFO - n_caps=6 | minZ=0.044156 | models=[1012, 1012, 447, 433, 434, 92] | nodes=[9, 10, 14, 15, 5, 6]
2026-01-13 06:08:56,099 - /DATA/Aurindum/Swarming/Outputs/20260109_202226_ParticleTesting/P100_I180/run.log - INFO - n_caps=7 | minZ=0.042649 | models=[1012, 1012, 448, 433, 434, 92, 225] | nodes=[9, 10, 14, 15, 5, 6, 7]
2026-01-13 06:19:27,488 - /DATA/Aurindum/Swarming/Outputs/20260109_202226_ParticleTesting/P100_I180/run.log - INFO - n_caps=8 | minZ=0.041634 | models=[1014, 1012, 448, 434, 434, 91, 225, 222] | nodes=[9, 10, 14, 16, 5, 6, 7, 15]
2026-01-13 06:19:27,489 - /DATA/Aurindum/Swarming/Outputs/20260109_202226_ParticleTesting/P100_I180/run.log - INFO - Threshold reached at n_caps=8
2026-01-13 06:30:46,372 - /DATA/Aurindum/Swarming/Outputs/20260109_202226_ParticleTesting/P100_I190/run.log - INFO - n_caps=1 | minZ=0.087365 | models=[1012] | nodes=[9]
2026-01-13 06:41:53,098 - /DATA/Aurindum/Swarming/Outputs/20260109_202226_ParticleTesting/P100_I190/run.log - INFO - n_caps=2 | minZ=0.064766 | models=[1012, 1014] | nodes=[9, 10]
2026-01-13 06:53:03,373 - /DATA/Aurindum/Swarming/Outputs/20260109_202226_ParticleTesting/P100_I190/run.log - INFO - n_caps=3 | minZ=0.053863 | models=[1012, 1014, 528] | nodes=[9, 10, 14]
2026-01-13 07:04:04,211 - /DATA/Aurindum/Swarming/Outputs/20260109_202226_ParticleTesting/P100_I190/run.log - INFO - n_caps=4 | minZ=0.049874 | models=[1012, 1014, 528, 433] | nodes=[9, 10, 14, 15]
2026-01-13 07:15:12,116 - /DATA/Aurindum/Swarming/Outputs/20260109_202226_ParticleTesting/P100_I190/run.log - INFO - n_caps=5 | minZ=0.047841 | models=[1012, 1014, 528, 433, 222] | nodes=[9, 10, 14, 15, 7]
2026-01-13 07:26:15,375 - /DATA/Aurindum/Swarming/Outputs/20260109_202226_ParticleTesting/P100_I190/run.log - INFO - n_caps=6 | minZ=0.044200 | models=[1012, 1014, 528, 433, 231, 892] | nodes=[9, 10, 14, 15, 6, 5]
2026-01-13 07:37:14,973 - /DATA/Aurindum/Swarming/Outputs/20260109_202226_ParticleTesting/P100_I190/run.log - INFO - n_caps=7 | minZ=0.042179 | models=[1012, 1014, 528, 433, 231, 892, 164] | nodes=[9, 10, 14, 15, 6, 5, 16]
2026-01-13 07:48:22,987 - /DATA/Aurindum/Swarming/Outputs/20260109_202226_ParticleTesting/P100_I190/run.log - INFO - n_caps=8 | minZ=0.040764 | models=[1012, 1014, 528, 433, 231, 892, 164, 189] | nodes=[9, 10, 14, 15, 6, 5, 16, 7]
2026-01-13 07:48:22,988 - /DATA/Aurindum/Swarming/Outputs/20260109_202226_ParticleTesting/P100_I190/run.log - INFO - Threshold reached at n_caps=8
2026-01-13 08:00:03,608 - /DATA/Aurindum/Swarming/Outputs/20260109_202226_ParticleTesting/P100_I200/run.log - INFO - n_caps=1 | minZ=0.087365 | models=[1012] | nodes=[9]
2026-01-13 08:11:33,823 - /DATA/Aurindum/Swarming/Outputs/20260109_202226_ParticleTesting/P100_I200/run.log - INFO - n_caps=2 | minZ=0.064766 | models=[1012, 1014] | nodes=[9, 10]
2026-01-13 08:23:03,500 - /DATA/Aurindum/Swarming/Outputs/20260109_202226_ParticleTesting/P100_I200/run.log - INFO - n_caps=3 | minZ=0.053863 | models=[1012, 1014, 527] | nodes=[9, 10, 14]
2026-01-13 08:34:26,410 - /DATA/Aurindum/Swarming/Outputs/20260109_202226_ParticleTesting/P100_I200/run.log - INFO - n_caps=4 | minZ=0.050325 | models=[1012, 1014, 512, 893] | nodes=[9, 10, 14, 5]
2026-01-13 08:45:41,275 - /DATA/Aurindum/Swarming/Outputs/20260109_202226_ParticleTesting/P100_I200/run.log - INFO - n_caps=5 | minZ=0.046212 | models=[1012, 1014, 512, 893, 262] | nodes=[9, 10, 15, 5, 7]
2026-01-13 08:57:07,118 - /DATA/Aurindum/Swarming/Outputs/20260109_202226_ParticleTesting/P100_I200/run.log - INFO - n_caps=6 | minZ=0.043877 | models=[1012, 1014, 527, 893, 262, 892] | nodes=[9, 10, 14, 5, 6, 15]
2026-01-13 09:08:54,303 - /DATA/Aurindum/Swarming/Outputs/20260109_202226_ParticleTesting/P100_I200/run.log - INFO - n_caps=7 | minZ=0.041459 | models=[1012, 1014, 527, 893, 262, 892, 163] | nodes=[9, 10, 14, 5, 6, 15, 7]
2026-01-13 09:08:54,304 - /DATA/Aurindum/Swarming/Outputs/20260109_202226_ParticleTesting/P100_I200/run.log - INFO - Threshold reached at n_caps=7
2026-01-13 09:09:32,337 - /DATA/Aurindum/Swarming/Outputs/20260109_202226_ParticleTesting/P110_I10/run.log - INFO - n_caps=1 | minZ=0.104882 | models=[999] | nodes=[10]
2026-01-13 09:10:10,170 - /DATA/Aurindum/Swarming/Outputs/20260109_202226_ParticleTesting/P110_I10/run.log - INFO - n_caps=2 | minZ=0.077411 | models=[677, 1420] | nodes=[10, 16]
2026-01-13 09:10:49,219 - /DATA/Aurindum/Swarming/Outputs/20260109_202226_ParticleTesting/P110_I10/run.log - INFO - n_caps=3 | minZ=0.065748 | models=[677, 1420, 342] | nodes=[10, 16, 5]
2026-01-13 09:11:27,710 - /DATA/Aurindum/Swarming/Outputs/20260109_202226_ParticleTesting/P110_I10/run.log - INFO - n_caps=4 | minZ=0.059604 | models=[677, 1420, 342, 753] | nodes=[9, 16, 5, 14]
2026-01-13 09:12:05,802 - /DATA/Aurindum/Swarming/Outputs/20260109_202226_ParticleTesting/P110_I10/run.log - INFO - n_caps=5 | minZ=0.055169 | models=[677, 1419, 342, 753, 1369] | nodes=[9, 16, 5, 14, 10]
2026-01-13 09:12:43,964 - /DATA/Aurindum/Swarming/Outputs/20260109_202226_ParticleTesting/P110_I10/run.log - INFO - n_caps=6 | minZ=0.051663 | models=[677, 1419, 342, 753, 1369, 344] | nodes=[9, 16, 5, 14, 10, 15]
2026-01-13 09:13:22,369 - /DATA/Aurindum/Swarming/Outputs/20260109_202226_ParticleTesting/P110_I10/run.log - INFO - n_caps=7 | minZ=0.048996 | models=[677, 1419, 342, 753, 1369, 344, 178] | nodes=[9, 15, 5, 14, 10, 16, 7]
2026-01-13 09:14:00,451 - /DATA/Aurindum/Swarming/Outputs/20260109_202226_ParticleTesting/P110_I10/run.log - INFO - n_caps=8 | minZ=0.046351 | models=[677, 1419, 342, 753, 1369, 344, 178, 231] | nodes=[9, 15, 5, 14, 10, 16, 7, 6]
2026-01-13 09:14:38,419 - /DATA/Aurindum/Swarming/Outputs/20260109_202226_ParticleTesting/P110_I10/run.log - INFO - n_caps=9 | minZ=0.045819 | models=[677, 1419, 342, 753, 1369, 344, 178, 231, 451] | nodes=[9, 16, 5, 14, 10, 15, 7, 6, 8]
2026-01-13 09:15:16,005 - /DATA/Aurindum/Swarming/Outputs/20260109_202226_ParticleTesting/P110_I10/run.log - INFO - n_caps=10 | minZ=0.045618 | models=[677, 1419, 342, 753, 1369, 344, 178, 231, 451, 893] | nodes=[9, 16, 6, 14, 11, 15, 7, 8, 10, 5]
2026-01-13 09:15:53,800 - /DATA/Aurindum/Swarming/Outputs/20260109_202226_ParticleTesting/P110_I10/run.log - INFO - n_caps=11 | minZ=0.044436 | models=[676, 1419, 342, 753, 1369, 344, 178, 231, 450, 893, 3168] | nodes=[9, 15, 6, 14, 10, 16, 7, 8, 11, 5, 2]
2026-01-13 09:16:27,015 - /DATA/Aurindum/Swarming/Outputs/20260109_202226_ParticleTesting/P110_I10/run.log - INFO - n_caps=12 | minZ=0.043672 | models=[676, 1418, 342, 753, 1369, 344, 178, 231, 450, 893, 3167, 231] | nodes=[9, 15, 6, 14, 10, 16, 7, 8, 11, 5, 2, 12]
2026-01-13 09:17:05,775 - /DATA/Aurindum/Swarming/Outputs/20260109_202226_ParticleTesting/P110_I10/run.log - INFO - n_caps=13 | minZ=0.043508 | models=[676, 1419, 342, 753, 1369, 344, 178, 231, 450, 893, 3167, 231, 164] | nodes=[9, 15, 6, 14, 10, 16, 7, 8, 11, 5, 2, 12, 13]
2026-01-13 09:17:42,092 - /DATA/Aurindum/Swarming/Outputs/20260109_202226_ParticleTesting/P110_I10/run.log - INFO - n_caps=14 | minZ=0.043431 | models=[676, 1419, 342, 753, 1369, 344, 178, 231, 450, 893, 3166, 231, 164, 2272] | nodes=[9, 15, 6, 14, 10, 16, 7, 8, 11, 5, 2, 12, 13, 18]
2026-01-13 09:18:15,805 - /DATA/Aurindum/Swarming/Outputs/20260109_202226_ParticleTesting/P110_I10/run.log - INFO - n_caps=15 | minZ=0.043403 | models=[676, 1419, 342, 753, 1369, 344, 178, 231, 450, 893, 3166, 231, 164, 2272, 1170] | nodes=[9, 15, 6, 14, 10, 16, 7, 8, 11, 5, 2, 12, 13, 18, 1]
2026-01-13 09:18:55,436 - /DATA/Aurindum/Swarming/Outputs/20260109_202226_ParticleTesting/P110_I10/run.log - INFO - n_caps=16 | minZ=0.043433 | models=[676, 1419, 342, 753, 1369, 344, 178, 231, 449, 893, 3166, 232, 164, 2273, 1170, 39] | nodes=[9, 15, 6, 14, 10, 16, 7, 8, 11, 5, 2, 12, 13, 18, 1, 19]
2026-01-13 09:19:35,061 - /DATA/Aurindum/Swarming/Outputs/20260109_202226_ParticleTesting/P110_I10/run.log - INFO - n_caps=17 | minZ=0.043466 | models=[676, 1419, 342, 753, 1369, 344, 178, 231, 449, 893, 3166, 232, 164, 2273, 1170, 39, 3330] | nodes=[9, 15, 6, 14, 10, 16, 7, 8, 11, 5, 2, 12, 13, 18, 1, 19, 20]
2026-01-13 09:20:14,781 - /DATA/Aurindum/Swarming/Outputs/20260109_202226_ParticleTesting/P110_I10/run.log - INFO - n_caps=18 | minZ=0.043461 | models=[676, 1419, 342, 753, 1369, 344, 178, 231, 449, 893, 3166, 232, 164, 2273, 1170, 39, 3330, 29] | nodes=[9, 15, 6, 14, 10, 16, 7, 8, 11, 5, 2, 12, 13, 18, 1, 19, 20, 3]
2026-01-13 09:20:53,580 - /DATA/Aurindum/Swarming/Outputs/20260109_202226_ParticleTesting/P110_I10/run.log - INFO - n_caps=19 | minZ=0.043507 | models=[676, 1419, 342, 753, 1369, 344, 178, 231, 449, 893, 3166, 232, 164, 2273, 1170, 39, 3330, 29, 3328] | nodes=[9, 15, 6, 14, 10, 16, 7, 8, 11, 5, 2, 12, 13, 18, 1, 19, 20, 3, 4]
2026-01-13 09:21:31,409 - /DATA/Aurindum/Swarming/Outputs/20260109_202226_ParticleTesting/P110_I10/run.log - INFO - n_caps=20 | minZ=0.043577 | models=[676, 1419, 342, 753, 1369, 344, 178, 231, 449, 893, 3166, 232, 164, 2273, 1170, 39, 3330, 29, 3328, 35] | nodes=[9, 15, 6, 14, 10, 16, 7, 8, 11, 5, 2, 12, 13, 18, 1, 19, 20, 3, 4, 17]
2026-01-13 09:22:47,250 - /DATA/Aurindum/Swarming/Outputs/20260109_202226_ParticleTesting/P110_I20/run.log - INFO - n_caps=1 | minZ=0.089878 | models=[1012] | nodes=[10]
2026-01-13 09:23:58,580 - /DATA/Aurindum/Swarming/Outputs/20260109_202226_ParticleTesting/P110_I20/run.log - INFO - n_caps=2 | minZ=0.069957 | models=[1012, 1012] | nodes=[10, 15]
2026-01-13 09:25:14,489 - /DATA/Aurindum/Swarming/Outputs/20260109_202226_ParticleTesting/P110_I20/run.log - INFO - n_caps=3 | minZ=0.055987 | models=[1012, 1012, 528] | nodes=[10, 15, 5]
2026-01-13 09:26:29,825 - /DATA/Aurindum/Swarming/Outputs/20260109_202226_ParticleTesting/P110_I20/run.log - INFO - n_caps=4 | minZ=0.051731 | models=[1012, 1012, 528, 606] | nodes=[9, 14, 5, 10]
2026-01-13 09:27:46,151 - /DATA/Aurindum/Swarming/Outputs/20260109_202226_ParticleTesting/P110_I20/run.log - INFO - n_caps=5 | minZ=0.049106 | models=[1012, 1012, 528, 605, 433] | nodes=[9, 14, 5, 10, 6]
2026-01-13 09:29:03,216 - /DATA/Aurindum/Swarming/Outputs/20260109_202226_ParticleTesting/P110_I20/run.log - INFO - n_caps=6 | minZ=0.046540 | models=[1012, 1012, 528, 606, 433, 244] | nodes=[9, 15, 5, 10, 6, 16]
2026-01-13 09:30:18,605 - /DATA/Aurindum/Swarming/Outputs/20260109_202226_ParticleTesting/P110_I20/run.log - INFO - n_caps=7 | minZ=0.044097 | models=[1012, 1012, 528, 606, 433, 244, 268] | nodes=[9, 14, 5, 10, 6, 15, 7]
2026-01-13 09:31:34,814 - /DATA/Aurindum/Swarming/Outputs/20260109_202226_ParticleTesting/P110_I20/run.log - INFO - n_caps=8 | minZ=0.042163 | models=[1012, 1012, 528, 607, 433, 244, 268, 184] | nodes=[9, 14, 5, 10, 6, 15, 7, 16]
2026-01-13 09:32:52,819 - /DATA/Aurindum/Swarming/Outputs/20260109_202226_ParticleTesting/P110_I20/run.log - INFO - n_caps=9 | minZ=0.041903 | models=[1012, 1012, 528, 607, 433, 244, 268, 184, 174] | nodes=[9, 14, 5, 10, 6, 15, 7, 16, 17]
2026-01-13 09:32:52,820 - /DATA/Aurindum/Swarming/Outputs/20260109_202226_ParticleTesting/P110_I20/run.log - INFO - Threshold reached at n_caps=9
2026-01-13 09:34:46,463 - /DATA/Aurindum/Swarming/Outputs/20260109_202226_ParticleTesting/P110_I30/run.log - INFO - n_caps=1 | minZ=0.087365 | models=[1014] | nodes=[9]
2026-01-13 09:36:38,255 - /DATA/Aurindum/Swarming/Outputs/20260109_202226_ParticleTesting/P110_I30/run.log - INFO - n_caps=2 | minZ=0.067716 | models=[1014, 898] | nodes=[9, 10]
2026-01-13 09:38:31,909 - /DATA/Aurindum/Swarming/Outputs/20260109_202226_ParticleTesting/P110_I30/run.log - INFO - n_caps=3 | minZ=0.058008 | models=[1014, 898, 367] | nodes=[9, 10, 6]
2026-01-13 09:40:25,620 - /DATA/Aurindum/Swarming/Outputs/20260109_202226_ParticleTesting/P110_I30/run.log - INFO - n_caps=4 | minZ=0.052177 | models=[1014, 898, 367, 434] | nodes=[9, 10, 6, 15]
2026-01-13 09:42:16,966 - /DATA/Aurindum/Swarming/Outputs/20260109_202226_ParticleTesting/P110_I30/run.log - INFO - n_caps=5 | minZ=0.047603 | models=[1014, 899, 366, 434, 367] | nodes=[9, 10, 5, 15, 16]
2026-01-13 09:44:13,513 - /DATA/Aurindum/Swarming/Outputs/20260109_202226_ParticleTesting/P110_I30/run.log - INFO - n_caps=6 | minZ=0.045141 | models=[1014, 898, 366, 434, 366, 364] | nodes=[9, 10, 5, 15, 16, 6]
2026-01-13 09:46:09,712 - /DATA/Aurindum/Swarming/Outputs/20260109_202226_ParticleTesting/P110_I30/run.log - INFO - n_caps=7 | minZ=0.043522 | models=[1014, 898, 366, 434, 366, 364, 225] | nodes=[9, 10, 5, 15, 16, 6, 7]
2026-01-13 09:48:05,380 - /DATA/Aurindum/Swarming/Outputs/20260109_202226_ParticleTesting/P110_I30/run.log - INFO - n_caps=8 | minZ=0.041637 | models=[1014, 898, 366, 433, 366, 364, 226, 434] | nodes=[9, 10, 5, 15, 16, 6, 7, 14]
2026-01-13 09:48:05,381 - /DATA/Aurindum/Swarming/Outputs/20260109_202226_ParticleTesting/P110_I30/run.log - INFO - Threshold reached at n_caps=8
2026-01-13 09:50:38,680 - /DATA/Aurindum/Swarming/Outputs/20260109_202226_ParticleTesting/P110_I40/run.log - INFO - n_caps=1 | minZ=0.087365 | models=[1014] | nodes=[9]
2026-01-13 09:53:12,368 - /DATA/Aurindum/Swarming/Outputs/20260109_202226_ParticleTesting/P110_I40/run.log - INFO - n_caps=2 | minZ=0.067520 | models=[1014, 1012] | nodes=[9, 15]
2026-01-13 09:55:32,369 - /DATA/Aurindum/Swarming/Outputs/20260109_202226_ParticleTesting/P110_I40/run.log - INFO - n_caps=3 | minZ=0.054332 | models=[1014, 1012, 528] | nodes=[9, 15, 10]
2026-01-13 09:57:51,636 - /DATA/Aurindum/Swarming/Outputs/20260109_202226_ParticleTesting/P110_I40/run.log - INFO - n_caps=4 | minZ=0.050408 | models=[1014, 1012, 528, 341] | nodes=[9, 14, 10, 6]
2026-01-13 10:00:25,785 - /DATA/Aurindum/Swarming/Outputs/20260109_202226_ParticleTesting/P110_I40/run.log - INFO - n_caps=5 | minZ=0.047336 | models=[1014, 1012, 528, 342, 171] | nodes=[9, 14, 10, 6, 15]
2026-01-13 10:02:54,125 - /DATA/Aurindum/Swarming/Outputs/20260109_202226_ParticleTesting/P110_I40/run.log - INFO - n_caps=6 | minZ=0.045482 | models=[1014, 1012, 528, 341, 171, 344] | nodes=[9, 14, 10, 6, 15, 5]
2026-01-13 10:05:28,758 - /DATA/Aurindum/Swarming/Outputs/20260109_202226_ParticleTesting/P110_I40/run.log - INFO - n_caps=7 | minZ=0.042478 | models=[1014, 1012, 527, 341, 171, 344, 262] | nodes=[9, 15, 10, 6, 16, 5, 7]
2026-01-13 10:07:56,869 - /DATA/Aurindum/Swarming/Outputs/20260109_202226_ParticleTesting/P110_I40/run.log - INFO - n_caps=8 | minZ=0.041100 | models=[1014, 1012, 527, 341, 171, 344, 262, 110] | nodes=[9, 14, 10, 6, 15, 5, 7, 16]
2026-01-13 10:07:56,869 - /DATA/Aurindum/Swarming/Outputs/20260109_202226_ParticleTesting/P110_I40/run.log - INFO - Threshold reached at n_caps=8
2026-01-13 10:11:06,375 - /DATA/Aurindum/Swarming/Outputs/20260109_202226_ParticleTesting/P110_I50/run.log - INFO - n_caps=1 | minZ=0.093198 | models=[1014] | nodes=[14]
2026-01-13 10:14:22,016 - /DATA/Aurindum/Swarming/Outputs/20260109_202226_ParticleTesting/P110_I50/run.log - INFO - n_caps=2 | minZ=0.069737 | models=[1014, 1012] | nodes=[14, 15]
2026-01-13 10:17:34,476 - /DATA/Aurindum/Swarming/Outputs/20260109_202226_ParticleTesting/P110_I50/run.log - INFO - n_caps=3 | minZ=0.055544 | models=[1014, 1012, 586] | nodes=[14, 15, 10]
2026-01-13 10:20:48,098 - /DATA/Aurindum/Swarming/Outputs/20260109_202226_ParticleTesting/P110_I50/run.log - INFO - n_caps=4 | minZ=0.051058 | models=[1014, 1012, 586, 893] | nodes=[14, 15, 9, 10]
2026-01-13 10:24:00,641 - /DATA/Aurindum/Swarming/Outputs/20260109_202226_ParticleTesting/P110_I50/run.log - INFO - n_caps=5 | minZ=0.047670 | models=[1014, 1012, 585, 893, 178] | nodes=[14, 15, 9, 10, 7]
2026-01-13 10:27:11,264 - /DATA/Aurindum/Swarming/Outputs/20260109_202226_ParticleTesting/P110_I50/run.log - INFO - n_caps=6 | minZ=0.045273 | models=[1014, 1012, 585, 893, 178, 448] | nodes=[14, 15, 9, 10, 6, 5]
2026-01-13 10:30:25,622 - /DATA/Aurindum/Swarming/Outputs/20260109_202226_ParticleTesting/P110_I50/run.log - INFO - n_caps=7 | minZ=0.042546 | models=[1014, 1012, 585, 893, 178, 448, 263] | nodes=[15, 14, 10, 9, 7, 5, 6]
2026-01-13 10:33:38,081 - /DATA/Aurindum/Swarming/Outputs/20260109_202226_ParticleTesting/P110_I50/run.log - INFO - n_caps=8 | minZ=0.041139 | models=[1014, 1012, 586, 893, 178, 448, 263, 109] | nodes=[15, 14, 10, 9, 7, 5, 6, 16]
2026-01-13 10:33:38,082 - /DATA/Aurindum/Swarming/Outputs/20260109_202226_ParticleTesting/P110_I50/run.log - INFO - Threshold reached at n_caps=8
2026-01-13 10:37:23,418 - /DATA/Aurindum/Swarming/Outputs/20260109_202226_ParticleTesting/P110_I60/run.log - INFO - n_caps=1 | minZ=0.087365 | models=[1014] | nodes=[9]
2026-01-13 10:41:08,371 - /DATA/Aurindum/Swarming/Outputs/20260109_202226_ParticleTesting/P110_I60/run.log - INFO - n_caps=2 | minZ=0.064766 | models=[1014, 1014] | nodes=[9, 10]
2026-01-13 10:44:56,581 - /DATA/Aurindum/Swarming/Outputs/20260109_202226_ParticleTesting/P110_I60/run.log - INFO - n_caps=3 | minZ=0.053863 | models=[1014, 1014, 527] | nodes=[9, 10, 14]
2026-01-13 10:48:46,410 - /DATA/Aurindum/Swarming/Outputs/20260109_202226_ParticleTesting/P110_I60/run.log - INFO - n_caps=4 | minZ=0.049874 | models=[1014, 1014, 527, 433] | nodes=[9, 10, 14, 15]
2026-01-13 10:52:38,918 - /DATA/Aurindum/Swarming/Outputs/20260109_202226_ParticleTesting/P110_I60/run.log - INFO - n_caps=5 | minZ=0.047855 | models=[1014, 1014, 527, 433, 109] | nodes=[9, 10, 14, 15, 6]
2026-01-13 10:56:28,020 - /DATA/Aurindum/Swarming/Outputs/20260109_202226_ParticleTesting/P110_I60/run.log - INFO - n_caps=6 | minZ=0.045574 | models=[1014, 1014, 527, 433, 109, 189] | nodes=[9, 10, 14, 15, 7, 5]
2026-01-13 11:00:20,446 - /DATA/Aurindum/Swarming/Outputs/20260109_202226_ParticleTesting/P110_I60/run.log - INFO - n_caps=7 | minZ=0.043895 | models=[1014, 1014, 527, 434, 109, 189, 275] | nodes=[9, 10, 14, 15, 7, 5, 6]
2026-01-13 11:04:10,887 - /DATA/Aurindum/Swarming/Outputs/20260109_202226_ParticleTesting/P110_I60/run.log - INFO - n_caps=8 | minZ=0.042835 | models=[1014, 1014, 527, 434, 110, 189, 275, 402] | nodes=[9, 10, 14, 15, 5, 6, 7, 16]
2026-01-13 11:08:00,040 - /DATA/Aurindum/Swarming/Outputs/20260109_202226_ParticleTesting/P110_I60/run.log - INFO - n_caps=9 | minZ=0.042304 | models=[1014, 1014, 527, 434, 110, 189, 275, 400, 178] | nodes=[9, 10, 14, 15, 5, 6, 7, 16, 8]
2026-01-13 11:11:57,378 - /DATA/Aurindum/Swarming/Outputs/20260109_202226_ParticleTesting/P110_I60/run.log - INFO - n_caps=10 | minZ=0.041997 | models=[1014, 1014, 527, 434, 110, 189, 275, 401, 178, 763] | nodes=[9, 10, 14, 15, 6, 7, 5, 16, 8, 2]
2026-01-13 11:11:57,379 - /DATA/Aurindum/Swarming/Outputs/20260109_202226_ParticleTesting/P110_I60/run.log - INFO - Threshold reached at n_caps=10
2026-01-13 11:16:32,053 - /DATA/Aurindum/Swarming/Outputs/20260109_202226_ParticleTesting/P110_I70/run.log - INFO - n_caps=1 | minZ=0.087365 | models=[1014] | nodes=[9]
2026-01-13 11:21:08,354 - /DATA/Aurindum/Swarming/Outputs/20260109_202226_ParticleTesting/P110_I70/run.log - INFO - n_caps=2 | minZ=0.064766 | models=[1014, 1012] | nodes=[9, 10]
2026-01-13 11:25:45,061 - /DATA/Aurindum/Swarming/Outputs/20260109_202226_ParticleTesting/P110_I70/run.log - INFO - n_caps=3 | minZ=0.053863 | models=[1014, 1012, 527] | nodes=[9, 10, 14]
2026-01-13 11:30:15,553 - /DATA/Aurindum/Swarming/Outputs/20260109_202226_ParticleTesting/P110_I70/run.log - INFO - n_caps=4 | minZ=0.050907 | models=[1014, 1012, 528, 434] | nodes=[9, 10, 14, 7]
2026-01-13 11:34:41,334 - /DATA/Aurindum/Swarming/Outputs/20260109_202226_ParticleTesting/P110_I70/run.log - INFO - n_caps=5 | minZ=0.048220 | models=[1014, 1012, 528, 434, 222] | nodes=[9, 10, 14, 7, 6]
2026-01-13 11:39:05,866 - /DATA/Aurindum/Swarming/Outputs/20260109_202226_ParticleTesting/P110_I70/run.log - INFO - n_caps=6 | minZ=0.045722 | models=[1014, 1012, 528, 434, 222, 109] | nodes=[9, 10, 14, 5, 6, 7]
2026-01-13 11:43:33,062 - /DATA/Aurindum/Swarming/Outputs/20260109_202226_ParticleTesting/P110_I70/run.log - INFO - n_caps=7 | minZ=0.044107 | models=[1014, 1012, 528, 434, 222, 109, 189] | nodes=[9, 10, 14, 5, 6, 7, 15]
2026-01-13 11:48:01,716 - /DATA/Aurindum/Swarming/Outputs/20260109_202226_ParticleTesting/P110_I70/run.log - INFO - n_caps=8 | minZ=0.042242 | models=[1014, 1012, 528, 434, 222, 109, 189, 91] | nodes=[9, 10, 14, 5, 6, 7, 15, 16]
2026-01-13 11:52:30,310 - /DATA/Aurindum/Swarming/Outputs/20260109_202226_ParticleTesting/P110_I70/run.log - INFO - n_caps=9 | minZ=0.041143 | models=[1014, 1012, 528, 434, 222, 109, 189, 91, 892] | nodes=[8, 10, 14, 5, 6, 7, 15, 16, 9]
2026-01-13 11:52:30,311 - /DATA/Aurindum/Swarming/Outputs/20260109_202226_ParticleTesting/P110_I70/run.log - INFO - Threshold reached at n_caps=9
2026-01-13 11:57:45,415 - /DATA/Aurindum/Swarming/Outputs/20260109_202226_ParticleTesting/P110_I80/run.log - INFO - n_caps=1 | minZ=0.087365 | models=[1012] | nodes=[9]
2026-01-13 12:02:44,332 - /DATA/Aurindum/Swarming/Outputs/20260109_202226_ParticleTesting/P110_I80/run.log - INFO - n_caps=2 | minZ=0.064766 | models=[1012, 1012] | nodes=[9, 10]
2026-01-13 12:07:59,206 - /DATA/Aurindum/Swarming/Outputs/20260109_202226_ParticleTesting/P110_I80/run.log - INFO - n_caps=3 | minZ=0.054024 | models=[1012, 1012, 499] | nodes=[9, 10, 15]
2026-01-13 12:12:59,267 - /DATA/Aurindum/Swarming/Outputs/20260109_202226_ParticleTesting/P110_I80/run.log - INFO - n_caps=4 | minZ=0.049495 | models=[1012, 1012, 455, 433] | nodes=[9, 10, 15, 5]
2026-01-13 12:17:59,094 - /DATA/Aurindum/Swarming/Outputs/20260109_202226_ParticleTesting/P110_I80/run.log - INFO - n_caps=5 | minZ=0.046556 | models=[1012, 1012, 455, 433, 433] | nodes=[9, 10, 15, 5, 6]
2026-01-13 12:23:10,204 - /DATA/Aurindum/Swarming/Outputs/20260109_202226_ParticleTesting/P110_I80/run.log - INFO - n_caps=6 | minZ=0.044440 | models=[1012, 1012, 455, 433, 433, 433] | nodes=[9, 10, 15, 5, 6, 14]
2026-01-13 12:28:17,772 - /DATA/Aurindum/Swarming/Outputs/20260109_202226_ParticleTesting/P110_I80/run.log - INFO - n_caps=7 | minZ=0.042225 | models=[1012, 1012, 455, 433, 433, 433, 171] | nodes=[9, 10, 15, 5, 6, 14, 7]
2026-01-13 12:33:22,745 - /DATA/Aurindum/Swarming/Outputs/20260109_202226_ParticleTesting/P110_I80/run.log - INFO - n_caps=8 | minZ=0.040986 | models=[1012, 1012, 455, 433, 433, 433, 171, 226] | nodes=[9, 10, 15, 5, 6, 14, 7, 16]
2026-01-13 12:33:22,746 - /DATA/Aurindum/Swarming/Outputs/20260109_202226_ParticleTesting/P110_I80/run.log - INFO - Threshold reached at n_caps=8
2026-01-13 12:39:07,890 - /DATA/Aurindum/Swarming/Outputs/20260109_202226_ParticleTesting/P110_I90/run.log - INFO - n_caps=1 | minZ=0.087365 | models=[1012] | nodes=[9]
2026-01-13 12:45:01,379 - /DATA/Aurindum/Swarming/Outputs/20260109_202226_ParticleTesting/P110_I90/run.log - INFO - n_caps=2 | minZ=0.064766 | models=[1012, 1014] | nodes=[9, 10]
2026-01-13 12:50:47,939 - /DATA/Aurindum/Swarming/Outputs/20260109_202226_ParticleTesting/P110_I90/run.log - INFO - n_caps=3 | minZ=0.053976 | models=[1012, 1014, 510] | nodes=[9, 10, 14]
2026-01-13 12:56:33,732 - /DATA/Aurindum/Swarming/Outputs/20260109_202226_ParticleTesting/P110_I90/run.log - INFO - n_caps=4 | minZ=0.050325 | models=[1012, 1014, 511, 893] | nodes=[9, 10, 14, 5]
2026-01-13 13:02:16,042 - /DATA/Aurindum/Swarming/Outputs/20260109_202226_ParticleTesting/P110_I90/run.log - INFO - n_caps=5 | minZ=0.046513 | models=[1012, 1014, 510, 893, 262] | nodes=[9, 10, 14, 6, 7]
2026-01-13 13:08:00,434 - /DATA/Aurindum/Swarming/Outputs/20260109_202226_ParticleTesting/P110_I90/run.log - INFO - n_caps=6 | minZ=0.043825 | models=[1012, 1014, 510, 893, 262, 268] | nodes=[9, 10, 14, 5, 6, 15]
2026-01-13 13:13:42,106 - /DATA/Aurindum/Swarming/Outputs/20260109_202226_ParticleTesting/P110_I90/run.log - INFO - n_caps=7 | minZ=0.042211 | models=[1012, 1014, 510, 893, 262, 269, 171] | nodes=[9, 10, 14, 5, 7, 15, 6]
2026-01-13 13:19:20,553 - /DATA/Aurindum/Swarming/Outputs/20260109_202226_ParticleTesting/P110_I90/run.log - INFO - n_caps=8 | minZ=0.040849 | models=[1012, 1014, 510, 893, 263, 269, 171, 171] | nodes=[9, 10, 16, 5, 7, 14, 6, 15]
2026-01-13 13:19:20,554 - /DATA/Aurindum/Swarming/Outputs/20260109_202226_ParticleTesting/P110_I90/run.log - INFO - Threshold reached at n_caps=8
2026-01-13 13:25:50,752 - /DATA/Aurindum/Swarming/Outputs/20260109_202226_ParticleTesting/P110_I100/run.log - INFO - n_caps=1 | minZ=0.087365 | models=[1014] | nodes=[9]
2026-01-13 13:32:19,095 - /DATA/Aurindum/Swarming/Outputs/20260109_202226_ParticleTesting/P110_I100/run.log - INFO - n_caps=2 | minZ=0.064766 | models=[1014, 1014] | nodes=[10, 9]
2026-01-13 13:38:50,393 - /DATA/Aurindum/Swarming/Outputs/20260109_202226_ParticleTesting/P110_I100/run.log - INFO - n_caps=3 | minZ=0.053863 | models=[1014, 1014, 528] | nodes=[10, 9, 14]
2026-01-13 13:45:00,770 - /DATA/Aurindum/Swarming/Outputs/20260109_202226_ParticleTesting/P110_I100/run.log - INFO - n_caps=4 | minZ=0.049874 | models=[1014, 1014, 528, 434] | nodes=[10, 9, 14, 15]
2026-01-13 13:51:23,558 - /DATA/Aurindum/Swarming/Outputs/20260109_202226_ParticleTesting/P110_I100/run.log - INFO - n_caps=5 | minZ=0.047257 | models=[1014, 1014, 524, 434, 434] | nodes=[9, 10, 14, 15, 5]
2026-01-13 13:57:39,335 - /DATA/Aurindum/Swarming/Outputs/20260109_202226_ParticleTesting/P110_I100/run.log - INFO - n_caps=6 | minZ=0.044802 | models=[1014, 1014, 524, 434, 434, 334] | nodes=[9, 10, 14, 15, 5, 6]
2026-01-13 14:04:07,785 - /DATA/Aurindum/Swarming/Outputs/20260109_202226_ParticleTesting/P110_I100/run.log - INFO - n_caps=7 | minZ=0.043096 | models=[1014, 1014, 524, 434, 434, 334, 226] | nodes=[9, 10, 14, 15, 5, 6, 7]
2026-01-13 14:10:30,364 - /DATA/Aurindum/Swarming/Outputs/20260109_202226_ParticleTesting/P110_I100/run.log - INFO - n_caps=8 | minZ=0.041916 | models=[1014, 1014, 524, 434, 434, 334, 226, 226] | nodes=[9, 10, 14, 15, 5, 6, 7, 16]
2026-01-13 14:10:30,364 - /DATA/Aurindum/Swarming/Outputs/20260109_202226_ParticleTesting/P110_I100/run.log - INFO - Threshold reached at n_caps=8
2026-01-13 14:17:22,255 - /DATA/Aurindum/Swarming/Outputs/20260109_202226_ParticleTesting/P110_I110/run.log - INFO - n_caps=1 | minZ=0.087365 | models=[1012] | nodes=[9]
2026-01-13 14:24:16,446 - /DATA/Aurindum/Swarming/Outputs/20260109_202226_ParticleTesting/P110_I110/run.log - INFO - n_caps=2 | minZ=0.064766 | models=[1012, 1012] | nodes=[9, 10]
2026-01-13 14:31:13,717 - /DATA/Aurindum/Swarming/Outputs/20260109_202226_ParticleTesting/P110_I110/run.log - INFO - n_caps=3 | minZ=0.053863 | models=[1012, 1012, 527] | nodes=[10, 9, 14]
2026-01-13 14:38:08,831 - /DATA/Aurindum/Swarming/Outputs/20260109_202226_ParticleTesting/P110_I110/run.log - INFO - n_caps=4 | minZ=0.049874 | models=[1012, 1012, 527, 433] | nodes=[9, 10, 14, 15]
2026-01-13 14:45:11,342 - /DATA/Aurindum/Swarming/Outputs/20260109_202226_ParticleTesting/P110_I110/run.log - INFO - n_caps=5 | minZ=0.047795 | models=[1012, 1012, 527, 433, 893] | nodes=[9, 10, 14, 15, 5]
2026-01-13 14:52:15,531 - /DATA/Aurindum/Swarming/Outputs/20260109_202226_ParticleTesting/P110_I110/run.log - INFO - n_caps=6 | minZ=0.044006 | models=[1012, 1012, 528, 433, 893, 263] | nodes=[9, 10, 14, 15, 5, 6]
2026-01-13 14:59:18,698 - /DATA/Aurindum/Swarming/Outputs/20260109_202226_ParticleTesting/P110_I110/run.log - INFO - n_caps=7 | minZ=0.041583 | models=[1012, 1012, 528, 433, 893, 263, 178] | nodes=[10, 9, 14, 15, 5, 6, 7]
2026-01-13 14:59:18,699 - /DATA/Aurindum/Swarming/Outputs/20260109_202226_ParticleTesting/P110_I110/run.log - INFO - Threshold reached at n_caps=7
2026-01-13 15:06:55,443 - /DATA/Aurindum/Swarming/Outputs/20260109_202226_ParticleTesting/P110_I120/run.log - INFO - n_caps=1 | minZ=0.087365 | models=[1014] | nodes=[9]
2026-01-13 15:14:25,691 - /DATA/Aurindum/Swarming/Outputs/20260109_202226_ParticleTesting/P110_I120/run.log - INFO - n_caps=2 | minZ=0.064766 | models=[1014, 1012] | nodes=[9, 10]
2026-01-13 15:21:52,371 - /DATA/Aurindum/Swarming/Outputs/20260109_202226_ParticleTesting/P110_I120/run.log - INFO - n_caps=3 | minZ=0.053863 | models=[1014, 1012, 528] | nodes=[9, 10, 14]
2026-01-13 15:29:25,228 - /DATA/Aurindum/Swarming/Outputs/20260109_202226_ParticleTesting/P110_I120/run.log - INFO - n_caps=4 | minZ=0.050135 | models=[1014, 1012, 511, 344] | nodes=[9, 10, 14, 15]
2026-01-13 15:37:05,689 - /DATA/Aurindum/Swarming/Outputs/20260109_202226_ParticleTesting/P110_I120/run.log - INFO - n_caps=5 | minZ=0.046666 | models=[1014, 1012, 511, 344, 189] | nodes=[9, 10, 14, 15, 7]
2026-01-13 15:44:47,677 - /DATA/Aurindum/Swarming/Outputs/20260109_202226_ParticleTesting/P110_I120/run.log - INFO - n_caps=6 | minZ=0.044681 | models=[1014, 1012, 512, 344, 189, 434] | nodes=[9, 10, 14, 15, 7, 5]
2026-01-13 15:52:33,418 - /DATA/Aurindum/Swarming/Outputs/20260109_202226_ParticleTesting/P110_I120/run.log - INFO - n_caps=7 | minZ=0.042661 | models=[1014, 1012, 512, 344, 189, 434, 189] | nodes=[9, 10, 14, 15, 7, 5, 6]
2026-01-13 16:00:19,902 - /DATA/Aurindum/Swarming/Outputs/20260109_202226_ParticleTesting/P110_I120/run.log - INFO - n_caps=8 | minZ=0.041302 | models=[1014, 1012, 512, 344, 189, 434, 189, 92] | nodes=[9, 10, 14, 15, 7, 5, 6, 16]
2026-01-13 16:00:19,903 - /DATA/Aurindum/Swarming/Outputs/20260109_202226_ParticleTesting/P110_I120/run.log - INFO - Threshold reached at n_caps=8
2026-01-13 16:08:27,951 - /DATA/Aurindum/Swarming/Outputs/20260109_202226_ParticleTesting/P110_I130/run.log - INFO - n_caps=1 | minZ=0.087365 | models=[1014] | nodes=[9]
2026-01-13 16:16:38,191 - /DATA/Aurindum/Swarming/Outputs/20260109_202226_ParticleTesting/P110_I130/run.log - INFO - n_caps=2 | minZ=0.064766 | models=[1014, 1014] | nodes=[9, 10]
2026-01-13 16:24:38,258 - /DATA/Aurindum/Swarming/Outputs/20260109_202226_ParticleTesting/P110_I130/run.log - INFO - n_caps=3 | minZ=0.053863 | models=[1014, 1014, 528] | nodes=[9, 10, 14]
2026-01-13 16:32:19,348 - /DATA/Aurindum/Swarming/Outputs/20260109_202226_ParticleTesting/P110_I130/run.log - INFO - n_caps=4 | minZ=0.049874 | models=[1014, 1014, 528, 433] | nodes=[9, 10, 14, 15]
2026-01-13 16:39:50,709 - /DATA/Aurindum/Swarming/Outputs/20260109_202226_ParticleTesting/P110_I130/run.log - INFO - n_caps=5 | minZ=0.046081 | models=[1014, 1014, 455, 434, 433] | nodes=[9, 10, 14, 15, 5]
2026-01-13 16:47:12,392 - /DATA/Aurindum/Swarming/Outputs/20260109_202226_ParticleTesting/P110_I130/run.log - INFO - n_caps=6 | minZ=0.044101 | models=[1014, 1014, 455, 434, 433, 110] | nodes=[9, 10, 14, 15, 5, 6]
2026-01-13 16:54:43,997 - /DATA/Aurindum/Swarming/Outputs/20260109_202226_ParticleTesting/P110_I130/run.log - INFO - n_caps=7 | minZ=0.042557 | models=[1014, 1014, 455, 434, 433, 110, 225] | nodes=[10, 9, 14, 15, 5, 7, 6]
2026-01-13 17:02:26,770 - /DATA/Aurindum/Swarming/Outputs/20260109_202226_ParticleTesting/P110_I130/run.log - INFO - n_caps=8 | minZ=0.041346 | models=[1014, 1014, 455, 434, 433, 110, 225, 189] | nodes=[10, 9, 14, 15, 5, 6, 7, 16]
2026-01-13 17:02:26,771 - /DATA/Aurindum/Swarming/Outputs/20260109_202226_ParticleTesting/P110_I130/run.log - INFO - Threshold reached at n_caps=8
2026-01-13 17:10:11,205 - /DATA/Aurindum/Swarming/Outputs/20260109_202226_ParticleTesting/P110_I140/run.log - INFO - n_caps=1 | minZ=0.087365 | models=[1014] | nodes=[9]
2026-01-13 17:18:28,765 - /DATA/Aurindum/Swarming/Outputs/20260109_202226_ParticleTesting/P110_I140/run.log - INFO - n_caps=2 | minZ=0.064766 | models=[1014, 1012] | nodes=[9, 10]
2026-01-13 17:26:24,927 - /DATA/Aurindum/Swarming/Outputs/20260109_202226_ParticleTesting/P110_I140/run.log - INFO - n_caps=3 | minZ=0.053863 | models=[1014, 1012, 528] | nodes=[10, 9, 14]
2026-01-13 17:34:42,226 - /DATA/Aurindum/Swarming/Outputs/20260109_202226_ParticleTesting/P110_I140/run.log - INFO - n_caps=4 | minZ=0.049874 | models=[1014, 1012, 528, 433] | nodes=[10, 9, 14, 15]
2026-01-13 17:42:57,045 - /DATA/Aurindum/Swarming/Outputs/20260109_202226_ParticleTesting/P110_I140/run.log - INFO - n_caps=5 | minZ=0.047841 | models=[1014, 1012, 528, 433, 225] | nodes=[10, 9, 14, 15, 7]
2026-01-13 17:51:15,394 - /DATA/Aurindum/Swarming/Outputs/20260109_202226_ParticleTesting/P110_I140/run.log - INFO - n_caps=6 | minZ=0.044609 | models=[1012, 1012, 528, 433, 232, 1169] | nodes=[9, 10, 14, 15, 6, 5]
2026-01-13 17:59:09,487 - /DATA/Aurindum/Swarming/Outputs/20260109_202226_ParticleTesting/P110_I140/run.log - INFO - n_caps=7 | minZ=0.042023 | models=[1012, 1012, 527, 434, 232, 1169, 178] | nodes=[9, 10, 14, 15, 6, 5, 7]
2026-01-13 18:07:32,547 - /DATA/Aurindum/Swarming/Outputs/20260109_202226_ParticleTesting/P110_I140/run.log - INFO - n_caps=8 | minZ=0.040954 | models=[1012, 1012, 527, 434, 232, 1169, 178, 171] | nodes=[9, 10, 14, 15, 5, 6, 7, 16]
2026-01-13 18:07:32,547 - /DATA/Aurindum/Swarming/Outputs/20260109_202226_ParticleTesting/P110_I140/run.log - INFO - Threshold reached at n_caps=8
2026-01-13 18:16:07,357 - /DATA/Aurindum/Swarming/Outputs/20260109_202226_ParticleTesting/P110_I150/run.log - INFO - n_caps=1 | minZ=0.087365 | models=[1012] | nodes=[9]
2026-01-13 18:24:53,466 - /DATA/Aurindum/Swarming/Outputs/20260109_202226_ParticleTesting/P110_I150/run.log - INFO - n_caps=2 | minZ=0.064766 | models=[1012, 1014] | nodes=[9, 10]
2026-01-13 18:33:35,610 - /DATA/Aurindum/Swarming/Outputs/20260109_202226_ParticleTesting/P110_I150/run.log - INFO - n_caps=3 | minZ=0.053863 | models=[1012, 1014, 528] | nodes=[9, 10, 14]
2026-01-13 18:41:42,452 - /DATA/Aurindum/Swarming/Outputs/20260109_202226_ParticleTesting/P110_I150/run.log - INFO - n_caps=4 | minZ=0.049979 | models=[1012, 1014, 499, 434] | nodes=[9, 10, 14, 5]
2026-01-13 18:50:07,970 - /DATA/Aurindum/Swarming/Outputs/20260109_202226_ParticleTesting/P110_I150/run.log - INFO - n_caps=5 | minZ=0.047776 | models=[1012, 1014, 499, 434, 109] | nodes=[9, 10, 14, 5, 6]
2026-01-13 18:58:43,733 - /DATA/Aurindum/Swarming/Outputs/20260109_202226_ParticleTesting/P110_I150/run.log - INFO - n_caps=6 | minZ=0.044767 | models=[1012, 1014, 499, 434, 263, 1418] | nodes=[9, 10, 14, 5, 6, 15]
2026-01-13 19:07:44,546 - /DATA/Aurindum/Swarming/Outputs/20260109_202226_ParticleTesting/P110_I150/run.log - INFO - n_caps=7 | minZ=0.042268 | models=[1012, 1014, 500, 434, 263, 1418, 184] | nodes=[9, 10, 14, 5, 6, 15, 7]
2026-01-13 19:16:13,750 - /DATA/Aurindum/Swarming/Outputs/20260109_202226_ParticleTesting/P110_I150/run.log - INFO - n_caps=8 | minZ=0.041449 | models=[1012, 1014, 499, 434, 263, 1418, 184, 171] | nodes=[9, 10, 14, 5, 6, 15, 7, 16]
2026-01-13 19:16:13,750 - /DATA/Aurindum/Swarming/Outputs/20260109_202226_ParticleTesting/P110_I150/run.log - INFO - Threshold reached at n_caps=8
2026-01-13 19:25:02,507 - /DATA/Aurindum/Swarming/Outputs/20260109_202226_ParticleTesting/P110_I160/run.log - INFO - n_caps=1 | minZ=0.087365 | models=[1014] | nodes=[9]
2026-01-13 19:34:14,132 - /DATA/Aurindum/Swarming/Outputs/20260109_202226_ParticleTesting/P110_I160/run.log - INFO - n_caps=2 | minZ=0.064766 | models=[1014, 1014] | nodes=[9, 10]
2026-01-13 19:43:15,403 - /DATA/Aurindum/Swarming/Outputs/20260109_202226_ParticleTesting/P110_I160/run.log - INFO - n_caps=3 | minZ=0.053863 | models=[1014, 1014, 528] | nodes=[9, 10, 14]
2026-01-13 19:52:31,716 - /DATA/Aurindum/Swarming/Outputs/20260109_202226_ParticleTesting/P110_I160/run.log - INFO - n_caps=4 | minZ=0.049874 | models=[1014, 1014, 527, 434] | nodes=[9, 10, 14, 15]
2026-01-13 20:01:10,377 - /DATA/Aurindum/Swarming/Outputs/20260109_202226_ParticleTesting/P110_I160/run.log - INFO - n_caps=5 | minZ=0.047841 | models=[1014, 1014, 527, 434, 222] | nodes=[9, 10, 14, 15, 7]
2026-01-13 20:10:08,107 - /DATA/Aurindum/Swarming/Outputs/20260109_202226_ParticleTesting/P110_I160/run.log - INFO - n_caps=6 | minZ=0.044695 | models=[1014, 1014, 527, 434, 183, 344] | nodes=[9, 10, 14, 15, 7, 5]
2026-01-13 20:18:50,148 - /DATA/Aurindum/Swarming/Outputs/20260109_202226_ParticleTesting/P110_I160/run.log - INFO - n_caps=7 | minZ=0.042570 | models=[1014, 1014, 527, 434, 183, 344, 189] | nodes=[9, 10, 14, 15, 7, 5, 6]
2026-01-13 20:27:40,765 - /DATA/Aurindum/Swarming/Outputs/20260109_202226_ParticleTesting/P110_I160/run.log - INFO - n_caps=8 | minZ=0.041297 | models=[1014, 1014, 527, 434, 183, 344, 189, 222] | nodes=[9, 10, 14, 15, 7, 5, 6, 16]
2026-01-13 20:27:40,766 - /DATA/Aurindum/Swarming/Outputs/20260109_202226_ParticleTesting/P110_I160/run.log - INFO - Threshold reached at n_caps=8
2026-01-13 20:37:36,984 - /DATA/Aurindum/Swarming/Outputs/20260109_202226_ParticleTesting/P110_I170/run.log - INFO - n_caps=1 | minZ=0.087365 | models=[1014] | nodes=[9]
2026-01-13 20:47:39,576 - /DATA/Aurindum/Swarming/Outputs/20260109_202226_ParticleTesting/P110_I170/run.log - INFO - n_caps=2 | minZ=0.064766 | models=[1014, 1012] | nodes=[9, 10]
2026-01-13 20:57:55,194 - /DATA/Aurindum/Swarming/Outputs/20260109_202226_ParticleTesting/P110_I170/run.log - INFO - n_caps=3 | minZ=0.053976 | models=[1014, 1012, 510] | nodes=[9, 10, 14]
2026-01-13 21:07:30,797 - /DATA/Aurindum/Swarming/Outputs/20260109_202226_ParticleTesting/P110_I170/run.log - INFO - n_caps=4 | minZ=0.050135 | models=[1014, 1012, 511, 344] | nodes=[9, 10, 14, 15]
2026-01-13 21:17:11,303 - /DATA/Aurindum/Swarming/Outputs/20260109_202226_ParticleTesting/P110_I170/run.log - INFO - n_caps=5 | minZ=0.046632 | models=[1014, 1012, 509, 344, 171] | nodes=[9, 10, 14, 15, 7]
2026-01-13 21:26:49,539 - /DATA/Aurindum/Swarming/Outputs/20260109_202226_ParticleTesting/P110_I170/run.log - INFO - n_caps=6 | minZ=0.044688 | models=[1014, 1012, 510, 344, 171, 433] | nodes=[9, 10, 14, 15, 7, 5]
2026-01-13 21:36:28,995 - /DATA/Aurindum/Swarming/Outputs/20260109_202226_ParticleTesting/P110_I170/run.log - INFO - n_caps=7 | minZ=0.042577 | models=[1014, 1012, 510, 344, 171, 433, 189] | nodes=[9, 10, 14, 15, 7, 5, 6]
2026-01-13 21:45:47,606 - /DATA/Aurindum/Swarming/Outputs/20260109_202226_ParticleTesting/P110_I170/run.log - INFO - n_caps=8 | minZ=0.041289 | models=[1014, 1012, 510, 344, 171, 433, 189, 110] | nodes=[9, 10, 14, 15, 7, 5, 6, 16]
2026-01-13 21:45:47,607 - /DATA/Aurindum/Swarming/Outputs/20260109_202226_ParticleTesting/P110_I170/run.log - INFO - Threshold reached at n_caps=8
2026-01-13 21:55:44,219 - /DATA/Aurindum/Swarming/Outputs/20260109_202226_ParticleTesting/P110_I180/run.log - INFO - n_caps=1 | minZ=0.087365 | models=[1012] | nodes=[9]
2026-01-13 22:06:15,460 - /DATA/Aurindum/Swarming/Outputs/20260109_202226_ParticleTesting/P110_I180/run.log - INFO - n_caps=2 | minZ=0.064766 | models=[1012, 1014] | nodes=[9, 10]
2026-01-13 22:16:37,763 - /DATA/Aurindum/Swarming/Outputs/20260109_202226_ParticleTesting/P110_I180/run.log - INFO - n_caps=3 | minZ=0.053863 | models=[1012, 1014, 527] | nodes=[9, 10, 14]
2026-01-13 22:27:07,192 - /DATA/Aurindum/Swarming/Outputs/20260109_202226_ParticleTesting/P110_I180/run.log - INFO - n_caps=4 | minZ=0.049874 | models=[1012, 1014, 527, 434] | nodes=[9, 10, 14, 15]
2026-01-13 22:37:16,189 - /DATA/Aurindum/Swarming/Outputs/20260109_202226_ParticleTesting/P110_I180/run.log - INFO - n_caps=5 | minZ=0.046776 | models=[1012, 1014, 523, 455, 433] | nodes=[9, 10, 14, 15, 5]
2026-01-13 22:47:56,814 - /DATA/Aurindum/Swarming/Outputs/20260109_202226_ParticleTesting/P110_I180/run.log - INFO - n_caps=6 | minZ=0.045044 | models=[1012, 1014, 523, 455, 433, 110] | nodes=[9, 10, 14, 15, 5, 6]
2026-01-13 22:58:21,446 - /DATA/Aurindum/Swarming/Outputs/20260109_202226_ParticleTesting/P110_I180/run.log - INFO - n_caps=7 | minZ=0.042398 | models=[1012, 1014, 523, 455, 433, 341, 189] | nodes=[9, 10, 15, 14, 5, 6, 7]
2026-01-13 23:08:41,150 - /DATA/Aurindum/Swarming/Outputs/20260109_202226_ParticleTesting/P110_I180/run.log - INFO - n_caps=8 | minZ=0.041223 | models=[1012, 1014, 523, 455, 433, 341, 189, 225] | nodes=[9, 10, 15, 14, 5, 6, 7, 16]
2026-01-13 23:08:41,151 - /DATA/Aurindum/Swarming/Outputs/20260109_202226_ParticleTesting/P110_I180/run.log - INFO - Threshold reached at n_caps=8
2026-01-13 23:19:07,838 - /DATA/Aurindum/Swarming/Outputs/20260109_202226_ParticleTesting/P110_I190/run.log - INFO - n_caps=1 | minZ=0.087365 | models=[1014] | nodes=[9]
2026-01-13 23:29:55,226 - /DATA/Aurindum/Swarming/Outputs/20260109_202226_ParticleTesting/P110_I190/run.log - INFO - n_caps=2 | minZ=0.064766 | models=[1014, 1012] | nodes=[9, 10]
2026-01-13 23:40:21,291 - /DATA/Aurindum/Swarming/Outputs/20260109_202226_ParticleTesting/P110_I190/run.log - INFO - n_caps=3 | minZ=0.053863 | models=[1014, 1012, 527] | nodes=[9, 10, 14]
2026-01-13 23:50:50,529 - /DATA/Aurindum/Swarming/Outputs/20260109_202226_ParticleTesting/P110_I190/run.log - INFO - n_caps=4 | minZ=0.050166 | models=[1014, 1012, 527, 344] | nodes=[9, 10, 14, 15]
2026-01-14 00:01:43,420 - /DATA/Aurindum/Swarming/Outputs/20260109_202226_ParticleTesting/P110_I190/run.log - INFO - n_caps=5 | minZ=0.046663 | models=[1014, 1012, 527, 344, 171] | nodes=[9, 10, 14, 15, 7]
2026-01-14 00:12:39,213 - /DATA/Aurindum/Swarming/Outputs/20260109_202226_ParticleTesting/P110_I190/run.log - INFO - n_caps=6 | minZ=0.044681 | models=[1014, 1012, 527, 344, 171, 434] | nodes=[10, 9, 14, 15, 6, 5]
2026-01-14 00:23:13,443 - /DATA/Aurindum/Swarming/Outputs/20260109_202226_ParticleTesting/P110_I190/run.log - INFO - n_caps=7 | minZ=0.042511 | models=[1014, 1012, 527, 344, 171, 434, 171] | nodes=[10, 9, 14, 15, 6, 5, 7]
2026-01-14 00:34:08,486 - /DATA/Aurindum/Swarming/Outputs/20260109_202226_ParticleTesting/P110_I190/run.log - INFO - n_caps=8 | minZ=0.041244 | models=[1014, 1012, 527, 344, 171, 434, 171, 221] | nodes=[10, 9, 14, 15, 6, 5, 7, 16]
2026-01-14 00:34:08,487 - /DATA/Aurindum/Swarming/Outputs/20260109_202226_ParticleTesting/P110_I190/run.log - INFO - Threshold reached at n_caps=8
2026-01-14 00:46:01,144 - /DATA/Aurindum/Swarming/Outputs/20260109_202226_ParticleTesting/P110_I200/run.log - INFO - n_caps=1 | minZ=0.087365 | models=[1014] | nodes=[9]
2026-01-14 00:57:40,775 - /DATA/Aurindum/Swarming/Outputs/20260109_202226_ParticleTesting/P110_I200/run.log - INFO - n_caps=2 | minZ=0.064766 | models=[1014, 1014] | nodes=[9, 10]
2026-01-14 01:08:49,164 - /DATA/Aurindum/Swarming/Outputs/20260109_202226_ParticleTesting/P110_I200/run.log - INFO - n_caps=3 | minZ=0.053863 | models=[1014, 1014, 527] | nodes=[9, 10, 14]
2026-01-14 01:20:12,743 - /DATA/Aurindum/Swarming/Outputs/20260109_202226_ParticleTesting/P110_I200/run.log - INFO - n_caps=4 | minZ=0.049666 | models=[1014, 1014, 455, 434] | nodes=[9, 10, 14, 15]
2026-01-14 01:31:10,856 - /DATA/Aurindum/Swarming/Outputs/20260109_202226_ParticleTesting/P110_I200/run.log - INFO - n_caps=5 | minZ=0.046051 | models=[1014, 1014, 455, 447, 892] | nodes=[9, 10, 14, 15, 5]
2026-01-14 01:42:25,263 - /DATA/Aurindum/Swarming/Outputs/20260109_202226_ParticleTesting/P110_I200/run.log - INFO - n_caps=6 | minZ=0.044092 | models=[1014, 1014, 455, 448, 892, 171] | nodes=[9, 10, 14, 15, 5, 6]
2026-01-14 01:54:09,177 - /DATA/Aurindum/Swarming/Outputs/20260109_202226_ParticleTesting/P110_I200/run.log - INFO - n_caps=7 | minZ=0.041908 | models=[1014, 1014, 455, 448, 893, 171, 365] | nodes=[9, 10, 14, 15, 5, 6, 7]
2026-01-14 01:54:09,177 - /DATA/Aurindum/Swarming/Outputs/20260109_202226_ParticleTesting/P110_I200/run.log - INFO - Threshold reached at n_caps=7
2026-01-14 01:54:44,125 - /DATA/Aurindum/Swarming/Outputs/20260109_202226_ParticleTesting/P120_I10/run.log - INFO - n_caps=1 | minZ=0.087365 | models=[1014] | nodes=[9]
2026-01-14 01:55:20,164 - /DATA/Aurindum/Swarming/Outputs/20260109_202226_ParticleTesting/P120_I10/run.log - INFO - n_caps=2 | minZ=0.067602 | models=[1014, 899] | nodes=[9, 15]
2026-01-14 01:55:55,842 - /DATA/Aurindum/Swarming/Outputs/20260109_202226_ParticleTesting/P120_I10/run.log - INFO - n_caps=3 | minZ=0.058238 | models=[1014, 899, 367] | nodes=[9, 15, 10]
2026-01-14 01:56:29,789 - /DATA/Aurindum/Swarming/Outputs/20260109_202226_ParticleTesting/P120_I10/run.log - INFO - n_caps=4 | minZ=0.052897 | models=[1014, 899, 367, 765] | nodes=[9, 14, 10, 5]
2026-01-14 01:57:03,894 - /DATA/Aurindum/Swarming/Outputs/20260109_202226_ParticleTesting/P120_I10/run.log - INFO - n_caps=5 | minZ=0.049539 | models=[1014, 899, 367, 765, 511] | nodes=[9, 14, 10, 5, 15]
2026-01-14 01:57:38,519 - /DATA/Aurindum/Swarming/Outputs/20260109_202226_ParticleTesting/P120_I10/run.log - INFO - n_caps=6 | minZ=0.047582 | models=[1014, 899, 367, 765, 511, 893] | nodes=[10, 14, 9, 5, 15, 7]
2026-01-14 01:58:13,307 - /DATA/Aurindum/Swarming/Outputs/20260109_202226_ParticleTesting/P120_I10/run.log - INFO - n_caps=7 | minZ=0.045998 | models=[1014, 899, 367, 765, 512, 893, 362] | nodes=[10, 14, 9, 5, 16, 7, 6]
2026-01-14 01:58:48,926 - /DATA/Aurindum/Swarming/Outputs/20260109_202226_ParticleTesting/P120_I10/run.log - INFO - n_caps=8 | minZ=0.044691 | models=[1014, 899, 367, 764, 513, 893, 362, 1404] | nodes=[10, 14, 9, 5, 16, 6, 7, 15]
2026-01-14 01:59:25,797 - /DATA/Aurindum/Swarming/Outputs/20260109_202226_ParticleTesting/P120_I10/run.log - INFO - n_caps=9 | minZ=0.043292 | models=[1014, 899, 365, 765, 513, 892, 362, 1404, 456] | nodes=[10, 14, 8, 5, 16, 6, 7, 15, 9]
2026-01-14 02:00:05,573 - /DATA/Aurindum/Swarming/Outputs/20260109_202226_ParticleTesting/P120_I10/run.log - INFO - n_caps=10 | minZ=0.043210 | models=[1014, 899, 362, 765, 513, 892, 362, 1403, 456, 2533] | nodes=[10, 14, 8, 5, 16, 6, 7, 15, 9, 2]
2026-01-14 02:00:47,644 - /DATA/Aurindum/Swarming/Outputs/20260109_202226_ParticleTesting/P120_I10/run.log - INFO - n_caps=11 | minZ=0.043186 | models=[1014, 899, 362, 765, 513, 892, 362, 1403, 456, 2533, 678] | nodes=[10, 14, 8, 5, 16, 6, 7, 15, 9, 2, 1]
2026-01-14 02:01:27,052 - /DATA/Aurindum/Swarming/Outputs/20260109_202226_ParticleTesting/P120_I10/run.log - INFO - n_caps=12 | minZ=0.043189 | models=[1014, 899, 362, 765, 513, 892, 362, 1403, 456, 2533, 678, 114] | nodes=[10, 14, 8, 5, 16, 6, 7, 15, 9, 2, 1, 20]
2026-01-14 02:02:04,489 - /DATA/Aurindum/Swarming/Outputs/20260109_202226_ParticleTesting/P120_I10/run.log - INFO - n_caps=13 | minZ=0.043181 | models=[1014, 899, 362, 765, 513, 892, 362, 1404, 456, 2533, 678, 114, 16] | nodes=[10, 14, 8, 5, 16, 6, 7, 15, 9, 2, 1, 17, 3]
2026-01-14 02:02:40,492 - /DATA/Aurindum/Swarming/Outputs/20260109_202226_ParticleTesting/P120_I10/run.log - INFO - n_caps=14 | minZ=0.043158 | models=[1014, 899, 362, 765, 513, 892, 362, 1404, 456, 2532, 678, 114, 16, 394] | nodes=[10, 14, 8, 5, 17, 6, 7, 15, 9, 2, 20, 18, 1, 16]
2026-01-14 02:03:18,771 - /DATA/Aurindum/Swarming/Outputs/20260109_202226_ParticleTesting/P120_I10/run.log - INFO - n_caps=15 | minZ=0.042683 | models=[1014, 899, 362, 765, 513, 893, 362, 1403, 456, 2532, 678, 114, 16, 395, 682] | nodes=[10, 14, 7, 5, 16, 6, 8, 13, 9, 2, 20, 17, 4, 15, 18]
2026-01-14 02:03:55,472 - /DATA/Aurindum/Swarming/Outputs/20260109_202226_ParticleTesting/P120_I10/run.log - INFO - n_caps=16 | minZ=0.042207 | models=[1014, 899, 362, 765, 514, 893, 362, 1404, 456, 2532, 678, 115, 15, 395, 682, 2131] | nodes=[10, 14, 7, 5, 17, 6, 8, 13, 9, 2, 19, 16, 4, 15, 18, 1]
2026-01-14 02:04:33,562 - /DATA/Aurindum/Swarming/Outputs/20260109_202226_ParticleTesting/P120_I10/run.log - INFO - n_caps=17 | minZ=0.042158 | models=[1014, 899, 362, 765, 514, 893, 361, 1403, 456, 2532, 678, 115, 15, 395, 682, 2131, 76] | nodes=[10, 14, 7, 5, 17, 6, 8, 13, 9, 2, 20, 16, 4, 15, 18, 3, 11]
2026-01-14 02:05:12,380 - /DATA/Aurindum/Swarming/Outputs/20260109_202226_ParticleTesting/P120_I10/run.log - INFO - n_caps=18 | minZ=0.042122 | models=[1014, 899, 362, 765, 513, 893, 361, 1403, 456, 2532, 677, 115, 14, 394, 681, 2130, 76, 2075] | nodes=[10, 14, 7, 5, 17, 6, 8, 13, 9, 1, 20, 15, 4, 16, 18, 2, 11, 3]
2026-01-14 02:05:56,405 - /DATA/Aurindum/Swarming/Outputs/20260109_202226_ParticleTesting/P120_I10/run.log - INFO - n_caps=19 | minZ=0.041988 | models=[1014, 899, 363, 765, 513, 893, 361, 1403, 456, 2532, 677, 115, 14, 394, 682, 2130, 76, 2075, 2051] | nodes=[10, 14, 7, 6, 17, 5, 8, 13, 9, 1, 20, 15, 11, 16, 18, 19, 12, 3, 2]
2026-01-14 02:05:56,406 - /DATA/Aurindum/Swarming/Outputs/20260109_202226_ParticleTesting/P120_I10/run.log - INFO - Threshold reached at n_caps=19
2026-01-14 02:07:08,479 - /DATA/Aurindum/Swarming/Outputs/20260109_202226_ParticleTesting/P120_I20/run.log - INFO - n_caps=1 | minZ=0.095240 | models=[1012] | nodes=[15]
2026-01-14 02:08:23,594 - /DATA/Aurindum/Swarming/Outputs/20260109_202226_ParticleTesting/P120_I20/run.log - INFO - n_caps=2 | minZ=0.068867 | models=[1012, 1014] | nodes=[14, 5]
2026-01-14 02:09:38,917 - /DATA/Aurindum/Swarming/Outputs/20260109_202226_ParticleTesting/P120_I20/run.log - INFO - n_caps=3 | minZ=0.055584 | models=[1012, 1014, 528] | nodes=[14, 5, 10]
2026-01-14 02:11:01,632 - /DATA/Aurindum/Swarming/Outputs/20260109_202226_ParticleTesting/P120_I20/run.log - INFO - n_caps=4 | minZ=0.050651 | models=[1012, 1014, 528, 893] | nodes=[14, 5, 9, 6]
2026-01-14 02:12:15,800 - /DATA/Aurindum/Swarming/Outputs/20260109_202226_ParticleTesting/P120_I20/run.log - INFO - n_caps=5 | minZ=0.047595 | models=[1012, 1014, 528, 893, 434] | nodes=[14, 5, 9, 6, 10]
2026-01-14 02:13:32,339 - /DATA/Aurindum/Swarming/Outputs/20260109_202226_ParticleTesting/P120_I20/run.log - INFO - n_caps=6 | minZ=0.044332 | models=[1012, 1014, 528, 893, 433, 178] | nodes=[14, 5, 9, 6, 10, 7]
2026-01-14 02:14:47,155 - /DATA/Aurindum/Swarming/Outputs/20260109_202226_ParticleTesting/P120_I20/run.log - INFO - n_caps=7 | minZ=0.041774 | models=[1012, 1014, 528, 893, 433, 178, 263] | nodes=[14, 5, 9, 6, 10, 7, 16]
2026-01-14 02:14:47,155 - /DATA/Aurindum/Swarming/Outputs/20260109_202226_ParticleTesting/P120_I20/run.log - INFO - Threshold reached at n_caps=7
2026-01-14 02:16:50,230 - /DATA/Aurindum/Swarming/Outputs/20260109_202226_ParticleTesting/P120_I30/run.log - INFO - n_caps=1 | minZ=0.087365 | models=[1014] | nodes=[9]
2026-01-14 02:18:36,232 - /DATA/Aurindum/Swarming/Outputs/20260109_202226_ParticleTesting/P120_I30/run.log - INFO - n_caps=2 | minZ=0.067602 | models=[1014, 898] | nodes=[9, 15]
2026-01-14 02:20:21,772 - /DATA/Aurindum/Swarming/Outputs/20260109_202226_ParticleTesting/P120_I30/run.log - INFO - n_caps=3 | minZ=0.056712 | models=[1014, 898, 686] | nodes=[9, 15, 10]
2026-01-14 02:22:15,816 - /DATA/Aurindum/Swarming/Outputs/20260109_202226_ParticleTesting/P120_I30/run.log - INFO - n_caps=4 | minZ=0.051086 | models=[1014, 898, 686, 893] | nodes=[9, 15, 10, 5]
2026-01-14 02:24:02,859 - /DATA/Aurindum/Swarming/Outputs/20260109_202226_ParticleTesting/P120_I30/run.log - INFO - n_caps=5 | minZ=0.045862 | models=[1014, 898, 686, 893, 447] | nodes=[9, 14, 10, 5, 6]
2026-01-14 02:25:48,952 - /DATA/Aurindum/Swarming/Outputs/20260109_202226_ParticleTesting/P120_I30/run.log - INFO - n_caps=6 | minZ=0.044190 | models=[1014, 898, 685, 893, 447, 222] | nodes=[9, 14, 10, 5, 6, 15]
2026-01-14 02:27:41,732 - /DATA/Aurindum/Swarming/Outputs/20260109_202226_ParticleTesting/P120_I30/run.log - INFO - n_caps=7 | minZ=0.042609 | models=[1014, 898, 685, 893, 448, 221, 115] | nodes=[9, 14, 10, 5, 6, 15, 7]
2026-01-14 02:29:26,807 - /DATA/Aurindum/Swarming/Outputs/20260109_202226_ParticleTesting/P120_I30/run.log - INFO - n_caps=8 | minZ=0.041380 | models=[1014, 898, 685, 893, 448, 221, 115, 222] | nodes=[9, 14, 10, 5, 6, 15, 7, 16]
2026-01-14 02:29:26,808 - /DATA/Aurindum/Swarming/Outputs/20260109_202226_ParticleTesting/P120_I30/run.log - INFO - Threshold reached at n_caps=8
2026-01-14 02:31:41,894 - /DATA/Aurindum/Swarming/Outputs/20260109_202226_ParticleTesting/P120_I40/run.log - INFO - n_caps=1 | minZ=0.087365 | models=[1014] | nodes=[9]
2026-01-14 02:34:02,754 - /DATA/Aurindum/Swarming/Outputs/20260109_202226_ParticleTesting/P120_I40/run.log - INFO - n_caps=2 | minZ=0.064766 | models=[1014, 1014] | nodes=[9, 10]
2026-01-14 02:36:41,323 - /DATA/Aurindum/Swarming/Outputs/20260109_202226_ParticleTesting/P120_I40/run.log - INFO - n_caps=3 | minZ=0.054175 | models=[1014, 1014, 512] | nodes=[9, 10, 5]
2026-01-14 02:39:21,034 - /DATA/Aurindum/Swarming/Outputs/20260109_202226_ParticleTesting/P120_I40/run.log - INFO - n_caps=4 | minZ=0.049852 | models=[1014, 1014, 512, 434] | nodes=[10, 9, 14, 15]
2026-01-14 02:41:45,170 - /DATA/Aurindum/Swarming/Outputs/20260109_202226_ParticleTesting/P120_I40/run.log - INFO - n_caps=5 | minZ=0.047771 | models=[1014, 1014, 512, 434, 344] | nodes=[10, 9, 14, 15, 5]
2026-01-14 02:44:17,152 - /DATA/Aurindum/Swarming/Outputs/20260109_202226_ParticleTesting/P120_I40/run.log - INFO - n_caps=6 | minZ=0.044167 | models=[1014, 1014, 512, 434, 344, 263] | nodes=[10, 9, 14, 15, 5, 6]
2026-01-14 02:46:43,356 - /DATA/Aurindum/Swarming/Outputs/20260109_202226_ParticleTesting/P120_I40/run.log - INFO - n_caps=7 | minZ=0.043249 | models=[1014, 1014, 512, 434, 344, 263, 110] | nodes=[10, 9, 14, 15, 5, 6, 7]
2026-01-14 02:49:04,801 - /DATA/Aurindum/Swarming/Outputs/20260109_202226_ParticleTesting/P120_I40/run.log - INFO - n_caps=8 | minZ=0.041440 | models=[1014, 1014, 512, 434, 342, 262, 109, 184] | nodes=[10, 9, 14, 15, 5, 6, 7, 16]
2026-01-14 02:49:04,801 - /DATA/Aurindum/Swarming/Outputs/20260109_202226_ParticleTesting/P120_I40/run.log - INFO - Threshold reached at n_caps=8
2026-01-14 02:52:12,803 - /DATA/Aurindum/Swarming/Outputs/20260109_202226_ParticleTesting/P120_I50/run.log - INFO - n_caps=1 | minZ=0.087365 | models=[1012] | nodes=[9]
2026-01-14 02:55:20,972 - /DATA/Aurindum/Swarming/Outputs/20260109_202226_ParticleTesting/P120_I50/run.log - INFO - n_caps=2 | minZ=0.064766 | models=[1012, 1014] | nodes=[9, 10]
2026-01-14 02:58:32,897 - /DATA/Aurindum/Swarming/Outputs/20260109_202226_ParticleTesting/P120_I50/run.log - INFO - n_caps=3 | minZ=0.054175 | models=[1012, 1014, 500] | nodes=[9, 10, 5]
2026-01-14 03:01:42,704 - /DATA/Aurindum/Swarming/Outputs/20260109_202226_ParticleTesting/P120_I50/run.log - INFO - n_caps=4 | minZ=0.050965 | models=[1012, 1014, 500, 434] | nodes=[9, 10, 5, 6]
2026-01-14 03:04:51,835 - /DATA/Aurindum/Swarming/Outputs/20260109_202226_ParticleTesting/P120_I50/run.log - INFO - n_caps=5 | minZ=0.048005 | models=[1012, 1014, 500, 434, 434] | nodes=[9, 10, 5, 6, 14]
2026-01-14 03:08:10,807 - /DATA/Aurindum/Swarming/Outputs/20260109_202226_ParticleTesting/P120_I50/run.log - INFO - n_caps=6 | minZ=0.045296 | models=[1012, 1014, 500, 433, 434, 189] | nodes=[9, 10, 5, 6, 14, 7]
2026-01-14 03:11:19,453 - /DATA/Aurindum/Swarming/Outputs/20260109_202226_ParticleTesting/P120_I50/run.log - INFO - n_caps=7 | minZ=0.043484 | models=[1012, 1014, 500, 434, 434, 189, 433] | nodes=[10, 9, 5, 6, 14, 7, 15]
2026-01-14 03:14:19,506 - /DATA/Aurindum/Swarming/Outputs/20260109_202226_ParticleTesting/P120_I50/run.log - INFO - n_caps=8 | minZ=0.041607 | models=[1012, 1014, 497, 434, 434, 189, 433, 118] | nodes=[9, 10, 5, 6, 14, 7, 15, 16]
2026-01-14 03:14:19,506 - /DATA/Aurindum/Swarming/Outputs/20260109_202226_ParticleTesting/P120_I50/run.log - INFO - Threshold reached at n_caps=8
2026-01-14 03:18:00,825 - /DATA/Aurindum/Swarming/Outputs/20260109_202226_ParticleTesting/P120_I60/run.log - INFO - n_caps=1 | minZ=0.087365 | models=[1012] | nodes=[9]
2026-01-14 03:21:39,515 - /DATA/Aurindum/Swarming/Outputs/20260109_202226_ParticleTesting/P120_I60/run.log - INFO - n_caps=2 | minZ=0.064766 | models=[1012, 1012] | nodes=[9, 10]
2026-01-14 03:25:22,046 - /DATA/Aurindum/Swarming/Outputs/20260109_202226_ParticleTesting/P120_I60/run.log - INFO - n_caps=3 | minZ=0.054175 | models=[1012, 1012, 511] | nodes=[10, 9, 5]
2026-01-14 03:29:03,281 - /DATA/Aurindum/Swarming/Outputs/20260109_202226_ParticleTesting/P120_I60/run.log - INFO - n_caps=4 | minZ=0.050885 | models=[1012, 1012, 511, 342] | nodes=[10, 9, 5, 14]
2026-01-14 03:32:36,015 - /DATA/Aurindum/Swarming/Outputs/20260109_202226_ParticleTesting/P120_I60/run.log - INFO - n_caps=5 | minZ=0.047513 | models=[1012, 1012, 510, 342, 262] | nodes=[9, 10, 5, 14, 7]
2026-01-14 03:36:10,781 - /DATA/Aurindum/Swarming/Outputs/20260109_202226_ParticleTesting/P120_I60/run.log - INFO - n_caps=6 | minZ=0.044291 | models=[1012, 1012, 510, 342, 262, 343] | nodes=[9, 10, 5, 14, 7, 15]
2026-01-14 03:40:02,335 - /DATA/Aurindum/Swarming/Outputs/20260109_202226_ParticleTesting/P120_I60/run.log - INFO - n_caps=7 | minZ=0.041855 | models=[1012, 1012, 510, 342, 262, 344, 171] | nodes=[9, 10, 5, 14, 7, 15, 6]
2026-01-14 03:40:02,336 - /DATA/Aurindum/Swarming/Outputs/20260109_202226_ParticleTesting/P120_I60/run.log - INFO - Threshold reached at n_caps=7
2026-01-14 03:44:20,996 - /DATA/Aurindum/Swarming/Outputs/20260109_202226_ParticleTesting/P120_I70/run.log - INFO - n_caps=1 | minZ=0.087365 | models=[1014] | nodes=[9]
2026-01-14 03:48:35,868 - /DATA/Aurindum/Swarming/Outputs/20260109_202226_ParticleTesting/P120_I70/run.log - INFO - n_caps=2 | minZ=0.064766 | models=[1014, 1014] | nodes=[10, 9]
2026-01-14 03:52:59,723 - /DATA/Aurindum/Swarming/Outputs/20260109_202226_ParticleTesting/P120_I70/run.log - INFO - n_caps=3 | minZ=0.053976 | models=[1014, 1014, 509] | nodes=[10, 9, 14]
2026-01-14 03:57:17,944 - /DATA/Aurindum/Swarming/Outputs/20260109_202226_ParticleTesting/P120_I70/run.log - INFO - n_caps=4 | minZ=0.049857 | models=[1014, 1014, 509, 433] | nodes=[10, 9, 14, 15]
2026-01-14 04:01:37,770 - /DATA/Aurindum/Swarming/Outputs/20260109_202226_ParticleTesting/P120_I70/run.log - INFO - n_caps=5 | minZ=0.047554 | models=[1014, 1014, 509, 433, 434] | nodes=[10, 9, 14, 15, 5]
2026-01-14 04:06:12,237 - /DATA/Aurindum/Swarming/Outputs/20260109_202226_ParticleTesting/P120_I70/run.log - INFO - n_caps=6 | minZ=0.045091 | models=[1014, 1014, 509, 433, 434, 171] | nodes=[9, 10, 14, 15, 5, 7]
2026-01-14 04:10:38,035 - /DATA/Aurindum/Swarming/Outputs/20260109_202226_ParticleTesting/P120_I70/run.log - INFO - n_caps=7 | minZ=0.043120 | models=[1014, 1014, 509, 433, 433, 171, 91] | nodes=[9, 10, 14, 15, 5, 7, 6]
2026-01-14 04:14:53,787 - /DATA/Aurindum/Swarming/Outputs/20260109_202226_ParticleTesting/P120_I70/run.log - INFO - n_caps=8 | minZ=0.042188 | models=[1014, 1014, 509, 433, 433, 171, 91, 893] | nodes=[8, 9, 14, 15, 5, 7, 6, 10]
2026-01-14 04:19:24,310 - /DATA/Aurindum/Swarming/Outputs/20260109_202226_ParticleTesting/P120_I70/run.log - INFO - n_caps=9 | minZ=0.040936 | models=[1014, 1014, 509, 433, 433, 171, 91, 893, 226] | nodes=[8, 9, 14, 15, 5, 7, 6, 10, 16]
2026-01-14 04:19:24,311 - /DATA/Aurindum/Swarming/Outputs/20260109_202226_ParticleTesting/P120_I70/run.log - INFO - Threshold reached at n_caps=9
2026-01-14 04:24:32,785 - /DATA/Aurindum/Swarming/Outputs/20260109_202226_ParticleTesting/P120_I80/run.log - INFO - n_caps=1 | minZ=0.087365 | models=[1014] | nodes=[9]
2026-01-14 04:29:21,448 - /DATA/Aurindum/Swarming/Outputs/20260109_202226_ParticleTesting/P120_I80/run.log - INFO - n_caps=2 | minZ=0.064766 | models=[1014, 1012] | nodes=[9, 10]
2026-01-14 04:34:23,161 - /DATA/Aurindum/Swarming/Outputs/20260109_202226_ParticleTesting/P120_I80/run.log - INFO - n_caps=3 | minZ=0.054175 | models=[1014, 1012, 500] | nodes=[9, 10, 5]
2026-01-14 04:39:16,250 - /DATA/Aurindum/Swarming/Outputs/20260109_202226_ParticleTesting/P120_I80/run.log - INFO - n_caps=4 | minZ=0.050392 | models=[1014, 1012, 500, 433] | nodes=[9, 10, 15, 14]
2026-01-14 04:44:05,827 - /DATA/Aurindum/Swarming/Outputs/20260109_202226_ParticleTesting/P120_I80/run.log - INFO - n_caps=5 | minZ=0.047587 | models=[1014, 1012, 500, 433, 433] | nodes=[9, 10, 14, 15, 5]
2026-01-14 04:49:06,365 - /DATA/Aurindum/Swarming/Outputs/20260109_202226_ParticleTesting/P120_I80/run.log - INFO - n_caps=6 | minZ=0.045290 | models=[1014, 1012, 499, 433, 433, 171] | nodes=[9, 10, 15, 14, 5, 7]
2026-01-14 04:54:45,537 - /DATA/Aurindum/Swarming/Outputs/20260109_202226_ParticleTesting/P120_I80/run.log - INFO - n_caps=7 | minZ=0.043083 | models=[1014, 1012, 499, 434, 433, 171, 110] | nodes=[9, 10, 14, 15, 5, 7, 6]
2026-01-14 05:00:22,819 - /DATA/Aurindum/Swarming/Outputs/20260109_202226_ParticleTesting/P120_I80/run.log - INFO - n_caps=8 | minZ=0.041869 | models=[1014, 1012, 500, 434, 434, 171, 110, 171] | nodes=[9, 10, 14, 15, 5, 7, 6, 16]
2026-01-14 05:00:22,819 - /DATA/Aurindum/Swarming/Outputs/20260109_202226_ParticleTesting/P120_I80/run.log - INFO - Threshold reached at n_caps=8
2026-01-14 05:06:17,998 - /DATA/Aurindum/Swarming/Outputs/20260109_202226_ParticleTesting/P120_I90/run.log - INFO - n_caps=1 | minZ=0.087365 | models=[1012] | nodes=[9]
2026-01-14 05:12:26,176 - /DATA/Aurindum/Swarming/Outputs/20260109_202226_ParticleTesting/P120_I90/run.log - INFO - n_caps=2 | minZ=0.064766 | models=[1012, 1012] | nodes=[9, 10]
2026-01-14 05:18:41,753 - /DATA/Aurindum/Swarming/Outputs/20260109_202226_ParticleTesting/P120_I90/run.log - INFO - n_caps=3 | minZ=0.053863 | models=[1012, 1012, 528] | nodes=[9, 10, 14]
2026-01-14 05:24:40,490 - /DATA/Aurindum/Swarming/Outputs/20260109_202226_ParticleTesting/P120_I90/run.log - INFO - n_caps=4 | minZ=0.049874 | models=[1012, 1012, 527, 433] | nodes=[9, 10, 14, 15]
2026-01-14 05:31:01,148 - /DATA/Aurindum/Swarming/Outputs/20260109_202226_ParticleTesting/P120_I90/run.log - INFO - n_caps=5 | minZ=0.047841 | models=[1012, 1012, 528, 433, 226] | nodes=[9, 10, 14, 15, 7]
2026-01-14 05:37:06,779 - /DATA/Aurindum/Swarming/Outputs/20260109_202226_ParticleTesting/P120_I90/run.log - INFO - n_caps=6 | minZ=0.045686 | models=[1012, 1012, 527, 433, 225, 434] | nodes=[9, 10, 14, 15, 7, 5]
2026-01-14 05:43:26,798 - /DATA/Aurindum/Swarming/Outputs/20260109_202226_ParticleTesting/P120_I90/run.log - INFO - n_caps=7 | minZ=0.043706 | models=[1012, 1012, 527, 433, 226, 434, 171] | nodes=[9, 10, 14, 15, 7, 5, 16]
2026-01-14 05:49:37,890 - /DATA/Aurindum/Swarming/Outputs/20260109_202226_ParticleTesting/P120_I90/run.log - INFO - n_caps=8 | minZ=0.042236 | models=[1012, 1012, 527, 433, 226, 434, 171, 221] | nodes=[9, 10, 14, 15, 6, 5, 16, 7]
2026-01-14 05:56:06,211 - /DATA/Aurindum/Swarming/Outputs/20260109_202226_ParticleTesting/P120_I90/run.log - INFO - n_caps=9 | minZ=0.041866 | models=[1012, 1012, 527, 433, 226, 434, 171, 221, 171] | nodes=[9, 10, 14, 15, 7, 5, 16, 6, 8]
2026-01-14 05:56:06,212 - /DATA/Aurindum/Swarming/Outputs/20260109_202226_ParticleTesting/P120_I90/run.log - INFO - Threshold reached at n_caps=9
2026-01-14 06:03:15,497 - /DATA/Aurindum/Swarming/Outputs/20260109_202226_ParticleTesting/P120_I100/run.log - INFO - n_caps=1 | minZ=0.087365 | models=[1014] | nodes=[9]
2026-01-14 06:10:27,416 - /DATA/Aurindum/Swarming/Outputs/20260109_202226_ParticleTesting/P120_I100/run.log - INFO - n_caps=2 | minZ=0.064766 | models=[1014, 1014] | nodes=[9, 10]
2026-01-14 06:17:25,210 - /DATA/Aurindum/Swarming/Outputs/20260109_202226_ParticleTesting/P120_I100/run.log - INFO - n_caps=3 | minZ=0.053863 | models=[1014, 1014, 528] | nodes=[9, 10, 14]
2026-01-14 06:24:28,497 - /DATA/Aurindum/Swarming/Outputs/20260109_202226_ParticleTesting/P120_I100/run.log - INFO - n_caps=4 | minZ=0.050009 | models=[1014, 1014, 528, 434] | nodes=[9, 10, 14, 5]
2026-01-14 06:31:21,603 - /DATA/Aurindum/Swarming/Outputs/20260109_202226_ParticleTesting/P120_I100/run.log - INFO - n_caps=5 | minZ=0.047557 | models=[1014, 1014, 528, 434, 434] | nodes=[9, 10, 14, 5, 15]
2026-01-14 06:38:19,808 - /DATA/Aurindum/Swarming/Outputs/20260109_202226_ParticleTesting/P120_I100/run.log - INFO - n_caps=6 | minZ=0.045015 | models=[1014, 1014, 528, 434, 434, 189] | nodes=[9, 10, 14, 5, 15, 7]
2026-01-14 06:44:46,192 - /DATA/Aurindum/Swarming/Outputs/20260109_202226_ParticleTesting/P120_I100/run.log - INFO - n_caps=7 | minZ=0.043219 | models=[1014, 1014, 527, 433, 434, 189, 343] | nodes=[9, 10, 14, 5, 15, 7, 6]
2026-01-14 06:51:01,268 - /DATA/Aurindum/Swarming/Outputs/20260109_202226_ParticleTesting/P120_I100/run.log - INFO - n_caps=8 | minZ=0.041388 | models=[1014, 1014, 527, 433, 434, 189, 343, 262] | nodes=[9, 10, 14, 5, 15, 7, 6, 16]
2026-01-14 06:51:01,269 - /DATA/Aurindum/Swarming/Outputs/20260109_202226_ParticleTesting/P120_I100/run.log - INFO - Threshold reached at n_caps=8
2026-01-14 06:57:37,120 - /DATA/Aurindum/Swarming/Outputs/20260109_202226_ParticleTesting/P120_I110/run.log - INFO - n_caps=1 | minZ=0.087365 | models=[1012] | nodes=[9]
2026-01-14 07:04:20,753 - /DATA/Aurindum/Swarming/Outputs/20260109_202226_ParticleTesting/P120_I110/run.log - INFO - n_caps=2 | minZ=0.064766 | models=[1012, 1014] | nodes=[9, 10]
2026-01-14 07:11:03,476 - /DATA/Aurindum/Swarming/Outputs/20260109_202226_ParticleTesting/P120_I110/run.log - INFO - n_caps=3 | minZ=0.053863 | models=[1012, 1014, 528] | nodes=[9, 10, 14]
2026-01-14 07:17:46,536 - /DATA/Aurindum/Swarming/Outputs/20260109_202226_ParticleTesting/P120_I110/run.log - INFO - n_caps=4 | minZ=0.049874 | models=[1012, 1014, 528, 434] | nodes=[10, 9, 14, 15]
2026-01-14 07:25:05,000 - /DATA/Aurindum/Swarming/Outputs/20260109_202226_ParticleTesting/P120_I110/run.log - INFO - n_caps=5 | minZ=0.046772 | models=[1012, 1014, 524, 434, 447] | nodes=[10, 9, 14, 15, 5]
2026-01-14 07:32:42,421 - /DATA/Aurindum/Swarming/Outputs/20260109_202226_ParticleTesting/P120_I110/run.log - INFO - n_caps=6 | minZ=0.044861 | models=[1012, 1014, 523, 434, 447, 110] | nodes=[9, 10, 15, 14, 5, 6]
2026-01-14 07:40:11,776 - /DATA/Aurindum/Swarming/Outputs/20260109_202226_ParticleTesting/P120_I110/run.log - INFO - n_caps=7 | minZ=0.043101 | models=[1012, 1014, 524, 434, 448, 110, 171] | nodes=[9, 10, 14, 15, 5, 6, 7]
2026-01-14 07:47:47,632 - /DATA/Aurindum/Swarming/Outputs/20260109_202226_ParticleTesting/P120_I110/run.log - INFO - n_caps=8 | minZ=0.041412 | models=[1012, 1014, 524, 434, 448, 110, 171, 109] | nodes=[9, 10, 15, 14, 5, 6, 7, 16]
2026-01-14 07:47:47,633 - /DATA/Aurindum/Swarming/Outputs/20260109_202226_ParticleTesting/P120_I110/run.log - INFO - Threshold reached at n_caps=8
2026-01-14 07:55:48,263 - /DATA/Aurindum/Swarming/Outputs/20260109_202226_ParticleTesting/P120_I120/run.log - INFO - n_caps=1 | minZ=0.087365 | models=[1012] | nodes=[9]
2026-01-14 08:03:23,512 - /DATA/Aurindum/Swarming/Outputs/20260109_202226_ParticleTesting/P120_I120/run.log - INFO - n_caps=2 | minZ=0.064766 | models=[1012, 1012] | nodes=[9, 10]
2026-01-14 08:10:30,022 - /DATA/Aurindum/Swarming/Outputs/20260109_202226_ParticleTesting/P120_I120/run.log - INFO - n_caps=3 | minZ=0.053863 | models=[1012, 1012, 527] | nodes=[9, 10, 14]
2026-01-14 08:18:07,639 - /DATA/Aurindum/Swarming/Outputs/20260109_202226_ParticleTesting/P120_I120/run.log - INFO - n_caps=4 | minZ=0.049852 | models=[1012, 1012, 499, 434] | nodes=[9, 10, 14, 15]
2026-01-14 08:25:32,127 - /DATA/Aurindum/Swarming/Outputs/20260109_202226_ParticleTesting/P120_I120/run.log - INFO - n_caps=5 | minZ=0.046081 | models=[1012, 1012, 455, 434, 434] | nodes=[9, 10, 14, 15, 5]
2026-01-14 08:32:54,492 - /DATA/Aurindum/Swarming/Outputs/20260109_202226_ParticleTesting/P120_I120/run.log - INFO - n_caps=6 | minZ=0.044101 | models=[1012, 1012, 455, 433, 434, 110] | nodes=[9, 10, 14, 15, 5, 6]
2026-01-14 08:40:32,372 - /DATA/Aurindum/Swarming/Outputs/20260109_202226_ParticleTesting/P120_I120/run.log - INFO - n_caps=7 | minZ=0.042576 | models=[1012, 1012, 455, 433, 433, 110, 222] | nodes=[9, 10, 14, 15, 5, 6, 7]
2026-01-14 08:47:47,576 - /DATA/Aurindum/Swarming/Outputs/20260109_202226_ParticleTesting/P120_I120/run.log - INFO - n_caps=8 | minZ=0.041345 | models=[1012, 1012, 455, 433, 433, 110, 222, 189] | nodes=[9, 10, 14, 15, 6, 5, 7, 16]
2026-01-14 08:47:47,577 - /DATA/Aurindum/Swarming/Outputs/20260109_202226_ParticleTesting/P120_I120/run.log - INFO - Threshold reached at n_caps=8
2026-01-14 08:56:44,071 - /DATA/Aurindum/Swarming/Outputs/20260109_202226_ParticleTesting/P120_I130/run.log - INFO - n_caps=1 | minZ=0.087365 | models=[1014] | nodes=[9]
2026-01-14 09:05:47,390 - /DATA/Aurindum/Swarming/Outputs/20260109_202226_ParticleTesting/P120_I130/run.log - INFO - n_caps=2 | minZ=0.064766 | models=[1014, 1014] | nodes=[9, 10]
2026-01-14 09:14:47,292 - /DATA/Aurindum/Swarming/Outputs/20260109_202226_ParticleTesting/P120_I130/run.log - INFO - n_caps=3 | minZ=0.053863 | models=[1014, 1014, 527] | nodes=[9, 10, 14]
2026-01-14 09:23:35,091 - /DATA/Aurindum/Swarming/Outputs/20260109_202226_ParticleTesting/P120_I130/run.log - INFO - n_caps=4 | minZ=0.050009 | models=[1014, 1014, 527, 434] | nodes=[9, 10, 14, 5]
2026-01-14 09:32:20,657 - /DATA/Aurindum/Swarming/Outputs/20260109_202226_ParticleTesting/P120_I130/run.log - INFO - n_caps=5 | minZ=0.047344 | models=[1014, 1014, 606, 433, 433] | nodes=[9, 10, 14, 5, 15]
2026-01-14 09:41:23,145 - /DATA/Aurindum/Swarming/Outputs/20260109_202226_ParticleTesting/P120_I130/run.log - INFO - n_caps=6 | minZ=0.044843 | models=[1014, 1014, 606, 434, 434, 189] | nodes=[9, 10, 14, 5, 15, 6]
2026-01-14 09:50:25,918 - /DATA/Aurindum/Swarming/Outputs/20260109_202226_ParticleTesting/P120_I130/run.log - INFO - n_caps=7 | minZ=0.043200 | models=[1014, 1014, 606, 434, 434, 189, 456] | nodes=[10, 9, 14, 5, 15, 6, 7]
2026-01-14 09:59:09,491 - /DATA/Aurindum/Swarming/Outputs/20260109_202226_ParticleTesting/P120_I130/run.log - INFO - n_caps=8 | minZ=0.041974 | models=[1014, 1014, 606, 433, 433, 189, 455, 226] | nodes=[10, 9, 14, 5, 15, 6, 7, 16]
2026-01-14 09:59:09,492 - /DATA/Aurindum/Swarming/Outputs/20260109_202226_ParticleTesting/P120_I130/run.log - INFO - Threshold reached at n_caps=8
2026-01-14 10:08:31,883 - /DATA/Aurindum/Swarming/Outputs/20260109_202226_ParticleTesting/P120_I140/run.log - INFO - n_caps=1 | minZ=0.087365 | models=[1014] | nodes=[9]
2026-01-14 10:18:06,836 - /DATA/Aurindum/Swarming/Outputs/20260109_202226_ParticleTesting/P120_I140/run.log - INFO - n_caps=2 | minZ=0.064766 | models=[1014, 1012] | nodes=[9, 10]
2026-01-14 10:27:38,069 - /DATA/Aurindum/Swarming/Outputs/20260109_202226_ParticleTesting/P120_I140/run.log - INFO - n_caps=3 | minZ=0.053863 | models=[1014, 1012, 528] | nodes=[9, 10, 14]
2026-01-14 10:37:10,814 - /DATA/Aurindum/Swarming/Outputs/20260109_202226_ParticleTesting/P120_I140/run.log - INFO - n_caps=4 | minZ=0.050198 | models=[1014, 1014, 511, 892] | nodes=[9, 10, 14, 15]
2026-01-14 10:46:48,145 - /DATA/Aurindum/Swarming/Outputs/20260109_202226_ParticleTesting/P120_I140/run.log - INFO - n_caps=5 | minZ=0.045859 | models=[1014, 1014, 511, 893, 263] | nodes=[9, 10, 15, 14, 7]
2026-01-14 10:56:23,395 - /DATA/Aurindum/Swarming/Outputs/20260109_202226_ParticleTesting/P120_I140/run.log - INFO - n_caps=6 | minZ=0.044227 | models=[1014, 1014, 512, 892, 262, 110] | nodes=[9, 10, 15, 14, 7, 6]
2026-01-14 11:05:53,183 - /DATA/Aurindum/Swarming/Outputs/20260109_202226_ParticleTesting/P120_I140/run.log - INFO - n_caps=7 | minZ=0.042281 | models=[1014, 1014, 509, 893, 263, 110, 171] | nodes=[9, 10, 15, 14, 7, 5, 6]
2026-01-14 11:15:13,441 - /DATA/Aurindum/Swarming/Outputs/20260109_202226_ParticleTesting/P120_I140/run.log - INFO - n_caps=8 | minZ=0.040981 | models=[1014, 1014, 510, 893, 263, 110, 171, 95] | nodes=[9, 10, 14, 15, 7, 5, 6, 16]
2026-01-14 11:15:13,442 - /DATA/Aurindum/Swarming/Outputs/20260109_202226_ParticleTesting/P120_I140/run.log - INFO - Threshold reached at n_caps=8
2026-01-14 11:25:42,086 - /DATA/Aurindum/Swarming/Outputs/20260109_202226_ParticleTesting/P120_I150/run.log - INFO - n_caps=1 | minZ=0.087365 | models=[1014] | nodes=[9]
2026-01-14 11:36:02,513 - /DATA/Aurindum/Swarming/Outputs/20260109_202226_ParticleTesting/P120_I150/run.log - INFO - n_caps=2 | minZ=0.064766 | models=[1014, 1014] | nodes=[9, 10]
2026-01-14 11:46:32,520 - /DATA/Aurindum/Swarming/Outputs/20260109_202226_ParticleTesting/P120_I150/run.log - INFO - n_caps=3 | minZ=0.053863 | models=[1014, 1014, 527] | nodes=[9, 10, 14]
2026-01-14 11:56:31,035 - /DATA/Aurindum/Swarming/Outputs/20260109_202226_ParticleTesting/P120_I150/run.log - INFO - n_caps=4 | minZ=0.049874 | models=[1014, 1014, 528, 434] | nodes=[9, 10, 14, 15]
2026-01-14 12:06:49,288 - /DATA/Aurindum/Swarming/Outputs/20260109_202226_ParticleTesting/P120_I150/run.log - INFO - n_caps=5 | minZ=0.046260 | models=[1012, 1014, 448, 433, 341] | nodes=[9, 10, 14, 15, 6]
2026-01-14 12:16:59,705 - /DATA/Aurindum/Swarming/Outputs/20260109_202226_ParticleTesting/P120_I150/run.log - INFO - n_caps=6 | minZ=0.043876 | models=[1012, 1014, 448, 433, 342, 189] | nodes=[9, 10, 14, 15, 5, 6]
2026-01-14 12:27:23,604 - /DATA/Aurindum/Swarming/Outputs/20260109_202226_ParticleTesting/P120_I150/run.log - INFO - n_caps=7 | minZ=0.041997 | models=[1012, 1014, 448, 433, 342, 189, 433] | nodes=[9, 10, 14, 15, 5, 7, 6]
2026-01-14 12:27:23,605 - /DATA/Aurindum/Swarming/Outputs/20260109_202226_ParticleTesting/P120_I150/run.log - INFO - Threshold reached at n_caps=7
2026-01-14 12:38:00,149 - /DATA/Aurindum/Swarming/Outputs/20260109_202226_ParticleTesting/P120_I160/run.log - INFO - n_caps=1 | minZ=0.087365 | models=[1012] | nodes=[9]
2026-01-14 12:48:38,334 - /DATA/Aurindum/Swarming/Outputs/20260109_202226_ParticleTesting/P120_I160/run.log - INFO - n_caps=2 | minZ=0.064766 | models=[1012, 1012] | nodes=[9, 10]
2026-01-14 12:59:33,276 - /DATA/Aurindum/Swarming/Outputs/20260109_202226_ParticleTesting/P120_I160/run.log - INFO - n_caps=3 | minZ=0.053863 | models=[1012, 1012, 527] | nodes=[9, 10, 14]
2026-01-14 13:10:25,706 - /DATA/Aurindum/Swarming/Outputs/20260109_202226_ParticleTesting/P120_I160/run.log - INFO - n_caps=4 | minZ=0.049666 | models=[1012, 1012, 448, 434] | nodes=[10, 9, 14, 15]
2026-01-14 13:21:29,105 - /DATA/Aurindum/Swarming/Outputs/20260109_202226_ParticleTesting/P120_I160/run.log - INFO - n_caps=5 | minZ=0.046011 | models=[1012, 1012, 448, 433, 342] | nodes=[10, 9, 14, 15, 5]
2026-01-14 13:32:25,115 - /DATA/Aurindum/Swarming/Outputs/20260109_202226_ParticleTesting/P120_I160/run.log - INFO - n_caps=6 | minZ=0.043876 | models=[1012, 1012, 448, 433, 342, 189] | nodes=[10, 9, 14, 15, 5, 6]
2026-01-14 13:43:26,894 - /DATA/Aurindum/Swarming/Outputs/20260109_202226_ParticleTesting/P120_I160/run.log - INFO - n_caps=7 | minZ=0.042121 | models=[1012, 1012, 447, 433, 342, 189, 225] | nodes=[10, 9, 14, 15, 5, 6, 7]
2026-01-14 13:54:28,912 - /DATA/Aurindum/Swarming/Outputs/20260109_202226_ParticleTesting/P120_I160/run.log - INFO - n_caps=8 | minZ=0.040869 | models=[1012, 1012, 447, 433, 342, 189, 225, 275] | nodes=[10, 9, 14, 15, 5, 6, 7, 16]
2026-01-14 13:54:28,913 - /DATA/Aurindum/Swarming/Outputs/20260109_202226_ParticleTesting/P120_I160/run.log - INFO - Threshold reached at n_caps=8
2026-01-14 14:06:09,799 - /DATA/Aurindum/Swarming/Outputs/20260109_202226_ParticleTesting/P120_I170/run.log - INFO - n_caps=1 | minZ=0.087365 | models=[1012] | nodes=[9]
2026-01-14 14:17:59,592 - /DATA/Aurindum/Swarming/Outputs/20260109_202226_ParticleTesting/P120_I170/run.log - INFO - n_caps=2 | minZ=0.064766 | models=[1012, 1014] | nodes=[9, 10]
2026-01-14 14:29:53,758 - /DATA/Aurindum/Swarming/Outputs/20260109_202226_ParticleTesting/P120_I170/run.log - INFO - n_caps=3 | minZ=0.053863 | models=[1012, 1014, 528] | nodes=[9, 10, 14]
2026-01-14 14:41:16,745 - /DATA/Aurindum/Swarming/Outputs/20260109_202226_ParticleTesting/P120_I170/run.log - INFO - n_caps=4 | minZ=0.049668 | models=[1012, 1014, 455, 434] | nodes=[9, 10, 14, 6]
2026-01-14 14:52:37,897 - /DATA/Aurindum/Swarming/Outputs/20260109_202226_ParticleTesting/P120_I170/run.log - INFO - n_caps=5 | minZ=0.046090 | models=[1012, 1014, 456, 433, 434] | nodes=[9, 10, 14, 6, 5]
2026-01-14 15:04:12,912 - /DATA/Aurindum/Swarming/Outputs/20260109_202226_ParticleTesting/P120_I170/run.log - INFO - n_caps=6 | minZ=0.044367 | models=[1012, 1014, 456, 433, 434, 434] | nodes=[9, 10, 14, 6, 5, 15]
2026-01-14 15:15:43,413 - /DATA/Aurindum/Swarming/Outputs/20260109_202226_ParticleTesting/P120_I170/run.log - INFO - n_caps=7 | minZ=0.042143 | models=[1012, 1014, 456, 433, 434, 434, 189] | nodes=[10, 9, 14, 6, 5, 15, 7]
2026-01-14 15:27:14,946 - /DATA/Aurindum/Swarming/Outputs/20260109_202226_ParticleTesting/P120_I170/run.log - INFO - n_caps=8 | minZ=0.040909 | models=[1012, 1014, 456, 433, 434, 434, 189, 225] | nodes=[9, 10, 14, 6, 5, 15, 7, 16]
2026-01-14 15:27:14,946 - /DATA/Aurindum/Swarming/Outputs/20260109_202226_ParticleTesting/P120_I170/run.log - INFO - Threshold reached at n_caps=8
2026-01-14 15:39:13,850 - /DATA/Aurindum/Swarming/Outputs/20260109_202226_ParticleTesting/P120_I180/run.log - INFO - n_caps=1 | minZ=0.087365 | models=[1012] | nodes=[9]
2026-01-14 15:50:17,204 - /DATA/Aurindum/Swarming/Outputs/20260109_202226_ParticleTesting/P120_I180/run.log - INFO - n_caps=2 | minZ=0.064766 | models=[1014, 1014] | nodes=[9, 10]
2026-01-14 16:01:38,376 - /DATA/Aurindum/Swarming/Outputs/20260109_202226_ParticleTesting/P120_I180/run.log - INFO - n_caps=3 | minZ=0.053863 | models=[1014, 1014, 527] | nodes=[9, 10, 14]
2026-01-14 16:12:56,652 - /DATA/Aurindum/Swarming/Outputs/20260109_202226_ParticleTesting/P120_I180/run.log - INFO - n_caps=4 | minZ=0.049874 | models=[1014, 1014, 527, 433] | nodes=[9, 10, 14, 15]
2026-01-14 16:24:09,026 - /DATA/Aurindum/Swarming/Outputs/20260109_202226_ParticleTesting/P120_I180/run.log - INFO - n_caps=5 | minZ=0.046182 | models=[1014, 1014, 434, 433, 448] | nodes=[9, 10, 14, 15, 5]
2026-01-14 16:34:58,449 - /DATA/Aurindum/Swarming/Outputs/20260109_202226_ParticleTesting/P120_I180/run.log - INFO - n_caps=6 | minZ=0.044170 | models=[1014, 1014, 434, 433, 448, 109] | nodes=[10, 9, 14, 15, 5, 6]
2026-01-14 16:45:35,732 - /DATA/Aurindum/Swarming/Outputs/20260109_202226_ParticleTesting/P120_I180/run.log - INFO - n_caps=7 | minZ=0.042686 | models=[1014, 1014, 434, 433, 448, 144, 189] | nodes=[10, 9, 14, 15, 5, 6, 16]
2026-01-14 16:56:47,770 - /DATA/Aurindum/Swarming/Outputs/20260109_202226_ParticleTesting/P120_I180/run.log - INFO - n_caps=8 | minZ=0.041264 | models=[1014, 1014, 434, 433, 448, 144, 189, 221] | nodes=[9, 10, 14, 15, 5, 6, 16, 7]
2026-01-14 16:56:47,770 - /DATA/Aurindum/Swarming/Outputs/20260109_202226_ParticleTesting/P120_I180/run.log - INFO - Threshold reached at n_caps=8
2026-01-14 17:08:41,084 - /DATA/Aurindum/Swarming/Outputs/20260109_202226_ParticleTesting/P120_I190/run.log - INFO - n_caps=1 | minZ=0.087365 | models=[1014] | nodes=[9]
2026-01-14 17:20:48,224 - /DATA/Aurindum/Swarming/Outputs/20260109_202226_ParticleTesting/P120_I190/run.log - INFO - n_caps=2 | minZ=0.064766 | models=[1014, 1012] | nodes=[9, 10]
2026-01-14 17:33:47,213 - /DATA/Aurindum/Swarming/Outputs/20260109_202226_ParticleTesting/P120_I190/run.log - INFO - n_caps=3 | minZ=0.053863 | models=[1014, 1012, 528] | nodes=[9, 10, 14]
2026-01-14 17:46:50,452 - /DATA/Aurindum/Swarming/Outputs/20260109_202226_ParticleTesting/P120_I190/run.log - INFO - n_caps=4 | minZ=0.049852 | models=[1014, 1012, 512, 433] | nodes=[9, 10, 14, 15]
2026-01-14 18:00:06,914 - /DATA/Aurindum/Swarming/Outputs/20260109_202226_ParticleTesting/P120_I190/run.log - INFO - n_caps=5 | minZ=0.046654 | models=[1014, 1012, 456, 434, 838] | nodes=[9, 10, 14, 15, 6]
2026-01-14 18:13:22,984 - /DATA/Aurindum/Swarming/Outputs/20260109_202226_ParticleTesting/P120_I190/run.log - INFO - n_caps=6 | minZ=0.044186 | models=[1014, 1012, 456, 434, 838, 171] | nodes=[9, 10, 15, 14, 6, 7]
2026-01-14 18:26:38,474 - /DATA/Aurindum/Swarming/Outputs/20260109_202226_ParticleTesting/P120_I190/run.log - INFO - n_caps=7 | minZ=0.042212 | models=[1014, 1012, 456, 433, 838, 171, 433] | nodes=[9, 10, 15, 14, 6, 7, 5]
2026-01-14 18:39:39,103 - /DATA/Aurindum/Swarming/Outputs/20260109_202226_ParticleTesting/P120_I190/run.log - INFO - n_caps=8 | minZ=0.040588 | models=[1014, 1012, 456, 433, 838, 171, 433, 189] | nodes=[9, 10, 14, 15, 6, 7, 5, 16]
2026-01-14 18:39:39,103 - /DATA/Aurindum/Swarming/Outputs/20260109_202226_ParticleTesting/P120_I190/run.log - INFO - Threshold reached at n_caps=8
2026-01-14 18:53:26,023 - /DATA/Aurindum/Swarming/Outputs/20260109_202226_ParticleTesting/P120_I200/run.log - INFO - n_caps=1 | minZ=0.087365 | models=[1012] | nodes=[9]
2026-01-14 19:07:25,758 - /DATA/Aurindum/Swarming/Outputs/20260109_202226_ParticleTesting/P120_I200/run.log - INFO - n_caps=2 | minZ=0.064766 | models=[1012, 1012] | nodes=[9, 10]
2026-01-14 19:21:11,024 - /DATA/Aurindum/Swarming/Outputs/20260109_202226_ParticleTesting/P120_I200/run.log - INFO - n_caps=3 | minZ=0.053863 | models=[1012, 1012, 527] | nodes=[9, 10, 14]
2026-01-14 19:34:57,813 - /DATA/Aurindum/Swarming/Outputs/20260109_202226_ParticleTesting/P120_I200/run.log - INFO - n_caps=4 | minZ=0.049666 | models=[1012, 1012, 447, 434] | nodes=[9, 10, 14, 15]
2026-01-14 19:48:51,531 - /DATA/Aurindum/Swarming/Outputs/20260109_202226_ParticleTesting/P120_I200/run.log - INFO - n_caps=5 | minZ=0.046011 | models=[1012, 1012, 447, 434, 342] | nodes=[9, 10, 14, 15, 5]
2026-01-14 20:02:46,142 - /DATA/Aurindum/Swarming/Outputs/20260109_202226_ParticleTesting/P120_I200/run.log - INFO - n_caps=6 | minZ=0.043584 | models=[1012, 1012, 447, 433, 342, 171] | nodes=[9, 10, 15, 14, 5, 6]
2026-01-14 20:16:31,661 - /DATA/Aurindum/Swarming/Outputs/20260109_202226_ParticleTesting/P120_I200/run.log - INFO - n_caps=7 | minZ=0.042152 | models=[1012, 1012, 447, 433, 342, 171, 273] | nodes=[9, 10, 15, 14, 5, 6, 7]
2026-01-14 20:30:02,407 - /DATA/Aurindum/Swarming/Outputs/20260109_202226_ParticleTesting/P120_I200/run.log - INFO - n_caps=8 | minZ=0.040908 | models=[1012, 1012, 447, 433, 342, 171, 273, 226] | nodes=[9, 10, 14, 15, 5, 6, 7, 16]
2026-01-14 20:30:02,407 - /DATA/Aurindum/Swarming/Outputs/20260109_202226_ParticleTesting/P120_I200/run.log - INFO - Threshold reached at n_caps=8
2026-01-14 20:30:40,866 - /DATA/Aurindum/Swarming/Outputs/20260109_202226_ParticleTesting/P130_I10/run.log - INFO - n_caps=1 | minZ=0.094292 | models=[1014] | nodes=[5]
2026-01-14 20:31:19,393 - /DATA/Aurindum/Swarming/Outputs/20260109_202226_ParticleTesting/P130_I10/run.log - INFO - n_caps=2 | minZ=0.071411 | models=[1014, 767] | nodes=[5, 16]
2026-01-14 20:32:01,911 - /DATA/Aurindum/Swarming/Outputs/20260109_202226_ParticleTesting/P130_I10/run.log - INFO - n_caps=3 | minZ=0.062871 | models=[1014, 766, 838] | nodes=[5, 15, 6]
2026-01-14 20:32:44,931 - /DATA/Aurindum/Swarming/Outputs/20260109_202226_ParticleTesting/P130_I10/run.log - INFO - n_caps=4 | minZ=0.056825 | models=[1014, 767, 838, 1014] | nodes=[5, 16, 7, 14]
2026-01-14 20:33:29,322 - /DATA/Aurindum/Swarming/Outputs/20260109_202226_ParticleTesting/P130_I10/run.log - INFO - n_caps=5 | minZ=0.051330 | models=[1014, 766, 838, 1014, 500] | nodes=[5, 15, 6, 14, 10]
2026-01-14 20:34:13,763 - /DATA/Aurindum/Swarming/Outputs/20260109_202226_ParticleTesting/P130_I10/run.log - INFO - n_caps=6 | minZ=0.047984 | models=[1014, 765, 838, 1014, 500, 164] | nodes=[5, 15, 6, 14, 10, 9]
2026-01-14 20:34:58,969 - /DATA/Aurindum/Swarming/Outputs/20260109_202226_ParticleTesting/P130_I10/run.log - INFO - n_caps=7 | minZ=0.045574 | models=[1014, 765, 838, 1014, 500, 164, 239] | nodes=[5, 16, 6, 14, 9, 8, 10]
2026-01-14 20:35:44,358 - /DATA/Aurindum/Swarming/Outputs/20260109_202226_ParticleTesting/P130_I10/run.log - INFO - n_caps=8 | minZ=0.043476 | models=[1014, 765, 838, 1014, 500, 164, 239, 247] | nodes=[5, 16, 6, 14, 10, 9, 11, 7]
2026-01-14 20:36:29,994 - /DATA/Aurindum/Swarming/Outputs/20260109_202226_ParticleTesting/P130_I10/run.log - INFO - n_caps=9 | minZ=0.042443 | models=[1014, 765, 838, 1014, 500, 164, 239, 247, 905] | nodes=[5, 16, 6, 14, 10, 7, 9, 8, 15]
2026-01-14 20:37:16,547 - /DATA/Aurindum/Swarming/Outputs/20260109_202226_ParticleTesting/P130_I10/run.log - INFO - n_caps=10 | minZ=0.042093 | models=[1014, 765, 838, 1014, 500, 164, 239, 246, 905, 247] | nodes=[5, 16, 6, 14, 9, 7, 10, 8, 15, 12]
2026-01-14 20:38:02,758 - /DATA/Aurindum/Swarming/Outputs/20260109_202226_ParticleTesting/P130_I10/run.log - INFO - n_caps=11 | minZ=0.042069 | models=[1014, 765, 838, 1014, 500, 164, 239, 246, 905, 247, 1024] | nodes=[5, 16, 6, 14, 9, 7, 10, 8, 15, 12, 2]
2026-01-14 20:38:49,473 - /DATA/Aurindum/Swarming/Outputs/20260109_202226_ParticleTesting/P130_I10/run.log - INFO - n_caps=12 | minZ=0.042065 | models=[1014, 765, 838, 1014, 500, 164, 239, 246, 906, 247, 1024, 986] | nodes=[5, 16, 6, 14, 9, 7, 10, 8, 15, 12, 2, 1]
2026-01-14 20:39:36,657 - /DATA/Aurindum/Swarming/Outputs/20260109_202226_ParticleTesting/P130_I10/run.log - INFO - n_caps=13 | minZ=0.042064 | models=[1014, 765, 838, 1014, 499, 164, 239, 246, 906, 247, 1024, 986, 1841] | nodes=[5, 16, 6, 14, 9, 7, 10, 8, 15, 12, 2, 1, 20]
2026-01-14 20:40:22,620 - /DATA/Aurindum/Swarming/Outputs/20260109_202226_ParticleTesting/P130_I10/run.log - INFO - n_caps=14 | minZ=0.042059 | models=[1014, 765, 837, 1014, 499, 164, 239, 246, 905, 247, 1023, 986, 1840, 175] | nodes=[5, 15, 6, 14, 9, 7, 10, 8, 16, 12, 2, 3, 20, 1]
2026-01-14 20:41:08,589 - /DATA/Aurindum/Swarming/Outputs/20260109_202226_ParticleTesting/P130_I10/run.log - INFO - n_caps=15 | minZ=0.042048 | models=[1014, 765, 838, 1014, 499, 164, 239, 246, 906, 247, 1024, 987, 1841, 175, 2097] | nodes=[5, 16, 6, 14, 9, 7, 10, 8, 15, 12, 2, 3, 20, 1, 18]
2026-01-14 20:41:53,672 - /DATA/Aurindum/Swarming/Outputs/20260109_202226_ParticleTesting/P130_I10/run.log - INFO - n_caps=16 | minZ=0.042044 | models=[1014, 765, 837, 1014, 499, 164, 239, 246, 905, 247, 1024, 987, 1840, 175, 2096, 50] | nodes=[5, 16, 6, 14, 9, 7, 10, 8, 15, 12, 2, 3, 20, 1, 18, 13]
2026-01-14 20:42:37,547 - /DATA/Aurindum/Swarming/Outputs/20260109_202226_ParticleTesting/P130_I10/run.log - INFO - n_caps=17 | minZ=0.042044 | models=[1014, 765, 837, 1014, 499, 164, 239, 246, 905, 247, 1024, 987, 1840, 175, 2096, 50, 2402] | nodes=[5, 16, 6, 14, 9, 7, 10, 8, 15, 12, 2, 3, 20, 1, 18, 13, 19]
2026-01-14 20:43:24,112 - /DATA/Aurindum/Swarming/Outputs/20260109_202226_ParticleTesting/P130_I10/run.log - INFO - n_caps=18 | minZ=0.042043 | models=[1014, 765, 837, 1014, 499, 164, 240, 246, 905, 247, 1024, 987, 1840, 175, 2096, 51, 2402, 1931] | nodes=[5, 16, 6, 14, 9, 7, 10, 8, 15, 12, 2, 3, 20, 1, 18, 13, 19, 4]
2026-01-14 20:44:09,800 - /DATA/Aurindum/Swarming/Outputs/20260109_202226_ParticleTesting/P130_I10/run.log - INFO - n_caps=19 | minZ=0.042107 | models=[1014, 765, 837, 1014, 499, 164, 240, 246, 905, 247, 1024, 987, 1840, 175, 2096, 51, 2402, 1931, 3328] | nodes=[5, 16, 6, 14, 9, 7, 10, 8, 15, 12, 2, 3, 20, 1, 18, 13, 19, 4, 17]
2026-01-14 20:44:56,169 - /DATA/Aurindum/Swarming/Outputs/20260109_202226_ParticleTesting/P130_I10/run.log - INFO - n_caps=20 | minZ=0.042138 | models=[1014, 765, 837, 1014, 500, 164, 240, 247, 905, 247, 1024, 987, 1841, 175, 2096, 51, 2402, 1931, 3328, 270] | nodes=[5, 16, 6, 14, 9, 7, 10, 8, 15, 13, 2, 3, 20, 1, 18, 12, 17, 4, 19, 11]
2026-01-14 20:46:28,611 - /DATA/Aurindum/Swarming/Outputs/20260109_202226_ParticleTesting/P130_I20/run.log - INFO - n_caps=1 | minZ=0.087365 | models=[1014] | nodes=[9]
2026-01-14 20:47:57,664 - /DATA/Aurindum/Swarming/Outputs/20260109_202226_ParticleTesting/P130_I20/run.log - INFO - n_caps=2 | minZ=0.064766 | models=[1014, 1012] | nodes=[9, 10]
2026-01-14 20:49:29,233 - /DATA/Aurindum/Swarming/Outputs/20260109_202226_ParticleTesting/P130_I20/run.log - INFO - n_caps=3 | minZ=0.054175 | models=[1014, 1012, 511] | nodes=[9, 10, 5]
2026-01-14 20:50:58,781 - /DATA/Aurindum/Swarming/Outputs/20260109_202226_ParticleTesting/P130_I20/run.log - INFO - n_caps=4 | minZ=0.050437 | models=[1014, 1012, 510, 433] | nodes=[9, 10, 5, 14]
2026-01-14 20:52:25,798 - /DATA/Aurindum/Swarming/Outputs/20260109_202226_ParticleTesting/P130_I20/run.log - INFO - n_caps=5 | minZ=0.047937 | models=[1014, 1012, 510, 433, 455] | nodes=[9, 10, 5, 14, 15]
2026-01-14 20:53:46,886 - /DATA/Aurindum/Swarming/Outputs/20260109_202226_ParticleTesting/P130_I20/run.log - INFO - n_caps=6 | minZ=0.046289 | models=[1014, 1012, 510, 433, 456, 273] | nodes=[9, 10, 5, 14, 15, 6]
2026-01-14 20:55:11,117 - /DATA/Aurindum/Swarming/Outputs/20260109_202226_ParticleTesting/P130_I20/run.log - INFO - n_caps=7 | minZ=0.044716 | models=[1014, 1012, 510, 433, 456, 273, 171] | nodes=[9, 10, 5, 14, 15, 6, 7]
2026-01-14 20:56:40,039 - /DATA/Aurindum/Swarming/Outputs/20260109_202226_ParticleTesting/P130_I20/run.log - INFO - n_caps=8 | minZ=0.042671 | models=[1014, 1012, 513, 433, 455, 273, 171, 504] | nodes=[9, 10, 5, 14, 15, 6, 7, 16]
2026-01-14 20:58:09,514 - /DATA/Aurindum/Swarming/Outputs/20260109_202226_ParticleTesting/P130_I20/run.log - INFO - n_caps=9 | minZ=0.042038 | models=[1014, 1012, 513, 433, 455, 273, 171, 504, 67] | nodes=[9, 10, 5, 14, 15, 6, 7, 16, 8]
2026-01-14 20:59:40,896 - /DATA/Aurindum/Swarming/Outputs/20260109_202226_ParticleTesting/P130_I20/run.log - INFO - n_caps=10 | minZ=0.041882 | models=[1014, 1012, 514, 433, 456, 273, 171, 504, 67, 1289] | nodes=[9, 10, 5, 15, 14, 6, 7, 16, 8, 2]
2026-01-14 20:59:40,897 - /DATA/Aurindum/Swarming/Outputs/20260109_202226_ParticleTesting/P130_I20/run.log - INFO - Threshold reached at n_caps=10
2026-01-14 21:01:56,868 - /DATA/Aurindum/Swarming/Outputs/20260109_202226_ParticleTesting/P130_I30/run.log - INFO - n_caps=1 | minZ=0.087365 | models=[1012] | nodes=[9]
2026-01-14 21:04:01,080 - /DATA/Aurindum/Swarming/Outputs/20260109_202226_ParticleTesting/P130_I30/run.log - INFO - n_caps=2 | minZ=0.064766 | models=[1012, 1014] | nodes=[10, 9]
2026-01-14 21:06:13,265 - /DATA/Aurindum/Swarming/Outputs/20260109_202226_ParticleTesting/P130_I30/run.log - INFO - n_caps=3 | minZ=0.053863 | models=[1012, 1014, 528] | nodes=[10, 9, 14]
2026-01-14 21:08:26,279 - /DATA/Aurindum/Swarming/Outputs/20260109_202226_ParticleTesting/P130_I30/run.log - INFO - n_caps=4 | minZ=0.050407 | models=[1012, 1014, 527, 110] | nodes=[10, 9, 14, 6]
2026-01-14 21:10:38,199 - /DATA/Aurindum/Swarming/Outputs/20260109_202226_ParticleTesting/P130_I30/run.log - INFO - n_caps=5 | minZ=0.047855 | models=[1012, 1014, 527, 110, 433] | nodes=[10, 9, 14, 6, 15]
2026-01-14 21:12:42,144 - /DATA/Aurindum/Swarming/Outputs/20260109_202226_ParticleTesting/P130_I30/run.log - INFO - n_caps=6 | minZ=0.045584 | models=[1012, 1014, 527, 109, 434, 189] | nodes=[10, 9, 14, 6, 15, 7]
2026-01-14 21:14:58,823 - /DATA/Aurindum/Swarming/Outputs/20260109_202226_ParticleTesting/P130_I30/run.log - INFO - n_caps=7 | minZ=0.043722 | models=[1012, 1014, 527, 109, 434, 189, 473] | nodes=[10, 9, 14, 6, 15, 7, 5]
2026-01-14 21:17:13,485 - /DATA/Aurindum/Swarming/Outputs/20260109_202226_ParticleTesting/P130_I30/run.log - INFO - n_caps=8 | minZ=0.042406 | models=[1012, 1014, 528, 109, 434, 189, 474, 189] | nodes=[10, 9, 14, 6, 15, 7, 5, 16]
2026-01-14 21:19:26,246 - /DATA/Aurindum/Swarming/Outputs/20260109_202226_ParticleTesting/P130_I30/run.log - INFO - n_caps=9 | minZ=0.041877 | models=[1012, 1014, 528, 109, 434, 189, 474, 189, 59] | nodes=[10, 9, 14, 6, 15, 7, 5, 16, 8]
2026-01-14 21:19:26,247 - /DATA/Aurindum/Swarming/Outputs/20260109_202226_ParticleTesting/P130_I30/run.log - INFO - Threshold reached at n_caps=9
2026-01-14 21:22:21,231 - /DATA/Aurindum/Swarming/Outputs/20260109_202226_ParticleTesting/P130_I40/run.log - INFO - n_caps=1 | minZ=0.087365 | models=[1014] | nodes=[9]
2026-01-14 21:25:16,174 - /DATA/Aurindum/Swarming/Outputs/20260109_202226_ParticleTesting/P130_I40/run.log - INFO - n_caps=2 | minZ=0.064766 | models=[1014, 1014] | nodes=[9, 10]
2026-01-14 21:28:17,839 - /DATA/Aurindum/Swarming/Outputs/20260109_202226_ParticleTesting/P130_I40/run.log - INFO - n_caps=3 | minZ=0.054175 | models=[1014, 1014, 499] | nodes=[10, 9, 5]
2026-01-14 21:31:13,674 - /DATA/Aurindum/Swarming/Outputs/20260109_202226_ParticleTesting/P130_I40/run.log - INFO - n_caps=4 | minZ=0.050965 | models=[1014, 1014, 499, 434] | nodes=[10, 9, 5, 6]
2026-01-14 21:34:13,199 - /DATA/Aurindum/Swarming/Outputs/20260109_202226_ParticleTesting/P130_I40/run.log - INFO - n_caps=5 | minZ=0.048507 | models=[1014, 1014, 499, 434, 189] | nodes=[10, 9, 5, 6, 7]
2026-01-14 21:37:09,289 - /DATA/Aurindum/Swarming/Outputs/20260109_202226_ParticleTesting/P130_I40/run.log - INFO - n_caps=6 | minZ=0.045766 | models=[1014, 1014, 499, 433, 189, 685] | nodes=[10, 9, 5, 6, 7, 14]
2026-01-14 21:40:05,164 - /DATA/Aurindum/Swarming/Outputs/20260109_202226_ParticleTesting/P130_I40/run.log - INFO - n_caps=7 | minZ=0.043543 | models=[1014, 1014, 499, 434, 189, 685, 189] | nodes=[10, 9, 5, 6, 7, 14, 15]
2026-01-14 21:43:09,595 - /DATA/Aurindum/Swarming/Outputs/20260109_202226_ParticleTesting/P130_I40/run.log - INFO - n_caps=8 | minZ=0.041908 | models=[1014, 1014, 499, 434, 189, 685, 189, 189] | nodes=[10, 9, 5, 6, 7, 14, 15, 16]
2026-01-14 21:43:09,595 - /DATA/Aurindum/Swarming/Outputs/20260109_202226_ParticleTesting/P130_I40/run.log - INFO - Threshold reached at n_caps=8
2026-01-14 21:46:48,368 - /DATA/Aurindum/Swarming/Outputs/20260109_202226_ParticleTesting/P130_I50/run.log - INFO - n_caps=1 | minZ=0.087365 | models=[1012] | nodes=[9]
2026-01-14 21:50:34,928 - /DATA/Aurindum/Swarming/Outputs/20260109_202226_ParticleTesting/P130_I50/run.log - INFO - n_caps=2 | minZ=0.066976 | models=[1012, 893] | nodes=[9, 10]
2026-01-14 21:54:20,300 - /DATA/Aurindum/Swarming/Outputs/20260109_202226_ParticleTesting/P130_I50/run.log - INFO - n_caps=3 | minZ=0.056198 | models=[1012, 892, 686] | nodes=[9, 10, 15]
2026-01-14 21:57:52,172 - /DATA/Aurindum/Swarming/Outputs/20260109_202226_ParticleTesting/P130_I50/run.log - INFO - n_caps=4 | minZ=0.050825 | models=[1012, 892, 685, 893] | nodes=[9, 10, 15, 5]
2026-01-14 22:01:03,994 - /DATA/Aurindum/Swarming/Outputs/20260109_202226_ParticleTesting/P130_I50/run.log - INFO - n_caps=5 | minZ=0.045714 | models=[1012, 892, 686, 893, 447] | nodes=[9, 10, 15, 6, 5]
2026-01-14 22:04:21,714 - /DATA/Aurindum/Swarming/Outputs/20260109_202226_ParticleTesting/P130_I50/run.log - INFO - n_caps=6 | minZ=0.043464 | models=[1012, 892, 686, 893, 447, 189] | nodes=[9, 10, 15, 5, 6, 7]
2026-01-14 22:07:51,624 - /DATA/Aurindum/Swarming/Outputs/20260109_202226_ParticleTesting/P130_I50/run.log - INFO - n_caps=7 | minZ=0.040949 | models=[1012, 892, 686, 892, 447, 189, 433] | nodes=[9, 10, 15, 6, 5, 7, 14]
2026-01-14 22:07:51,624 - /DATA/Aurindum/Swarming/Outputs/20260109_202226_ParticleTesting/P130_I50/run.log - INFO - Threshold reached at n_caps=7
2026-01-14 22:11:56,328 - /DATA/Aurindum/Swarming/Outputs/20260109_202226_ParticleTesting/P130_I60/run.log - INFO - n_caps=1 | minZ=0.087365 | models=[1014] | nodes=[9]
2026-01-14 22:16:14,673 - /DATA/Aurindum/Swarming/Outputs/20260109_202226_ParticleTesting/P130_I60/run.log - INFO - n_caps=2 | minZ=0.064766 | models=[1014, 1012] | nodes=[9, 10]
2026-01-14 22:20:13,767 - /DATA/Aurindum/Swarming/Outputs/20260109_202226_ParticleTesting/P130_I60/run.log - INFO - n_caps=3 | minZ=0.054175 | models=[1014, 1012, 512] | nodes=[10, 9, 5]
2026-01-14 22:24:20,252 - /DATA/Aurindum/Swarming/Outputs/20260109_202226_ParticleTesting/P130_I60/run.log - INFO - n_caps=4 | minZ=0.050415 | models=[1014, 1012, 512, 433] | nodes=[10, 9, 5, 14]
2026-01-14 22:28:18,048 - /DATA/Aurindum/Swarming/Outputs/20260109_202226_ParticleTesting/P130_I60/run.log - INFO - n_caps=5 | minZ=0.048005 | models=[1014, 1012, 512, 433, 433] | nodes=[10, 9, 5, 14, 6]
2026-01-14 22:32:22,421 - /DATA/Aurindum/Swarming/Outputs/20260109_202226_ParticleTesting/P130_I60/run.log - INFO - n_caps=6 | minZ=0.045296 | models=[1014, 1012, 512, 433, 433, 189] | nodes=[10, 9, 5, 14, 6, 7]
2026-01-14 22:36:28,955 - /DATA/Aurindum/Swarming/Outputs/20260109_202226_ParticleTesting/P130_I60/run.log - INFO - n_caps=7 | minZ=0.043484 | models=[1014, 1012, 512, 433, 433, 189, 433] | nodes=[10, 9, 5, 14, 6, 7, 15]
2026-01-14 22:40:40,653 - /DATA/Aurindum/Swarming/Outputs/20260109_202226_ParticleTesting/P130_I60/run.log - INFO - n_caps=8 | minZ=0.041934 | models=[1014, 1012, 514, 434, 433, 189, 433, 225] | nodes=[10, 9, 5, 14, 6, 7, 15, 16]
2026-01-14 22:40:40,654 - /DATA/Aurindum/Swarming/Outputs/20260109_202226_ParticleTesting/P130_I60/run.log - INFO - Threshold reached at n_caps=8
2026-01-14 22:45:16,644 - /DATA/Aurindum/Swarming/Outputs/20260109_202226_ParticleTesting/P130_I70/run.log - INFO - n_caps=1 | minZ=0.087365 | models=[1014] | nodes=[9]
2026-01-14 22:50:19,422 - /DATA/Aurindum/Swarming/Outputs/20260109_202226_ParticleTesting/P130_I70/run.log - INFO - n_caps=2 | minZ=0.064766 | models=[1014, 1014] | nodes=[9, 10]
2026-01-14 22:54:55,149 - /DATA/Aurindum/Swarming/Outputs/20260109_202226_ParticleTesting/P130_I70/run.log - INFO - n_caps=3 | minZ=0.053863 | models=[1014, 1014, 527] | nodes=[9, 10, 14]
2026-01-14 22:59:43,008 - /DATA/Aurindum/Swarming/Outputs/20260109_202226_ParticleTesting/P130_I70/run.log - INFO - n_caps=4 | minZ=0.050303 | models=[1014, 1014, 528, 344] | nodes=[10, 9, 14, 5]
2026-01-14 23:04:34,011 - /DATA/Aurindum/Swarming/Outputs/20260109_202226_ParticleTesting/P130_I70/run.log - INFO - n_caps=5 | minZ=0.046757 | models=[1014, 1014, 528, 344, 175] | nodes=[10, 9, 14, 5, 6]
2026-01-14 23:09:26,512 - /DATA/Aurindum/Swarming/Outputs/20260109_202226_ParticleTesting/P130_I70/run.log - INFO - n_caps=6 | minZ=0.045004 | models=[1014, 1014, 528, 344, 175, 226] | nodes=[10, 9, 14, 5, 6, 7]
2026-01-14 23:13:58,946 - /DATA/Aurindum/Swarming/Outputs/20260109_202226_ParticleTesting/P130_I70/run.log - INFO - n_caps=7 | minZ=0.042917 | models=[1014, 1014, 528, 344, 175, 225, 433] | nodes=[10, 9, 14, 5, 7, 6, 15]
2026-01-14 23:18:37,577 - /DATA/Aurindum/Swarming/Outputs/20260109_202226_ParticleTesting/P130_I70/run.log - INFO - n_caps=8 | minZ=0.041294 | models=[1014, 1014, 528, 344, 175, 225, 433, 171] | nodes=[9, 10, 14, 5, 7, 6, 15, 16]
2026-01-14 23:18:37,577 - /DATA/Aurindum/Swarming/Outputs/20260109_202226_ParticleTesting/P130_I70/run.log - INFO - Threshold reached at n_caps=8
2026-01-14 23:23:44,856 - /DATA/Aurindum/Swarming/Outputs/20260109_202226_ParticleTesting/P130_I80/run.log - INFO - n_caps=1 | minZ=0.087365 | models=[1012] | nodes=[9]
2026-01-14 23:29:03,050 - /DATA/Aurindum/Swarming/Outputs/20260109_202226_ParticleTesting/P130_I80/run.log - INFO - n_caps=2 | minZ=0.064766 | models=[1012, 1012] | nodes=[9, 10]
2026-01-14 23:34:13,863 - /DATA/Aurindum/Swarming/Outputs/20260109_202226_ParticleTesting/P130_I80/run.log - INFO - n_caps=3 | minZ=0.054024 | models=[1014, 1012, 511] | nodes=[10, 9, 15]
2026-01-14 23:39:25,392 - /DATA/Aurindum/Swarming/Outputs/20260109_202226_ParticleTesting/P130_I80/run.log - INFO - n_caps=4 | minZ=0.050135 | models=[1014, 1012, 512, 344] | nodes=[9, 10, 14, 15]
2026-01-14 23:44:40,151 - /DATA/Aurindum/Swarming/Outputs/20260109_202226_ParticleTesting/P130_I80/run.log - INFO - n_caps=5 | minZ=0.047384 | models=[1014, 1012, 512, 344, 262] | nodes=[9, 10, 14, 15, 16]
2026-01-14 23:49:56,034 - /DATA/Aurindum/Swarming/Outputs/20260109_202226_ParticleTesting/P130_I80/run.log - INFO - n_caps=6 | minZ=0.044164 | models=[1014, 1012, 512, 344, 262, 434] | nodes=[10, 9, 14, 15, 16, 5]
2026-01-14 23:55:40,479 - /DATA/Aurindum/Swarming/Outputs/20260109_202226_ParticleTesting/P130_I80/run.log - INFO - n_caps=7 | minZ=0.042672 | models=[1014, 1012, 512, 344, 262, 434, 110] | nodes=[9, 10, 14, 15, 16, 5, 6]
2026-01-15 00:00:58,586 - /DATA/Aurindum/Swarming/Outputs/20260109_202226_ParticleTesting/P130_I80/run.log - INFO - n_caps=8 | minZ=0.041037 | models=[1014, 1012, 512, 344, 262, 434, 110, 174] | nodes=[10, 9, 14, 15, 16, 5, 6, 7]
2026-01-15 00:00:58,587 - /DATA/Aurindum/Swarming/Outputs/20260109_202226_ParticleTesting/P130_I80/run.log - INFO - Threshold reached at n_caps=8
2026-01-15 00:07:03,682 - /DATA/Aurindum/Swarming/Outputs/20260109_202226_ParticleTesting/P130_I90/run.log - INFO - n_caps=1 | minZ=0.087365 | models=[1012] | nodes=[9]
2026-01-15 00:13:30,362 - /DATA/Aurindum/Swarming/Outputs/20260109_202226_ParticleTesting/P130_I90/run.log - INFO - n_caps=2 | minZ=0.064766 | models=[1012, 1014] | nodes=[9, 10]
2026-01-15 00:19:30,699 - /DATA/Aurindum/Swarming/Outputs/20260109_202226_ParticleTesting/P130_I90/run.log - INFO - n_caps=3 | minZ=0.053863 | models=[1012, 1014, 528] | nodes=[9, 10, 14]
2026-01-15 00:25:47,929 - /DATA/Aurindum/Swarming/Outputs/20260109_202226_ParticleTesting/P130_I90/run.log - INFO - n_caps=4 | minZ=0.049874 | models=[1012, 1014, 528, 434] | nodes=[9, 10, 14, 15]
2026-01-15 00:32:06,268 - /DATA/Aurindum/Swarming/Outputs/20260109_202226_ParticleTesting/P130_I90/run.log - INFO - n_caps=5 | minZ=0.047377 | models=[1012, 1014, 606, 447, 341] | nodes=[9, 10, 14, 15, 5]
2026-01-15 00:38:22,750 - /DATA/Aurindum/Swarming/Outputs/20260109_202226_ParticleTesting/P130_I90/run.log - INFO - n_caps=6 | minZ=0.044793 | models=[1012, 1014, 606, 447, 342, 189] | nodes=[9, 10, 15, 14, 5, 6]
2026-01-15 00:44:23,703 - /DATA/Aurindum/Swarming/Outputs/20260109_202226_ParticleTesting/P130_I90/run.log - INFO - n_caps=7 | minZ=0.043049 | models=[1012, 1014, 606, 447, 342, 189, 91] | nodes=[9, 10, 15, 14, 5, 6, 7]
2026-01-15 00:50:38,531 - /DATA/Aurindum/Swarming/Outputs/20260109_202226_ParticleTesting/P130_I90/run.log - INFO - n_caps=8 | minZ=0.041623 | models=[1012, 1014, 605, 447, 342, 189, 91, 171] | nodes=[9, 10, 15, 14, 5, 6, 7, 16]
2026-01-15 00:50:38,532 - /DATA/Aurindum/Swarming/Outputs/20260109_202226_ParticleTesting/P130_I90/run.log - INFO - Threshold reached at n_caps=8
2026-01-15 00:57:04,622 - /DATA/Aurindum/Swarming/Outputs/20260109_202226_ParticleTesting/P130_I100/run.log - INFO - n_caps=1 | minZ=0.087365 | models=[1014] | nodes=[9]
2026-01-15 01:03:42,918 - /DATA/Aurindum/Swarming/Outputs/20260109_202226_ParticleTesting/P130_I100/run.log - INFO - n_caps=2 | minZ=0.064766 | models=[1014, 1012] | nodes=[9, 10]
2026-01-15 01:10:34,508 - /DATA/Aurindum/Swarming/Outputs/20260109_202226_ParticleTesting/P130_I100/run.log - INFO - n_caps=3 | minZ=0.053863 | models=[1014, 1012, 527] | nodes=[9, 10, 14]
2026-01-15 01:17:18,966 - /DATA/Aurindum/Swarming/Outputs/20260109_202226_ParticleTesting/P130_I100/run.log - INFO - n_caps=4 | minZ=0.049874 | models=[1014, 1012, 527, 434] | nodes=[9, 10, 14, 15]
2026-01-15 01:24:20,586 - /DATA/Aurindum/Swarming/Outputs/20260109_202226_ParticleTesting/P130_I100/run.log - INFO - n_caps=5 | minZ=0.047841 | models=[1014, 1012, 527, 434, 222] | nodes=[9, 10, 14, 15, 7]
2026-01-15 01:31:18,209 - /DATA/Aurindum/Swarming/Outputs/20260109_202226_ParticleTesting/P130_I100/run.log - INFO - n_caps=6 | minZ=0.045686 | models=[1014, 1012, 527, 434, 221, 434] | nodes=[9, 10, 14, 15, 7, 5]
2026-01-15 01:38:03,968 - /DATA/Aurindum/Swarming/Outputs/20260109_202226_ParticleTesting/P130_I100/run.log - INFO - n_caps=7 | minZ=0.043643 | models=[1014, 1012, 527, 434, 221, 434, 179] | nodes=[9, 10, 14, 15, 7, 5, 6]
2026-01-15 01:45:25,785 - /DATA/Aurindum/Swarming/Outputs/20260109_202226_ParticleTesting/P130_I100/run.log - INFO - n_caps=8 | minZ=0.041940 | models=[1014, 1012, 527, 434, 221, 434, 179, 109] | nodes=[9, 10, 14, 15, 6, 5, 7, 16]
2026-01-15 01:45:25,786 - /DATA/Aurindum/Swarming/Outputs/20260109_202226_ParticleTesting/P130_I100/run.log - INFO - Threshold reached at n_caps=8
2026-01-15 01:53:36,500 - /DATA/Aurindum/Swarming/Outputs/20260109_202226_ParticleTesting/P130_I110/run.log - INFO - n_caps=1 | minZ=0.087365 | models=[1014] | nodes=[9]
2026-01-15 02:00:59,546 - /DATA/Aurindum/Swarming/Outputs/20260109_202226_ParticleTesting/P130_I110/run.log - INFO - n_caps=2 | minZ=0.064766 | models=[1014, 1014] | nodes=[9, 10]
2026-01-15 02:08:20,060 - /DATA/Aurindum/Swarming/Outputs/20260109_202226_ParticleTesting/P130_I110/run.log - INFO - n_caps=3 | minZ=0.053863 | models=[1014, 1014, 528] | nodes=[9, 10, 14]
2026-01-15 02:15:30,249 - /DATA/Aurindum/Swarming/Outputs/20260109_202226_ParticleTesting/P130_I110/run.log - INFO - n_caps=4 | minZ=0.049979 | models=[1014, 1014, 511, 434] | nodes=[9, 10, 14, 5]
2026-01-15 02:22:43,441 - /DATA/Aurindum/Swarming/Outputs/20260109_202226_ParticleTesting/P130_I110/run.log - INFO - n_caps=5 | minZ=0.046568 | models=[1014, 1014, 456, 434, 838] | nodes=[9, 10, 14, 5, 6]
2026-01-15 02:30:34,455 - /DATA/Aurindum/Swarming/Outputs/20260109_202226_ParticleTesting/P130_I110/run.log - INFO - n_caps=6 | minZ=0.044526 | models=[1014, 1014, 455, 434, 838, 226] | nodes=[9, 10, 14, 5, 6, 15]
2026-01-15 02:38:00,765 - /DATA/Aurindum/Swarming/Outputs/20260109_202226_ParticleTesting/P130_I110/run.log - INFO - n_caps=7 | minZ=0.042864 | models=[1014, 1014, 455, 434, 838, 226, 189] | nodes=[9, 10, 14, 5, 6, 15, 16]
2026-01-15 02:45:29,273 - /DATA/Aurindum/Swarming/Outputs/20260109_202226_ParticleTesting/P130_I110/run.log - INFO - n_caps=8 | minZ=0.041171 | models=[1014, 1014, 455, 434, 838, 226, 189, 222] | nodes=[9, 10, 14, 5, 6, 15, 16, 7]
2026-01-15 02:45:29,274 - /DATA/Aurindum/Swarming/Outputs/20260109_202226_ParticleTesting/P130_I110/run.log - INFO - Threshold reached at n_caps=8
2026-01-15 02:53:35,121 - /DATA/Aurindum/Swarming/Outputs/20260109_202226_ParticleTesting/P130_I120/run.log - INFO - n_caps=1 | minZ=0.087365 | models=[1012] | nodes=[9]
2026-01-15 03:01:34,460 - /DATA/Aurindum/Swarming/Outputs/20260109_202226_ParticleTesting/P130_I120/run.log - INFO - n_caps=2 | minZ=0.064766 | models=[1012, 1014] | nodes=[9, 10]
2026-01-15 03:09:40,713 - /DATA/Aurindum/Swarming/Outputs/20260109_202226_ParticleTesting/P130_I120/run.log - INFO - n_caps=3 | minZ=0.053863 | models=[1012, 1014, 528] | nodes=[10, 9, 14]
2026-01-15 03:17:47,514 - /DATA/Aurindum/Swarming/Outputs/20260109_202226_ParticleTesting/P130_I120/run.log - INFO - n_caps=4 | minZ=0.049852 | models=[1012, 1014, 512, 433] | nodes=[10, 9, 14, 15]
2026-01-15 03:26:00,758 - /DATA/Aurindum/Swarming/Outputs/20260109_202226_ParticleTesting/P130_I120/run.log - INFO - n_caps=5 | minZ=0.048034 | models=[1012, 1014, 512, 433, 222] | nodes=[10, 9, 14, 15, 7]
2026-01-15 03:34:02,706 - /DATA/Aurindum/Swarming/Outputs/20260109_202226_ParticleTesting/P130_I120/run.log - INFO - n_caps=6 | minZ=0.045851 | models=[1012, 1014, 512, 434, 222, 344] | nodes=[10, 9, 14, 15, 7, 5]
2026-01-15 03:42:35,577 - /DATA/Aurindum/Swarming/Outputs/20260109_202226_ParticleTesting/P130_I120/run.log - INFO - n_caps=7 | minZ=0.042775 | models=[1012, 1014, 512, 434, 222, 344, 263] | nodes=[10, 9, 14, 15, 7, 5, 16]
2026-01-15 03:50:37,071 - /DATA/Aurindum/Swarming/Outputs/20260109_202226_ParticleTesting/P130_I120/run.log - INFO - n_caps=8 | minZ=0.041880 | models=[1012, 1014, 512, 434, 222, 344, 262, 13] | nodes=[10, 9, 14, 15, 7, 5, 16, 6]
2026-01-15 03:50:37,071 - /DATA/Aurindum/Swarming/Outputs/20260109_202226_ParticleTesting/P130_I120/run.log - INFO - Threshold reached at n_caps=8
2026-01-15 03:59:15,574 - /DATA/Aurindum/Swarming/Outputs/20260109_202226_ParticleTesting/P130_I130/run.log - INFO - n_caps=1 | minZ=0.087365 | models=[1012] | nodes=[9]
2026-01-15 04:07:39,322 - /DATA/Aurindum/Swarming/Outputs/20260109_202226_ParticleTesting/P130_I130/run.log - INFO - n_caps=2 | minZ=0.064766 | models=[1012, 1014] | nodes=[9, 10]
2026-01-15 04:16:25,264 - /DATA/Aurindum/Swarming/Outputs/20260109_202226_ParticleTesting/P130_I130/run.log - INFO - n_caps=3 | minZ=0.053863 | models=[1012, 1014, 528] | nodes=[9, 10, 14]
2026-01-15 04:25:11,103 - /DATA/Aurindum/Swarming/Outputs/20260109_202226_ParticleTesting/P130_I130/run.log - INFO - n_caps=4 | minZ=0.050009 | models=[1012, 1014, 528, 433] | nodes=[9, 10, 14, 5]
2026-01-15 04:33:53,778 - /DATA/Aurindum/Swarming/Outputs/20260109_202226_ParticleTesting/P130_I130/run.log - INFO - n_caps=5 | minZ=0.047782 | models=[1012, 1014, 528, 434, 110] | nodes=[9, 10, 14, 5, 6]
2026-01-15 04:43:05,878 - /DATA/Aurindum/Swarming/Outputs/20260109_202226_ParticleTesting/P130_I130/run.log - INFO - n_caps=6 | minZ=0.045578 | models=[1012, 1014, 527, 434, 109, 189] | nodes=[9, 10, 14, 5, 6, 7]
2026-01-15 04:52:20,826 - /DATA/Aurindum/Swarming/Outputs/20260109_202226_ParticleTesting/P130_I130/run.log - INFO - n_caps=7 | minZ=0.043283 | models=[1012, 1014, 528, 434, 109, 189, 892] | nodes=[9, 10, 14, 5, 6, 7, 15]
2026-01-15 05:01:04,873 - /DATA/Aurindum/Swarming/Outputs/20260109_202226_ParticleTesting/P130_I130/run.log - INFO - n_caps=8 | minZ=0.041050 | models=[1012, 1014, 528, 433, 109, 189, 892, 263] | nodes=[9, 10, 14, 5, 6, 7, 15, 16]
2026-01-15 05:01:04,874 - /DATA/Aurindum/Swarming/Outputs/20260109_202226_ParticleTesting/P130_I130/run.log - INFO - Threshold reached at n_caps=8
2026-01-15 05:10:26,677 - /DATA/Aurindum/Swarming/Outputs/20260109_202226_ParticleTesting/P130_I140/run.log - INFO - n_caps=1 | minZ=0.087365 | models=[1012] | nodes=[9]
2026-01-15 05:19:57,313 - /DATA/Aurindum/Swarming/Outputs/20260109_202226_ParticleTesting/P130_I140/run.log - INFO - n_caps=2 | minZ=0.064766 | models=[1012, 1012] | nodes=[9, 10]
2026-01-15 05:29:00,846 - /DATA/Aurindum/Swarming/Outputs/20260109_202226_ParticleTesting/P130_I140/run.log - INFO - n_caps=3 | minZ=0.053976 | models=[1012, 1012, 509] | nodes=[10, 9, 14]
2026-01-15 05:38:20,254 - /DATA/Aurindum/Swarming/Outputs/20260109_202226_ParticleTesting/P130_I140/run.log - INFO - n_caps=4 | minZ=0.049666 | models=[1012, 1012, 447, 434] | nodes=[10, 9, 14, 15]
2026-01-15 05:47:29,710 - /DATA/Aurindum/Swarming/Outputs/20260109_202226_ParticleTesting/P130_I140/run.log - INFO - n_caps=5 | minZ=0.046011 | models=[1012, 1012, 447, 434, 344] | nodes=[10, 9, 14, 15, 5]
2026-01-15 05:56:40,747 - /DATA/Aurindum/Swarming/Outputs/20260109_202226_ParticleTesting/P130_I140/run.log - INFO - n_caps=6 | minZ=0.043911 | models=[1012, 1012, 447, 434, 344, 171] | nodes=[10, 9, 14, 15, 5, 7]
2026-01-15 06:06:08,814 - /DATA/Aurindum/Swarming/Outputs/20260109_202226_ParticleTesting/P130_I140/run.log - INFO - n_caps=7 | minZ=0.042336 | models=[1012, 1012, 447, 434, 344, 171, 434] | nodes=[10, 9, 14, 16, 5, 7, 15]
2026-01-15 06:15:59,478 - /DATA/Aurindum/Swarming/Outputs/20260109_202226_ParticleTesting/P130_I140/run.log - INFO - n_caps=8 | minZ=0.040339 | models=[1012, 1012, 448, 434, 344, 171, 434, 171] | nodes=[10, 9, 14, 16, 5, 6, 15, 7]
2026-01-15 06:15:59,479 - /DATA/Aurindum/Swarming/Outputs/20260109_202226_ParticleTesting/P130_I140/run.log - INFO - Threshold reached at n_caps=8
2026-01-15 06:25:57,199 - /DATA/Aurindum/Swarming/Outputs/20260109_202226_ParticleTesting/P130_I150/run.log - INFO - n_caps=1 | minZ=0.087365 | models=[1012] | nodes=[9]
2026-01-15 06:36:15,572 - /DATA/Aurindum/Swarming/Outputs/20260109_202226_ParticleTesting/P130_I150/run.log - INFO - n_caps=2 | minZ=0.064766 | models=[1012, 1014] | nodes=[9, 10]
2026-01-15 06:45:58,578 - /DATA/Aurindum/Swarming/Outputs/20260109_202226_ParticleTesting/P130_I150/run.log - INFO - n_caps=3 | minZ=0.053863 | models=[1012, 1014, 528] | nodes=[9, 10, 14]
2026-01-15 06:56:10,572 - /DATA/Aurindum/Swarming/Outputs/20260109_202226_ParticleTesting/P130_I150/run.log - INFO - n_caps=4 | minZ=0.049852 | models=[1012, 1014, 512, 433] | nodes=[9, 10, 14, 15]
2026-01-15 07:06:01,282 - /DATA/Aurindum/Swarming/Outputs/20260109_202226_ParticleTesting/P130_I150/run.log - INFO - n_caps=5 | minZ=0.047753 | models=[1012, 1014, 509, 434, 342] | nodes=[9, 10, 14, 15, 5]
2026-01-15 07:16:21,827 - /DATA/Aurindum/Swarming/Outputs/20260109_202226_ParticleTesting/P130_I150/run.log - INFO - n_caps=6 | minZ=0.044077 | models=[1012, 1014, 509, 434, 342, 262] | nodes=[9, 10, 14, 15, 5, 6]
2026-01-15 07:26:11,607 - /DATA/Aurindum/Swarming/Outputs/20260109_202226_ParticleTesting/P130_I150/run.log - INFO - n_caps=7 | minZ=0.042859 | models=[1012, 1014, 509, 434, 342, 262, 109] | nodes=[9, 10, 15, 14, 5, 6, 7]
2026-01-15 07:36:36,966 - /DATA/Aurindum/Swarming/Outputs/20260109_202226_ParticleTesting/P130_I150/run.log - INFO - n_caps=8 | minZ=0.041167 | models=[1012, 1014, 511, 433, 342, 262, 109, 174] | nodes=[10, 9, 15, 14, 5, 6, 7, 16]
2026-01-15 07:36:36,967 - /DATA/Aurindum/Swarming/Outputs/20260109_202226_ParticleTesting/P130_I150/run.log - INFO - Threshold reached at n_caps=8
2026-01-15 07:47:23,708 - /DATA/Aurindum/Swarming/Outputs/20260109_202226_ParticleTesting/P130_I160/run.log - INFO - n_caps=1 | minZ=0.087365 | models=[1012] | nodes=[9]
2026-01-15 07:58:21,355 - /DATA/Aurindum/Swarming/Outputs/20260109_202226_ParticleTesting/P130_I160/run.log - INFO - n_caps=2 | minZ=0.064766 | models=[1012, 1012] | nodes=[9, 10]
2026-01-15 08:08:54,873 - /DATA/Aurindum/Swarming/Outputs/20260109_202226_ParticleTesting/P130_I160/run.log - INFO - n_caps=3 | minZ=0.053863 | models=[1012, 1012, 527] | nodes=[9, 10, 14]
2026-01-15 08:20:00,101 - /DATA/Aurindum/Swarming/Outputs/20260109_202226_ParticleTesting/P130_I160/run.log - INFO - n_caps=4 | minZ=0.049979 | models=[1012, 1012, 511, 433] | nodes=[9, 10, 14, 5]
2026-01-15 08:31:00,871 - /DATA/Aurindum/Swarming/Outputs/20260109_202226_ParticleTesting/P130_I160/run.log - INFO - n_caps=5 | minZ=0.046081 | models=[1012, 1012, 455, 433, 434] | nodes=[9, 10, 14, 5, 15]
2026-01-15 08:42:11,223 - /DATA/Aurindum/Swarming/Outputs/20260109_202226_ParticleTesting/P130_I160/run.log - INFO - n_caps=6 | minZ=0.044101 | models=[1012, 1012, 456, 433, 434, 110] | nodes=[9, 10, 14, 5, 15, 6]
2026-01-15 08:52:52,928 - /DATA/Aurindum/Swarming/Outputs/20260109_202226_ParticleTesting/P130_I160/run.log - INFO - n_caps=7 | minZ=0.042557 | models=[1012, 1012, 456, 433, 434, 110, 225] | nodes=[9, 10, 14, 5, 15, 7, 6]
2026-01-15 09:03:34,488 - /DATA/Aurindum/Swarming/Outputs/20260109_202226_ParticleTesting/P130_I160/run.log - INFO - n_caps=8 | minZ=0.041346 | models=[1012, 1012, 456, 433, 434, 109, 225, 189] | nodes=[9, 10, 14, 5, 15, 6, 7, 16]
2026-01-15 09:03:34,489 - /DATA/Aurindum/Swarming/Outputs/20260109_202226_ParticleTesting/P130_I160/run.log - INFO - Threshold reached at n_caps=8
2026-01-15 09:14:52,580 - /DATA/Aurindum/Swarming/Outputs/20260109_202226_ParticleTesting/P130_I170/run.log - INFO - n_caps=1 | minZ=0.087365 | models=[1014] | nodes=[9]
2026-01-15 09:26:38,269 - /DATA/Aurindum/Swarming/Outputs/20260109_202226_ParticleTesting/P130_I170/run.log - INFO - n_caps=2 | minZ=0.064766 | models=[1014, 1012] | nodes=[9, 10]
2026-01-15 09:37:58,931 - /DATA/Aurindum/Swarming/Outputs/20260109_202226_ParticleTesting/P130_I170/run.log - INFO - n_caps=3 | minZ=0.053863 | models=[1014, 1012, 527] | nodes=[9, 10, 14]
2026-01-15 09:49:47,697 - /DATA/Aurindum/Swarming/Outputs/20260109_202226_ParticleTesting/P130_I170/run.log - INFO - n_caps=4 | minZ=0.049852 | models=[1014, 1012, 511, 433] | nodes=[9, 10, 14, 15]
2026-01-15 10:01:10,724 - /DATA/Aurindum/Swarming/Outputs/20260109_202226_ParticleTesting/P130_I170/run.log - INFO - n_caps=5 | minZ=0.046081 | models=[1014, 1012, 448, 433, 434] | nodes=[9, 10, 14, 15, 5]
2026-01-15 10:13:28,046 - /DATA/Aurindum/Swarming/Outputs/20260109_202226_ParticleTesting/P130_I170/run.log - INFO - n_caps=6 | minZ=0.044101 | models=[1014, 1012, 448, 433, 434, 109] | nodes=[9, 10, 14, 15, 5, 6]
2026-01-15 10:25:11,534 - /DATA/Aurindum/Swarming/Outputs/20260109_202226_ParticleTesting/P130_I170/run.log - INFO - n_caps=7 | minZ=0.042576 | models=[1014, 1012, 448, 434, 433, 109, 221] | nodes=[9, 10, 14, 15, 5, 6, 7]
2026-01-15 10:37:02,406 - /DATA/Aurindum/Swarming/Outputs/20260109_202226_ParticleTesting/P130_I170/run.log - INFO - n_caps=8 | minZ=0.041346 | models=[1014, 1012, 448, 434, 433, 109, 221, 171] | nodes=[9, 10, 14, 15, 5, 6, 7, 16]
2026-01-15 10:37:02,407 - /DATA/Aurindum/Swarming/Outputs/20260109_202226_ParticleTesting/P130_I170/run.log - INFO - Threshold reached at n_caps=8
2026-01-15 10:49:34,736 - /DATA/Aurindum/Swarming/Outputs/20260109_202226_ParticleTesting/P130_I180/run.log - INFO - n_caps=1 | minZ=0.087365 | models=[1014] | nodes=[9]
2026-01-15 11:02:09,149 - /DATA/Aurindum/Swarming/Outputs/20260109_202226_ParticleTesting/P130_I180/run.log - INFO - n_caps=2 | minZ=0.064766 | models=[1014, 1012] | nodes=[9, 10]
2026-01-15 11:16:46,242 - /DATA/Aurindum/Swarming/Outputs/20260109_202226_ParticleTesting/P130_I180/run.log - INFO - n_caps=3 | minZ=0.053863 | models=[1014, 1012, 528] | nodes=[9, 10, 14]
2026-01-15 11:30:41,422 - /DATA/Aurindum/Swarming/Outputs/20260109_202226_ParticleTesting/P130_I180/run.log - INFO - n_caps=4 | minZ=0.049852 | models=[1014, 1014, 511, 433] | nodes=[9, 10, 14, 15]
2026-01-15 11:44:35,214 - /DATA/Aurindum/Swarming/Outputs/20260109_202226_ParticleTesting/P130_I180/run.log - INFO - n_caps=5 | minZ=0.046528 | models=[1014, 1014, 447, 434, 341] | nodes=[9, 10, 15, 14, 7]
2026-01-15 11:58:23,835 - /DATA/Aurindum/Swarming/Outputs/20260109_202226_ParticleTesting/P130_I180/run.log - INFO - n_caps=6 | minZ=0.043800 | models=[1014, 1014, 447, 434, 342, 171] | nodes=[9, 10, 15, 14, 6, 7]
2026-01-15 12:12:08,871 - /DATA/Aurindum/Swarming/Outputs/20260109_202226_ParticleTesting/P130_I180/run.log - INFO - n_caps=7 | minZ=0.041814 | models=[1014, 1014, 447, 434, 341, 171, 433] | nodes=[9, 10, 14, 15, 6, 7, 5]
2026-01-15 12:12:08,871 - /DATA/Aurindum/Swarming/Outputs/20260109_202226_ParticleTesting/P130_I180/run.log - INFO - Threshold reached at n_caps=7
2026-01-15 12:26:40,189 - /DATA/Aurindum/Swarming/Outputs/20260109_202226_ParticleTesting/P130_I190/run.log - INFO - n_caps=1 | minZ=0.087365 | models=[1014] | nodes=[9]
2026-01-15 12:41:13,815 - /DATA/Aurindum/Swarming/Outputs/20260109_202226_ParticleTesting/P130_I190/run.log - INFO - n_caps=2 | minZ=0.064766 | models=[1014, 1012] | nodes=[9, 10]
2026-01-15 12:55:43,384 - /DATA/Aurindum/Swarming/Outputs/20260109_202226_ParticleTesting/P130_I190/run.log - INFO - n_caps=3 | minZ=0.053863 | models=[1014, 1012, 528] | nodes=[9, 10, 14]
2026-01-15 13:10:07,838 - /DATA/Aurindum/Swarming/Outputs/20260109_202226_ParticleTesting/P130_I190/run.log - INFO - n_caps=4 | minZ=0.049852 | models=[1014, 1012, 512, 434] | nodes=[9, 10, 14, 15]
2026-01-15 13:24:31,120 - /DATA/Aurindum/Swarming/Outputs/20260109_202226_ParticleTesting/P130_I190/run.log - INFO - n_caps=5 | minZ=0.047807 | models=[1014, 1012, 512, 434, 893] | nodes=[9, 10, 14, 15, 5]
2026-01-15 13:38:49,666 - /DATA/Aurindum/Swarming/Outputs/20260109_202226_ParticleTesting/P130_I190/run.log - INFO - n_caps=6 | minZ=0.044006 | models=[1014, 1012, 528, 434, 893, 263] | nodes=[9, 10, 14, 15, 5, 6]
2026-01-15 13:53:13,202 - /DATA/Aurindum/Swarming/Outputs/20260109_202226_ParticleTesting/P130_I190/run.log - INFO - n_caps=7 | minZ=0.041527 | models=[1014, 1012, 528, 434, 892, 263, 179] | nodes=[9, 10, 14, 15, 5, 7, 6]
2026-01-15 13:53:13,203 - /DATA/Aurindum/Swarming/Outputs/20260109_202226_ParticleTesting/P130_I190/run.log - INFO - Threshold reached at n_caps=7
2026-01-15 14:08:01,891 - /DATA/Aurindum/Swarming/Outputs/20260109_202226_ParticleTesting/P130_I200/run.log - INFO - n_caps=1 | minZ=0.087365 | models=[1014] | nodes=[9]
2026-01-15 14:22:57,856 - /DATA/Aurindum/Swarming/Outputs/20260109_202226_ParticleTesting/P130_I200/run.log - INFO - n_caps=2 | minZ=0.064766 | models=[1014, 1012] | nodes=[9, 10]
2026-01-15 14:38:10,586 - /DATA/Aurindum/Swarming/Outputs/20260109_202226_ParticleTesting/P130_I200/run.log - INFO - n_caps=3 | minZ=0.053863 | models=[1014, 1012, 528] | nodes=[9, 10, 14]
2026-01-15 14:53:37,886 - /DATA/Aurindum/Swarming/Outputs/20260109_202226_ParticleTesting/P130_I200/run.log - INFO - n_caps=4 | minZ=0.049874 | models=[1014, 1012, 528, 433] | nodes=[9, 10, 14, 15]
2026-01-15 15:08:58,277 - /DATA/Aurindum/Swarming/Outputs/20260109_202226_ParticleTesting/P130_I200/run.log - INFO - n_caps=5 | minZ=0.047557 | models=[1014, 1012, 527, 433, 434] | nodes=[9, 10, 14, 15, 5]
2026-01-15 15:24:26,930 - /DATA/Aurindum/Swarming/Outputs/20260109_202226_ParticleTesting/P130_I200/run.log - INFO - n_caps=6 | minZ=0.043940 | models=[1014, 1012, 433, 433, 434, 171] | nodes=[9, 10, 14, 15, 5, 7]
2026-01-15 15:39:42,657 - /DATA/Aurindum/Swarming/Outputs/20260109_202226_ParticleTesting/P130_I200/run.log - INFO - n_caps=7 | minZ=0.042038 | models=[1014, 1012, 433, 434, 434, 171, 433] | nodes=[9, 10, 14, 15, 5, 7, 6]
2026-01-15 15:55:19,378 - /DATA/Aurindum/Swarming/Outputs/20260109_202226_ParticleTesting/P130_I200/run.log - INFO - n_caps=8 | minZ=0.040573 | models=[1014, 1012, 433, 434, 434, 171, 434, 171] | nodes=[9, 10, 14, 15, 5, 7, 6, 16]
2026-01-15 15:55:19,379 - /DATA/Aurindum/Swarming/Outputs/20260109_202226_ParticleTesting/P130_I200/run.log - INFO - Threshold reached at n_caps=8
2026-01-15 15:56:09,096 - /DATA/Aurindum/Swarming/Outputs/20260109_202226_ParticleTesting/P140_I10/run.log - INFO - n_caps=1 | minZ=0.094622 | models=[1014] | nodes=[16]
2026-01-15 15:56:58,651 - /DATA/Aurindum/Swarming/Outputs/20260109_202226_ParticleTesting/P140_I10/run.log - INFO - n_caps=2 | minZ=0.070506 | models=[1014, 677] | nodes=[16, 9]
2026-01-15 15:57:47,454 - /DATA/Aurindum/Swarming/Outputs/20260109_202226_ParticleTesting/P140_I10/run.log - INFO - n_caps=3 | minZ=0.061293 | models=[1014, 677, 1170] | nodes=[16, 10, 14]
2026-01-15 15:58:35,752 - /DATA/Aurindum/Swarming/Outputs/20260109_202226_ParticleTesting/P140_I10/run.log - INFO - n_caps=4 | minZ=0.053793 | models=[1014, 677, 1170, 434] | nodes=[15, 9, 14, 10]
2026-01-15 15:59:26,868 - /DATA/Aurindum/Swarming/Outputs/20260109_202226_ParticleTesting/P140_I10/run.log - INFO - n_caps=5 | minZ=0.049915 | models=[1014, 678, 1170, 434, 455] | nodes=[15, 9, 14, 10, 6]
2026-01-15 16:00:16,433 - /DATA/Aurindum/Swarming/Outputs/20260109_202226_ParticleTesting/P140_I10/run.log - INFO - n_caps=6 | minZ=0.045957 | models=[1014, 679, 1170, 434, 455, 745] | nodes=[15, 9, 14, 10, 6, 16]
2026-01-15 16:01:05,466 - /DATA/Aurindum/Swarming/Outputs/20260109_202226_ParticleTesting/P140_I10/run.log - INFO - n_caps=7 | minZ=0.043703 | models=[1014, 679, 1170, 434, 455, 745, 341] | nodes=[15, 9, 14, 10, 5, 16, 7]
2026-01-15 16:01:54,371 - /DATA/Aurindum/Swarming/Outputs/20260109_202226_ParticleTesting/P140_I10/run.log - INFO - n_caps=8 | minZ=0.041530 | models=[1014, 679, 1169, 433, 455, 745, 341, 175] | nodes=[15, 9, 14, 10, 5, 16, 7, 6]
2026-01-15 16:01:54,372 - /DATA/Aurindum/Swarming/Outputs/20260109_202226_ParticleTesting/P140_I10/run.log - INFO - Threshold reached at n_caps=8
2026-01-15 16:03:31,164 - /DATA/Aurindum/Swarming/Outputs/20260109_202226_ParticleTesting/P140_I20/run.log - INFO - n_caps=1 | minZ=0.087365 | models=[1014] | nodes=[9]
2026-01-15 16:05:09,349 - /DATA/Aurindum/Swarming/Outputs/20260109_202226_ParticleTesting/P140_I20/run.log - INFO - n_caps=2 | minZ=0.064766 | models=[1014, 1014] | nodes=[9, 10]
2026-01-15 16:06:47,123 - /DATA/Aurindum/Swarming/Outputs/20260109_202226_ParticleTesting/P140_I20/run.log - INFO - n_caps=3 | minZ=0.054024 | models=[1014, 1014, 499] | nodes=[9, 10, 15]
2026-01-15 16:08:24,551 - /DATA/Aurindum/Swarming/Outputs/20260109_202226_ParticleTesting/P140_I20/run.log - INFO - n_caps=4 | minZ=0.050982 | models=[1014, 1014, 499, 433] | nodes=[9, 10, 16, 5]
2026-01-15 16:10:01,340 - /DATA/Aurindum/Swarming/Outputs/20260109_202226_ParticleTesting/P140_I20/run.log - INFO - n_caps=5 | minZ=0.048613 | models=[1014, 1014, 499, 433, 363] | nodes=[9, 10, 16, 5, 6]
2026-01-15 16:11:38,104 - /DATA/Aurindum/Swarming/Outputs/20260109_202226_ParticleTesting/P140_I20/run.log - INFO - n_caps=6 | minZ=0.046682 | models=[1014, 1014, 499, 433, 364, 225] | nodes=[9, 10, 16, 5, 6, 7]
2026-01-15 16:13:14,874 - /DATA/Aurindum/Swarming/Outputs/20260109_202226_ParticleTesting/P140_I20/run.log - INFO - n_caps=7 | minZ=0.044566 | models=[1014, 1014, 500, 434, 364, 225, 433] | nodes=[9, 10, 16, 5, 6, 7, 14]
2026-01-15 16:14:52,406 - /DATA/Aurindum/Swarming/Outputs/20260109_202226_ParticleTesting/P140_I20/run.log - INFO - n_caps=8 | minZ=0.042139 | models=[1014, 1014, 497, 434, 365, 225, 434, 893] | nodes=[9, 10, 16, 5, 6, 7, 14, 15]
2026-01-15 16:16:30,601 - /DATA/Aurindum/Swarming/Outputs/20260109_202226_ParticleTesting/P140_I20/run.log - INFO - n_caps=9 | minZ=0.041459 | models=[1014, 1015, 498, 434, 365, 225, 434, 893, 1512] | nodes=[9, 10, 16, 5, 6, 7, 14, 15, 8]
2026-01-15 16:16:30,602 - /DATA/Aurindum/Swarming/Outputs/20260109_202226_ParticleTesting/P140_I20/run.log - INFO - Threshold reached at n_caps=9
2026-01-15 16:18:54,763 - /DATA/Aurindum/Swarming/Outputs/20260109_202226_ParticleTesting/P140_I30/run.log - INFO - n_caps=1 | minZ=0.087365 | models=[1012] | nodes=[9]
2026-01-15 16:21:24,800 - /DATA/Aurindum/Swarming/Outputs/20260109_202226_ParticleTesting/P140_I30/run.log - INFO - n_caps=2 | minZ=0.067454 | models=[1012, 1126] | nodes=[9, 10]
2026-01-15 16:23:52,756 - /DATA/Aurindum/Swarming/Outputs/20260109_202226_ParticleTesting/P140_I30/run.log - INFO - n_caps=3 | minZ=0.056101 | models=[1012, 1126, 434] | nodes=[9, 10, 15]
2026-01-15 16:26:19,016 - /DATA/Aurindum/Swarming/Outputs/20260109_202226_ParticleTesting/P140_I30/run.log - INFO - n_caps=4 | minZ=0.051078 | models=[1012, 1126, 433, 434] | nodes=[9, 10, 15, 5]
2026-01-15 16:28:45,944 - /DATA/Aurindum/Swarming/Outputs/20260109_202226_ParticleTesting/P140_I30/run.log - INFO - n_caps=5 | minZ=0.046663 | models=[1012, 1126, 434, 434, 269] | nodes=[9, 10, 14, 5, 6]
2026-01-15 16:31:12,998 - /DATA/Aurindum/Swarming/Outputs/20260109_202226_ParticleTesting/P140_I30/run.log - INFO - n_caps=6 | minZ=0.044132 | models=[1012, 1126, 434, 434, 269, 448] | nodes=[9, 10, 14, 5, 6, 15]
2026-01-15 16:33:43,141 - /DATA/Aurindum/Swarming/Outputs/20260109_202226_ParticleTesting/P140_I30/run.log - INFO - n_caps=7 | minZ=0.042482 | models=[1012, 1126, 434, 434, 269, 448, 110] | nodes=[9, 10, 14, 5, 6, 15, 7]
2026-01-15 16:36:15,084 - /DATA/Aurindum/Swarming/Outputs/20260109_202226_ParticleTesting/P140_I30/run.log - INFO - n_caps=8 | minZ=0.040965 | models=[1012, 1126, 434, 434, 269, 448, 110, 189] | nodes=[9, 10, 14, 5, 6, 15, 7, 16]
2026-01-15 16:36:15,085 - /DATA/Aurindum/Swarming/Outputs/20260109_202226_ParticleTesting/P140_I30/run.log - INFO - Threshold reached at n_caps=8
2026-01-15 16:39:38,989 - /DATA/Aurindum/Swarming/Outputs/20260109_202226_ParticleTesting/P140_I40/run.log - INFO - n_caps=1 | minZ=0.087365 | models=[1012] | nodes=[9]
2026-01-15 16:43:01,600 - /DATA/Aurindum/Swarming/Outputs/20260109_202226_ParticleTesting/P140_I40/run.log - INFO - n_caps=2 | minZ=0.064766 | models=[1012, 1014] | nodes=[9, 10]
2026-01-15 16:46:21,495 - /DATA/Aurindum/Swarming/Outputs/20260109_202226_ParticleTesting/P140_I40/run.log - INFO - n_caps=3 | minZ=0.054175 | models=[1012, 1014, 500] | nodes=[9, 10, 5]
2026-01-15 16:49:44,875 - /DATA/Aurindum/Swarming/Outputs/20260109_202226_ParticleTesting/P140_I40/run.log - INFO - n_caps=4 | minZ=0.050965 | models=[1012, 1014, 500, 433] | nodes=[9, 10, 5, 6]
2026-01-15 16:53:04,169 - /DATA/Aurindum/Swarming/Outputs/20260109_202226_ParticleTesting/P140_I40/run.log - INFO - n_caps=5 | minZ=0.048005 | models=[1012, 1014, 500, 433, 433] | nodes=[9, 10, 5, 6, 14]
2026-01-15 16:56:23,490 - /DATA/Aurindum/Swarming/Outputs/20260109_202226_ParticleTesting/P140_I40/run.log - INFO - n_caps=6 | minZ=0.045407 | models=[1012, 1014, 500, 434, 433, 171] | nodes=[9, 10, 5, 6, 14, 15]
2026-01-15 16:59:46,291 - /DATA/Aurindum/Swarming/Outputs/20260109_202226_ParticleTesting/P140_I40/run.log - INFO - n_caps=7 | minZ=0.044089 | models=[1012, 1014, 500, 434, 433, 171, 91] | nodes=[10, 9, 5, 6, 14, 15, 7]
2026-01-15 17:03:10,343 - /DATA/Aurindum/Swarming/Outputs/20260109_202226_ParticleTesting/P140_I40/run.log - INFO - n_caps=8 | minZ=0.042408 | models=[1012, 1014, 500, 434, 433, 171, 91, 189] | nodes=[10, 9, 5, 6, 14, 15, 7, 16]
2026-01-15 17:06:35,557 - /DATA/Aurindum/Swarming/Outputs/20260109_202226_ParticleTesting/P140_I40/run.log - INFO - n_caps=9 | minZ=0.041864 | models=[1012, 1014, 498, 434, 433, 171, 92, 189, 394] | nodes=[10, 9, 5, 6, 14, 16, 7, 15, 8]
2026-01-15 17:06:35,558 - /DATA/Aurindum/Swarming/Outputs/20260109_202226_ParticleTesting/P140_I40/run.log - INFO - Threshold reached at n_caps=9
2026-01-15 17:10:48,070 - /DATA/Aurindum/Swarming/Outputs/20260109_202226_ParticleTesting/P140_I50/run.log - INFO - n_caps=1 | minZ=0.087365 | models=[1012] | nodes=[9]
2026-01-15 17:14:49,977 - /DATA/Aurindum/Swarming/Outputs/20260109_202226_ParticleTesting/P140_I50/run.log - INFO - n_caps=2 | minZ=0.064766 | models=[1012, 1012] | nodes=[9, 10]
2026-01-15 17:19:00,810 - /DATA/Aurindum/Swarming/Outputs/20260109_202226_ParticleTesting/P140_I50/run.log - INFO - n_caps=3 | minZ=0.054175 | models=[1012, 1012, 511] | nodes=[9, 10, 5]
2026-01-15 17:23:10,043 - /DATA/Aurindum/Swarming/Outputs/20260109_202226_ParticleTesting/P140_I50/run.log - INFO - n_caps=4 | minZ=0.050903 | models=[1012, 1012, 511, 893] | nodes=[9, 10, 5, 14]
2026-01-15 17:27:16,766 - /DATA/Aurindum/Swarming/Outputs/20260109_202226_ParticleTesting/P140_I50/run.log - INFO - n_caps=5 | minZ=0.046104 | models=[1012, 1012, 511, 892, 262] | nodes=[9, 10, 5, 14, 7]
2026-01-15 17:31:21,934 - /DATA/Aurindum/Swarming/Outputs/20260109_202226_ParticleTesting/P140_I50/run.log - INFO - n_caps=6 | minZ=0.044121 | models=[1012, 1012, 512, 892, 262, 96] | nodes=[9, 10, 5, 14, 7, 6]
2026-01-15 17:35:25,247 - /DATA/Aurindum/Swarming/Outputs/20260109_202226_ParticleTesting/P140_I50/run.log - INFO - n_caps=7 | minZ=0.041976 | models=[1012, 1012, 512, 892, 262, 96, 171] | nodes=[9, 10, 5, 14, 7, 6, 15]
2026-01-15 17:35:25,247 - /DATA/Aurindum/Swarming/Outputs/20260109_202226_ParticleTesting/P140_I50/run.log - INFO - Threshold reached at n_caps=7
2026-01-15 17:40:21,820 - /DATA/Aurindum/Swarming/Outputs/20260109_202226_ParticleTesting/P140_I60/run.log - INFO - n_caps=1 | minZ=0.087365 | models=[1014] | nodes=[9]
2026-01-15 17:45:13,028 - /DATA/Aurindum/Swarming/Outputs/20260109_202226_ParticleTesting/P140_I60/run.log - INFO - n_caps=2 | minZ=0.064766 | models=[1014, 1012] | nodes=[9, 10]
2026-01-15 17:50:07,668 - /DATA/Aurindum/Swarming/Outputs/20260109_202226_ParticleTesting/P140_I60/run.log - INFO - n_caps=3 | minZ=0.053863 | models=[1014, 1012, 528] | nodes=[9, 10, 14]
2026-01-15 17:55:05,113 - /DATA/Aurindum/Swarming/Outputs/20260109_202226_ParticleTesting/P140_I60/run.log - INFO - n_caps=4 | minZ=0.049874 | models=[1014, 1012, 527, 434] | nodes=[9, 10, 14, 15]
2026-01-15 18:00:03,047 - /DATA/Aurindum/Swarming/Outputs/20260109_202226_ParticleTesting/P140_I60/run.log - INFO - n_caps=5 | minZ=0.047757 | models=[1014, 1012, 528, 434, 342] | nodes=[9, 10, 14, 15, 5]
2026-01-15 18:05:01,256 - /DATA/Aurindum/Swarming/Outputs/20260109_202226_ParticleTesting/P140_I60/run.log - INFO - n_caps=6 | minZ=0.044046 | models=[1014, 1012, 528, 434, 342, 263] | nodes=[9, 10, 14, 15, 5, 6]
2026-01-15 18:09:55,921 - /DATA/Aurindum/Swarming/Outputs/20260109_202226_ParticleTesting/P140_I60/run.log - INFO - n_caps=7 | minZ=0.042688 | models=[1014, 1012, 528, 434, 342, 262, 226] | nodes=[10, 9, 14, 15, 6, 5, 7]
2026-01-15 18:14:45,472 - /DATA/Aurindum/Swarming/Outputs/20260109_202226_ParticleTesting/P140_I60/run.log - INFO - n_caps=8 | minZ=0.041771 | models=[1014, 1012, 528, 434, 342, 262, 226, 225] | nodes=[9, 10, 14, 15, 6, 5, 7, 16]
2026-01-15 18:14:45,473 - /DATA/Aurindum/Swarming/Outputs/20260109_202226_ParticleTesting/P140_I60/run.log - INFO - Threshold reached at n_caps=8
2026-01-15 18:20:27,321 - /DATA/Aurindum/Swarming/Outputs/20260109_202226_ParticleTesting/P140_I70/run.log - INFO - n_caps=1 | minZ=0.087365 | models=[1014] | nodes=[9]
2026-01-15 18:26:06,515 - /DATA/Aurindum/Swarming/Outputs/20260109_202226_ParticleTesting/P140_I70/run.log - INFO - n_caps=2 | minZ=0.064766 | models=[1012, 1014] | nodes=[9, 10]
2026-01-15 18:31:42,034 - /DATA/Aurindum/Swarming/Outputs/20260109_202226_ParticleTesting/P140_I70/run.log - INFO - n_caps=3 | minZ=0.053976 | models=[1012, 1014, 510] | nodes=[9, 10, 14]
2026-01-15 18:37:21,269 - /DATA/Aurindum/Swarming/Outputs/20260109_202226_ParticleTesting/P140_I70/run.log - INFO - n_caps=4 | minZ=0.049852 | models=[1012, 1012, 511, 434] | nodes=[9, 10, 14, 15]
2026-01-15 18:43:05,269 - /DATA/Aurindum/Swarming/Outputs/20260109_202226_ParticleTesting/P140_I70/run.log - INFO - n_caps=5 | minZ=0.047753 | models=[1012, 1012, 510, 434, 344] | nodes=[9, 10, 14, 15, 5]
2026-01-15 18:48:54,685 - /DATA/Aurindum/Swarming/Outputs/20260109_202226_ParticleTesting/P140_I70/run.log - INFO - n_caps=6 | minZ=0.044077 | models=[1012, 1012, 510, 434, 344, 262] | nodes=[9, 10, 14, 15, 5, 6]
2026-01-15 18:54:36,971 - /DATA/Aurindum/Swarming/Outputs/20260109_202226_ParticleTesting/P140_I70/run.log - INFO - n_caps=7 | minZ=0.042882 | models=[1012, 1012, 510, 434, 344, 262, 222] | nodes=[9, 10, 15, 14, 5, 6, 7]
2026-01-15 19:00:28,526 - /DATA/Aurindum/Swarming/Outputs/20260109_202226_ParticleTesting/P140_I70/run.log - INFO - n_caps=8 | minZ=0.041926 | models=[1012, 1012, 510, 434, 344, 262, 222, 171] | nodes=[9, 10, 15, 14, 6, 7, 5, 16]
2026-01-15 19:00:28,527 - /DATA/Aurindum/Swarming/Outputs/20260109_202226_ParticleTesting/P140_I70/run.log - INFO - Threshold reached at n_caps=8
2026-01-15 19:07:00,179 - /DATA/Aurindum/Swarming/Outputs/20260109_202226_ParticleTesting/P140_I80/run.log - INFO - n_caps=1 | minZ=0.087365 | models=[1014] | nodes=[9]
2026-01-15 19:13:40,913 - /DATA/Aurindum/Swarming/Outputs/20260109_202226_ParticleTesting/P140_I80/run.log - INFO - n_caps=2 | minZ=0.064766 | models=[1014, 1014] | nodes=[9, 10]
2026-01-15 19:20:17,425 - /DATA/Aurindum/Swarming/Outputs/20260109_202226_ParticleTesting/P140_I80/run.log - INFO - n_caps=3 | minZ=0.053863 | models=[1014, 1014, 527] | nodes=[9, 10, 14]
2026-01-15 19:26:59,207 - /DATA/Aurindum/Swarming/Outputs/20260109_202226_ParticleTesting/P140_I80/run.log - INFO - n_caps=4 | minZ=0.049874 | models=[1014, 1014, 527, 434] | nodes=[9, 10, 14, 15]
2026-01-15 19:33:32,129 - /DATA/Aurindum/Swarming/Outputs/20260109_202226_ParticleTesting/P140_I80/run.log - INFO - n_caps=5 | minZ=0.047841 | models=[1014, 1014, 527, 434, 225] | nodes=[9, 10, 14, 15, 7]
2026-01-15 19:40:05,939 - /DATA/Aurindum/Swarming/Outputs/20260109_202226_ParticleTesting/P140_I80/run.log - INFO - n_caps=6 | minZ=0.045642 | models=[1014, 1014, 527, 434, 225, 342] | nodes=[9, 10, 14, 15, 6, 5]
2026-01-15 19:46:28,040 - /DATA/Aurindum/Swarming/Outputs/20260109_202226_ParticleTesting/P140_I80/run.log - INFO - n_caps=7 | minZ=0.042624 | models=[1014, 1014, 527, 434, 225, 342, 262] | nodes=[9, 10, 14, 15, 7, 5, 16]
2026-01-15 19:52:48,095 - /DATA/Aurindum/Swarming/Outputs/20260109_202226_ParticleTesting/P140_I80/run.log - INFO - n_caps=8 | minZ=0.041786 | models=[1014, 1014, 527, 434, 225, 342, 262, 171] | nodes=[9, 10, 14, 15, 7, 5, 16, 6]
2026-01-15 19:52:48,096 - /DATA/Aurindum/Swarming/Outputs/20260109_202226_ParticleTesting/P140_I80/run.log - INFO - Threshold reached at n_caps=8
2026-01-15 19:59:48,313 - /DATA/Aurindum/Swarming/Outputs/20260109_202226_ParticleTesting/P140_I90/run.log - INFO - n_caps=1 | minZ=0.087365 | models=[1014] | nodes=[9]
2026-01-15 20:06:56,598 - /DATA/Aurindum/Swarming/Outputs/20260109_202226_ParticleTesting/P140_I90/run.log - INFO - n_caps=2 | minZ=0.066703 | models=[1012, 1014] | nodes=[9, 5]
2026-01-15 20:14:01,293 - /DATA/Aurindum/Swarming/Outputs/20260109_202226_ParticleTesting/P140_I90/run.log - INFO - n_caps=3 | minZ=0.053991 | models=[1012, 1014, 527] | nodes=[9, 5, 10]
2026-01-15 20:21:11,796 - /DATA/Aurindum/Swarming/Outputs/20260109_202226_ParticleTesting/P140_I90/run.log - INFO - n_caps=4 | minZ=0.050138 | models=[1012, 1014, 527, 433] | nodes=[9, 5, 10, 14]
2026-01-15 20:28:27,916 - /DATA/Aurindum/Swarming/Outputs/20260109_202226_ParticleTesting/P140_I90/run.log - INFO - n_caps=5 | minZ=0.047666 | models=[1012, 1014, 527, 433, 171] | nodes=[10, 5, 9, 15, 7]
2026-01-15 20:35:44,089 - /DATA/Aurindum/Swarming/Outputs/20260109_202226_ParticleTesting/P140_I90/run.log - INFO - n_caps=6 | minZ=0.044505 | models=[1012, 1014, 527, 433, 171, 892] | nodes=[10, 5, 9, 14, 6, 15]
2026-01-15 20:42:59,648 - /DATA/Aurindum/Swarming/Outputs/20260109_202226_ParticleTesting/P140_I90/run.log - INFO - n_caps=7 | minZ=0.042860 | models=[1012, 1015, 527, 434, 171, 892, 893] | nodes=[10, 5, 9, 14, 7, 15, 6]
2026-01-15 20:50:18,942 - /DATA/Aurindum/Swarming/Outputs/20260109_202226_ParticleTesting/P140_I90/run.log - INFO - n_caps=8 | minZ=0.040959 | models=[1012, 1017, 527, 434, 171, 892, 893, 262] | nodes=[10, 5, 9, 14, 6, 15, 7, 16]
2026-01-15 20:50:18,942 - /DATA/Aurindum/Swarming/Outputs/20260109_202226_ParticleTesting/P140_I90/run.log - INFO - Threshold reached at n_caps=8
2026-01-15 20:58:14,840 - /DATA/Aurindum/Swarming/Outputs/20260109_202226_ParticleTesting/P140_I100/run.log - INFO - n_caps=1 | minZ=0.087365 | models=[1014] | nodes=[9]
2026-01-15 21:06:22,182 - /DATA/Aurindum/Swarming/Outputs/20260109_202226_ParticleTesting/P140_I100/run.log - INFO - n_caps=2 | minZ=0.064766 | models=[1014, 1012] | nodes=[9, 10]
2026-01-15 21:14:30,999 - /DATA/Aurindum/Swarming/Outputs/20260109_202226_ParticleTesting/P140_I100/run.log - INFO - n_caps=3 | minZ=0.053976 | models=[1014, 1012, 510] | nodes=[9, 10, 14]
2026-01-15 21:22:34,763 - /DATA/Aurindum/Swarming/Outputs/20260109_202226_ParticleTesting/P140_I100/run.log - INFO - n_caps=4 | minZ=0.049852 | models=[1014, 1012, 511, 433] | nodes=[9, 10, 14, 15]
2026-01-15 21:30:34,519 - /DATA/Aurindum/Swarming/Outputs/20260109_202226_ParticleTesting/P140_I100/run.log - INFO - n_caps=5 | minZ=0.047771 | models=[1014, 1012, 511, 433, 344] | nodes=[9, 10, 14, 15, 5]
2026-01-15 21:38:38,808 - /DATA/Aurindum/Swarming/Outputs/20260109_202226_ParticleTesting/P140_I100/run.log - INFO - n_caps=6 | minZ=0.044167 | models=[1014, 1012, 511, 433, 344, 262] | nodes=[9, 10, 14, 15, 5, 6]
2026-01-15 21:46:49,407 - /DATA/Aurindum/Swarming/Outputs/20260109_202226_ParticleTesting/P140_I100/run.log - INFO - n_caps=7 | minZ=0.042774 | models=[1014, 1012, 511, 433, 344, 262, 225] | nodes=[9, 10, 14, 15, 6, 5, 7]
2026-01-15 21:55:02,291 - /DATA/Aurindum/Swarming/Outputs/20260109_202226_ParticleTesting/P140_I100/run.log - INFO - n_caps=8 | minZ=0.041780 | models=[1014, 1012, 510, 433, 344, 262, 225, 225] | nodes=[9, 10, 14, 15, 6, 5, 7, 16]
2026-01-15 21:55:02,292 - /DATA/Aurindum/Swarming/Outputs/20260109_202226_ParticleTesting/P140_I100/run.log - INFO - Threshold reached at n_caps=8
2026-01-15 22:04:04,913 - /DATA/Aurindum/Swarming/Outputs/20260109_202226_ParticleTesting/P140_I110/run.log - INFO - n_caps=1 | minZ=0.087365 | models=[1012] | nodes=[9]
2026-01-15 22:12:47,359 - /DATA/Aurindum/Swarming/Outputs/20260109_202226_ParticleTesting/P140_I110/run.log - INFO - n_caps=2 | minZ=0.064766 | models=[1012, 1014] | nodes=[9, 10]
2026-01-15 22:21:25,871 - /DATA/Aurindum/Swarming/Outputs/20260109_202226_ParticleTesting/P140_I110/run.log - INFO - n_caps=3 | minZ=0.053976 | models=[1012, 1014, 509] | nodes=[10, 9, 14]
2026-01-15 22:30:13,128 - /DATA/Aurindum/Swarming/Outputs/20260109_202226_ParticleTesting/P140_I110/run.log - INFO - n_caps=4 | minZ=0.049666 | models=[1012, 1014, 448, 434] | nodes=[10, 9, 14, 15]
2026-01-15 22:39:07,845 - /DATA/Aurindum/Swarming/Outputs/20260109_202226_ParticleTesting/P140_I110/run.log - INFO - n_caps=5 | minZ=0.046536 | models=[1012, 1014, 447, 434, 434] | nodes=[10, 9, 14, 15, 16]
2026-01-15 22:47:58,010 - /DATA/Aurindum/Swarming/Outputs/20260109_202226_ParticleTesting/P140_I110/run.log - INFO - n_caps=6 | minZ=0.044616 | models=[1012, 1014, 447, 434, 434, 221] | nodes=[9, 10, 14, 15, 16, 6]
2026-01-15 22:56:48,068 - /DATA/Aurindum/Swarming/Outputs/20260109_202226_ParticleTesting/P140_I110/run.log - INFO - n_caps=7 | minZ=0.043140 | models=[1012, 1014, 447, 434, 434, 221, 433] | nodes=[9, 10, 14, 15, 16, 6, 5]
2026-01-15 23:05:11,518 - /DATA/Aurindum/Swarming/Outputs/20260109_202226_ParticleTesting/P140_I110/run.log - INFO - n_caps=8 | minZ=0.040920 | models=[1012, 1014, 447, 434, 434, 221, 433, 171] | nodes=[10, 9, 14, 15, 16, 6, 5, 7]
2026-01-15 23:05:11,518 - /DATA/Aurindum/Swarming/Outputs/20260109_202226_ParticleTesting/P140_I110/run.log - INFO - Threshold reached at n_caps=8
2026-01-15 23:13:52,683 - /DATA/Aurindum/Swarming/Outputs/20260109_202226_ParticleTesting/P140_I120/run.log - INFO - n_caps=1 | minZ=0.087365 | models=[1012] | nodes=[9]
2026-01-15 23:22:39,193 - /DATA/Aurindum/Swarming/Outputs/20260109_202226_ParticleTesting/P140_I120/run.log - INFO - n_caps=2 | minZ=0.064766 | models=[1012, 1014] | nodes=[9, 10]
2026-01-15 23:31:07,703 - /DATA/Aurindum/Swarming/Outputs/20260109_202226_ParticleTesting/P140_I120/run.log - INFO - n_caps=3 | minZ=0.053863 | models=[1012, 1014, 527] | nodes=[9, 10, 14]
2026-01-15 23:39:47,990 - /DATA/Aurindum/Swarming/Outputs/20260109_202226_ParticleTesting/P140_I120/run.log - INFO - n_caps=4 | minZ=0.049874 | models=[1012, 1014, 528, 434] | nodes=[9, 10, 14, 15]
2026-01-15 23:48:28,898 - /DATA/Aurindum/Swarming/Outputs/20260109_202226_ParticleTesting/P140_I120/run.log - INFO - n_caps=5 | minZ=0.047373 | models=[1012, 1012, 456, 343, 595] | nodes=[9, 10, 14, 15, 5]
2026-01-15 23:56:31,859 - /DATA/Aurindum/Swarming/Outputs/20260109_202226_ParticleTesting/P140_I120/run.log - INFO - n_caps=6 | minZ=0.044782 | models=[1012, 1012, 456, 342, 595, 189] | nodes=[9, 10, 14, 15, 5, 6]
2026-01-16 00:04:58,750 - /DATA/Aurindum/Swarming/Outputs/20260109_202226_ParticleTesting/P140_I120/run.log - INFO - n_caps=7 | minZ=0.042753 | models=[1014, 1012, 456, 342, 595, 189, 433] | nodes=[9, 10, 14, 15, 5, 7, 6]
2026-01-16 00:13:14,312 - /DATA/Aurindum/Swarming/Outputs/20260109_202226_ParticleTesting/P140_I120/run.log - INFO - n_caps=8 | minZ=0.041008 | models=[1014, 1012, 456, 342, 595, 189, 433, 171] | nodes=[9, 10, 14, 15, 6, 7, 5, 16]
2026-01-16 00:13:14,313 - /DATA/Aurindum/Swarming/Outputs/20260109_202226_ParticleTesting/P140_I120/run.log - INFO - Threshold reached at n_caps=8
2026-01-16 00:22:32,924 - /DATA/Aurindum/Swarming/Outputs/20260109_202226_ParticleTesting/P140_I130/run.log - INFO - n_caps=1 | minZ=0.087365 | models=[1012] | nodes=[9]
2026-01-16 00:31:37,214 - /DATA/Aurindum/Swarming/Outputs/20260109_202226_ParticleTesting/P140_I130/run.log - INFO - n_caps=2 | minZ=0.064766 | models=[1012, 1012] | nodes=[9, 10]
2026-01-16 00:40:40,868 - /DATA/Aurindum/Swarming/Outputs/20260109_202226_ParticleTesting/P140_I130/run.log - INFO - n_caps=3 | minZ=0.053863 | models=[1012, 1012, 527] | nodes=[9, 10, 14]
2026-01-16 00:49:44,209 - /DATA/Aurindum/Swarming/Outputs/20260109_202226_ParticleTesting/P140_I130/run.log - INFO - n_caps=4 | minZ=0.049874 | models=[1012, 1012, 528, 434] | nodes=[9, 10, 14, 15]
2026-01-16 00:59:17,820 - /DATA/Aurindum/Swarming/Outputs/20260109_202226_ParticleTesting/P140_I130/run.log - INFO - n_caps=5 | minZ=0.046901 | models=[1012, 1012, 448, 434, 893] | nodes=[9, 10, 14, 16, 6]
2026-01-16 01:08:28,488 - /DATA/Aurindum/Swarming/Outputs/20260109_202226_ParticleTesting/P140_I130/run.log - INFO - n_caps=6 | minZ=0.044076 | models=[1012, 1012, 448, 434, 893, 183] | nodes=[9, 10, 14, 15, 5, 6]
2026-01-16 01:18:01,199 - /DATA/Aurindum/Swarming/Outputs/20260109_202226_ParticleTesting/P140_I130/run.log - INFO - n_caps=7 | minZ=0.041890 | models=[1012, 1012, 448, 434, 893, 183, 334] | nodes=[9, 10, 14, 15, 5, 6, 7]
2026-01-16 01:18:01,200 - /DATA/Aurindum/Swarming/Outputs/20260109_202226_ParticleTesting/P140_I130/run.log - INFO - Threshold reached at n_caps=7
2026-01-16 01:28:10,828 - /DATA/Aurindum/Swarming/Outputs/20260109_202226_ParticleTesting/P140_I140/run.log - INFO - n_caps=1 | minZ=0.087365 | models=[1012] | nodes=[9]
2026-01-16 01:38:06,874 - /DATA/Aurindum/Swarming/Outputs/20260109_202226_ParticleTesting/P140_I140/run.log - INFO - n_caps=2 | minZ=0.064766 | models=[1012, 1014] | nodes=[9, 10]
2026-01-16 01:47:55,124 - /DATA/Aurindum/Swarming/Outputs/20260109_202226_ParticleTesting/P140_I140/run.log - INFO - n_caps=3 | minZ=0.053863 | models=[1012, 1014, 527] | nodes=[9, 10, 14]
2026-01-16 01:57:51,405 - /DATA/Aurindum/Swarming/Outputs/20260109_202226_ParticleTesting/P140_I140/run.log - INFO - n_caps=4 | minZ=0.049874 | models=[1012, 1014, 527, 433] | nodes=[9, 10, 14, 15]
2026-01-16 02:07:46,351 - /DATA/Aurindum/Swarming/Outputs/20260109_202226_ParticleTesting/P140_I140/run.log - INFO - n_caps=5 | minZ=0.047222 | models=[1012, 1014, 498, 433, 448] | nodes=[9, 10, 14, 15, 5]
2026-01-16 02:17:42,711 - /DATA/Aurindum/Swarming/Outputs/20260109_202226_ParticleTesting/P140_I140/run.log - INFO - n_caps=6 | minZ=0.045233 | models=[1012, 1014, 497, 434, 447, 343] | nodes=[9, 10, 14, 15, 5, 6]
2026-01-16 02:27:04,737 - /DATA/Aurindum/Swarming/Outputs/20260109_202226_ParticleTesting/P140_I140/run.log - INFO - n_caps=7 | minZ=0.042758 | models=[1012, 1014, 497, 434, 447, 343, 189] | nodes=[9, 10, 14, 15, 5, 6, 7]
2026-01-16 02:37:22,520 - /DATA/Aurindum/Swarming/Outputs/20260109_202226_ParticleTesting/P140_I140/run.log - INFO - n_caps=8 | minZ=0.041426 | models=[1012, 1014, 497, 434, 447, 343, 189, 110] | nodes=[9, 10, 15, 14, 5, 6, 7, 16]
2026-01-16 02:37:22,521 - /DATA/Aurindum/Swarming/Outputs/20260109_202226_ParticleTesting/P140_I140/run.log - INFO - Threshold reached at n_caps=8
2026-01-16 02:48:01,117 - /DATA/Aurindum/Swarming/Outputs/20260109_202226_ParticleTesting/P140_I150/run.log - INFO - n_caps=1 | minZ=0.087365 | models=[1012] | nodes=[9]
2026-01-16 02:58:30,469 - /DATA/Aurindum/Swarming/Outputs/20260109_202226_ParticleTesting/P140_I150/run.log - INFO - n_caps=2 | minZ=0.064766 | models=[1012, 1014] | nodes=[10, 9]
2026-01-16 03:09:21,840 - /DATA/Aurindum/Swarming/Outputs/20260109_202226_ParticleTesting/P140_I150/run.log - INFO - n_caps=3 | minZ=0.053863 | models=[1014, 1014, 528] | nodes=[9, 10, 14]
2026-01-16 03:20:14,161 - /DATA/Aurindum/Swarming/Outputs/20260109_202226_ParticleTesting/P140_I150/run.log - INFO - n_caps=4 | minZ=0.049666 | models=[1014, 1014, 456, 434] | nodes=[9, 10, 14, 15]
2026-01-16 03:30:36,986 - /DATA/Aurindum/Swarming/Outputs/20260109_202226_ParticleTesting/P140_I150/run.log - INFO - n_caps=5 | minZ=0.046011 | models=[1014, 1014, 456, 434, 344] | nodes=[9, 10, 14, 15, 5]
2026-01-16 03:41:41,371 - /DATA/Aurindum/Swarming/Outputs/20260109_202226_ParticleTesting/P140_I150/run.log - INFO - n_caps=6 | minZ=0.043584 | models=[1014, 1014, 456, 434, 344, 171] | nodes=[9, 10, 15, 14, 5, 6]
2026-01-16 03:52:45,955 - /DATA/Aurindum/Swarming/Outputs/20260109_202226_ParticleTesting/P140_I150/run.log - INFO - n_caps=7 | minZ=0.042152 | models=[1014, 1014, 456, 433, 344, 171, 275] | nodes=[9, 10, 15, 14, 5, 6, 7]
2026-01-16 04:03:00,314 - /DATA/Aurindum/Swarming/Outputs/20260109_202226_ParticleTesting/P140_I150/run.log - INFO - n_caps=8 | minZ=0.040908 | models=[1014, 1014, 455, 433, 344, 171, 275, 222] | nodes=[9, 10, 14, 15, 5, 6, 7, 16]
2026-01-16 04:03:00,315 - /DATA/Aurindum/Swarming/Outputs/20260109_202226_ParticleTesting/P140_I150/run.log - INFO - Threshold reached at n_caps=8
2026-01-16 04:13:45,964 - /DATA/Aurindum/Swarming/Outputs/20260109_202226_ParticleTesting/P140_I160/run.log - INFO - n_caps=1 | minZ=0.087365 | models=[1014] | nodes=[9]
2026-01-16 04:24:48,723 - /DATA/Aurindum/Swarming/Outputs/20260109_202226_ParticleTesting/P140_I160/run.log - INFO - n_caps=2 | minZ=0.064766 | models=[1014, 1012] | nodes=[9, 10]
2026-01-16 04:35:53,337 - /DATA/Aurindum/Swarming/Outputs/20260109_202226_ParticleTesting/P140_I160/run.log - INFO - n_caps=3 | minZ=0.053863 | models=[1014, 1012, 527] | nodes=[9, 10, 14]
2026-01-16 04:46:48,910 - /DATA/Aurindum/Swarming/Outputs/20260109_202226_ParticleTesting/P140_I160/run.log - INFO - n_caps=4 | minZ=0.049852 | models=[1014, 1012, 511, 434] | nodes=[9, 10, 14, 15]
2026-01-16 04:58:00,042 - /DATA/Aurindum/Swarming/Outputs/20260109_202226_ParticleTesting/P140_I160/run.log - INFO - n_caps=5 | minZ=0.047554 | models=[1014, 1012, 510, 434, 433] | nodes=[10, 9, 14, 15, 5]
2026-01-16 05:09:02,588 - /DATA/Aurindum/Swarming/Outputs/20260109_202226_ParticleTesting/P140_I160/run.log - INFO - n_caps=6 | minZ=0.044747 | models=[1014, 1012, 510, 433, 893, 189] | nodes=[10, 9, 14, 15, 5, 7]
2026-01-16 05:20:08,888 - /DATA/Aurindum/Swarming/Outputs/20260109_202226_ParticleTesting/P140_I160/run.log - INFO - n_caps=7 | minZ=0.041589 | models=[1014, 1012, 509, 434, 893, 179, 262] | nodes=[10, 9, 14, 15, 5, 7, 6]
2026-01-16 05:20:08,889 - /DATA/Aurindum/Swarming/Outputs/20260109_202226_ParticleTesting/P140_I160/run.log - INFO - Threshold reached at n_caps=7
2026-01-16 05:31:35,133 - /DATA/Aurindum/Swarming/Outputs/20260109_202226_ParticleTesting/P140_I170/run.log - INFO - n_caps=1 | minZ=0.087365 | models=[1012] | nodes=[9]
2026-01-16 05:43:07,124 - /DATA/Aurindum/Swarming/Outputs/20260109_202226_ParticleTesting/P140_I170/run.log - INFO - n_caps=2 | minZ=0.064766 | models=[1012, 1012] | nodes=[9, 10]
2026-01-16 05:55:01,435 - /DATA/Aurindum/Swarming/Outputs/20260109_202226_ParticleTesting/P140_I170/run.log - INFO - n_caps=3 | minZ=0.053863 | models=[1012, 1012, 528] | nodes=[9, 10, 14]
2026-01-16 06:06:42,511 - /DATA/Aurindum/Swarming/Outputs/20260109_202226_ParticleTesting/P140_I170/run.log - INFO - n_caps=4 | minZ=0.050135 | models=[1012, 1012, 500, 342] | nodes=[9, 10, 14, 15]
2026-01-16 06:18:45,594 - /DATA/Aurindum/Swarming/Outputs/20260109_202226_ParticleTesting/P140_I170/run.log - INFO - n_caps=5 | minZ=0.046666 | models=[1012, 1012, 500, 342, 189] | nodes=[9, 10, 14, 15, 7]
2026-01-16 06:30:36,205 - /DATA/Aurindum/Swarming/Outputs/20260109_202226_ParticleTesting/P140_I170/run.log - INFO - n_caps=6 | minZ=0.044672 | models=[1012, 1012, 499, 342, 189, 434] | nodes=[9, 10, 14, 15, 6, 5]
2026-01-16 06:42:44,314 - /DATA/Aurindum/Swarming/Outputs/20260109_202226_ParticleTesting/P140_I170/run.log - INFO - n_caps=7 | minZ=0.042661 | models=[1012, 1012, 500, 342, 189, 434, 171] | nodes=[9, 10, 14, 15, 6, 5, 7]
2026-01-16 06:55:18,375 - /DATA/Aurindum/Swarming/Outputs/20260109_202226_ParticleTesting/P140_I170/run.log - INFO - n_caps=8 | minZ=0.041266 | models=[1012, 1012, 499, 342, 189, 434, 171, 109] | nodes=[9, 10, 14, 15, 6, 5, 7, 16]
2026-01-16 06:55:18,376 - /DATA/Aurindum/Swarming/Outputs/20260109_202226_ParticleTesting/P140_I170/run.log - INFO - Threshold reached at n_caps=8
2026-01-16 07:07:40,484 - /DATA/Aurindum/Swarming/Outputs/20260109_202226_ParticleTesting/P140_I180/run.log - INFO - n_caps=1 | minZ=0.087365 | models=[1012] | nodes=[9]
2026-01-16 07:19:55,096 - /DATA/Aurindum/Swarming/Outputs/20260109_202226_ParticleTesting/P140_I180/run.log - INFO - n_caps=2 | minZ=0.064766 | models=[1012, 1014] | nodes=[9, 10]
2026-01-16 07:32:49,565 - /DATA/Aurindum/Swarming/Outputs/20260109_202226_ParticleTesting/P140_I180/run.log - INFO - n_caps=3 | minZ=0.053863 | models=[1012, 1014, 527] | nodes=[9, 10, 14]
2026-01-16 07:46:43,813 - /DATA/Aurindum/Swarming/Outputs/20260109_202226_ParticleTesting/P140_I180/run.log - INFO - n_caps=4 | minZ=0.049666 | models=[1012, 1014, 448, 434] | nodes=[9, 10, 14, 15]
2026-01-16 08:01:21,380 - /DATA/Aurindum/Swarming/Outputs/20260109_202226_ParticleTesting/P140_I180/run.log - INFO - n_caps=5 | minZ=0.046011 | models=[1012, 1014, 448, 433, 344] | nodes=[9, 10, 14, 15, 5]
2026-01-16 08:16:01,584 - /DATA/Aurindum/Swarming/Outputs/20260109_202226_ParticleTesting/P140_I180/run.log - INFO - n_caps=6 | minZ=0.043876 | models=[1012, 1014, 447, 433, 344, 171] | nodes=[9, 10, 14, 15, 5, 6]
2026-01-16 08:30:30,027 - /DATA/Aurindum/Swarming/Outputs/20260109_202226_ParticleTesting/P140_I180/run.log - INFO - n_caps=7 | minZ=0.042121 | models=[1012, 1014, 448, 433, 344, 171, 225] | nodes=[9, 10, 14, 15, 5, 6, 7]
2026-01-16 08:45:25,322 - /DATA/Aurindum/Swarming/Outputs/20260109_202226_ParticleTesting/P140_I180/run.log - INFO - n_caps=8 | minZ=0.040869 | models=[1012, 1014, 447, 434, 344, 171, 225, 273] | nodes=[9, 10, 14, 15, 5, 6, 7, 16]
2026-01-16 08:45:25,323 - /DATA/Aurindum/Swarming/Outputs/20260109_202226_ParticleTesting/P140_I180/run.log - INFO - Threshold reached at n_caps=8
2026-01-16 09:00:43,184 - /DATA/Aurindum/Swarming/Outputs/20260109_202226_ParticleTesting/P140_I190/run.log - INFO - n_caps=1 | minZ=0.087365 | models=[1012] | nodes=[9]
2026-01-16 09:16:00,647 - /DATA/Aurindum/Swarming/Outputs/20260109_202226_ParticleTesting/P140_I190/run.log - INFO - n_caps=2 | minZ=0.064766 | models=[1012, 1012] | nodes=[9, 10]
2026-01-16 09:31:15,404 - /DATA/Aurindum/Swarming/Outputs/20260109_202226_ParticleTesting/P140_I190/run.log - INFO - n_caps=3 | minZ=0.053863 | models=[1012, 1012, 527] | nodes=[9, 10, 14]
2026-01-16 09:46:40,005 - /DATA/Aurindum/Swarming/Outputs/20260109_202226_ParticleTesting/P140_I190/run.log - INFO - n_caps=4 | minZ=0.049852 | models=[1012, 1012, 512, 434] | nodes=[10, 9, 14, 15]
2026-01-16 10:01:58,834 - /DATA/Aurindum/Swarming/Outputs/20260109_202226_ParticleTesting/P140_I190/run.log - INFO - n_caps=5 | minZ=0.047154 | models=[1012, 1012, 524, 433, 433] | nodes=[9, 10, 15, 14, 5]
2026-01-16 10:17:22,893 - /DATA/Aurindum/Swarming/Outputs/20260109_202226_ParticleTesting/P140_I190/run.log - INFO - n_caps=6 | minZ=0.044662 | models=[1012, 1012, 524, 433, 433, 334] | nodes=[9, 10, 15, 14, 5, 6]
2026-01-16 10:32:40,895 - /DATA/Aurindum/Swarming/Outputs/20260109_202226_ParticleTesting/P140_I190/run.log - INFO - n_caps=7 | minZ=0.043026 | models=[1012, 1012, 524, 433, 433, 334, 226] | nodes=[9, 10, 15, 14, 5, 6, 7]
2026-01-16 10:47:46,398 - /DATA/Aurindum/Swarming/Outputs/20260109_202226_ParticleTesting/P140_I190/run.log - INFO - n_caps=8 | minZ=0.041734 | models=[1012, 1012, 524, 434, 433, 334, 226, 226] | nodes=[9, 10, 15, 14, 5, 6, 7, 16]
2026-01-16 10:47:46,399 - /DATA/Aurindum/Swarming/Outputs/20260109_202226_ParticleTesting/P140_I190/run.log - INFO - Threshold reached at n_caps=8
2026-01-16 11:03:24,367 - /DATA/Aurindum/Swarming/Outputs/20260109_202226_ParticleTesting/P140_I200/run.log - INFO - n_caps=1 | minZ=0.087365 | models=[1014] | nodes=[9]
2026-01-16 11:19:37,188 - /DATA/Aurindum/Swarming/Outputs/20260109_202226_ParticleTesting/P140_I200/run.log - INFO - n_caps=2 | minZ=0.064766 | models=[1014, 1012] | nodes=[9, 10]
2026-01-16 11:35:45,880 - /DATA/Aurindum/Swarming/Outputs/20260109_202226_ParticleTesting/P140_I200/run.log - INFO - n_caps=3 | minZ=0.053863 | models=[1014, 1012, 528] | nodes=[9, 10, 14]
2026-01-16 11:51:54,110 - /DATA/Aurindum/Swarming/Outputs/20260109_202226_ParticleTesting/P140_I200/run.log - INFO - n_caps=4 | minZ=0.049529 | models=[1014, 1012, 455, 434] | nodes=[9, 10, 15, 16]
2026-01-16 12:07:36,797 - /DATA/Aurindum/Swarming/Outputs/20260109_202226_ParticleTesting/P140_I200/run.log - INFO - n_caps=5 | minZ=0.045994 | models=[1014, 1012, 456, 447, 342] | nodes=[9, 10, 14, 15, 5]
2026-01-16 12:23:52,312 - /DATA/Aurindum/Swarming/Outputs/20260109_202226_ParticleTesting/P140_I200/run.log - INFO - n_caps=6 | minZ=0.044135 | models=[1014, 1012, 456, 447, 342, 225] | nodes=[9, 10, 14, 15, 5, 6]
2026-01-16 12:39:52,951 - /DATA/Aurindum/Swarming/Outputs/20260109_202226_ParticleTesting/P140_I200/run.log - INFO - n_caps=7 | minZ=0.042767 | models=[1014, 1012, 456, 447, 342, 225, 221] | nodes=[9, 10, 14, 15, 5, 6, 7]
2026-01-16 12:56:34,425 - /DATA/Aurindum/Swarming/Outputs/20260109_202226_ParticleTesting/P140_I200/run.log - INFO - n_caps=8 | minZ=0.041723 | models=[1014, 1012, 456, 447, 342, 225, 221, 222] | nodes=[9, 10, 14, 15, 5, 6, 7, 16]
2026-01-16 12:56:34,426 - /DATA/Aurindum/Swarming/Outputs/20260109_202226_ParticleTesting/P140_I200/run.log - INFO - Threshold reached at n_caps=8
2026-01-16 12:57:28,395 - /DATA/Aurindum/Swarming/Outputs/20260109_202226_ParticleTesting/P150_I10/run.log - INFO - n_caps=1 | minZ=0.087365 | models=[1012] | nodes=[9]
2026-01-16 12:58:22,302 - /DATA/Aurindum/Swarming/Outputs/20260109_202226_ParticleTesting/P150_I10/run.log - INFO - n_caps=2 | minZ=0.069757 | models=[1012, 1169] | nodes=[9, 6]
2026-01-16 12:59:15,259 - /DATA/Aurindum/Swarming/Outputs/20260109_202226_ParticleTesting/P150_I10/run.log - INFO - n_caps=3 | minZ=0.058397 | models=[1012, 1169, 766] | nodes=[9, 6, 10]
2026-01-16 13:00:08,739 - /DATA/Aurindum/Swarming/Outputs/20260109_202226_ParticleTesting/P150_I10/run.log - INFO - n_caps=4 | minZ=0.053788 | models=[1012, 1169, 766, 595] | nodes=[9, 6, 10, 15]
2026-01-16 13:01:02,065 - /DATA/Aurindum/Swarming/Outputs/20260109_202226_ParticleTesting/P150_I10/run.log - INFO - n_caps=5 | minZ=0.049580 | models=[1012, 1169, 766, 595, 433] | nodes=[9, 6, 10, 15, 14]
2026-01-16 13:01:55,827 - /DATA/Aurindum/Swarming/Outputs/20260109_202226_ParticleTesting/P150_I10/run.log - INFO - n_caps=6 | minZ=0.046410 | models=[1012, 1169, 766, 596, 434, 893] | nodes=[9, 5, 10, 15, 14, 6]
2026-01-16 13:02:49,486 - /DATA/Aurindum/Swarming/Outputs/20260109_202226_ParticleTesting/P150_I10/run.log - INFO - n_caps=7 | minZ=0.044996 | models=[1012, 1168, 766, 596, 434, 893, 248] | nodes=[9, 6, 10, 15, 14, 5, 7]
2026-01-16 13:03:42,324 - /DATA/Aurindum/Swarming/Outputs/20260109_202226_ParticleTesting/P150_I10/run.log - INFO - n_caps=8 | minZ=0.042919 | models=[1012, 1169, 766, 595, 434, 892, 248, 787] | nodes=[9, 6, 10, 15, 14, 5, 7, 16]
2026-01-16 13:04:35,829 - /DATA/Aurindum/Swarming/Outputs/20260109_202226_ParticleTesting/P150_I10/run.log - INFO - n_caps=9 | minZ=0.042486 | models=[1014, 1169, 766, 596, 434, 892, 248, 787, 422] | nodes=[8, 6, 10, 15, 14, 5, 7, 16, 9]
2026-01-16 13:05:27,798 - /DATA/Aurindum/Swarming/Outputs/20260109_202226_ParticleTesting/P150_I10/run.log - INFO - n_caps=10 | minZ=0.042084 | models=[1014, 1169, 765, 595, 434, 892, 248, 787, 421, 2179] | nodes=[8, 6, 10, 15, 14, 5, 7, 16, 9, 2]
2026-01-16 13:06:19,448 - /DATA/Aurindum/Swarming/Outputs/20260109_202226_ParticleTesting/P150_I10/run.log - INFO - n_caps=11 | minZ=0.042078 | models=[1014, 1169, 765, 595, 434, 892, 248, 787, 421, 2179, 974] | nodes=[8, 6, 10, 15, 14, 5, 7, 16, 9, 1, 2]
2026-01-16 13:07:04,276 - /DATA/Aurindum/Swarming/Outputs/20260109_202226_ParticleTesting/P150_I10/run.log - INFO - n_caps=12 | minZ=0.042059 | models=[1014, 1169, 765, 595, 434, 892, 248, 787, 421, 2179, 974, 118] | nodes=[8, 6, 10, 15, 14, 5, 7, 16, 9, 1, 2, 17]
2026-01-16 13:07:53,836 - /DATA/Aurindum/Swarming/Outputs/20260109_202226_ParticleTesting/P150_I10/run.log - INFO - n_caps=13 | minZ=0.042030 | models=[1014, 1169, 765, 595, 434, 892, 248, 787, 421, 2179, 974, 118, 2139] | nodes=[8, 6, 10, 15, 14, 5, 7, 16, 9, 3, 2, 17, 18]
2026-01-16 13:08:48,264 - /DATA/Aurindum/Swarming/Outputs/20260109_202226_ParticleTesting/P150_I10/run.log - INFO - n_caps=14 | minZ=0.042025 | models=[1014, 1169, 765, 595, 434, 892, 248, 787, 421, 2179, 974, 118, 2139, 2305] | nodes=[8, 6, 10, 15, 14, 5, 7, 16, 9, 3, 2, 17, 18, 19]
2026-01-16 13:09:39,961 - /DATA/Aurindum/Swarming/Outputs/20260109_202226_ParticleTesting/P150_I10/run.log - INFO - n_caps=15 | minZ=0.042021 | models=[1014, 1169, 765, 596, 434, 892, 248, 787, 421, 2179, 974, 118, 2139, 2305, 835] | nodes=[8, 6, 10, 15, 14, 5, 7, 16, 9, 3, 2, 17, 18, 19, 1]
2026-01-16 13:10:28,695 - /DATA/Aurindum/Swarming/Outputs/20260109_202226_ParticleTesting/P150_I10/run.log - INFO - n_caps=16 | minZ=0.042018 | models=[1014, 1169, 765, 596, 434, 892, 248, 787, 421, 2179, 974, 118, 2139, 2305, 835, 953] | nodes=[8, 6, 10, 15, 14, 5, 7, 16, 9, 3, 2, 17, 18, 19, 1, 20]
2026-01-16 13:11:17,877 - /DATA/Aurindum/Swarming/Outputs/20260109_202226_ParticleTesting/P150_I10/run.log - INFO - n_caps=17 | minZ=0.042017 | models=[1014, 1169, 765, 596, 434, 893, 248, 787, 421, 2179, 974, 118, 2139, 2306, 835, 953, 990] | nodes=[8, 6, 10, 15, 14, 5, 7, 16, 9, 3, 1, 17, 18, 19, 2, 20, 4]
2026-01-16 13:12:09,837 - /DATA/Aurindum/Swarming/Outputs/20260109_202226_ParticleTesting/P150_I10/run.log - INFO - n_caps=18 | minZ=0.042022 | models=[1014, 1169, 765, 596, 434, 893, 248, 787, 421, 2179, 974, 118, 2139, 2306, 835, 953, 990, 111] | nodes=[8, 6, 10, 15, 14, 5, 7, 16, 9, 3, 1, 17, 18, 19, 2, 20, 4, 11]
2026-01-16 13:13:02,935 - /DATA/Aurindum/Swarming/Outputs/20260109_202226_ParticleTesting/P150_I10/run.log - INFO - n_caps=19 | minZ=0.042039 | models=[1014, 1169, 765, 596, 434, 893, 248, 787, 421, 2179, 974, 118, 2139, 2306, 835, 953, 990, 111, 152] | nodes=[8, 6, 10, 15, 14, 5, 7, 16, 9, 3, 1, 17, 18, 19, 2, 20, 4, 11, 12]
2026-01-16 13:13:55,712 - /DATA/Aurindum/Swarming/Outputs/20260109_202226_ParticleTesting/P150_I10/run.log - INFO - n_caps=20 | minZ=0.042070 | models=[1014, 1169, 765, 596, 434, 893, 248, 787, 421, 2179, 974, 118, 2139, 2306, 835, 953, 990, 111, 152, 459] | nodes=[8, 6, 10, 15, 14, 5, 7, 16, 9, 3, 1, 17, 18, 19, 2, 20, 4, 11, 12, 13]
2026-01-16 13:15:40,151 - /DATA/Aurindum/Swarming/Outputs/20260109_202226_ParticleTesting/P150_I20/run.log - INFO - n_caps=1 | minZ=0.087365 | models=[1014] | nodes=[9]
2026-01-16 13:17:22,748 - /DATA/Aurindum/Swarming/Outputs/20260109_202226_ParticleTesting/P150_I20/run.log - INFO - n_caps=2 | minZ=0.064766 | models=[1014, 1012] | nodes=[9, 10]
2026-01-16 13:19:06,862 - /DATA/Aurindum/Swarming/Outputs/20260109_202226_ParticleTesting/P150_I20/run.log - INFO - n_caps=3 | minZ=0.054175 | models=[1014, 1012, 511] | nodes=[9, 10, 5]
2026-01-16 13:20:36,228 - /DATA/Aurindum/Swarming/Outputs/20260109_202226_ParticleTesting/P150_I20/run.log - INFO - n_caps=4 | minZ=0.050752 | models=[1014, 1012, 511, 433] | nodes=[9, 10, 5, 15]
2026-01-16 13:22:04,380 - /DATA/Aurindum/Swarming/Outputs/20260109_202226_ParticleTesting/P150_I20/run.log - INFO - n_caps=5 | minZ=0.048348 | models=[1014, 1012, 511, 434, 365] | nodes=[9, 10, 5, 15, 6]
2026-01-16 13:23:30,893 - /DATA/Aurindum/Swarming/Outputs/20260109_202226_ParticleTesting/P150_I20/run.log - INFO - n_caps=6 | minZ=0.046497 | models=[1014, 1012, 511, 434, 365, 214] | nodes=[9, 10, 5, 14, 6, 7]
2026-01-16 13:25:14,724 - /DATA/Aurindum/Swarming/Outputs/20260109_202226_ParticleTesting/P150_I20/run.log - INFO - n_caps=7 | minZ=0.044136 | models=[1014, 1012, 511, 434, 365, 215, 174] | nodes=[9, 10, 5, 14, 6, 7, 15]
2026-01-16 13:26:52,087 - /DATA/Aurindum/Swarming/Outputs/20260109_202226_ParticleTesting/P150_I20/run.log - INFO - n_caps=8 | minZ=0.042984 | models=[1014, 1012, 512, 434, 365, 215, 174, 341] | nodes=[10, 9, 5, 14, 6, 7, 15, 16]
2026-01-16 13:28:29,265 - /DATA/Aurindum/Swarming/Outputs/20260109_202226_ParticleTesting/P150_I20/run.log - INFO - n_caps=9 | minZ=0.042462 | models=[1014, 1012, 512, 434, 364, 215, 174, 341, 1512] | nodes=[10, 8, 5, 14, 6, 7, 15, 16, 9]
2026-01-16 13:30:12,065 - /DATA/Aurindum/Swarming/Outputs/20260109_202226_ParticleTesting/P150_I20/run.log - INFO - n_caps=10 | minZ=0.042203 | models=[1014, 1012, 512, 434, 364, 215, 174, 341, 1512, 231] | nodes=[9, 8, 5, 14, 4, 6, 15, 16, 10, 7]
2026-01-16 13:31:46,091 - /DATA/Aurindum/Swarming/Outputs/20260109_202226_ParticleTesting/P150_I20/run.log - INFO - n_caps=11 | minZ=0.041221 | models=[1014, 1012, 512, 434, 365, 215, 174, 342, 1512, 231, 499] | nodes=[9, 8, 5, 14, 4, 6, 15, 16, 10, 7, 17]
2026-01-16 13:31:46,092 - /DATA/Aurindum/Swarming/Outputs/20260109_202226_ParticleTesting/P150_I20/run.log - INFO - Threshold reached at n_caps=11
2026-01-16 13:33:55,988 - /DATA/Aurindum/Swarming/Outputs/20260109_202226_ParticleTesting/P150_I30/run.log - INFO - n_caps=1 | minZ=0.087365 | models=[1012] | nodes=[9]
2026-01-16 13:36:13,120 - /DATA/Aurindum/Swarming/Outputs/20260109_202226_ParticleTesting/P150_I30/run.log - INFO - n_caps=2 | minZ=0.064766 | models=[1012, 1012] | nodes=[9, 10]
2026-01-16 13:38:30,945 - /DATA/Aurindum/Swarming/Outputs/20260109_202226_ParticleTesting/P150_I30/run.log - INFO - n_caps=3 | minZ=0.053976 | models=[1012, 1012, 510] | nodes=[9, 10, 14]
2026-01-16 13:40:38,052 - /DATA/Aurindum/Swarming/Outputs/20260109_202226_ParticleTesting/P150_I30/run.log - INFO - n_caps=4 | minZ=0.049852 | models=[1012, 1012, 511, 433] | nodes=[9, 10, 14, 15]
2026-01-16 13:42:50,428 - /DATA/Aurindum/Swarming/Outputs/20260109_202226_ParticleTesting/P150_I30/run.log - INFO - n_caps=5 | minZ=0.047587 | models=[1012, 1012, 511, 433, 433] | nodes=[9, 10, 14, 15, 5]
2026-01-16 13:45:18,015 - /DATA/Aurindum/Swarming/Outputs/20260109_202226_ParticleTesting/P150_I30/run.log - INFO - n_caps=6 | minZ=0.045228 | models=[1012, 1012, 512, 433, 433, 175] | nodes=[9, 10, 14, 15, 6, 7]
2026-01-16 13:47:36,344 - /DATA/Aurindum/Swarming/Outputs/20260109_202226_ParticleTesting/P150_I30/run.log - INFO - n_caps=7 | minZ=0.043219 | models=[1012, 1012, 511, 433, 433, 174, 110] | nodes=[9, 10, 14, 15, 5, 6, 7]
2026-01-16 13:49:43,081 - /DATA/Aurindum/Swarming/Outputs/20260109_202226_ParticleTesting/P150_I30/run.log - INFO - n_caps=8 | minZ=0.041900 | models=[1012, 1012, 512, 433, 433, 174, 110, 189] | nodes=[9, 10, 14, 15, 5, 6, 7, 16]
2026-01-16 13:49:43,082 - /DATA/Aurindum/Swarming/Outputs/20260109_202226_ParticleTesting/P150_I30/run.log - INFO - Threshold reached at n_caps=8
2026-01-16 13:52:49,433 - /DATA/Aurindum/Swarming/Outputs/20260109_202226_ParticleTesting/P150_I40/run.log - INFO - n_caps=1 | minZ=0.087365 | models=[1012] | nodes=[9]
2026-01-16 13:55:52,143 - /DATA/Aurindum/Swarming/Outputs/20260109_202226_ParticleTesting/P150_I40/run.log - INFO - n_caps=2 | minZ=0.064766 | models=[1012, 1014] | nodes=[9, 10]
2026-01-16 13:58:54,324 - /DATA/Aurindum/Swarming/Outputs/20260109_202226_ParticleTesting/P150_I40/run.log - INFO - n_caps=3 | minZ=0.053863 | models=[1012, 1014, 528] | nodes=[9, 10, 14]
2026-01-16 14:02:04,810 - /DATA/Aurindum/Swarming/Outputs/20260109_202226_ParticleTesting/P150_I40/run.log - INFO - n_caps=4 | minZ=0.049874 | models=[1012, 1014, 528, 433] | nodes=[9, 10, 14, 15]
2026-01-16 14:05:04,407 - /DATA/Aurindum/Swarming/Outputs/20260109_202226_ParticleTesting/P150_I40/run.log - INFO - n_caps=5 | minZ=0.047855 | models=[1012, 1014, 528, 434, 110] | nodes=[9, 10, 14, 15, 6]
2026-01-16 14:08:04,411 - /DATA/Aurindum/Swarming/Outputs/20260109_202226_ParticleTesting/P150_I40/run.log - INFO - n_caps=6 | minZ=0.045588 | models=[1012, 1014, 528, 433, 110, 189] | nodes=[9, 10, 14, 15, 5, 6]
2026-01-16 14:11:03,909 - /DATA/Aurindum/Swarming/Outputs/20260109_202226_ParticleTesting/P150_I40/run.log - INFO - n_caps=7 | minZ=0.043240 | models=[1012, 1014, 528, 434, 110, 189, 344] | nodes=[9, 10, 14, 15, 6, 7, 5]
2026-01-16 14:13:58,037 - /DATA/Aurindum/Swarming/Outputs/20260109_202226_ParticleTesting/P150_I40/run.log - INFO - n_caps=8 | minZ=0.041090 | models=[1012, 1014, 528, 434, 110, 189, 344, 248] | nodes=[10, 9, 14, 15, 6, 7, 5, 16]
2026-01-16 14:13:58,038 - /DATA/Aurindum/Swarming/Outputs/20260109_202226_ParticleTesting/P150_I40/run.log - INFO - Threshold reached at n_caps=8
2026-01-16 14:17:34,210 - /DATA/Aurindum/Swarming/Outputs/20260109_202226_ParticleTesting/P150_I50/run.log - INFO - n_caps=1 | minZ=0.087365 | models=[1012] | nodes=[9]
2026-01-16 14:21:26,025 - /DATA/Aurindum/Swarming/Outputs/20260109_202226_ParticleTesting/P150_I50/run.log - INFO - n_caps=2 | minZ=0.064766 | models=[1012, 1014] | nodes=[9, 10]
2026-01-16 14:25:15,851 - /DATA/Aurindum/Swarming/Outputs/20260109_202226_ParticleTesting/P150_I50/run.log - INFO - n_caps=3 | minZ=0.054024 | models=[1012, 1014, 512] | nodes=[9, 10, 15]
2026-01-16 14:28:54,705 - /DATA/Aurindum/Swarming/Outputs/20260109_202226_ParticleTesting/P150_I50/run.log - INFO - n_caps=4 | minZ=0.050198 | models=[1012, 1014, 512, 892] | nodes=[9, 10, 14, 15]
2026-01-16 14:32:56,355 - /DATA/Aurindum/Swarming/Outputs/20260109_202226_ParticleTesting/P150_I50/run.log - INFO - n_caps=5 | minZ=0.045859 | models=[1012, 1014, 511, 892, 263] | nodes=[9, 10, 15, 14, 7]
2026-01-16 14:36:39,859 - /DATA/Aurindum/Swarming/Outputs/20260109_202226_ParticleTesting/P150_I50/run.log - INFO - n_caps=6 | minZ=0.044158 | models=[1012, 1014, 510, 892, 263, 226] | nodes=[9, 10, 15, 14, 7, 5]
2026-01-16 14:40:28,842 - /DATA/Aurindum/Swarming/Outputs/20260109_202226_ParticleTesting/P150_I50/run.log - INFO - n_caps=7 | minZ=0.042931 | models=[1012, 1014, 510, 892, 263, 226, 109] | nodes=[9, 10, 15, 14, 7, 5, 6]
2026-01-16 14:44:12,525 - /DATA/Aurindum/Swarming/Outputs/20260109_202226_ParticleTesting/P150_I50/run.log - INFO - n_caps=8 | minZ=0.041117 | models=[1012, 1014, 510, 892, 263, 226, 109, 171] | nodes=[9, 10, 15, 14, 7, 6, 5, 16]
2026-01-16 14:44:12,526 - /DATA/Aurindum/Swarming/Outputs/20260109_202226_ParticleTesting/P150_I50/run.log - INFO - Threshold reached at n_caps=8
2026-01-16 14:48:51,672 - /DATA/Aurindum/Swarming/Outputs/20260109_202226_ParticleTesting/P150_I60/run.log - INFO - n_caps=1 | minZ=0.087365 | models=[1012] | nodes=[9]
2026-01-16 14:53:18,166 - /DATA/Aurindum/Swarming/Outputs/20260109_202226_ParticleTesting/P150_I60/run.log - INFO - n_caps=2 | minZ=0.064766 | models=[1012, 1014] | nodes=[9, 10]
2026-01-16 14:57:49,085 - /DATA/Aurindum/Swarming/Outputs/20260109_202226_ParticleTesting/P150_I60/run.log - INFO - n_caps=3 | minZ=0.054024 | models=[1012, 1014, 499] | nodes=[9, 10, 15]
2026-01-16 15:02:28,336 - /DATA/Aurindum/Swarming/Outputs/20260109_202226_ParticleTesting/P150_I60/run.log - INFO - n_caps=4 | minZ=0.050392 | models=[1012, 1014, 499, 433] | nodes=[9, 10, 15, 14]
2026-01-16 15:07:03,708 - /DATA/Aurindum/Swarming/Outputs/20260109_202226_ParticleTesting/P150_I60/run.log - INFO - n_caps=5 | minZ=0.048151 | models=[1012, 1014, 500, 433, 221] | nodes=[9, 10, 15, 14, 7]
2026-01-16 15:11:48,617 - /DATA/Aurindum/Swarming/Outputs/20260109_202226_ParticleTesting/P150_I60/run.log - INFO - n_caps=6 | minZ=0.045723 | models=[1012, 1014, 500, 433, 221, 433] | nodes=[9, 10, 14, 15, 7, 5]
2026-01-16 15:16:37,034 - /DATA/Aurindum/Swarming/Outputs/20260109_202226_ParticleTesting/P150_I60/run.log - INFO - n_caps=7 | minZ=0.043736 | models=[1012, 1014, 499, 433, 221, 433, 189] | nodes=[9, 10, 14, 15, 7, 5, 16]
2026-01-16 15:21:07,860 - /DATA/Aurindum/Swarming/Outputs/20260109_202226_ParticleTesting/P150_I60/run.log - INFO - n_caps=8 | minZ=0.042382 | models=[1012, 1014, 499, 433, 221, 433, 189, 226] | nodes=[9, 10, 14, 15, 7, 5, 16, 6]
2026-01-16 15:25:42,246 - /DATA/Aurindum/Swarming/Outputs/20260109_202226_ParticleTesting/P150_I60/run.log - INFO - n_caps=9 | minZ=0.041978 | models=[1012, 1014, 499, 433, 221, 433, 189, 225, 222] | nodes=[9, 10, 14, 15, 7, 5, 16, 6, 8]
2026-01-16 15:25:42,247 - /DATA/Aurindum/Swarming/Outputs/20260109_202226_ParticleTesting/P150_I60/run.log - INFO - Threshold reached at n_caps=9
2026-01-16 15:30:53,356 - /DATA/Aurindum/Swarming/Outputs/20260109_202226_ParticleTesting/P150_I70/run.log - INFO - n_caps=1 | minZ=0.087365 | models=[1012] | nodes=[9]
2026-01-16 15:36:28,126 - /DATA/Aurindum/Swarming/Outputs/20260109_202226_ParticleTesting/P150_I70/run.log - INFO - n_caps=2 | minZ=0.064766 | models=[1012, 1014] | nodes=[9, 10]
2026-01-16 15:41:34,721 - /DATA/Aurindum/Swarming/Outputs/20260109_202226_ParticleTesting/P150_I70/run.log - INFO - n_caps=3 | minZ=0.053863 | models=[1012, 1014, 527] | nodes=[9, 10, 14]
2026-01-16 15:47:00,730 - /DATA/Aurindum/Swarming/Outputs/20260109_202226_ParticleTesting/P150_I70/run.log - INFO - n_caps=4 | minZ=0.050166 | models=[1012, 1014, 527, 344] | nodes=[9, 10, 14, 15]
2026-01-16 15:52:30,933 - /DATA/Aurindum/Swarming/Outputs/20260109_202226_ParticleTesting/P150_I70/run.log - INFO - n_caps=5 | minZ=0.047195 | models=[1012, 1014, 527, 344, 262] | nodes=[9, 10, 14, 15, 16]
2026-01-16 15:57:46,355 - /DATA/Aurindum/Swarming/Outputs/20260109_202226_ParticleTesting/P150_I70/run.log - INFO - n_caps=6 | minZ=0.044641 | models=[1012, 1014, 527, 344, 262, 95] | nodes=[9, 10, 14, 15, 16, 6]
2026-01-16 16:03:11,737 - /DATA/Aurindum/Swarming/Outputs/20260109_202226_ParticleTesting/P150_I70/run.log - INFO - n_caps=7 | minZ=0.042719 | models=[1012, 1014, 527, 344, 262, 95, 221] | nodes=[9, 10, 14, 15, 16, 5, 6]
2026-01-16 16:08:19,213 - /DATA/Aurindum/Swarming/Outputs/20260109_202226_ParticleTesting/P150_I70/run.log - INFO - n_caps=8 | minZ=0.041517 | models=[1012, 1014, 527, 344, 262, 95, 221, 13] | nodes=[9, 10, 14, 15, 16, 5, 6, 7]
2026-01-16 16:08:19,213 - /DATA/Aurindum/Swarming/Outputs/20260109_202226_ParticleTesting/P150_I70/run.log - INFO - Threshold reached at n_caps=8
2026-01-16 16:15:14,565 - /DATA/Aurindum/Swarming/Outputs/20260109_202226_ParticleTesting/P150_I80/run.log - INFO - n_caps=1 | minZ=0.087365 | models=[1014] | nodes=[9]
2026-01-16 16:22:11,777 - /DATA/Aurindum/Swarming/Outputs/20260109_202226_ParticleTesting/P150_I80/run.log - INFO - n_caps=2 | minZ=0.064766 | models=[1014, 1012] | nodes=[9, 10]
2026-01-16 16:29:15,258 - /DATA/Aurindum/Swarming/Outputs/20260109_202226_ParticleTesting/P150_I80/run.log - INFO - n_caps=3 | minZ=0.053976 | models=[1014, 1012, 510] | nodes=[9, 10, 14]
2026-01-16 16:36:30,475 - /DATA/Aurindum/Swarming/Outputs/20260109_202226_ParticleTesting/P150_I80/run.log - INFO - n_caps=4 | minZ=0.049857 | models=[1014, 1012, 510, 434] | nodes=[9, 10, 14, 15]
2026-01-16 16:43:26,426 - /DATA/Aurindum/Swarming/Outputs/20260109_202226_ParticleTesting/P150_I80/run.log - INFO - n_caps=5 | minZ=0.047753 | models=[1014, 1012, 510, 434, 342] | nodes=[9, 10, 14, 15, 5]
2026-01-16 16:50:18,975 - /DATA/Aurindum/Swarming/Outputs/20260109_202226_ParticleTesting/P150_I80/run.log - INFO - n_caps=6 | minZ=0.044200 | models=[1014, 1012, 510, 434, 342, 262] | nodes=[9, 10, 14, 15, 5, 16]
2026-01-16 16:57:17,712 - /DATA/Aurindum/Swarming/Outputs/20260109_202226_ParticleTesting/P150_I80/run.log - INFO - n_caps=7 | minZ=0.042704 | models=[1014, 1012, 510, 433, 342, 262, 225] | nodes=[9, 10, 14, 15, 5, 16, 6]
2026-01-16 17:04:07,334 - /DATA/Aurindum/Swarming/Outputs/20260109_202226_ParticleTesting/P150_I80/run.log - INFO - n_caps=8 | minZ=0.041852 | models=[1014, 1012, 510, 433, 342, 262, 225, 189] | nodes=[9, 10, 14, 15, 5, 16, 6, 7]
2026-01-16 17:04:07,334 - /DATA/Aurindum/Swarming/Outputs/20260109_202226_ParticleTesting/P150_I80/run.log - INFO - Threshold reached at n_caps=8
2026-01-16 17:11:59,303 - /DATA/Aurindum/Swarming/Outputs/20260109_202226_ParticleTesting/P150_I90/run.log - INFO - n_caps=1 | minZ=0.087365 | models=[1012] | nodes=[9]
2026-01-16 17:19:52,189 - /DATA/Aurindum/Swarming/Outputs/20260109_202226_ParticleTesting/P150_I90/run.log - INFO - n_caps=2 | minZ=0.064766 | models=[1012, 1014] | nodes=[9, 10]
2026-01-16 17:27:44,280 - /DATA/Aurindum/Swarming/Outputs/20260109_202226_ParticleTesting/P150_I90/run.log - INFO - n_caps=3 | minZ=0.053863 | models=[1012, 1014, 527] | nodes=[9, 10, 14]
2026-01-16 17:35:26,856 - /DATA/Aurindum/Swarming/Outputs/20260109_202226_ParticleTesting/P150_I90/run.log - INFO - n_caps=4 | minZ=0.050349 | models=[1012, 1014, 527, 434] | nodes=[9, 10, 14, 6]
2026-01-16 17:43:12,191 - /DATA/Aurindum/Swarming/Outputs/20260109_202226_ParticleTesting/P150_I90/run.log - INFO - n_caps=5 | minZ=0.047883 | models=[1012, 1014, 527, 434, 221] | nodes=[9, 10, 14, 6, 5]
2026-01-16 17:50:46,436 - /DATA/Aurindum/Swarming/Outputs/20260109_202226_ParticleTesting/P150_I90/run.log - INFO - n_caps=6 | minZ=0.046047 | models=[1012, 1014, 528, 434, 222, 893] | nodes=[9, 10, 14, 6, 7, 5]
2026-01-16 17:58:23,634 - /DATA/Aurindum/Swarming/Outputs/20260109_202226_ParticleTesting/P150_I90/run.log - INFO - n_caps=7 | minZ=0.042555 | models=[1012, 1014, 528, 434, 222, 893, 262] | nodes=[9, 10, 14, 6, 7, 5, 15]
2026-01-16 18:05:56,078 - /DATA/Aurindum/Swarming/Outputs/20260109_202226_ParticleTesting/P150_I90/run.log - INFO - n_caps=8 | minZ=0.040996 | models=[1012, 1014, 528, 434, 221, 893, 262, 118] | nodes=[9, 10, 14, 6, 7, 5, 15, 16]
2026-01-16 18:05:56,079 - /DATA/Aurindum/Swarming/Outputs/20260109_202226_ParticleTesting/P150_I90/run.log - INFO - Threshold reached at n_caps=8
2026-01-16 18:14:13,470 - /DATA/Aurindum/Swarming/Outputs/20260109_202226_ParticleTesting/P150_I100/run.log - INFO - n_caps=1 | minZ=0.087365 | models=[1012] | nodes=[9]
2026-01-16 18:22:35,627 - /DATA/Aurindum/Swarming/Outputs/20260109_202226_ParticleTesting/P150_I100/run.log - INFO - n_caps=2 | minZ=0.064766 | models=[1012, 1014] | nodes=[9, 10]
2026-01-16 18:31:19,376 - /DATA/Aurindum/Swarming/Outputs/20260109_202226_ParticleTesting/P150_I100/run.log - INFO - n_caps=3 | minZ=0.053863 | models=[1012, 1014, 528] | nodes=[9, 10, 14]
2026-01-16 18:39:50,398 - /DATA/Aurindum/Swarming/Outputs/20260109_202226_ParticleTesting/P150_I100/run.log - INFO - n_caps=4 | minZ=0.050349 | models=[1012, 1014, 528, 434] | nodes=[9, 10, 14, 6]
2026-01-16 18:48:09,190 - /DATA/Aurindum/Swarming/Outputs/20260109_202226_ParticleTesting/P150_I100/run.log - INFO - n_caps=5 | minZ=0.047828 | models=[1012, 1014, 527, 434, 221] | nodes=[9, 10, 14, 5, 7]
2026-01-16 18:56:14,043 - /DATA/Aurindum/Swarming/Outputs/20260109_202226_ParticleTesting/P150_I100/run.log - INFO - n_caps=6 | minZ=0.045741 | models=[1012, 1014, 527, 434, 221, 109] | nodes=[9, 10, 14, 5, 7, 6]
2026-01-16 19:03:39,517 - /DATA/Aurindum/Swarming/Outputs/20260109_202226_ParticleTesting/P150_I100/run.log - INFO - n_caps=7 | minZ=0.043926 | models=[1012, 1014, 527, 434, 221, 109, 222] | nodes=[9, 10, 14, 5, 7, 6, 15]
2026-01-16 19:11:45,188 - /DATA/Aurindum/Swarming/Outputs/20260109_202226_ParticleTesting/P150_I100/run.log - INFO - n_caps=8 | minZ=0.042664 | models=[1014, 1014, 527, 434, 221, 109, 221, 225] | nodes=[9, 10, 14, 5, 7, 6, 15, 16]
2026-01-16 19:19:56,628 - /DATA/Aurindum/Swarming/Outputs/20260109_202226_ParticleTesting/P150_I100/run.log - INFO - n_caps=9 | minZ=0.042090 | models=[1014, 1014, 527, 434, 221, 109, 222, 225, 178] | nodes=[9, 10, 14, 5, 7, 6, 15, 16, 8]
2026-01-16 19:27:50,180 - /DATA/Aurindum/Swarming/Outputs/20260109_202226_ParticleTesting/P150_I100/run.log - INFO - n_caps=10 | minZ=0.041390 | models=[1014, 1014, 527, 434, 222, 109, 222, 225, 178, 1287] | nodes=[9, 10, 14, 5, 8, 6, 15, 16, 7, 2]
2026-01-16 19:27:50,180 - /DATA/Aurindum/Swarming/Outputs/20260109_202226_ParticleTesting/P150_I100/run.log - INFO - Threshold reached at n_caps=10
2026-01-16 19:36:39,656 - /DATA/Aurindum/Swarming/Outputs/20260109_202226_ParticleTesting/P150_I110/run.log - INFO - n_caps=1 | minZ=0.087365 | models=[1012] | nodes=[9]
2026-01-16 19:45:22,457 - /DATA/Aurindum/Swarming/Outputs/20260109_202226_ParticleTesting/P150_I110/run.log - INFO - n_caps=2 | minZ=0.064766 | models=[1012, 1012] | nodes=[9, 10]
2026-01-16 19:53:36,313 - /DATA/Aurindum/Swarming/Outputs/20260109_202226_ParticleTesting/P150_I110/run.log - INFO - n_caps=3 | minZ=0.055259 | models=[1012, 1012, 447] | nodes=[10, 9, 6]
2026-01-16 20:02:35,288 - /DATA/Aurindum/Swarming/Outputs/20260109_202226_ParticleTesting/P150_I110/run.log - INFO - n_caps=4 | minZ=0.049520 | models=[1012, 1012, 447, 434] | nodes=[9, 10, 6, 15]
2026-01-16 20:11:23,849 - /DATA/Aurindum/Swarming/Outputs/20260109_202226_ParticleTesting/P150_I110/run.log - INFO - n_caps=5 | minZ=0.046526 | models=[1012, 1012, 447, 434, 434] | nodes=[9, 10, 5, 15, 6]
2026-01-16 20:20:20,146 - /DATA/Aurindum/Swarming/Outputs/20260109_202226_ParticleTesting/P150_I110/run.log - INFO - n_caps=6 | minZ=0.044334 | models=[1012, 1012, 447, 434, 341, 433] | nodes=[9, 10, 5, 15, 6, 14]
2026-01-16 20:28:44,469 - /DATA/Aurindum/Swarming/Outputs/20260109_202226_ParticleTesting/P150_I110/run.log - INFO - n_caps=7 | minZ=0.041879 | models=[1012, 1012, 447, 434, 341, 434, 171] | nodes=[9, 10, 5, 15, 6, 14, 7]
2026-01-16 20:28:44,470 - /DATA/Aurindum/Swarming/Outputs/20260109_202226_ParticleTesting/P150_I110/run.log - INFO - Threshold reached at n_caps=7
2026-01-16 20:38:10,579 - /DATA/Aurindum/Swarming/Outputs/20260109_202226_ParticleTesting/P150_I120/run.log - INFO - n_caps=1 | minZ=0.087365 | models=[1014] | nodes=[9]
2026-01-16 20:47:32,751 - /DATA/Aurindum/Swarming/Outputs/20260109_202226_ParticleTesting/P150_I120/run.log - INFO - n_caps=2 | minZ=0.064766 | models=[1014, 1012] | nodes=[9, 10]
2026-01-16 20:56:59,092 - /DATA/Aurindum/Swarming/Outputs/20260109_202226_ParticleTesting/P150_I120/run.log - INFO - n_caps=3 | minZ=0.053863 | models=[1014, 1012, 528] | nodes=[9, 10, 14]
2026-01-16 21:05:59,175 - /DATA/Aurindum/Swarming/Outputs/20260109_202226_ParticleTesting/P150_I120/run.log - INFO - n_caps=4 | minZ=0.049852 | models=[1014, 1012, 511, 433] | nodes=[9, 10, 14, 15]
2026-01-16 21:14:39,469 - /DATA/Aurindum/Swarming/Outputs/20260109_202226_ParticleTesting/P150_I120/run.log - INFO - n_caps=5 | minZ=0.047753 | models=[1014, 1012, 510, 433, 344] | nodes=[9, 10, 14, 15, 5]
2026-01-16 21:23:37,027 - /DATA/Aurindum/Swarming/Outputs/20260109_202226_ParticleTesting/P150_I120/run.log - INFO - n_caps=6 | minZ=0.044077 | models=[1014, 1012, 510, 433, 344, 262] | nodes=[10, 9, 14, 15, 5, 6]
2026-01-16 21:32:44,116 - /DATA/Aurindum/Swarming/Outputs/20260109_202226_ParticleTesting/P150_I120/run.log - INFO - n_caps=7 | minZ=0.042859 | models=[1014, 1012, 510, 433, 344, 263, 109] | nodes=[10, 9, 15, 14, 5, 6, 7]
2026-01-16 21:41:33,435 - /DATA/Aurindum/Swarming/Outputs/20260109_202226_ParticleTesting/P150_I120/run.log - INFO - n_caps=8 | minZ=0.041178 | models=[1014, 1012, 510, 434, 344, 263, 110, 171] | nodes=[10, 9, 15, 14, 5, 6, 7, 16]
2026-01-16 21:41:33,436 - /DATA/Aurindum/Swarming/Outputs/20260109_202226_ParticleTesting/P150_I120/run.log - INFO - Threshold reached at n_caps=8
2026-01-16 21:51:03,044 - /DATA/Aurindum/Swarming/Outputs/20260109_202226_ParticleTesting/P150_I130/run.log - INFO - n_caps=1 | minZ=0.087365 | models=[1012] | nodes=[9]
2026-01-16 22:00:59,827 - /DATA/Aurindum/Swarming/Outputs/20260109_202226_ParticleTesting/P150_I130/run.log - INFO - n_caps=2 | minZ=0.064766 | models=[1014, 1012] | nodes=[9, 10]
2026-01-16 22:10:15,294 - /DATA/Aurindum/Swarming/Outputs/20260109_202226_ParticleTesting/P150_I130/run.log - INFO - n_caps=3 | minZ=0.053863 | models=[1014, 1012, 527] | nodes=[9, 10, 14]
2026-01-16 22:19:57,611 - /DATA/Aurindum/Swarming/Outputs/20260109_202226_ParticleTesting/P150_I130/run.log - INFO - n_caps=4 | minZ=0.049874 | models=[1014, 1012, 527, 433] | nodes=[9, 10, 14, 15]
2026-01-16 22:29:22,774 - /DATA/Aurindum/Swarming/Outputs/20260109_202226_ParticleTesting/P150_I130/run.log - INFO - n_caps=5 | minZ=0.046776 | models=[1014, 1012, 523, 456, 434] | nodes=[10, 9, 14, 15, 5]
2026-01-16 22:39:20,583 - /DATA/Aurindum/Swarming/Outputs/20260109_202226_ParticleTesting/P150_I130/run.log - INFO - n_caps=6 | minZ=0.044785 | models=[1014, 1014, 523, 456, 434, 110] | nodes=[10, 9, 15, 14, 5, 6]
2026-01-16 22:48:41,237 - /DATA/Aurindum/Swarming/Outputs/20260109_202226_ParticleTesting/P150_I130/run.log - INFO - n_caps=7 | minZ=0.042408 | models=[1014, 1014, 523, 456, 434, 343, 183] | nodes=[9, 10, 15, 14, 5, 6, 7]
2026-01-16 22:58:12,790 - /DATA/Aurindum/Swarming/Outputs/20260109_202226_ParticleTesting/P150_I130/run.log - INFO - n_caps=8 | minZ=0.041225 | models=[1014, 1014, 523, 456, 434, 343, 183, 222] | nodes=[9, 10, 15, 14, 5, 6, 7, 16]
2026-01-16 22:58:12,791 - /DATA/Aurindum/Swarming/Outputs/20260109_202226_ParticleTesting/P150_I130/run.log - INFO - Threshold reached at n_caps=8
2026-01-16 23:08:43,727 - /DATA/Aurindum/Swarming/Outputs/20260109_202226_ParticleTesting/P150_I140/run.log - INFO - n_caps=1 | minZ=0.087365 | models=[1012] | nodes=[9]
2026-01-16 23:19:13,135 - /DATA/Aurindum/Swarming/Outputs/20260109_202226_ParticleTesting/P150_I140/run.log - INFO - n_caps=2 | minZ=0.064766 | models=[1012, 1012] | nodes=[9, 10]
2026-01-16 23:29:25,796 - /DATA/Aurindum/Swarming/Outputs/20260109_202226_ParticleTesting/P150_I140/run.log - INFO - n_caps=3 | minZ=0.053863 | models=[1012, 1012, 528] | nodes=[9, 10, 14]
2026-01-16 23:39:54,845 - /DATA/Aurindum/Swarming/Outputs/20260109_202226_ParticleTesting/P150_I140/run.log - INFO - n_caps=4 | minZ=0.049852 | models=[1012, 1012, 511, 434] | nodes=[9, 10, 14, 15]
2026-01-16 23:50:27,819 - /DATA/Aurindum/Swarming/Outputs/20260109_202226_ParticleTesting/P150_I140/run.log - INFO - n_caps=5 | minZ=0.047556 | models=[1012, 892, 511, 434, 2002] | nodes=[9, 10, 14, 15, 6]
2026-01-17 00:01:02,606 - /DATA/Aurindum/Swarming/Outputs/20260109_202226_ParticleTesting/P150_I140/run.log - INFO - n_caps=6 | minZ=0.045060 | models=[1012, 892, 512, 434, 2002, 189] | nodes=[9, 10, 14, 15, 6, 7]
2026-01-17 00:11:16,782 - /DATA/Aurindum/Swarming/Outputs/20260109_202226_ParticleTesting/P150_I140/run.log - INFO - n_caps=7 | minZ=0.043117 | models=[1012, 893, 512, 434, 2002, 189, 390] | nodes=[9, 10, 14, 15, 6, 7, 5]
2026-01-17 00:21:44,091 - /DATA/Aurindum/Swarming/Outputs/20260109_202226_ParticleTesting/P150_I140/run.log - INFO - n_caps=8 | minZ=0.042004 | models=[1012, 892, 511, 434, 2001, 189, 389, 226] | nodes=[9, 10, 14, 15, 6, 7, 5, 16]
2026-01-17 00:32:14,961 - /DATA/Aurindum/Swarming/Outputs/20260109_202226_ParticleTesting/P150_I140/run.log - INFO - n_caps=9 | minZ=0.041215 | models=[1012, 892, 512, 434, 2001, 189, 387, 226, 262] | nodes=[9, 10, 14, 15, 6, 7, 5, 16, 8]
2026-01-17 00:32:14,962 - /DATA/Aurindum/Swarming/Outputs/20260109_202226_ParticleTesting/P150_I140/run.log - INFO - Threshold reached at n_caps=9
2026-01-17 00:43:27,282 - /DATA/Aurindum/Swarming/Outputs/20260109_202226_ParticleTesting/P150_I150/run.log - INFO - n_caps=1 | minZ=0.087365 | models=[1012] | nodes=[9]
2026-01-17 00:55:04,724 - /DATA/Aurindum/Swarming/Outputs/20260109_202226_ParticleTesting/P150_I150/run.log - INFO - n_caps=2 | minZ=0.064766 | models=[1012, 1012] | nodes=[9, 10]
2026-01-17 01:06:11,679 - /DATA/Aurindum/Swarming/Outputs/20260109_202226_ParticleTesting/P150_I150/run.log - INFO - n_caps=3 | minZ=0.053863 | models=[1012, 1012, 527] | nodes=[9, 10, 14]
2026-01-17 01:17:28,805 - /DATA/Aurindum/Swarming/Outputs/20260109_202226_ParticleTesting/P150_I150/run.log - INFO - n_caps=4 | minZ=0.049874 | models=[1012, 1012, 528, 434] | nodes=[10, 9, 14, 15]
2026-01-17 01:29:13,765 - /DATA/Aurindum/Swarming/Outputs/20260109_202226_ParticleTesting/P150_I150/run.log - INFO - n_caps=5 | minZ=0.047140 | models=[1012, 1012, 455, 473, 434] | nodes=[10, 9, 14, 15, 5]
2026-01-17 01:40:31,087 - /DATA/Aurindum/Swarming/Outputs/20260109_202226_ParticleTesting/P150_I150/run.log - INFO - n_caps=6 | minZ=0.044857 | models=[1012, 1012, 456, 473, 434, 91] | nodes=[10, 9, 14, 15, 5, 6]
2026-01-17 01:51:41,879 - /DATA/Aurindum/Swarming/Outputs/20260109_202226_ParticleTesting/P150_I150/run.log - INFO - n_caps=7 | minZ=0.043333 | models=[1012, 1012, 456, 473, 434, 91, 221] | nodes=[10, 9, 14, 15, 5, 6, 7]
2026-01-17 02:02:41,189 - /DATA/Aurindum/Swarming/Outputs/20260109_202226_ParticleTesting/P150_I150/run.log - INFO - n_caps=8 | minZ=0.042017 | models=[1012, 1012, 455, 473, 434, 91, 221, 225] | nodes=[9, 10, 14, 15, 5, 6, 7, 16]
2026-01-17 02:13:46,004 - /DATA/Aurindum/Swarming/Outputs/20260109_202226_ParticleTesting/P150_I150/run.log - INFO - n_caps=9 | minZ=0.041647 | models=[1012, 1012, 455, 473, 434, 91, 222, 225, 171] | nodes=[9, 10, 14, 15, 6, 5, 7, 16, 8]
2026-01-17 02:13:46,005 - /DATA/Aurindum/Swarming/Outputs/20260109_202226_ParticleTesting/P150_I150/run.log - INFO - Threshold reached at n_caps=9
2026-01-17 02:25:35,062 - /DATA/Aurindum/Swarming/Outputs/20260109_202226_ParticleTesting/P150_I160/run.log - INFO - n_caps=1 | minZ=0.087365 | models=[1012] | nodes=[9]
2026-01-17 02:37:07,183 - /DATA/Aurindum/Swarming/Outputs/20260109_202226_ParticleTesting/P150_I160/run.log - INFO - n_caps=2 | minZ=0.064766 | models=[1012, 1012] | nodes=[9, 10]
2026-01-17 02:48:55,080 - /DATA/Aurindum/Swarming/Outputs/20260109_202226_ParticleTesting/P150_I160/run.log - INFO - n_caps=3 | minZ=0.053863 | models=[1012, 1012, 528] | nodes=[10, 9, 14]
2026-01-17 03:00:46,623 - /DATA/Aurindum/Swarming/Outputs/20260109_202226_ParticleTesting/P150_I160/run.log - INFO - n_caps=4 | minZ=0.049874 | models=[1012, 1012, 528, 433] | nodes=[9, 10, 14, 15]
2026-01-17 03:12:57,351 - /DATA/Aurindum/Swarming/Outputs/20260109_202226_ParticleTesting/P150_I160/run.log - INFO - n_caps=5 | minZ=0.046703 | models=[1012, 1012, 837, 434, 455] | nodes=[9, 10, 14, 15, 5]
2026-01-17 03:24:38,566 - /DATA/Aurindum/Swarming/Outputs/20260109_202226_ParticleTesting/P150_I160/run.log - INFO - n_caps=6 | minZ=0.044236 | models=[1012, 1012, 837, 433, 455, 171] | nodes=[9, 10, 14, 15, 5, 6]
2026-01-17 03:36:48,523 - /DATA/Aurindum/Swarming/Outputs/20260109_202226_ParticleTesting/P150_I160/run.log - INFO - n_caps=7 | minZ=0.042502 | models=[1012, 1012, 837, 434, 456, 171, 222] | nodes=[9, 10, 15, 14, 5, 6, 7]
2026-01-17 03:48:44,428 - /DATA/Aurindum/Swarming/Outputs/20260109_202226_ParticleTesting/P150_I160/run.log - INFO - n_caps=8 | minZ=0.041159 | models=[1012, 1012, 837, 434, 456, 171, 222, 434] | nodes=[9, 10, 15, 14, 5, 6, 7, 16]
2026-01-17 03:48:44,429 - /DATA/Aurindum/Swarming/Outputs/20260109_202226_ParticleTesting/P150_I160/run.log - INFO - Threshold reached at n_caps=8
2026-01-17 04:01:22,061 - /DATA/Aurindum/Swarming/Outputs/20260109_202226_ParticleTesting/P150_I170/run.log - INFO - n_caps=1 | minZ=0.087365 | models=[1014] | nodes=[9]
2026-01-17 04:13:59,891 - /DATA/Aurindum/Swarming/Outputs/20260109_202226_ParticleTesting/P150_I170/run.log - INFO - n_caps=2 | minZ=0.064766 | models=[1014, 1014] | nodes=[9, 10]
2026-01-17 04:26:57,246 - /DATA/Aurindum/Swarming/Outputs/20260109_202226_ParticleTesting/P150_I170/run.log - INFO - n_caps=3 | minZ=0.053863 | models=[1014, 1014, 528] | nodes=[9, 10, 14]
2026-01-17 04:40:06,061 - /DATA/Aurindum/Swarming/Outputs/20260109_202226_ParticleTesting/P150_I170/run.log - INFO - n_caps=4 | minZ=0.049666 | models=[1014, 1014, 456, 434] | nodes=[9, 10, 14, 15]
2026-01-17 04:53:08,103 - /DATA/Aurindum/Swarming/Outputs/20260109_202226_ParticleTesting/P150_I170/run.log - INFO - n_caps=5 | minZ=0.046011 | models=[1014, 1014, 456, 434, 344] | nodes=[9, 10, 14, 15, 5]
2026-01-17 05:05:23,935 - /DATA/Aurindum/Swarming/Outputs/20260109_202226_ParticleTesting/P150_I170/run.log - INFO - n_caps=6 | minZ=0.043584 | models=[1014, 1014, 455, 434, 344, 171] | nodes=[9, 10, 15, 14, 5, 6]
2026-01-17 05:18:06,452 - /DATA/Aurindum/Swarming/Outputs/20260109_202226_ParticleTesting/P150_I170/run.log - INFO - n_caps=7 | minZ=0.042044 | models=[1014, 1014, 456, 434, 344, 171, 275] | nodes=[9, 10, 15, 14, 5, 7, 6]
2026-01-17 05:30:29,068 - /DATA/Aurindum/Swarming/Outputs/20260109_202226_ParticleTesting/P150_I170/run.log - INFO - n_caps=8 | minZ=0.040841 | models=[1014, 1014, 456, 433, 344, 171, 275, 221] | nodes=[9, 10, 14, 15, 5, 7, 6, 16]
2026-01-17 05:30:29,069 - /DATA/Aurindum/Swarming/Outputs/20260109_202226_ParticleTesting/P150_I170/run.log - INFO - Threshold reached at n_caps=8
2026-01-17 05:43:55,500 - /DATA/Aurindum/Swarming/Outputs/20260109_202226_ParticleTesting/P150_I180/run.log - INFO - n_caps=1 | minZ=0.087365 | models=[1012] | nodes=[9]
2026-01-17 05:56:45,820 - /DATA/Aurindum/Swarming/Outputs/20260109_202226_ParticleTesting/P150_I180/run.log - INFO - n_caps=2 | minZ=0.064766 | models=[1012, 1014] | nodes=[9, 10]
2026-01-17 06:10:03,606 - /DATA/Aurindum/Swarming/Outputs/20260109_202226_ParticleTesting/P150_I180/run.log - INFO - n_caps=3 | minZ=0.053863 | models=[1012, 1014, 528] | nodes=[10, 9, 14]
2026-01-17 06:23:26,088 - /DATA/Aurindum/Swarming/Outputs/20260109_202226_ParticleTesting/P150_I180/run.log - INFO - n_caps=4 | minZ=0.050009 | models=[1012, 1014, 528, 434] | nodes=[9, 10, 14, 5]
2026-01-17 06:36:58,863 - /DATA/Aurindum/Swarming/Outputs/20260109_202226_ParticleTesting/P150_I180/run.log - INFO - n_caps=5 | minZ=0.046561 | models=[1012, 1014, 524, 434, 447] | nodes=[9, 10, 15, 5, 14]
2026-01-17 06:50:59,918 - /DATA/Aurindum/Swarming/Outputs/20260109_202226_ParticleTesting/P150_I180/run.log - INFO - n_caps=6 | minZ=0.044830 | models=[1012, 1014, 523, 434, 447, 91] | nodes=[9, 10, 15, 5, 14, 6]
2026-01-17 07:04:27,292 - /DATA/Aurindum/Swarming/Outputs/20260109_202226_ParticleTesting/P150_I180/run.log - INFO - n_caps=7 | minZ=0.043137 | models=[1012, 1014, 523, 434, 447, 109, 222] | nodes=[9, 10, 15, 5, 14, 6, 7]
2026-01-17 07:18:00,854 - /DATA/Aurindum/Swarming/Outputs/20260109_202226_ParticleTesting/P150_I180/run.log - INFO - n_caps=8 | minZ=0.041741 | models=[1012, 1014, 523, 434, 447, 109, 222, 171] | nodes=[9, 10, 15, 5, 14, 6, 7, 16]
2026-01-17 07:18:00,855 - /DATA/Aurindum/Swarming/Outputs/20260109_202226_ParticleTesting/P150_I180/run.log - INFO - Threshold reached at n_caps=8
2026-01-17 07:32:47,841 - /DATA/Aurindum/Swarming/Outputs/20260109_202226_ParticleTesting/P150_I190/run.log - INFO - n_caps=1 | minZ=0.087365 | models=[1012] | nodes=[9]
2026-01-17 07:46:52,739 - /DATA/Aurindum/Swarming/Outputs/20260109_202226_ParticleTesting/P150_I190/run.log - INFO - n_caps=2 | minZ=0.064766 | models=[1012, 1012] | nodes=[9, 10]
2026-01-17 08:01:04,066 - /DATA/Aurindum/Swarming/Outputs/20260109_202226_ParticleTesting/P150_I190/run.log - INFO - n_caps=3 | minZ=0.053863 | models=[1012, 1012, 528] | nodes=[9, 10, 14]
2026-01-17 08:14:34,463 - /DATA/Aurindum/Swarming/Outputs/20260109_202226_ParticleTesting/P150_I190/run.log - INFO - n_caps=4 | minZ=0.049874 | models=[1012, 1012, 528, 433] | nodes=[9, 10, 14, 15]
2026-01-17 08:28:30,384 - /DATA/Aurindum/Swarming/Outputs/20260109_202226_ParticleTesting/P150_I190/run.log - INFO - n_caps=5 | minZ=0.047257 | models=[1012, 1012, 524, 433, 434] | nodes=[9, 10, 14, 15, 5]
2026-01-17 08:42:07,768 - /DATA/Aurindum/Swarming/Outputs/20260109_202226_ParticleTesting/P150_I190/run.log - INFO - n_caps=6 | minZ=0.044802 | models=[1012, 1012, 524, 434, 433, 334] | nodes=[9, 10, 14, 15, 5, 6]
2026-01-17 08:55:48,096 - /DATA/Aurindum/Swarming/Outputs/20260109_202226_ParticleTesting/P150_I190/run.log - INFO - n_caps=7 | minZ=0.043072 | models=[1012, 1012, 524, 434, 433, 333, 171] | nodes=[9, 10, 14, 15, 5, 6, 7]
2026-01-17 09:09:52,251 - /DATA/Aurindum/Swarming/Outputs/20260109_202226_ParticleTesting/P150_I190/run.log - INFO - n_caps=8 | minZ=0.041278 | models=[1012, 1012, 524, 434, 433, 334, 171, 433] | nodes=[9, 10, 15, 14, 5, 6, 7, 16]
2026-01-17 09:09:52,252 - /DATA/Aurindum/Swarming/Outputs/20260109_202226_ParticleTesting/P150_I190/run.log - INFO - Threshold reached at n_caps=8
2026-01-17 09:23:59,563 - /DATA/Aurindum/Swarming/Outputs/20260109_202226_ParticleTesting/P150_I200/run.log - INFO - n_caps=1 | minZ=0.087365 | models=[1012] | nodes=[9]
2026-01-17 09:38:52,676 - /DATA/Aurindum/Swarming/Outputs/20260109_202226_ParticleTesting/P150_I200/run.log - INFO - n_caps=2 | minZ=0.064766 | models=[1012, 1012] | nodes=[10, 9]
2026-01-17 09:53:25,891 - /DATA/Aurindum/Swarming/Outputs/20260109_202226_ParticleTesting/P150_I200/run.log - INFO - n_caps=3 | minZ=0.053863 | models=[1012, 1012, 528] | nodes=[10, 9, 14]
2026-01-17 10:07:53,084 - /DATA/Aurindum/Swarming/Outputs/20260109_202226_ParticleTesting/P150_I200/run.log - INFO - n_caps=4 | minZ=0.049979 | models=[1012, 1012, 512, 434] | nodes=[10, 9, 14, 5]
2026-01-17 10:22:50,333 - /DATA/Aurindum/Swarming/Outputs/20260109_202226_ParticleTesting/P150_I200/run.log - INFO - n_caps=5 | minZ=0.046859 | models=[1012, 1012, 893, 434, 433] | nodes=[10, 9, 14, 5, 15]
2026-01-17 10:37:56,746 - /DATA/Aurindum/Swarming/Outputs/20260109_202226_ParticleTesting/P150_I200/run.log - INFO - n_caps=6 | minZ=0.043758 | models=[1012, 1012, 893, 455, 433, 189] | nodes=[10, 9, 14, 5, 15, 6]
2026-01-17 10:53:31,840 - /DATA/Aurindum/Swarming/Outputs/20260109_202226_ParticleTesting/P150_I200/run.log - INFO - n_caps=7 | minZ=0.041939 | models=[1012, 1012, 893, 455, 433, 189, 334] | nodes=[10, 9, 14, 5, 15, 6, 7]
2026-01-17 10:53:31,841 - /DATA/Aurindum/Swarming/Outputs/20260109_202226_ParticleTesting/P150_I200/run.log - INFO - Threshold reached at n_caps=7
2026-01-17 10:54:16,971 - /DATA/Aurindum/Swarming/Outputs/20260109_202226_ParticleTesting/P160_I10/run.log - INFO - n_caps=1 | minZ=0.087365 | models=[1012] | nodes=[9]
2026-01-17 10:55:02,482 - /DATA/Aurindum/Swarming/Outputs/20260109_202226_ParticleTesting/P160_I10/run.log - INFO - n_caps=2 | minZ=0.068885 | models=[1012, 1169] | nodes=[9, 15]
2026-01-17 10:55:47,935 - /DATA/Aurindum/Swarming/Outputs/20260109_202226_ParticleTesting/P160_I10/run.log - INFO - n_caps=3 | minZ=0.058447 | models=[1012, 1169, 766] | nodes=[9, 14, 10]
2026-01-17 10:56:33,843 - /DATA/Aurindum/Swarming/Outputs/20260109_202226_ParticleTesting/P160_I10/run.log - INFO - n_caps=4 | minZ=0.052679 | models=[1012, 1170, 766, 344] | nodes=[9, 14, 10, 5]
2026-01-17 10:57:20,255 - /DATA/Aurindum/Swarming/Outputs/20260109_202226_ParticleTesting/P160_I10/run.log - INFO - n_caps=5 | minZ=0.048405 | models=[1012, 1170, 766, 344, 448] | nodes=[9, 14, 10, 5, 6]
2026-01-17 10:58:16,870 - /DATA/Aurindum/Swarming/Outputs/20260109_202226_ParticleTesting/P160_I10/run.log - INFO - n_caps=6 | minZ=0.045529 | models=[1012, 1170, 767, 344, 448, 343] | nodes=[9, 15, 10, 6, 5, 14]
2026-01-17 10:59:09,543 - /DATA/Aurindum/Swarming/Outputs/20260109_202226_ParticleTesting/P160_I10/run.log - INFO - n_caps=7 | minZ=0.043012 | models=[1012, 1169, 764, 344, 448, 342, 243] | nodes=[9, 15, 10, 6, 5, 14, 7]
2026-01-17 11:00:01,327 - /DATA/Aurindum/Swarming/Outputs/20260109_202226_ParticleTesting/P160_I10/run.log - INFO - n_caps=8 | minZ=0.042377 | models=[1012, 1169, 765, 344, 448, 342, 243, 197] | nodes=[10, 15, 9, 5, 6, 14, 7, 16]
2026-01-17 11:00:47,586 - /DATA/Aurindum/Swarming/Outputs/20260109_202226_ParticleTesting/P160_I10/run.log - INFO - n_caps=9 | minZ=0.042097 | models=[1012, 1170, 764, 344, 447, 342, 243, 197, 189] | nodes=[10, 15, 9, 5, 6, 14, 7, 16, 8]
2026-01-17 11:01:38,393 - /DATA/Aurindum/Swarming/Outputs/20260109_202226_ParticleTesting/P160_I10/run.log - INFO - n_caps=10 | minZ=0.042068 | models=[1012, 1170, 764, 344, 447, 342, 243, 197, 189, 1317] | nodes=[10, 15, 9, 5, 6, 14, 7, 16, 8, 2]
2026-01-17 11:02:32,173 - /DATA/Aurindum/Swarming/Outputs/20260109_202226_ParticleTesting/P160_I10/run.log - INFO - n_caps=11 | minZ=0.041968 | models=[1012, 1169, 764, 343, 448, 342, 243, 196, 189, 1317, 3295] | nodes=[10, 15, 9, 5, 6, 14, 7, 16, 8, 2, 19]
2026-01-17 11:02:32,174 - /DATA/Aurindum/Swarming/Outputs/20260109_202226_ParticleTesting/P160_I10/run.log - INFO - Threshold reached at n_caps=11
2026-01-17 11:04:06,662 - /DATA/Aurindum/Swarming/Outputs/20260109_202226_ParticleTesting/P160_I20/run.log - INFO - n_caps=1 | minZ=0.089878 | models=[1012] | nodes=[10]
2026-01-17 11:05:44,440 - /DATA/Aurindum/Swarming/Outputs/20260109_202226_ParticleTesting/P160_I20/run.log - INFO - n_caps=2 | minZ=0.066703 | models=[1012, 1014] | nodes=[9, 5]
2026-01-17 11:07:15,596 - /DATA/Aurindum/Swarming/Outputs/20260109_202226_ParticleTesting/P160_I20/run.log - INFO - n_caps=3 | minZ=0.055926 | models=[1012, 1014, 512] | nodes=[9, 5, 6]
2026-01-17 11:08:45,882 - /DATA/Aurindum/Swarming/Outputs/20260109_202226_ParticleTesting/P160_I20/run.log - INFO - n_caps=4 | minZ=0.050924 | models=[1012, 1014, 512, 456] | nodes=[9, 6, 5, 10]
2026-01-17 11:10:25,046 - /DATA/Aurindum/Swarming/Outputs/20260109_202226_ParticleTesting/P160_I20/run.log - INFO - n_caps=5 | minZ=0.048767 | models=[1012, 1014, 511, 456, 110] | nodes=[9, 6, 5, 10, 7]
2026-01-17 11:12:03,114 - /DATA/Aurindum/Swarming/Outputs/20260109_202226_ParticleTesting/P160_I20/run.log - INFO - n_caps=6 | minZ=0.046524 | models=[1012, 1014, 511, 456, 110, 893] | nodes=[9, 6, 5, 10, 7, 14]
2026-01-17 11:13:42,444 - /DATA/Aurindum/Swarming/Outputs/20260109_202226_ParticleTesting/P160_I20/run.log - INFO - n_caps=7 | minZ=0.044052 | models=[1012, 1014, 510, 456, 110, 893, 260] | nodes=[9, 5, 6, 10, 7, 15, 16]
2026-01-17 11:15:29,995 - /DATA/Aurindum/Swarming/Outputs/20260109_202226_ParticleTesting/P160_I20/run.log - INFO - n_caps=8 | minZ=0.042408 | models=[1012, 1014, 510, 456, 110, 893, 260, 893] | nodes=[9, 5, 6, 10, 7, 15, 16, 14]
2026-01-17 11:17:06,130 - /DATA/Aurindum/Swarming/Outputs/20260109_202226_ParticleTesting/P160_I20/run.log - INFO - n_caps=9 | minZ=0.041895 | models=[1012, 1015, 510, 455, 110, 893, 260, 893, 1437] | nodes=[9, 4, 6, 10, 7, 15, 16, 14, 5]
2026-01-17 11:17:06,131 - /DATA/Aurindum/Swarming/Outputs/20260109_202226_ParticleTesting/P160_I20/run.log - INFO - Threshold reached at n_caps=9
2026-01-17 11:19:29,605 - /DATA/Aurindum/Swarming/Outputs/20260109_202226_ParticleTesting/P160_I30/run.log - INFO - n_caps=1 | minZ=0.087365 | models=[1012] | nodes=[9]
2026-01-17 11:21:52,713 - /DATA/Aurindum/Swarming/Outputs/20260109_202226_ParticleTesting/P160_I30/run.log - INFO - n_caps=2 | minZ=0.064766 | models=[1012, 1014] | nodes=[10, 9]
2026-01-17 11:24:23,602 - /DATA/Aurindum/Swarming/Outputs/20260109_202226_ParticleTesting/P160_I30/run.log - INFO - n_caps=3 | minZ=0.054024 | models=[1012, 1014, 512] | nodes=[10, 9, 15]
2026-01-17 11:27:05,024 - /DATA/Aurindum/Swarming/Outputs/20260109_202226_ParticleTesting/P160_I30/run.log - INFO - n_caps=4 | minZ=0.050875 | models=[1012, 1014, 512, 434] | nodes=[10, 9, 15, 5]
2026-01-17 11:29:27,940 - /DATA/Aurindum/Swarming/Outputs/20260109_202226_ParticleTesting/P160_I30/run.log - INFO - n_caps=5 | minZ=0.048263 | models=[1012, 1014, 511, 434, 893] | nodes=[10, 9, 15, 5, 14]
2026-01-17 11:31:45,683 - /DATA/Aurindum/Swarming/Outputs/20260109_202226_ParticleTesting/P160_I30/run.log - INFO - n_caps=6 | minZ=0.044099 | models=[1012, 1014, 511, 434, 893, 263] | nodes=[10, 9, 15, 5, 14, 6]
2026-01-17 11:34:00,169 - /DATA/Aurindum/Swarming/Outputs/20260109_202226_ParticleTesting/P160_I30/run.log - INFO - n_caps=7 | minZ=0.041888 | models=[1012, 1014, 511, 434, 893, 263, 189] | nodes=[10, 9, 15, 5, 14, 6, 7]
2026-01-17 11:34:00,170 - /DATA/Aurindum/Swarming/Outputs/20260109_202226_ParticleTesting/P160_I30/run.log - INFO - Threshold reached at n_caps=7
2026-01-17 11:37:21,976 - /DATA/Aurindum/Swarming/Outputs/20260109_202226_ParticleTesting/P160_I40/run.log - INFO - n_caps=1 | minZ=0.087365 | models=[1012] | nodes=[9]
2026-01-17 11:40:23,176 - /DATA/Aurindum/Swarming/Outputs/20260109_202226_ParticleTesting/P160_I40/run.log - INFO - n_caps=2 | minZ=0.068469 | models=[1012, 898] | nodes=[9, 6]
2026-01-17 11:43:27,797 - /DATA/Aurindum/Swarming/Outputs/20260109_202226_ParticleTesting/P160_I40/run.log - INFO - n_caps=3 | minZ=0.057448 | models=[1012, 899, 892] | nodes=[9, 6, 10]
2026-01-17 11:46:29,820 - /DATA/Aurindum/Swarming/Outputs/20260109_202226_ParticleTesting/P160_I40/run.log - INFO - n_caps=4 | minZ=0.050196 | models=[1012, 899, 892, 433] | nodes=[9, 6, 10, 15]
2026-01-17 11:49:40,283 - /DATA/Aurindum/Swarming/Outputs/20260109_202226_ParticleTesting/P160_I40/run.log - INFO - n_caps=5 | minZ=0.046024 | models=[1012, 899, 892, 433, 433] | nodes=[9, 6, 10, 15, 14]
2026-01-17 11:52:54,505 - /DATA/Aurindum/Swarming/Outputs/20260109_202226_ParticleTesting/P160_I40/run.log - INFO - n_caps=6 | minZ=0.043976 | models=[1012, 899, 892, 433, 433, 433] | nodes=[9, 6, 10, 15, 14, 7]
2026-01-17 11:55:58,767 - /DATA/Aurindum/Swarming/Outputs/20260109_202226_ParticleTesting/P160_I40/run.log - INFO - n_caps=7 | minZ=0.042047 | models=[1012, 899, 892, 433, 433, 433, 171] | nodes=[9, 6, 10, 15, 14, 7, 5]
2026-01-17 11:59:04,541 - /DATA/Aurindum/Swarming/Outputs/20260109_202226_ParticleTesting/P160_I40/run.log - INFO - n_caps=8 | minZ=0.040330 | models=[1012, 899, 892, 433, 433, 433, 171, 434] | nodes=[9, 5, 10, 14, 15, 6, 7, 16]
2026-01-17 11:59:04,542 - /DATA/Aurindum/Swarming/Outputs/20260109_202226_ParticleTesting/P160_I40/run.log - INFO - Threshold reached at n_caps=8
2026-01-17 12:02:57,134 - /DATA/Aurindum/Swarming/Outputs/20260109_202226_ParticleTesting/P160_I50/run.log - INFO - n_caps=1 | minZ=0.087365 | models=[1012] | nodes=[9]
2026-01-17 12:06:55,913 - /DATA/Aurindum/Swarming/Outputs/20260109_202226_ParticleTesting/P160_I50/run.log - INFO - n_caps=2 | minZ=0.066976 | models=[1012, 892] | nodes=[9, 10]
2026-01-17 12:10:54,298 - /DATA/Aurindum/Swarming/Outputs/20260109_202226_ParticleTesting/P160_I50/run.log - INFO - n_caps=3 | minZ=0.057072 | models=[1012, 892, 898] | nodes=[9, 10, 5]
2026-01-17 12:14:54,134 - /DATA/Aurindum/Swarming/Outputs/20260109_202226_ParticleTesting/P160_I50/run.log - INFO - n_caps=4 | minZ=0.049863 | models=[1012, 892, 898, 433] | nodes=[9, 10, 5, 6]
2026-01-17 12:18:46,642 - /DATA/Aurindum/Swarming/Outputs/20260109_202226_ParticleTesting/P160_I50/run.log - INFO - n_caps=5 | minZ=0.046698 | models=[1012, 893, 898, 433, 434] | nodes=[9, 10, 5, 6, 7]
2026-01-17 12:22:49,104 - /DATA/Aurindum/Swarming/Outputs/20260109_202226_ParticleTesting/P160_I50/run.log - INFO - n_caps=6 | minZ=0.043882 | models=[1012, 893, 898, 433, 434, 433] | nodes=[9, 10, 5, 6, 7, 14]
2026-01-17 12:26:35,222 - /DATA/Aurindum/Swarming/Outputs/20260109_202226_ParticleTesting/P160_I50/run.log - INFO - n_caps=7 | minZ=0.042062 | models=[1012, 892, 898, 434, 434, 433, 189] | nodes=[10, 9, 5, 6, 7, 14, 15]
2026-01-17 12:30:23,231 - /DATA/Aurindum/Swarming/Outputs/20260109_202226_ParticleTesting/P160_I50/run.log - INFO - n_caps=8 | minZ=0.040710 | models=[1012, 892, 898, 434, 434, 433, 189, 434] | nodes=[10, 9, 6, 5, 7, 14, 15, 16]
2026-01-17 12:30:23,232 - /DATA/Aurindum/Swarming/Outputs/20260109_202226_ParticleTesting/P160_I50/run.log - INFO - Threshold reached at n_caps=8
2026-01-17 12:35:06,987 - /DATA/Aurindum/Swarming/Outputs/20260109_202226_ParticleTesting/P160_I60/run.log - INFO - n_caps=1 | minZ=0.087365 | models=[1014] | nodes=[9]
2026-01-17 12:39:48,719 - /DATA/Aurindum/Swarming/Outputs/20260109_202226_ParticleTesting/P160_I60/run.log - INFO - n_caps=2 | minZ=0.064766 | models=[1014, 1014] | nodes=[9, 10]
2026-01-17 12:44:32,740 - /DATA/Aurindum/Swarming/Outputs/20260109_202226_ParticleTesting/P160_I60/run.log - INFO - n_caps=3 | minZ=0.053863 | models=[1014, 1014, 528] | nodes=[9, 10, 14]
2026-01-17 12:49:29,146 - /DATA/Aurindum/Swarming/Outputs/20260109_202226_ParticleTesting/P160_I60/run.log - INFO - n_caps=4 | minZ=0.049874 | models=[1014, 1014, 528, 433] | nodes=[9, 10, 14, 15]
2026-01-17 12:54:29,770 - /DATA/Aurindum/Swarming/Outputs/20260109_202226_ParticleTesting/P160_I60/run.log - INFO - n_caps=5 | minZ=0.047757 | models=[1014, 1014, 528, 433, 344] | nodes=[9, 10, 14, 15, 5]
2026-01-17 12:59:14,083 - /DATA/Aurindum/Swarming/Outputs/20260109_202226_ParticleTesting/P160_I60/run.log - INFO - n_caps=6 | minZ=0.044046 | models=[1014, 1014, 528, 433, 344, 262] | nodes=[9, 10, 14, 15, 5, 6]
2026-01-17 13:04:05,727 - /DATA/Aurindum/Swarming/Outputs/20260109_202226_ParticleTesting/P160_I60/run.log - INFO - n_caps=7 | minZ=0.043106 | models=[1014, 1014, 528, 433, 344, 262, 171] | nodes=[9, 10, 14, 15, 5, 6, 7]
2026-01-17 13:09:06,603 - /DATA/Aurindum/Swarming/Outputs/20260109_202226_ParticleTesting/P160_I60/run.log - INFO - n_caps=8 | minZ=0.041263 | models=[1014, 1014, 528, 433, 344, 262, 171, 742] | nodes=[9, 10, 15, 14, 5, 6, 7, 16]
2026-01-17 13:09:06,603 - /DATA/Aurindum/Swarming/Outputs/20260109_202226_ParticleTesting/P160_I60/run.log - INFO - Threshold reached at n_caps=8
2026-01-17 13:14:43,142 - /DATA/Aurindum/Swarming/Outputs/20260109_202226_ParticleTesting/P160_I70/run.log - INFO - n_caps=1 | minZ=0.087365 | models=[1014] | nodes=[9]
2026-01-17 13:20:14,984 - /DATA/Aurindum/Swarming/Outputs/20260109_202226_ParticleTesting/P160_I70/run.log - INFO - n_caps=2 | minZ=0.064766 | models=[1014, 1014] | nodes=[9, 10]
2026-01-17 13:26:03,816 - /DATA/Aurindum/Swarming/Outputs/20260109_202226_ParticleTesting/P160_I70/run.log - INFO - n_caps=3 | minZ=0.053863 | models=[1014, 1014, 527] | nodes=[9, 10, 14]
2026-01-17 13:31:39,591 - /DATA/Aurindum/Swarming/Outputs/20260109_202226_ParticleTesting/P160_I70/run.log - INFO - n_caps=4 | minZ=0.049874 | models=[1014, 1014, 527, 434] | nodes=[9, 10, 14, 15]
2026-01-17 13:37:34,733 - /DATA/Aurindum/Swarming/Outputs/20260109_202226_ParticleTesting/P160_I70/run.log - INFO - n_caps=5 | minZ=0.047377 | models=[1014, 1014, 456, 437, 434] | nodes=[9, 10, 15, 14, 6]
2026-01-17 13:43:10,646 - /DATA/Aurindum/Swarming/Outputs/20260109_202226_ParticleTesting/P160_I70/run.log - INFO - n_caps=6 | minZ=0.044101 | models=[1014, 1014, 456, 434, 434, 109] | nodes=[9, 10, 14, 15, 5, 6]
2026-01-17 13:48:31,641 - /DATA/Aurindum/Swarming/Outputs/20260109_202226_ParticleTesting/P160_I70/run.log - INFO - n_caps=7 | minZ=0.042576 | models=[1014, 1014, 456, 434, 433, 109, 226] | nodes=[9, 10, 14, 15, 5, 6, 7]
2026-01-17 13:54:19,626 - /DATA/Aurindum/Swarming/Outputs/20260109_202226_ParticleTesting/P160_I70/run.log - INFO - n_caps=8 | minZ=0.041346 | models=[1014, 1014, 456, 433, 433, 109, 226, 189] | nodes=[9, 10, 14, 15, 5, 6, 7, 16]
2026-01-17 13:54:19,627 - /DATA/Aurindum/Swarming/Outputs/20260109_202226_ParticleTesting/P160_I70/run.log - INFO - Threshold reached at n_caps=8
2026-01-17 14:01:01,407 - /DATA/Aurindum/Swarming/Outputs/20260109_202226_ParticleTesting/P160_I80/run.log - INFO - n_caps=1 | minZ=0.087365 | models=[1014] | nodes=[9]
2026-01-17 14:07:10,668 - /DATA/Aurindum/Swarming/Outputs/20260109_202226_ParticleTesting/P160_I80/run.log - INFO - n_caps=2 | minZ=0.064766 | models=[1014, 1012] | nodes=[9, 10]
2026-01-17 14:13:36,206 - /DATA/Aurindum/Swarming/Outputs/20260109_202226_ParticleTesting/P160_I80/run.log - INFO - n_caps=3 | minZ=0.053863 | models=[1014, 1012, 527] | nodes=[9, 10, 14]
2026-01-17 14:20:15,168 - /DATA/Aurindum/Swarming/Outputs/20260109_202226_ParticleTesting/P160_I80/run.log - INFO - n_caps=4 | minZ=0.049874 | models=[1014, 1012, 527, 434] | nodes=[10, 9, 14, 15]
2026-01-17 14:26:44,285 - /DATA/Aurindum/Swarming/Outputs/20260109_202226_ParticleTesting/P160_I80/run.log - INFO - n_caps=5 | minZ=0.047841 | models=[1014, 1012, 527, 434, 222] | nodes=[10, 9, 14, 15, 7]
2026-01-17 14:33:26,312 - /DATA/Aurindum/Swarming/Outputs/20260109_202226_ParticleTesting/P160_I80/run.log - INFO - n_caps=6 | minZ=0.045677 | models=[1014, 1012, 527, 434, 222, 893] | nodes=[10, 9, 14, 15, 6, 5]
2026-01-17 14:39:43,839 - /DATA/Aurindum/Swarming/Outputs/20260109_202226_ParticleTesting/P160_I80/run.log - INFO - n_caps=7 | minZ=0.042621 | models=[1014, 1012, 527, 434, 222, 893, 263] | nodes=[9, 10, 14, 15, 6, 5, 16]
2026-01-17 14:46:01,052 - /DATA/Aurindum/Swarming/Outputs/20260109_202226_ParticleTesting/P160_I80/run.log - INFO - n_caps=8 | minZ=0.040775 | models=[1014, 1012, 527, 434, 221, 892, 263, 117] | nodes=[9, 10, 14, 15, 6, 5, 16, 7]
2026-01-17 14:46:01,053 - /DATA/Aurindum/Swarming/Outputs/20260109_202226_ParticleTesting/P160_I80/run.log - INFO - Threshold reached at n_caps=8
2026-01-17 14:53:23,785 - /DATA/Aurindum/Swarming/Outputs/20260109_202226_ParticleTesting/P160_I90/run.log - INFO - n_caps=1 | minZ=0.087365 | models=[1014] | nodes=[9]
2026-01-17 15:00:40,265 - /DATA/Aurindum/Swarming/Outputs/20260109_202226_ParticleTesting/P160_I90/run.log - INFO - n_caps=2 | minZ=0.064766 | models=[1014, 1012] | nodes=[9, 10]
2026-01-17 15:08:22,697 - /DATA/Aurindum/Swarming/Outputs/20260109_202226_ParticleTesting/P160_I90/run.log - INFO - n_caps=3 | minZ=0.053863 | models=[1014, 1012, 528] | nodes=[9, 10, 14]
2026-01-17 15:15:39,946 - /DATA/Aurindum/Swarming/Outputs/20260109_202226_ParticleTesting/P160_I90/run.log - INFO - n_caps=4 | minZ=0.049874 | models=[1014, 1012, 528, 433] | nodes=[10, 9, 14, 15]
2026-01-17 15:22:58,370 - /DATA/Aurindum/Swarming/Outputs/20260109_202226_ParticleTesting/P160_I90/run.log - INFO - n_caps=5 | minZ=0.047841 | models=[1014, 1012, 528, 433, 225] | nodes=[9, 10, 14, 15, 7]
2026-01-17 15:30:07,317 - /DATA/Aurindum/Swarming/Outputs/20260109_202226_ParticleTesting/P160_I90/run.log - INFO - n_caps=6 | minZ=0.045489 | models=[1014, 1012, 528, 433, 225, 433] | nodes=[9, 10, 14, 15, 6, 5]
2026-01-17 15:37:49,642 - /DATA/Aurindum/Swarming/Outputs/20260109_202226_ParticleTesting/P160_I90/run.log - INFO - n_caps=7 | minZ=0.043572 | models=[1014, 1012, 528, 433, 225, 433, 189] | nodes=[9, 10, 14, 15, 7, 5, 6]
2026-01-17 15:45:16,707 - /DATA/Aurindum/Swarming/Outputs/20260109_202226_ParticleTesting/P160_I90/run.log - INFO - n_caps=8 | minZ=0.042061 | models=[1014, 1012, 527, 433, 225, 433, 189, 109] | nodes=[9, 10, 14, 15, 7, 5, 6, 16]
2026-01-17 15:52:36,341 - /DATA/Aurindum/Swarming/Outputs/20260109_202226_ParticleTesting/P160_I90/run.log - INFO - n_caps=9 | minZ=0.041188 | models=[1014, 1012, 527, 433, 225, 434, 189, 109, 262] | nodes=[9, 10, 14, 15, 6, 5, 7, 16, 8]
2026-01-17 15:52:36,342 - /DATA/Aurindum/Swarming/Outputs/20260109_202226_ParticleTesting/P160_I90/run.log - INFO - Threshold reached at n_caps=9
2026-01-17 16:00:46,132 - /DATA/Aurindum/Swarming/Outputs/20260109_202226_ParticleTesting/P160_I100/run.log - INFO - n_caps=1 | minZ=0.087365 | models=[1012] | nodes=[9]
2026-01-17 16:08:39,279 - /DATA/Aurindum/Swarming/Outputs/20260109_202226_ParticleTesting/P160_I100/run.log - INFO - n_caps=2 | minZ=0.064766 | models=[1012, 1012] | nodes=[9, 10]
2026-01-17 16:16:50,782 - /DATA/Aurindum/Swarming/Outputs/20260109_202226_ParticleTesting/P160_I100/run.log - INFO - n_caps=3 | minZ=0.053863 | models=[1014, 1012, 527] | nodes=[9, 10, 14]
2026-01-17 16:24:50,028 - /DATA/Aurindum/Swarming/Outputs/20260109_202226_ParticleTesting/P160_I100/run.log - INFO - n_caps=4 | minZ=0.049874 | models=[1014, 1012, 527, 434] | nodes=[9, 10, 14, 15]
2026-01-17 16:32:42,229 - /DATA/Aurindum/Swarming/Outputs/20260109_202226_ParticleTesting/P160_I100/run.log - INFO - n_caps=5 | minZ=0.047075 | models=[1014, 1012, 455, 434, 613] | nodes=[9, 10, 14, 15, 7]
2026-01-17 16:40:54,194 - /DATA/Aurindum/Swarming/Outputs/20260109_202226_ParticleTesting/P160_I100/run.log - INFO - n_caps=6 | minZ=0.044950 | models=[1014, 1012, 455, 434, 613, 342] | nodes=[10, 9, 14, 15, 6, 5]
2026-01-17 16:48:50,859 - /DATA/Aurindum/Swarming/Outputs/20260109_202226_ParticleTesting/P160_I100/run.log - INFO - n_caps=7 | minZ=0.042491 | models=[1014, 1012, 455, 434, 613, 342, 262] | nodes=[10, 9, 14, 15, 6, 5, 16]
2026-01-17 16:56:53,829 - /DATA/Aurindum/Swarming/Outputs/20260109_202226_ParticleTesting/P160_I100/run.log - INFO - n_caps=8 | minZ=0.041024 | models=[1014, 1012, 455, 434, 613, 342, 262, 171] | nodes=[10, 9, 14, 15, 6, 5, 16, 7]
2026-01-17 16:56:53,829 - /DATA/Aurindum/Swarming/Outputs/20260109_202226_ParticleTesting/P160_I100/run.log - INFO - Threshold reached at n_caps=8
2026-01-17 17:06:14,702 - /DATA/Aurindum/Swarming/Outputs/20260109_202226_ParticleTesting/P160_I110/run.log - INFO - n_caps=1 | minZ=0.087365 | models=[1012] | nodes=[9]
2026-01-17 17:15:09,551 - /DATA/Aurindum/Swarming/Outputs/20260109_202226_ParticleTesting/P160_I110/run.log - INFO - n_caps=2 | minZ=0.064766 | models=[1012, 1014] | nodes=[9, 10]
2026-01-17 17:23:49,438 - /DATA/Aurindum/Swarming/Outputs/20260109_202226_ParticleTesting/P160_I110/run.log - INFO - n_caps=3 | minZ=0.053863 | models=[1012, 1014, 527] | nodes=[9, 10, 14]
2026-01-17 17:32:33,530 - /DATA/Aurindum/Swarming/Outputs/20260109_202226_ParticleTesting/P160_I110/run.log - INFO - n_caps=4 | minZ=0.050009 | models=[1012, 1014, 528, 434] | nodes=[9, 10, 14, 5]
2026-01-17 17:41:40,091 - /DATA/Aurindum/Swarming/Outputs/20260109_202226_ParticleTesting/P160_I110/run.log - INFO - n_caps=5 | minZ=0.047756 | models=[1012, 1014, 528, 434, 344] | nodes=[9, 10, 14, 5, 15]
2026-01-17 17:50:21,990 - /DATA/Aurindum/Swarming/Outputs/20260109_202226_ParticleTesting/P160_I110/run.log - INFO - n_caps=6 | minZ=0.044040 | models=[1012, 1014, 528, 434, 344, 263] | nodes=[9, 10, 14, 5, 15, 6]
2026-01-17 17:59:11,850 - /DATA/Aurindum/Swarming/Outputs/20260109_202226_ParticleTesting/P160_I110/run.log - INFO - n_caps=7 | minZ=0.043094 | models=[1012, 1014, 528, 434, 344, 262, 13] | nodes=[9, 10, 14, 5, 15, 6, 7]
2026-01-17 18:07:59,407 - /DATA/Aurindum/Swarming/Outputs/20260109_202226_ParticleTesting/P160_I110/run.log - INFO - n_caps=8 | minZ=0.042198 | models=[1012, 1014, 528, 434, 344, 262, 13, 12] | nodes=[9, 10, 15, 5, 14, 6, 7, 16]
2026-01-17 18:16:54,028 - /DATA/Aurindum/Swarming/Outputs/20260109_202226_ParticleTesting/P160_I110/run.log - INFO - n_caps=9 | minZ=0.041954 | models=[1012, 1014, 528, 434, 344, 262, 13, 13, 178] | nodes=[9, 10, 15, 5, 14, 6, 7, 16, 8]
2026-01-17 18:16:54,028 - /DATA/Aurindum/Swarming/Outputs/20260109_202226_ParticleTesting/P160_I110/run.log - INFO - Threshold reached at n_caps=9
2026-01-17 18:26:32,614 - /DATA/Aurindum/Swarming/Outputs/20260109_202226_ParticleTesting/P160_I120/run.log - INFO - n_caps=1 | minZ=0.087365 | models=[1014] | nodes=[9]
2026-01-17 18:36:54,898 - /DATA/Aurindum/Swarming/Outputs/20260109_202226_ParticleTesting/P160_I120/run.log - INFO - n_caps=2 | minZ=0.064766 | models=[1014, 1014] | nodes=[9, 10]
2026-01-17 18:48:11,549 - /DATA/Aurindum/Swarming/Outputs/20260109_202226_ParticleTesting/P160_I120/run.log - INFO - n_caps=3 | minZ=0.055259 | models=[1014, 1014, 456] | nodes=[9, 10, 6]
2026-01-17 18:58:58,749 - /DATA/Aurindum/Swarming/Outputs/20260109_202226_ParticleTesting/P160_I120/run.log - INFO - n_caps=4 | minZ=0.049500 | models=[1014, 1014, 455, 434] | nodes=[9, 10, 5, 15]
2026-01-17 19:09:23,793 - /DATA/Aurindum/Swarming/Outputs/20260109_202226_ParticleTesting/P160_I120/run.log - INFO - n_caps=5 | minZ=0.046092 | models=[1014, 1014, 456, 434, 342] | nodes=[9, 10, 5, 14, 15]
2026-01-17 19:19:38,342 - /DATA/Aurindum/Swarming/Outputs/20260109_202226_ParticleTesting/P160_I120/run.log - INFO - n_caps=6 | minZ=0.043701 | models=[1014, 1014, 455, 433, 342, 171] | nodes=[9, 10, 5, 14, 15, 6]
2026-01-17 19:29:18,843 - /DATA/Aurindum/Swarming/Outputs/20260109_202226_ParticleTesting/P160_I120/run.log - INFO - n_caps=7 | minZ=0.042180 | models=[1014, 1014, 455, 433, 342, 171, 275] | nodes=[9, 10, 5, 14, 15, 6, 7]
2026-01-17 19:39:22,993 - /DATA/Aurindum/Swarming/Outputs/20260109_202226_ParticleTesting/P160_I120/run.log - INFO - n_caps=8 | minZ=0.040927 | models=[1014, 1014, 455, 433, 342, 171, 275, 225] | nodes=[9, 10, 5, 14, 15, 6, 7, 16]
2026-01-17 19:39:22,994 - /DATA/Aurindum/Swarming/Outputs/20260109_202226_ParticleTesting/P160_I120/run.log - INFO - Threshold reached at n_caps=8
2026-01-17 19:49:55,520 - /DATA/Aurindum/Swarming/Outputs/20260109_202226_ParticleTesting/P160_I130/run.log - INFO - n_caps=1 | minZ=0.087365 | models=[1012] | nodes=[9]
2026-01-17 20:00:20,649 - /DATA/Aurindum/Swarming/Outputs/20260109_202226_ParticleTesting/P160_I130/run.log - INFO - n_caps=2 | minZ=0.064766 | models=[1012, 1012] | nodes=[9, 10]
2026-01-17 20:10:53,602 - /DATA/Aurindum/Swarming/Outputs/20260109_202226_ParticleTesting/P160_I130/run.log - INFO - n_caps=3 | minZ=0.053863 | models=[1012, 1012, 528] | nodes=[9, 10, 14]
2026-01-17 20:21:29,858 - /DATA/Aurindum/Swarming/Outputs/20260109_202226_ParticleTesting/P160_I130/run.log - INFO - n_caps=4 | minZ=0.049874 | models=[1012, 1012, 528, 433] | nodes=[9, 10, 14, 15]
2026-01-17 20:31:58,082 - /DATA/Aurindum/Swarming/Outputs/20260109_202226_ParticleTesting/P160_I130/run.log - INFO - n_caps=5 | minZ=0.047841 | models=[1014, 1012, 527, 433, 221] | nodes=[9, 10, 14, 15, 7]
2026-01-17 20:43:04,283 - /DATA/Aurindum/Swarming/Outputs/20260109_202226_ParticleTesting/P160_I130/run.log - INFO - n_caps=6 | minZ=0.045489 | models=[1014, 1012, 528, 433, 221, 434] | nodes=[9, 10, 14, 15, 6, 5]
2026-01-17 20:53:52,063 - /DATA/Aurindum/Swarming/Outputs/20260109_202226_ParticleTesting/P160_I130/run.log - INFO - n_caps=7 | minZ=0.043120 | models=[1014, 1012, 527, 433, 91, 434, 184] | nodes=[9, 10, 14, 15, 6, 5, 7]
2026-01-17 21:04:08,146 - /DATA/Aurindum/Swarming/Outputs/20260109_202226_ParticleTesting/P160_I130/run.log - INFO - n_caps=8 | minZ=0.042055 | models=[1014, 1012, 528, 433, 91, 434, 184, 225] | nodes=[9, 10, 14, 15, 6, 5, 7, 16]
2026-01-17 21:14:22,626 - /DATA/Aurindum/Swarming/Outputs/20260109_202226_ParticleTesting/P160_I130/run.log - INFO - n_caps=9 | minZ=0.041523 | models=[1014, 1012, 528, 433, 91, 434, 184, 225, 164] | nodes=[9, 10, 14, 15, 6, 5, 7, 16, 8]
2026-01-17 21:14:22,627 - /DATA/Aurindum/Swarming/Outputs/20260109_202226_ParticleTesting/P160_I130/run.log - INFO - Threshold reached at n_caps=9
2026-01-17 21:25:26,260 - /DATA/Aurindum/Swarming/Outputs/20260109_202226_ParticleTesting/P160_I140/run.log - INFO - n_caps=1 | minZ=0.087365 | models=[1012] | nodes=[9]
2026-01-17 21:36:18,773 - /DATA/Aurindum/Swarming/Outputs/20260109_202226_ParticleTesting/P160_I140/run.log - INFO - n_caps=2 | minZ=0.064766 | models=[1012, 1012] | nodes=[9, 10]
2026-01-17 21:47:19,960 - /DATA/Aurindum/Swarming/Outputs/20260109_202226_ParticleTesting/P160_I140/run.log - INFO - n_caps=3 | minZ=0.053863 | models=[1012, 1012, 528] | nodes=[9, 10, 14]
2026-01-17 21:58:34,191 - /DATA/Aurindum/Swarming/Outputs/20260109_202226_ParticleTesting/P160_I140/run.log - INFO - n_caps=4 | minZ=0.049874 | models=[1012, 1012, 528, 434] | nodes=[9, 10, 14, 15]
2026-01-17 22:09:42,824 - /DATA/Aurindum/Swarming/Outputs/20260109_202226_ParticleTesting/P160_I140/run.log - INFO - n_caps=5 | minZ=0.047557 | models=[1012, 1012, 527, 434, 433] | nodes=[9, 10, 14, 15, 5]
2026-01-17 22:21:21,257 - /DATA/Aurindum/Swarming/Outputs/20260109_202226_ParticleTesting/P160_I140/run.log - INFO - n_caps=6 | minZ=0.044781 | models=[1012, 1012, 528, 434, 434, 189] | nodes=[6, 9, 14, 15, 5, 7]
2026-01-17 22:32:44,862 - /DATA/Aurindum/Swarming/Outputs/20260109_202226_ParticleTesting/P160_I140/run.log - INFO - n_caps=7 | minZ=0.042736 | models=[1012, 1012, 528, 434, 434, 189, 434] | nodes=[6, 9, 14, 15, 5, 7, 10]
2026-01-17 22:44:08,007 - /DATA/Aurindum/Swarming/Outputs/20260109_202226_ParticleTesting/P160_I140/run.log - INFO - n_caps=8 | minZ=0.041153 | models=[1012, 1012, 528, 434, 434, 189, 434, 175] | nodes=[6, 9, 14, 16, 5, 7, 10, 15]
2026-01-17 22:44:08,008 - /DATA/Aurindum/Swarming/Outputs/20260109_202226_ParticleTesting/P160_I140/run.log - INFO - Threshold reached at n_caps=8
2026-01-17 22:56:14,079 - /DATA/Aurindum/Swarming/Outputs/20260109_202226_ParticleTesting/P160_I150/run.log - INFO - n_caps=1 | minZ=0.087365 | models=[1014] | nodes=[9]
2026-01-17 23:08:22,610 - /DATA/Aurindum/Swarming/Outputs/20260109_202226_ParticleTesting/P160_I150/run.log - INFO - n_caps=2 | minZ=0.064766 | models=[1014, 1014] | nodes=[9, 10]
2026-01-17 23:20:03,578 - /DATA/Aurindum/Swarming/Outputs/20260109_202226_ParticleTesting/P160_I150/run.log - INFO - n_caps=3 | minZ=0.053863 | models=[1014, 1014, 527] | nodes=[9, 10, 14]
2026-01-17 23:32:07,976 - /DATA/Aurindum/Swarming/Outputs/20260109_202226_ParticleTesting/P160_I150/run.log - INFO - n_caps=4 | minZ=0.049852 | models=[1014, 1014, 512, 433] | nodes=[9, 10, 14, 15]
2026-01-17 23:44:09,460 - /DATA/Aurindum/Swarming/Outputs/20260109_202226_ParticleTesting/P160_I150/run.log - INFO - n_caps=5 | minZ=0.047861 | models=[1014, 1014, 512, 434, 109] | nodes=[9, 10, 14, 15, 6]
2026-01-17 23:56:27,611 - /DATA/Aurindum/Swarming/Outputs/20260109_202226_ParticleTesting/P160_I150/run.log - INFO - n_caps=6 | minZ=0.045748 | models=[1014, 1014, 512, 433, 109, 189] | nodes=[9, 10, 14, 15, 7, 5]
2026-01-18 00:08:35,168 - /DATA/Aurindum/Swarming/Outputs/20260109_202226_ParticleTesting/P160_I150/run.log - INFO - n_caps=7 | minZ=0.043083 | models=[1014, 1014, 512, 434, 109, 189, 433] | nodes=[9, 10, 14, 15, 6, 7, 5]
2026-01-18 00:21:03,156 - /DATA/Aurindum/Swarming/Outputs/20260109_202226_ParticleTesting/P160_I150/run.log - INFO - n_caps=8 | minZ=0.041914 | models=[1014, 1014, 512, 434, 109, 189, 433, 184] | nodes=[9, 10, 14, 15, 6, 7, 5, 16]
2026-01-18 00:21:03,157 - /DATA/Aurindum/Swarming/Outputs/20260109_202226_ParticleTesting/P160_I150/run.log - INFO - Threshold reached at n_caps=8
2026-01-18 00:33:56,176 - /DATA/Aurindum/Swarming/Outputs/20260109_202226_ParticleTesting/P160_I160/run.log - INFO - n_caps=1 | minZ=0.087365 | models=[1014] | nodes=[9]
2026-01-18 00:47:07,912 - /DATA/Aurindum/Swarming/Outputs/20260109_202226_ParticleTesting/P160_I160/run.log - INFO - n_caps=2 | minZ=0.064766 | models=[1014, 1014] | nodes=[9, 10]
2026-01-18 00:59:31,721 - /DATA/Aurindum/Swarming/Outputs/20260109_202226_ParticleTesting/P160_I160/run.log - INFO - n_caps=3 | minZ=0.053863 | models=[1014, 1014, 527] | nodes=[9, 10, 14]
2026-01-18 01:11:49,971 - /DATA/Aurindum/Swarming/Outputs/20260109_202226_ParticleTesting/P160_I160/run.log - INFO - n_caps=4 | minZ=0.049666 | models=[1014, 1014, 455, 434] | nodes=[9, 10, 14, 15]
2026-01-18 01:25:10,611 - /DATA/Aurindum/Swarming/Outputs/20260109_202226_ParticleTesting/P160_I160/run.log - INFO - n_caps=5 | minZ=0.046051 | models=[1014, 1014, 455, 448, 893] | nodes=[9, 10, 14, 15, 5]
2026-01-18 01:38:19,097 - /DATA/Aurindum/Swarming/Outputs/20260109_202226_ParticleTesting/P160_I160/run.log - INFO - n_caps=6 | minZ=0.044092 | models=[1014, 1014, 455, 448, 893, 171] | nodes=[9, 10, 14, 15, 5, 6]
2026-01-18 01:50:38,416 - /DATA/Aurindum/Swarming/Outputs/20260109_202226_ParticleTesting/P160_I160/run.log - INFO - n_caps=7 | minZ=0.041887 | models=[1014, 1014, 455, 448, 893, 171, 91] | nodes=[9, 10, 14, 15, 5, 7, 6]
2026-01-18 01:50:38,417 - /DATA/Aurindum/Swarming/Outputs/20260109_202226_ParticleTesting/P160_I160/run.log - INFO - Threshold reached at n_caps=7
2026-01-18 02:04:09,199 - /DATA/Aurindum/Swarming/Outputs/20260109_202226_ParticleTesting/P160_I170/run.log - INFO - n_caps=1 | minZ=0.087365 | models=[1012] | nodes=[9]
2026-01-18 02:17:56,094 - /DATA/Aurindum/Swarming/Outputs/20260109_202226_ParticleTesting/P160_I170/run.log - INFO - n_caps=2 | minZ=0.064766 | models=[1012, 1012] | nodes=[9, 10]
2026-01-18 02:31:30,974 - /DATA/Aurindum/Swarming/Outputs/20260109_202226_ParticleTesting/P160_I170/run.log - INFO - n_caps=3 | minZ=0.053863 | models=[1012, 1012, 527] | nodes=[9, 10, 14]
2026-01-18 02:45:19,496 - /DATA/Aurindum/Swarming/Outputs/20260109_202226_ParticleTesting/P160_I170/run.log - INFO - n_caps=4 | minZ=0.049738 | models=[1012, 1012, 448, 434] | nodes=[9, 10, 14, 5]
2026-01-18 02:58:47,146 - /DATA/Aurindum/Swarming/Outputs/20260109_202226_ParticleTesting/P160_I170/run.log - INFO - n_caps=5 | minZ=0.046025 | models=[1012, 1012, 448, 434, 342] | nodes=[9, 10, 14, 5, 15]
2026-01-18 03:11:43,662 - /DATA/Aurindum/Swarming/Outputs/20260109_202226_ParticleTesting/P160_I170/run.log - INFO - n_caps=6 | minZ=0.043639 | models=[1012, 1012, 448, 433, 342, 189] | nodes=[9, 10, 15, 5, 14, 6]
2026-01-18 03:24:51,344 - /DATA/Aurindum/Swarming/Outputs/20260109_202226_ParticleTesting/P160_I170/run.log - INFO - n_caps=7 | minZ=0.041966 | models=[1012, 1012, 448, 433, 342, 189, 434] | nodes=[9, 10, 14, 5, 15, 7, 6]
2026-01-18 03:24:51,344 - /DATA/Aurindum/Swarming/Outputs/20260109_202226_ParticleTesting/P160_I170/run.log - INFO - Threshold reached at n_caps=7
2026-01-18 03:39:33,211 - /DATA/Aurindum/Swarming/Outputs/20260109_202226_ParticleTesting/P160_I180/run.log - INFO - n_caps=1 | minZ=0.087365 | models=[1012] | nodes=[9]
2026-01-18 03:53:45,231 - /DATA/Aurindum/Swarming/Outputs/20260109_202226_ParticleTesting/P160_I180/run.log - INFO - n_caps=2 | minZ=0.064766 | models=[1012, 1014] | nodes=[9, 10]
2026-01-18 04:08:27,975 - /DATA/Aurindum/Swarming/Outputs/20260109_202226_ParticleTesting/P160_I180/run.log - INFO - n_caps=3 | minZ=0.053863 | models=[1012, 1014, 527] | nodes=[9, 10, 14]
2026-01-18 04:22:59,407 - /DATA/Aurindum/Swarming/Outputs/20260109_202226_ParticleTesting/P160_I180/run.log - INFO - n_caps=4 | minZ=0.050198 | models=[1012, 1014, 512, 893] | nodes=[9, 10, 14, 15]
2026-01-18 04:37:19,939 - /DATA/Aurindum/Swarming/Outputs/20260109_202226_ParticleTesting/P160_I180/run.log - INFO - n_caps=5 | minZ=0.046343 | models=[1012, 1014, 510, 893, 263] | nodes=[9, 10, 14, 15, 16]
2026-01-18 04:51:39,214 - /DATA/Aurindum/Swarming/Outputs/20260109_202226_ParticleTesting/P160_I180/run.log - INFO - n_caps=6 | minZ=0.044138 | models=[1012, 1014, 511, 893, 263, 455] | nodes=[9, 10, 14, 16, 15, 5]
2026-01-18 05:06:11,526 - /DATA/Aurindum/Swarming/Outputs/20260109_202226_ParticleTesting/P160_I180/run.log - INFO - n_caps=7 | minZ=0.042650 | models=[1012, 1014, 510, 892, 263, 456, 189] | nodes=[9, 10, 14, 16, 15, 5, 7]
2026-01-18 05:20:50,444 - /DATA/Aurindum/Swarming/Outputs/20260109_202226_ParticleTesting/P160_I180/run.log - INFO - n_caps=8 | minZ=0.041293 | models=[1012, 1014, 510, 893, 263, 456, 189, 109] | nodes=[9, 10, 14, 16, 15, 6, 5, 7]
2026-01-18 05:20:50,445 - /DATA/Aurindum/Swarming/Outputs/20260109_202226_ParticleTesting/P160_I180/run.log - INFO - Threshold reached at n_caps=8
2026-01-18 05:35:54,800 - /DATA/Aurindum/Swarming/Outputs/20260109_202226_ParticleTesting/P160_I190/run.log - INFO - n_caps=1 | minZ=0.087365 | models=[1014] | nodes=[9]
2026-01-18 05:50:58,631 - /DATA/Aurindum/Swarming/Outputs/20260109_202226_ParticleTesting/P160_I190/run.log - INFO - n_caps=2 | minZ=0.064766 | models=[1014, 1014] | nodes=[9, 10]
2026-01-18 06:06:04,061 - /DATA/Aurindum/Swarming/Outputs/20260109_202226_ParticleTesting/P160_I190/run.log - INFO - n_caps=3 | minZ=0.053863 | models=[1014, 1014, 528] | nodes=[9, 10, 14]
2026-01-18 06:21:23,411 - /DATA/Aurindum/Swarming/Outputs/20260109_202226_ParticleTesting/P160_I190/run.log - INFO - n_caps=4 | minZ=0.049666 | models=[1014, 1014, 447, 433] | nodes=[9, 10, 14, 15]
2026-01-18 06:36:00,087 - /DATA/Aurindum/Swarming/Outputs/20260109_202226_ParticleTesting/P160_I190/run.log - INFO - n_caps=5 | minZ=0.046011 | models=[1014, 1014, 447, 434, 342] | nodes=[10, 9, 14, 15, 5]
2026-01-18 06:51:57,209 - /DATA/Aurindum/Swarming/Outputs/20260109_202226_ParticleTesting/P160_I190/run.log - INFO - n_caps=6 | minZ=0.043876 | models=[1014, 1014, 447, 434, 342, 189] | nodes=[10, 9, 14, 15, 5, 6]
2026-01-18 07:06:49,274 - /DATA/Aurindum/Swarming/Outputs/20260109_202226_ParticleTesting/P160_I190/run.log - INFO - n_caps=7 | minZ=0.042121 | models=[1014, 1014, 447, 434, 342, 189, 225] | nodes=[10, 9, 14, 15, 5, 6, 7]
2026-01-18 07:22:26,415 - /DATA/Aurindum/Swarming/Outputs/20260109_202226_ParticleTesting/P160_I190/run.log - INFO - n_caps=8 | minZ=0.040796 | models=[1014, 1014, 447, 434, 342, 189, 225, 273] | nodes=[10, 9, 14, 15, 5, 7, 6, 16]
2026-01-18 07:22:26,416 - /DATA/Aurindum/Swarming/Outputs/20260109_202226_ParticleTesting/P160_I190/run.log - INFO - Threshold reached at n_caps=8
2026-01-18 07:38:52,203 - /DATA/Aurindum/Swarming/Outputs/20260109_202226_ParticleTesting/P160_I200/run.log - INFO - n_caps=1 | minZ=0.087365 | models=[1014] | nodes=[9]
2026-01-18 07:55:21,967 - /DATA/Aurindum/Swarming/Outputs/20260109_202226_ParticleTesting/P160_I200/run.log - INFO - n_caps=2 | minZ=0.064766 | models=[1014, 1012] | nodes=[9, 10]
2026-01-18 08:11:11,818 - /DATA/Aurindum/Swarming/Outputs/20260109_202226_ParticleTesting/P160_I200/run.log - INFO - n_caps=3 | minZ=0.053863 | models=[1014, 1012, 528] | nodes=[9, 10, 14]
2026-01-18 08:27:08,637 - /DATA/Aurindum/Swarming/Outputs/20260109_202226_ParticleTesting/P160_I200/run.log - INFO - n_caps=4 | minZ=0.049874 | models=[1014, 1012, 528, 434] | nodes=[9, 10, 14, 15]
2026-01-18 08:43:14,234 - /DATA/Aurindum/Swarming/Outputs/20260109_202226_ParticleTesting/P160_I200/run.log - INFO - n_caps=5 | minZ=0.046906 | models=[1014, 1012, 455, 433, 341] | nodes=[9, 10, 14, 16, 15]
2026-01-18 08:59:26,412 - /DATA/Aurindum/Swarming/Outputs/20260109_202226_ParticleTesting/P160_I200/run.log - INFO - n_caps=6 | minZ=0.044497 | models=[1014, 1012, 455, 434, 334, 344] | nodes=[9, 10, 14, 15, 16, 5]
2026-01-18 09:15:27,877 - /DATA/Aurindum/Swarming/Outputs/20260109_202226_ParticleTesting/P160_I200/run.log - INFO - n_caps=7 | minZ=0.042597 | models=[1014, 1012, 456, 434, 334, 344, 171] | nodes=[10, 9, 14, 15, 16, 5, 7]
2026-01-18 09:31:20,851 - /DATA/Aurindum/Swarming/Outputs/20260109_202226_ParticleTesting/P160_I200/run.log - INFO - n_caps=8 | minZ=0.040804 | models=[1014, 1012, 456, 434, 334, 344, 171, 109] | nodes=[10, 9, 14, 15, 16, 5, 7, 6]
2026-01-18 09:31:20,852 - /DATA/Aurindum/Swarming/Outputs/20260109_202226_ParticleTesting/P160_I200/run.log - INFO - Threshold reached at n_caps=8
2026-01-18 09:32:11,428 - /DATA/Aurindum/Swarming/Outputs/20260109_202226_ParticleTesting/P170_I10/run.log - INFO - n_caps=1 | minZ=0.087365 | models=[1014] | nodes=[9]
2026-01-18 09:33:00,119 - /DATA/Aurindum/Swarming/Outputs/20260109_202226_ParticleTesting/P170_I10/run.log - INFO - n_caps=2 | minZ=0.067454 | models=[1014, 1126] | nodes=[9, 10]
2026-01-18 09:33:54,489 - /DATA/Aurindum/Swarming/Outputs/20260109_202226_ParticleTesting/P170_I10/run.log - INFO - n_caps=3 | minZ=0.057030 | models=[1014, 1126, 586] | nodes=[9, 10, 16]
2026-01-18 09:34:48,938 - /DATA/Aurindum/Swarming/Outputs/20260109_202226_ParticleTesting/P170_I10/run.log - INFO - n_caps=4 | minZ=0.052111 | models=[1014, 1127, 586, 923] | nodes=[9, 10, 16, 5]
2026-01-18 09:35:37,873 - /DATA/Aurindum/Swarming/Outputs/20260109_202226_ParticleTesting/P170_I10/run.log - INFO - n_caps=5 | minZ=0.050037 | models=[1014, 1126, 586, 922, 343] | nodes=[9, 10, 15, 5, 16]
2026-01-18 09:36:26,594 - /DATA/Aurindum/Swarming/Outputs/20260109_202226_ParticleTesting/P170_I10/run.log - INFO - n_caps=6 | minZ=0.045978 | models=[1014, 1127, 586, 922, 342, 239] | nodes=[9, 10, 15, 5, 16, 7]
2026-01-18 09:37:19,766 - /DATA/Aurindum/Swarming/Outputs/20260109_202226_ParticleTesting/P170_I10/run.log - INFO - n_caps=7 | minZ=0.043590 | models=[1014, 1127, 586, 922, 342, 239, 401] | nodes=[9, 10, 15, 5, 14, 7, 6]
2026-01-18 09:38:13,815 - /DATA/Aurindum/Swarming/Outputs/20260109_202226_ParticleTesting/P170_I10/run.log - INFO - n_caps=8 | minZ=0.042064 | models=[1014, 1127, 586, 922, 342, 239, 401, 179] | nodes=[9, 10, 15, 5, 14, 7, 6, 16]
2026-01-18 09:39:02,600 - /DATA/Aurindum/Swarming/Outputs/20260109_202226_ParticleTesting/P170_I10/run.log - INFO - n_caps=9 | minZ=0.041354 | models=[1014, 1127, 586, 922, 342, 239, 401, 179, 104] | nodes=[9, 10, 14, 5, 15, 7, 6, 16, 11]
2026-01-18 09:39:02,601 - /DATA/Aurindum/Swarming/Outputs/20260109_202226_ParticleTesting/P170_I10/run.log - INFO - Threshold reached at n_caps=9
2026-01-18 09:40:38,980 - /DATA/Aurindum/Swarming/Outputs/20260109_202226_ParticleTesting/P170_I20/run.log - INFO - n_caps=1 | minZ=0.087365 | models=[1014] | nodes=[9]
2026-01-18 09:42:16,807 - /DATA/Aurindum/Swarming/Outputs/20260109_202226_ParticleTesting/P170_I20/run.log - INFO - n_caps=2 | minZ=0.064766 | models=[1014, 1012] | nodes=[9, 10]
2026-01-18 09:44:01,901 - /DATA/Aurindum/Swarming/Outputs/20260109_202226_ParticleTesting/P170_I20/run.log - INFO - n_caps=3 | minZ=0.054175 | models=[1014, 1012, 511] | nodes=[9, 10, 5]
2026-01-18 09:45:46,493 - /DATA/Aurindum/Swarming/Outputs/20260109_202226_ParticleTesting/P170_I20/run.log - INFO - n_caps=4 | minZ=0.051113 | models=[1014, 1012, 511, 342] | nodes=[9, 10, 5, 15]
2026-01-18 09:47:36,049 - /DATA/Aurindum/Swarming/Outputs/20260109_202226_ParticleTesting/P170_I20/run.log - INFO - n_caps=5 | minZ=0.047157 | models=[1014, 1012, 510, 342, 260] | nodes=[9, 10, 5, 15, 6]
2026-01-18 09:49:25,670 - /DATA/Aurindum/Swarming/Outputs/20260109_202226_ParticleTesting/P170_I20/run.log - INFO - n_caps=6 | minZ=0.044259 | models=[1014, 1012, 510, 342, 260, 893] | nodes=[9, 10, 5, 14, 6, 15]
2026-01-18 09:51:17,367 - /DATA/Aurindum/Swarming/Outputs/20260109_202226_ParticleTesting/P170_I20/run.log - INFO - n_caps=7 | minZ=0.043376 | models=[1014, 1012, 509, 342, 260, 892, 145] | nodes=[9, 10, 5, 14, 6, 15, 16]
2026-01-18 09:53:03,610 - /DATA/Aurindum/Swarming/Outputs/20260109_202226_ParticleTesting/P170_I20/run.log - INFO - n_caps=8 | minZ=0.042625 | models=[1015, 1012, 510, 342, 260, 893, 145, 1512] | nodes=[9, 10, 5, 15, 6, 14, 16, 7]
2026-01-18 09:54:56,865 - /DATA/Aurindum/Swarming/Outputs/20260109_202226_ParticleTesting/P170_I20/run.log - INFO - n_caps=9 | minZ=0.041875 | models=[1015, 1012, 509, 342, 260, 892, 145, 1512, 237] | nodes=[10, 9, 5, 15, 6, 14, 16, 7, 2]
2026-01-18 09:54:56,866 - /DATA/Aurindum/Swarming/Outputs/20260109_202226_ParticleTesting/P170_I20/run.log - INFO - Threshold reached at n_caps=9
2026-01-18 09:57:26,216 - /DATA/Aurindum/Swarming/Outputs/20260109_202226_ParticleTesting/P170_I30/run.log - INFO - n_caps=1 | minZ=0.087365 | models=[1012] | nodes=[9]
2026-01-18 09:59:51,256 - /DATA/Aurindum/Swarming/Outputs/20260109_202226_ParticleTesting/P170_I30/run.log - INFO - n_caps=2 | minZ=0.064766 | models=[1012, 1012] | nodes=[9, 10]
2026-01-18 10:02:17,115 - /DATA/Aurindum/Swarming/Outputs/20260109_202226_ParticleTesting/P170_I30/run.log - INFO - n_caps=3 | minZ=0.054175 | models=[1012, 1012, 511] | nodes=[9, 10, 5]
2026-01-18 10:04:51,174 - /DATA/Aurindum/Swarming/Outputs/20260109_202226_ParticleTesting/P170_I30/run.log - INFO - n_caps=4 | minZ=0.051227 | models=[1012, 1012, 512, 341] | nodes=[9, 10, 5, 6]
2026-01-18 10:07:20,464 - /DATA/Aurindum/Swarming/Outputs/20260109_202226_ParticleTesting/P170_I30/run.log - INFO - n_caps=5 | minZ=0.048152 | models=[1012, 1012, 512, 341, 447] | nodes=[9, 10, 5, 6, 14]
2026-01-18 10:09:48,645 - /DATA/Aurindum/Swarming/Outputs/20260109_202226_ParticleTesting/P170_I30/run.log - INFO - n_caps=6 | minZ=0.046027 | models=[1012, 1012, 512, 341, 448, 184] | nodes=[9, 10, 5, 6, 14, 15]
2026-01-18 10:12:24,360 - /DATA/Aurindum/Swarming/Outputs/20260109_202226_ParticleTesting/P170_I30/run.log - INFO - n_caps=7 | minZ=0.044066 | models=[1012, 1012, 512, 341, 448, 184, 116] | nodes=[9, 10, 5, 6, 14, 15, 7]
2026-01-18 10:14:52,405 - /DATA/Aurindum/Swarming/Outputs/20260109_202226_ParticleTesting/P170_I30/run.log - INFO - n_caps=8 | minZ=0.042678 | models=[1012, 1012, 511, 341, 448, 184, 116, 221] | nodes=[9, 10, 5, 6, 14, 16, 7, 15]
2026-01-18 10:17:26,155 - /DATA/Aurindum/Swarming/Outputs/20260109_202226_ParticleTesting/P170_I30/run.log - INFO - n_caps=9 | minZ=0.042019 | models=[1012, 1012, 510, 342, 448, 184, 116, 221, 923] | nodes=[10, 11, 6, 5, 14, 15, 7, 16, 9]
2026-01-18 10:20:10,520 - /DATA/Aurindum/Swarming/Outputs/20260109_202226_ParticleTesting/P170_I30/run.log - INFO - n_caps=10 | minZ=0.041775 | models=[1012, 1012, 510, 342, 448, 184, 116, 221, 923, 1953] | nodes=[8, 10, 5, 6, 14, 16, 7, 15, 9, 2]
2026-01-18 10:20:10,521 - /DATA/Aurindum/Swarming/Outputs/20260109_202226_ParticleTesting/P170_I30/run.log - INFO - Threshold reached at n_caps=10
2026-01-18 10:23:30,911 - /DATA/Aurindum/Swarming/Outputs/20260109_202226_ParticleTesting/P170_I40/run.log - INFO - n_caps=1 | minZ=0.087365 | models=[1012] | nodes=[9]
2026-01-18 10:26:43,318 - /DATA/Aurindum/Swarming/Outputs/20260109_202226_ParticleTesting/P170_I40/run.log - INFO - n_caps=2 | minZ=0.066976 | models=[1012, 893] | nodes=[9, 10]
2026-01-18 10:30:13,422 - /DATA/Aurindum/Swarming/Outputs/20260109_202226_ParticleTesting/P170_I40/run.log - INFO - n_caps=3 | minZ=0.056371 | models=[1012, 893, 685] | nodes=[9, 10, 5]
2026-01-18 10:33:27,660 - /DATA/Aurindum/Swarming/Outputs/20260109_202226_ParticleTesting/P170_I40/run.log - INFO - n_caps=4 | minZ=0.050280 | models=[1012, 893, 685, 433] | nodes=[9, 10, 5, 6]
2026-01-18 10:36:46,321 - /DATA/Aurindum/Swarming/Outputs/20260109_202226_ParticleTesting/P170_I40/run.log - INFO - n_caps=5 | minZ=0.046192 | models=[1012, 893, 685, 433, 344] | nodes=[9, 10, 5, 6, 14]
2026-01-18 10:40:04,645 - /DATA/Aurindum/Swarming/Outputs/20260109_202226_ParticleTesting/P170_I40/run.log - INFO - n_caps=6 | minZ=0.043956 | models=[1012, 893, 685, 433, 344, 364] | nodes=[9, 10, 5, 6, 14, 15]
2026-01-18 10:43:26,503 - /DATA/Aurindum/Swarming/Outputs/20260109_202226_ParticleTesting/P170_I40/run.log - INFO - n_caps=7 | minZ=0.042406 | models=[1012, 893, 685, 433, 344, 364, 91] | nodes=[9, 10, 5, 6, 14, 15, 7]
2026-01-18 10:46:49,634 - /DATA/Aurindum/Swarming/Outputs/20260109_202226_ParticleTesting/P170_I40/run.log - INFO - n_caps=8 | minZ=0.041116 | models=[1012, 893, 685, 433, 344, 363, 91, 222] | nodes=[9, 10, 5, 6, 14, 15, 7, 16]
2026-01-18 10:46:49,635 - /DATA/Aurindum/Swarming/Outputs/20260109_202226_ParticleTesting/P170_I40/run.log - INFO - Threshold reached at n_caps=8
2026-01-18 10:50:53,344 - /DATA/Aurindum/Swarming/Outputs/20260109_202226_ParticleTesting/P170_I50/run.log - INFO - n_caps=1 | minZ=0.087365 | models=[1014] | nodes=[9]
2026-01-18 10:55:04,404 - /DATA/Aurindum/Swarming/Outputs/20260109_202226_ParticleTesting/P170_I50/run.log - INFO - n_caps=2 | minZ=0.064766 | models=[1014, 1012] | nodes=[9, 10]
2026-01-18 10:59:28,899 - /DATA/Aurindum/Swarming/Outputs/20260109_202226_ParticleTesting/P170_I50/run.log - INFO - n_caps=3 | minZ=0.053976 | models=[1014, 1012, 509] | nodes=[9, 10, 14]
2026-01-18 11:03:46,137 - /DATA/Aurindum/Swarming/Outputs/20260109_202226_ParticleTesting/P170_I50/run.log - INFO - n_caps=4 | minZ=0.049991 | models=[1014, 1012, 509, 433] | nodes=[9, 10, 14, 5]
2026-01-18 11:07:57,214 - /DATA/Aurindum/Swarming/Outputs/20260109_202226_ParticleTesting/P170_I50/run.log - INFO - n_caps=5 | minZ=0.047554 | models=[1014, 1012, 509, 434, 433] | nodes=[9, 10, 14, 5, 15]
2026-01-18 11:12:13,266 - /DATA/Aurindum/Swarming/Outputs/20260109_202226_ParticleTesting/P170_I50/run.log - INFO - n_caps=6 | minZ=0.045103 | models=[1014, 1012, 509, 434, 434, 171] | nodes=[9, 10, 14, 5, 15, 6]
2026-01-18 11:16:16,033 - /DATA/Aurindum/Swarming/Outputs/20260109_202226_ParticleTesting/P170_I50/run.log - INFO - n_caps=7 | minZ=0.043073 | models=[1014, 1012, 509, 434, 434, 171, 109] | nodes=[9, 10, 14, 5, 15, 7, 6]
2026-01-18 11:20:49,744 - /DATA/Aurindum/Swarming/Outputs/20260109_202226_ParticleTesting/P170_I50/run.log - INFO - n_caps=8 | minZ=0.041789 | models=[1014, 1012, 510, 433, 434, 171, 109, 189] | nodes=[9, 10, 14, 5, 15, 7, 6, 16]
2026-01-18 11:20:49,745 - /DATA/Aurindum/Swarming/Outputs/20260109_202226_ParticleTesting/P170_I50/run.log - INFO - Threshold reached at n_caps=8
2026-01-18 11:26:08,803 - /DATA/Aurindum/Swarming/Outputs/20260109_202226_ParticleTesting/P170_I60/run.log - INFO - n_caps=1 | minZ=0.087365 | models=[1014] | nodes=[9]
2026-01-18 11:31:43,337 - /DATA/Aurindum/Swarming/Outputs/20260109_202226_ParticleTesting/P170_I60/run.log - INFO - n_caps=2 | minZ=0.064766 | models=[1014, 1014] | nodes=[10, 9]
2026-01-18 11:36:47,664 - /DATA/Aurindum/Swarming/Outputs/20260109_202226_ParticleTesting/P170_I60/run.log - INFO - n_caps=3 | minZ=0.054175 | models=[1014, 1014, 500] | nodes=[10, 9, 5]
2026-01-18 11:42:06,606 - /DATA/Aurindum/Swarming/Outputs/20260109_202226_ParticleTesting/P170_I60/run.log - INFO - n_caps=4 | minZ=0.050965 | models=[1014, 1014, 499, 433] | nodes=[9, 10, 5, 6]
2026-01-18 11:47:25,087 - /DATA/Aurindum/Swarming/Outputs/20260109_202226_ParticleTesting/P170_I60/run.log - INFO - n_caps=5 | minZ=0.048507 | models=[1014, 1014, 499, 433, 171] | nodes=[10, 9, 5, 6, 7]
2026-01-18 11:52:35,183 - /DATA/Aurindum/Swarming/Outputs/20260109_202226_ParticleTesting/P170_I60/run.log - INFO - n_caps=6 | minZ=0.045565 | models=[1014, 1014, 500, 433, 171, 433] | nodes=[10, 9, 5, 6, 7, 15]
2026-01-18 11:58:14,893 - /DATA/Aurindum/Swarming/Outputs/20260109_202226_ParticleTesting/P170_I60/run.log - INFO - n_caps=7 | minZ=0.043726 | models=[1014, 1014, 500, 434, 171, 433, 344] | nodes=[10, 9, 5, 6, 7, 15, 14]
2026-01-18 12:03:40,208 - /DATA/Aurindum/Swarming/Outputs/20260109_202226_ParticleTesting/P170_I60/run.log - INFO - n_caps=8 | minZ=0.041363 | models=[1014, 1014, 499, 434, 171, 433, 344, 263] | nodes=[10, 9, 5, 7, 6, 15, 14, 16]
2026-01-18 12:03:40,209 - /DATA/Aurindum/Swarming/Outputs/20260109_202226_ParticleTesting/P170_I60/run.log - INFO - Threshold reached at n_caps=8
2026-01-18 12:09:50,179 - /DATA/Aurindum/Swarming/Outputs/20260109_202226_ParticleTesting/P170_I70/run.log - INFO - n_caps=1 | minZ=0.087365 | models=[1014] | nodes=[9]
2026-01-18 12:16:07,781 - /DATA/Aurindum/Swarming/Outputs/20260109_202226_ParticleTesting/P170_I70/run.log - INFO - n_caps=2 | minZ=0.064766 | models=[1014, 1012] | nodes=[9, 10]
2026-01-18 12:22:09,600 - /DATA/Aurindum/Swarming/Outputs/20260109_202226_ParticleTesting/P170_I70/run.log - INFO - n_caps=3 | minZ=0.053863 | models=[1014, 1012, 527] | nodes=[9, 10, 14]
2026-01-18 12:28:12,452 - /DATA/Aurindum/Swarming/Outputs/20260109_202226_ParticleTesting/P170_I70/run.log - INFO - n_caps=4 | minZ=0.050166 | models=[1014, 1012, 527, 342] | nodes=[9, 10, 14, 15]
2026-01-18 12:34:35,680 - /DATA/Aurindum/Swarming/Outputs/20260109_202226_ParticleTesting/P170_I70/run.log - INFO - n_caps=5 | minZ=0.047195 | models=[1014, 1012, 527, 342, 262] | nodes=[9, 10, 14, 15, 16]
2026-01-18 12:40:44,436 - /DATA/Aurindum/Swarming/Outputs/20260109_202226_ParticleTesting/P170_I70/run.log - INFO - n_caps=6 | minZ=0.044245 | models=[1014, 1012, 527, 342, 263, 433] | nodes=[9, 10, 14, 15, 16, 5]
2026-01-18 12:47:01,096 - /DATA/Aurindum/Swarming/Outputs/20260109_202226_ParticleTesting/P170_I70/run.log - INFO - n_caps=7 | minZ=0.042632 | models=[1014, 1012, 528, 342, 262, 433, 225] | nodes=[9, 10, 14, 15, 16, 5, 7]
2026-01-18 12:53:16,568 - /DATA/Aurindum/Swarming/Outputs/20260109_202226_ParticleTesting/P170_I70/run.log - INFO - n_caps=8 | minZ=0.042017 | models=[1014, 1012, 527, 341, 262, 433, 225, 742] | nodes=[9, 10, 14, 15, 16, 5, 6, 7]
2026-01-18 12:59:47,242 - /DATA/Aurindum/Swarming/Outputs/20260109_202226_ParticleTesting/P170_I70/run.log - INFO - n_caps=9 | minZ=0.041715 | models=[1014, 1012, 527, 341, 263, 434, 225, 742, 2320] | nodes=[9, 8, 14, 15, 16, 5, 6, 7, 10]
2026-01-18 12:59:47,243 - /DATA/Aurindum/Swarming/Outputs/20260109_202226_ParticleTesting/P170_I70/run.log - INFO - Threshold reached at n_caps=9
2026-01-18 13:07:24,424 - /DATA/Aurindum/Swarming/Outputs/20260109_202226_ParticleTesting/P170_I80/run.log - INFO - n_caps=1 | minZ=0.087365 | models=[1014] | nodes=[9]
2026-01-18 13:14:32,030 - /DATA/Aurindum/Swarming/Outputs/20260109_202226_ParticleTesting/P170_I80/run.log - INFO - n_caps=2 | minZ=0.064766 | models=[1014, 1012] | nodes=[9, 10]
2026-01-18 13:21:53,965 - /DATA/Aurindum/Swarming/Outputs/20260109_202226_ParticleTesting/P170_I80/run.log - INFO - n_caps=3 | minZ=0.053863 | models=[1014, 1012, 528] | nodes=[9, 10, 14]
2026-01-18 13:28:47,150 - /DATA/Aurindum/Swarming/Outputs/20260109_202226_ParticleTesting/P170_I80/run.log - INFO - n_caps=4 | minZ=0.049874 | models=[1014, 1012, 528, 433] | nodes=[9, 10, 14, 15]
2026-01-18 13:35:34,124 - /DATA/Aurindum/Swarming/Outputs/20260109_202226_ParticleTesting/P170_I80/run.log - INFO - n_caps=5 | minZ=0.047557 | models=[1014, 1012, 528, 433, 433] | nodes=[9, 10, 14, 15, 5]
2026-01-18 13:42:46,603 - /DATA/Aurindum/Swarming/Outputs/20260109_202226_ParticleTesting/P170_I80/run.log - INFO - n_caps=6 | minZ=0.045027 | models=[1014, 1012, 528, 433, 433, 171] | nodes=[9, 10, 14, 15, 5, 6]
2026-01-18 13:49:30,680 - /DATA/Aurindum/Swarming/Outputs/20260109_202226_ParticleTesting/P170_I80/run.log - INFO - n_caps=7 | minZ=0.043258 | models=[1014, 1014, 527, 433, 433, 171, 116] | nodes=[9, 10, 14, 15, 5, 6, 7]
2026-01-18 13:56:19,037 - /DATA/Aurindum/Swarming/Outputs/20260109_202226_ParticleTesting/P170_I80/run.log - INFO - n_caps=8 | minZ=0.041852 | models=[1014, 1014, 527, 433, 434, 171, 117, 343] | nodes=[9, 10, 14, 15, 5, 6, 7, 16]
2026-01-18 13:56:19,037 - /DATA/Aurindum/Swarming/Outputs/20260109_202226_ParticleTesting/P170_I80/run.log - INFO - Threshold reached at n_caps=8
2026-01-18 14:03:48,259 - /DATA/Aurindum/Swarming/Outputs/20260109_202226_ParticleTesting/P170_I90/run.log - INFO - n_caps=1 | minZ=0.087365 | models=[1014] | nodes=[9]
2026-01-18 14:11:37,912 - /DATA/Aurindum/Swarming/Outputs/20260109_202226_ParticleTesting/P170_I90/run.log - INFO - n_caps=2 | minZ=0.064766 | models=[1014, 1012] | nodes=[9, 10]
2026-01-18 14:19:26,638 - /DATA/Aurindum/Swarming/Outputs/20260109_202226_ParticleTesting/P170_I90/run.log - INFO - n_caps=3 | minZ=0.053863 | models=[1014, 1012, 528] | nodes=[9, 10, 14]
2026-01-18 14:27:19,015 - /DATA/Aurindum/Swarming/Outputs/20260109_202226_ParticleTesting/P170_I90/run.log - INFO - n_caps=4 | minZ=0.049852 | models=[1014, 1012, 500, 434] | nodes=[9, 10, 14, 15]
2026-01-18 14:34:56,780 - /DATA/Aurindum/Swarming/Outputs/20260109_202226_ParticleTesting/P170_I90/run.log - INFO - n_caps=5 | minZ=0.047587 | models=[1014, 1012, 499, 434, 434] | nodes=[9, 10, 14, 15, 5]
2026-01-18 14:43:44,465 - /DATA/Aurindum/Swarming/Outputs/20260109_202226_ParticleTesting/P170_I90/run.log - INFO - n_caps=6 | minZ=0.045187 | models=[1014, 1012, 500, 434, 434, 189] | nodes=[9, 10, 14, 15, 5, 7]
2026-01-18 14:51:36,060 - /DATA/Aurindum/Swarming/Outputs/20260109_202226_ParticleTesting/P170_I90/run.log - INFO - n_caps=7 | minZ=0.043083 | models=[1014, 1012, 500, 434, 434, 189, 110] | nodes=[9, 10, 14, 15, 5, 7, 6]
2026-01-18 14:59:47,480 - /DATA/Aurindum/Swarming/Outputs/20260109_202226_ParticleTesting/P170_I90/run.log - INFO - n_caps=8 | minZ=0.041869 | models=[1014, 1012, 499, 434, 434, 189, 109, 171] | nodes=[9, 10, 14, 15, 5, 7, 6, 16]
2026-01-18 14:59:47,481 - /DATA/Aurindum/Swarming/Outputs/20260109_202226_ParticleTesting/P170_I90/run.log - INFO - Threshold reached at n_caps=8
2026-01-18 15:08:11,623 - /DATA/Aurindum/Swarming/Outputs/20260109_202226_ParticleTesting/P170_I100/run.log - INFO - n_caps=1 | minZ=0.087365 | models=[1014] | nodes=[9]
2026-01-18 15:16:33,754 - /DATA/Aurindum/Swarming/Outputs/20260109_202226_ParticleTesting/P170_I100/run.log - INFO - n_caps=2 | minZ=0.064766 | models=[1014, 1012] | nodes=[9, 10]
2026-01-18 15:25:07,109 - /DATA/Aurindum/Swarming/Outputs/20260109_202226_ParticleTesting/P170_I100/run.log - INFO - n_caps=3 | minZ=0.053863 | models=[1014, 1012, 527] | nodes=[9, 10, 14]
2026-01-18 15:33:30,858 - /DATA/Aurindum/Swarming/Outputs/20260109_202226_ParticleTesting/P170_I100/run.log - INFO - n_caps=4 | minZ=0.050303 | models=[1014, 1012, 528, 342] | nodes=[9, 10, 14, 5]
2026-01-18 15:41:31,206 - /DATA/Aurindum/Swarming/Outputs/20260109_202226_ParticleTesting/P170_I100/run.log - INFO - n_caps=5 | minZ=0.046963 | models=[1014, 1012, 528, 342, 163] | nodes=[9, 10, 14, 6, 7]
2026-01-18 15:49:56,824 - /DATA/Aurindum/Swarming/Outputs/20260109_202226_ParticleTesting/P170_I100/run.log - INFO - n_caps=6 | minZ=0.044980 | models=[1014, 1012, 528, 342, 163, 433] | nodes=[9, 10, 14, 6, 7, 15]
2026-01-18 15:58:28,939 - /DATA/Aurindum/Swarming/Outputs/20260109_202226_ParticleTesting/P170_I100/run.log - INFO - n_caps=7 | minZ=0.042791 | models=[1014, 1012, 528, 342, 163, 433, 171] | nodes=[9, 10, 14, 6, 7, 15, 5]
2026-01-18 16:06:44,647 - /DATA/Aurindum/Swarming/Outputs/20260109_202226_ParticleTesting/P170_I100/run.log - INFO - n_caps=8 | minZ=0.041316 | models=[1014, 1012, 528, 342, 164, 433, 171, 222] | nodes=[9, 10, 14, 5, 6, 15, 7, 16]
2026-01-18 16:06:44,648 - /DATA/Aurindum/Swarming/Outputs/20260109_202226_ParticleTesting/P170_I100/run.log - INFO - Threshold reached at n_caps=8
2026-01-18 16:15:40,468 - /DATA/Aurindum/Swarming/Outputs/20260109_202226_ParticleTesting/P170_I110/run.log - INFO - n_caps=1 | minZ=0.087365 | models=[1014] | nodes=[9]
2026-01-18 16:24:51,146 - /DATA/Aurindum/Swarming/Outputs/20260109_202226_ParticleTesting/P170_I110/run.log - INFO - n_caps=2 | minZ=0.064766 | models=[1014, 1012] | nodes=[9, 10]
2026-01-18 16:34:30,734 - /DATA/Aurindum/Swarming/Outputs/20260109_202226_ParticleTesting/P170_I110/run.log - INFO - n_caps=3 | minZ=0.053863 | models=[1014, 1012, 528] | nodes=[9, 10, 14]
2026-01-18 16:43:52,477 - /DATA/Aurindum/Swarming/Outputs/20260109_202226_ParticleTesting/P170_I110/run.log - INFO - n_caps=4 | minZ=0.050166 | models=[1014, 1012, 528, 342] | nodes=[9, 10, 14, 15]
2026-01-18 16:52:59,069 - /DATA/Aurindum/Swarming/Outputs/20260109_202226_ParticleTesting/P170_I110/run.log - INFO - n_caps=5 | minZ=0.046663 | models=[1014, 1012, 528, 342, 189] | nodes=[9, 10, 14, 15, 7]
2026-01-18 17:02:18,845 - /DATA/Aurindum/Swarming/Outputs/20260109_202226_ParticleTesting/P170_I110/run.log - INFO - n_caps=6 | minZ=0.044681 | models=[1014, 1012, 528, 342, 189, 433] | nodes=[9, 10, 14, 15, 6, 5]
2026-01-18 17:12:10,320 - /DATA/Aurindum/Swarming/Outputs/20260109_202226_ParticleTesting/P170_I110/run.log - INFO - n_caps=7 | minZ=0.042511 | models=[1014, 1012, 528, 342, 189, 434, 171] | nodes=[9, 10, 14, 15, 7, 5, 6]
2026-01-18 17:21:23,873 - /DATA/Aurindum/Swarming/Outputs/20260109_202226_ParticleTesting/P170_I110/run.log - INFO - n_caps=8 | minZ=0.041244 | models=[1014, 1012, 528, 342, 189, 434, 171, 221] | nodes=[9, 10, 14, 15, 7, 5, 6, 16]
2026-01-18 17:21:23,873 - /DATA/Aurindum/Swarming/Outputs/20260109_202226_ParticleTesting/P170_I110/run.log - INFO - Threshold reached at n_caps=8
2026-01-18 17:31:42,862 - /DATA/Aurindum/Swarming/Outputs/20260109_202226_ParticleTesting/P170_I120/run.log - INFO - n_caps=1 | minZ=0.087365 | models=[1014] | nodes=[9]
2026-01-18 17:42:21,333 - /DATA/Aurindum/Swarming/Outputs/20260109_202226_ParticleTesting/P170_I120/run.log - INFO - n_caps=2 | minZ=0.064766 | models=[1014, 1012] | nodes=[10, 9]
2026-01-18 17:52:49,946 - /DATA/Aurindum/Swarming/Outputs/20260109_202226_ParticleTesting/P170_I120/run.log - INFO - n_caps=3 | minZ=0.053863 | models=[1014, 1012, 528] | nodes=[10, 9, 14]
2026-01-18 18:03:24,264 - /DATA/Aurindum/Swarming/Outputs/20260109_202226_ParticleTesting/P170_I120/run.log - INFO - n_caps=4 | minZ=0.049668 | models=[1014, 1012, 455, 433] | nodes=[9, 10, 14, 6]
2026-01-18 18:14:20,633 - /DATA/Aurindum/Swarming/Outputs/20260109_202226_ParticleTesting/P170_I120/run.log - INFO - n_caps=5 | minZ=0.046090 | models=[1014, 1012, 455, 434, 433] | nodes=[9, 10, 14, 6, 5]
2026-01-18 18:24:50,162 - /DATA/Aurindum/Swarming/Outputs/20260109_202226_ParticleTesting/P170_I120/run.log - INFO - n_caps=6 | minZ=0.044402 | models=[1014, 1012, 455, 434, 433, 110] | nodes=[10, 9, 14, 6, 5, 15]
2026-01-18 18:35:21,382 - /DATA/Aurindum/Swarming/Outputs/20260109_202226_ParticleTesting/P170_I120/run.log - INFO - n_caps=7 | minZ=0.042624 | models=[1014, 1012, 455, 434, 433, 110, 171] | nodes=[9, 10, 14, 6, 5, 15, 7]
2026-01-18 18:46:07,710 - /DATA/Aurindum/Swarming/Outputs/20260109_202226_ParticleTesting/P170_I120/run.log - INFO - n_caps=8 | minZ=0.041027 | models=[1014, 1012, 455, 434, 433, 110, 171, 109] | nodes=[9, 10, 14, 5, 6, 15, 7, 16]
2026-01-18 18:46:07,710 - /DATA/Aurindum/Swarming/Outputs/20260109_202226_ParticleTesting/P170_I120/run.log - INFO - Threshold reached at n_caps=8
2026-01-18 18:57:25,037 - /DATA/Aurindum/Swarming/Outputs/20260109_202226_ParticleTesting/P170_I130/run.log - INFO - n_caps=1 | minZ=0.087365 | models=[1014] | nodes=[9]
2026-01-18 19:08:25,021 - /DATA/Aurindum/Swarming/Outputs/20260109_202226_ParticleTesting/P170_I130/run.log - INFO - n_caps=2 | minZ=0.064766 | models=[1014, 1014] | nodes=[9, 10]
2026-01-18 19:20:02,762 - /DATA/Aurindum/Swarming/Outputs/20260109_202226_ParticleTesting/P170_I130/run.log - INFO - n_caps=3 | minZ=0.053863 | models=[1014, 1014, 527] | nodes=[9, 10, 14]
2026-01-18 19:31:35,334 - /DATA/Aurindum/Swarming/Outputs/20260109_202226_ParticleTesting/P170_I130/run.log - INFO - n_caps=4 | minZ=0.050009 | models=[1014, 1014, 527, 433] | nodes=[9, 10, 14, 5]
2026-01-18 19:42:58,470 - /DATA/Aurindum/Swarming/Outputs/20260109_202226_ParticleTesting/P170_I130/run.log - INFO - n_caps=5 | minZ=0.046776 | models=[1014, 1014, 523, 433, 447] | nodes=[9, 10, 14, 5, 15]
2026-01-18 19:54:00,854 - /DATA/Aurindum/Swarming/Outputs/20260109_202226_ParticleTesting/P170_I130/run.log - INFO - n_caps=6 | minZ=0.044785 | models=[1014, 1014, 523, 434, 447, 110] | nodes=[9, 10, 15, 5, 14, 6]
2026-01-18 20:04:50,815 - /DATA/Aurindum/Swarming/Outputs/20260109_202226_ParticleTesting/P170_I130/run.log - INFO - n_caps=7 | minZ=0.043050 | models=[1014, 1014, 523, 434, 447, 110, 171] | nodes=[9, 10, 15, 5, 14, 6, 7]
2026-01-18 20:15:33,200 - /DATA/Aurindum/Swarming/Outputs/20260109_202226_ParticleTesting/P170_I130/run.log - INFO - n_caps=8 | minZ=0.041367 | models=[1014, 1014, 523, 434, 447, 109, 171, 109] | nodes=[9, 10, 15, 5, 14, 6, 7, 16]
2026-01-18 20:15:33,201 - /DATA/Aurindum/Swarming/Outputs/20260109_202226_ParticleTesting/P170_I130/run.log - INFO - Threshold reached at n_caps=8
2026-01-18 20:27:52,265 - /DATA/Aurindum/Swarming/Outputs/20260109_202226_ParticleTesting/P170_I140/run.log - INFO - n_caps=1 | minZ=0.087365 | models=[1012] | nodes=[9]
2026-01-18 20:39:32,868 - /DATA/Aurindum/Swarming/Outputs/20260109_202226_ParticleTesting/P170_I140/run.log - INFO - n_caps=2 | minZ=0.064766 | models=[1012, 1014] | nodes=[9, 10]
2026-01-18 20:51:18,294 - /DATA/Aurindum/Swarming/Outputs/20260109_202226_ParticleTesting/P170_I140/run.log - INFO - n_caps=3 | minZ=0.053863 | models=[1012, 1014, 527] | nodes=[9, 10, 14]
2026-01-18 21:03:02,144 - /DATA/Aurindum/Swarming/Outputs/20260109_202226_ParticleTesting/P170_I140/run.log - INFO - n_caps=4 | minZ=0.049874 | models=[1012, 1014, 527, 433] | nodes=[9, 10, 14, 15]
2026-01-18 21:14:49,247 - /DATA/Aurindum/Swarming/Outputs/20260109_202226_ParticleTesting/P170_I140/run.log - INFO - n_caps=5 | minZ=0.047154 | models=[1012, 1014, 523, 434, 433] | nodes=[9, 10, 15, 14, 5]
2026-01-18 21:26:26,500 - /DATA/Aurindum/Swarming/Outputs/20260109_202226_ParticleTesting/P170_I140/run.log - INFO - n_caps=6 | minZ=0.044662 | models=[1012, 1014, 524, 434, 434, 334] | nodes=[9, 10, 15, 14, 5, 6]
2026-01-18 21:38:17,039 - /DATA/Aurindum/Swarming/Outputs/20260109_202226_ParticleTesting/P170_I140/run.log - INFO - n_caps=7 | minZ=0.042946 | models=[1012, 1014, 523, 434, 433, 333, 189] | nodes=[9, 10, 15, 14, 5, 6, 7]
2026-01-18 21:50:24,750 - /DATA/Aurindum/Swarming/Outputs/20260109_202226_ParticleTesting/P170_I140/run.log - INFO - n_caps=8 | minZ=0.041278 | models=[1012, 1014, 524, 433, 434, 334, 189, 434] | nodes=[9, 10, 15, 14, 5, 6, 7, 16]
2026-01-18 21:50:24,751 - /DATA/Aurindum/Swarming/Outputs/20260109_202226_ParticleTesting/P170_I140/run.log - INFO - Threshold reached at n_caps=8
2026-01-18 22:02:50,973 - /DATA/Aurindum/Swarming/Outputs/20260109_202226_ParticleTesting/P170_I150/run.log - INFO - n_caps=1 | minZ=0.087365 | models=[1012] | nodes=[9]
2026-01-18 22:15:33,134 - /DATA/Aurindum/Swarming/Outputs/20260109_202226_ParticleTesting/P170_I150/run.log - INFO - n_caps=2 | minZ=0.064766 | models=[1012, 1014] | nodes=[9, 10]
2026-01-18 22:28:26,043 - /DATA/Aurindum/Swarming/Outputs/20260109_202226_ParticleTesting/P170_I150/run.log - INFO - n_caps=3 | minZ=0.053863 | models=[1012, 1014, 527] | nodes=[9, 10, 14]
2026-01-18 22:41:39,080 - /DATA/Aurindum/Swarming/Outputs/20260109_202226_ParticleTesting/P170_I150/run.log - INFO - n_caps=4 | minZ=0.049666 | models=[1012, 1012, 448, 433] | nodes=[9, 10, 14, 15]
2026-01-18 22:54:32,358 - /DATA/Aurindum/Swarming/Outputs/20260109_202226_ParticleTesting/P170_I150/run.log - INFO - n_caps=5 | minZ=0.045994 | models=[1012, 1012, 448, 447, 342] | nodes=[9, 10, 14, 15, 5]
2026-01-18 23:07:14,299 - /DATA/Aurindum/Swarming/Outputs/20260109_202226_ParticleTesting/P170_I150/run.log - INFO - n_caps=6 | minZ=0.044135 | models=[1012, 1012, 447, 447, 342, 225] | nodes=[9, 10, 15, 14, 5, 6]
2026-01-18 23:19:52,791 - /DATA/Aurindum/Swarming/Outputs/20260109_202226_ParticleTesting/P170_I150/run.log - INFO - n_caps=7 | minZ=0.042767 | models=[1012, 1012, 447, 447, 342, 225, 226] | nodes=[9, 10, 15, 14, 5, 6, 7]
2026-01-18 23:32:41,638 - /DATA/Aurindum/Swarming/Outputs/20260109_202226_ParticleTesting/P170_I150/run.log - INFO - n_caps=8 | minZ=0.041430 | models=[1012, 1012, 433, 447, 342, 225, 226, 221] | nodes=[9, 10, 14, 15, 5, 6, 7, 16]
2026-01-18 23:32:41,639 - /DATA/Aurindum/Swarming/Outputs/20260109_202226_ParticleTesting/P170_I150/run.log - INFO - Threshold reached at n_caps=8
2026-01-18 23:46:21,065 - /DATA/Aurindum/Swarming/Outputs/20260109_202226_ParticleTesting/P170_I160/run.log - INFO - n_caps=1 | minZ=0.087365 | models=[1012] | nodes=[9]
2026-01-18 23:59:36,604 - /DATA/Aurindum/Swarming/Outputs/20260109_202226_ParticleTesting/P170_I160/run.log - INFO - n_caps=2 | minZ=0.064766 | models=[1012, 1012] | nodes=[10, 9]
2026-01-19 00:13:00,780 - /DATA/Aurindum/Swarming/Outputs/20260109_202226_ParticleTesting/P170_I160/run.log - INFO - n_caps=3 | minZ=0.053863 | models=[1012, 1012, 528] | nodes=[10, 9, 14]
2026-01-19 00:25:54,213 - /DATA/Aurindum/Swarming/Outputs/20260109_202226_ParticleTesting/P170_I160/run.log - INFO - n_caps=4 | minZ=0.049874 | models=[1012, 1012, 528, 434] | nodes=[10, 9, 14, 15]
2026-01-19 00:39:33,859 - /DATA/Aurindum/Swarming/Outputs/20260109_202226_ParticleTesting/P170_I160/run.log - INFO - n_caps=5 | minZ=0.047063 | models=[1012, 1012, 609, 434, 447] | nodes=[10, 9, 14, 15, 5]
2026-01-19 00:52:56,114 - /DATA/Aurindum/Swarming/Outputs/20260109_202226_ParticleTesting/P170_I160/run.log - INFO - n_caps=6 | minZ=0.044650 | models=[1012, 1012, 434, 433, 447, 221] | nodes=[9, 10, 14, 15, 5, 7]
2026-01-19 01:06:26,632 - /DATA/Aurindum/Swarming/Outputs/20260109_202226_ParticleTesting/P170_I160/run.log - INFO - n_caps=7 | minZ=0.042635 | models=[1012, 1012, 434, 434, 447, 221, 110] | nodes=[9, 10, 14, 15, 5, 7, 6]
2026-01-19 01:20:53,998 - /DATA/Aurindum/Swarming/Outputs/20260109_202226_ParticleTesting/P170_I160/run.log - INFO - n_caps=8 | minZ=0.041424 | models=[1012, 1012, 434, 434, 447, 221, 110, 189] | nodes=[9, 10, 14, 15, 5, 7, 6, 16]
2026-01-19 01:20:53,998 - /DATA/Aurindum/Swarming/Outputs/20260109_202226_ParticleTesting/P170_I160/run.log - INFO - Threshold reached at n_caps=8
2026-01-19 01:35:26,030 - /DATA/Aurindum/Swarming/Outputs/20260109_202226_ParticleTesting/P170_I170/run.log - INFO - n_caps=1 | minZ=0.087365 | models=[1012] | nodes=[9]
2026-01-19 01:50:12,551 - /DATA/Aurindum/Swarming/Outputs/20260109_202226_ParticleTesting/P170_I170/run.log - INFO - n_caps=2 | minZ=0.064766 | models=[1012, 1014] | nodes=[9, 10]
2026-01-19 02:04:38,426 - /DATA/Aurindum/Swarming/Outputs/20260109_202226_ParticleTesting/P170_I170/run.log - INFO - n_caps=3 | minZ=0.053863 | models=[1012, 1014, 527] | nodes=[9, 10, 14]
2026-01-19 02:19:44,329 - /DATA/Aurindum/Swarming/Outputs/20260109_202226_ParticleTesting/P170_I170/run.log - INFO - n_caps=4 | minZ=0.049666 | models=[1012, 1014, 447, 434] | nodes=[9, 10, 14, 15]
2026-01-19 02:34:20,115 - /DATA/Aurindum/Swarming/Outputs/20260109_202226_ParticleTesting/P170_I170/run.log - INFO - n_caps=5 | minZ=0.046011 | models=[1012, 1014, 447, 434, 342] | nodes=[9, 10, 14, 15, 5]
2026-01-19 02:49:21,315 - /DATA/Aurindum/Swarming/Outputs/20260109_202226_ParticleTesting/P170_I170/run.log - INFO - n_caps=6 | minZ=0.043584 | models=[1012, 1014, 447, 433, 342, 171] | nodes=[9, 10, 15, 14, 5, 6]
2026-01-19 03:04:04,659 - /DATA/Aurindum/Swarming/Outputs/20260109_202226_ParticleTesting/P170_I170/run.log - INFO - n_caps=7 | minZ=0.042121 | models=[1012, 1014, 447, 433, 342, 171, 226] | nodes=[9, 10, 14, 15, 5, 6, 7]
2026-01-19 03:18:13,502 - /DATA/Aurindum/Swarming/Outputs/20260109_202226_ParticleTesting/P170_I170/run.log - INFO - n_caps=8 | minZ=0.040869 | models=[1012, 1014, 447, 433, 342, 171, 226, 273] | nodes=[9, 10, 14, 15, 5, 6, 7, 16]
2026-01-19 03:18:13,502 - /DATA/Aurindum/Swarming/Outputs/20260109_202226_ParticleTesting/P170_I170/run.log - INFO - Threshold reached at n_caps=8
2026-01-19 03:33:49,461 - /DATA/Aurindum/Swarming/Outputs/20260109_202226_ParticleTesting/P170_I180/run.log - INFO - n_caps=1 | minZ=0.087365 | models=[1014] | nodes=[9]
2026-01-19 03:48:50,150 - /DATA/Aurindum/Swarming/Outputs/20260109_202226_ParticleTesting/P170_I180/run.log - INFO - n_caps=2 | minZ=0.064766 | models=[1012, 1012] | nodes=[9, 10]
2026-01-19 04:04:44,785 - /DATA/Aurindum/Swarming/Outputs/20260109_202226_ParticleTesting/P170_I180/run.log - INFO - n_caps=3 | minZ=0.053863 | models=[1012, 1012, 527] | nodes=[9, 10, 14]
2026-01-19 04:20:09,399 - /DATA/Aurindum/Swarming/Outputs/20260109_202226_ParticleTesting/P170_I180/run.log - INFO - n_caps=4 | minZ=0.049874 | models=[1012, 1012, 527, 434] | nodes=[10, 9, 14, 15]
2026-01-19 04:35:53,292 - /DATA/Aurindum/Swarming/Outputs/20260109_202226_ParticleTesting/P170_I180/run.log - INFO - n_caps=5 | minZ=0.046111 | models=[1012, 1012, 447, 434, 893] | nodes=[9, 10, 14, 15, 5]
2026-01-19 04:51:38,516 - /DATA/Aurindum/Swarming/Outputs/20260109_202226_ParticleTesting/P170_I180/run.log - INFO - n_caps=6 | minZ=0.043717 | models=[1012, 1012, 448, 434, 893, 189] | nodes=[9, 10, 15, 14, 5, 6]
2026-01-19 05:07:03,593 - /DATA/Aurindum/Swarming/Outputs/20260109_202226_ParticleTesting/P170_I180/run.log - INFO - n_caps=7 | minZ=0.041713 | models=[1012, 1012, 448, 433, 892, 189, 334] | nodes=[9, 10, 14, 15, 5, 7, 6]
2026-01-19 05:07:03,593 - /DATA/Aurindum/Swarming/Outputs/20260109_202226_ParticleTesting/P170_I180/run.log - INFO - Threshold reached at n_caps=7
2026-01-19 05:23:38,249 - /DATA/Aurindum/Swarming/Outputs/20260109_202226_ParticleTesting/P170_I190/run.log - INFO - n_caps=1 | minZ=0.087365 | models=[1014] | nodes=[9]
2026-01-19 05:40:23,973 - /DATA/Aurindum/Swarming/Outputs/20260109_202226_ParticleTesting/P170_I190/run.log - INFO - n_caps=2 | minZ=0.064766 | models=[1014, 1012] | nodes=[9, 10]
2026-01-19 05:56:26,102 - /DATA/Aurindum/Swarming/Outputs/20260109_202226_ParticleTesting/P170_I190/run.log - INFO - n_caps=3 | minZ=0.053863 | models=[1014, 1012, 528] | nodes=[10, 9, 14]
2026-01-19 06:13:16,068 - /DATA/Aurindum/Swarming/Outputs/20260109_202226_ParticleTesting/P170_I190/run.log - INFO - n_caps=4 | minZ=0.049852 | models=[1014, 1012, 512, 433] | nodes=[10, 9, 14, 15]
2026-01-19 06:29:40,679 - /DATA/Aurindum/Swarming/Outputs/20260109_202226_ParticleTesting/P170_I190/run.log - INFO - n_caps=5 | minZ=0.047587 | models=[1014, 1012, 511, 433, 434] | nodes=[10, 9, 14, 15, 5]
2026-01-19 06:46:08,607 - /DATA/Aurindum/Swarming/Outputs/20260109_202226_ParticleTesting/P170_I190/run.log - INFO - n_caps=6 | minZ=0.044780 | models=[1014, 1012, 524, 433, 434, 171] | nodes=[10, 9, 15, 14, 5, 7]
2026-01-19 07:02:17,786 - /DATA/Aurindum/Swarming/Outputs/20260109_202226_ParticleTesting/P170_I190/run.log - INFO - n_caps=7 | minZ=0.042602 | models=[1014, 1012, 524, 433, 434, 171, 455] | nodes=[10, 9, 14, 15, 6, 7, 5]
2026-01-19 07:18:52,914 - /DATA/Aurindum/Swarming/Outputs/20260109_202226_ParticleTesting/P170_I190/run.log - INFO - n_caps=8 | minZ=0.041359 | models=[1014, 1012, 524, 433, 434, 171, 455, 225] | nodes=[10, 9, 15, 14, 6, 7, 5, 16]
2026-01-19 07:18:52,915 - /DATA/Aurindum/Swarming/Outputs/20260109_202226_ParticleTesting/P170_I190/run.log - INFO - Threshold reached at n_caps=8
2026-01-19 07:36:31,799 - /DATA/Aurindum/Swarming/Outputs/20260109_202226_ParticleTesting/P170_I200/run.log - INFO - n_caps=1 | minZ=0.087365 | models=[1014] | nodes=[9]
2026-01-19 07:53:37,489 - /DATA/Aurindum/Swarming/Outputs/20260109_202226_ParticleTesting/P170_I200/run.log - INFO - n_caps=2 | minZ=0.064766 | models=[1014, 1012] | nodes=[9, 10]
2026-01-19 08:10:45,305 - /DATA/Aurindum/Swarming/Outputs/20260109_202226_ParticleTesting/P170_I200/run.log - INFO - n_caps=3 | minZ=0.053863 | models=[1014, 1012, 527] | nodes=[10, 9, 14]
2026-01-19 08:28:12,797 - /DATA/Aurindum/Swarming/Outputs/20260109_202226_ParticleTesting/P170_I200/run.log - INFO - n_caps=4 | minZ=0.049666 | models=[1014, 1012, 455, 434] | nodes=[10, 9, 14, 15]
2026-01-19 08:44:58,549 - /DATA/Aurindum/Swarming/Outputs/20260109_202226_ParticleTesting/P170_I200/run.log - INFO - n_caps=5 | minZ=0.046011 | models=[1014, 1012, 455, 434, 342] | nodes=[10, 9, 14, 15, 5]
2026-01-19 09:02:28,702 - /DATA/Aurindum/Swarming/Outputs/20260109_202226_ParticleTesting/P170_I200/run.log - INFO - n_caps=6 | minZ=0.043876 | models=[1014, 1012, 456, 433, 342, 171] | nodes=[9, 10, 14, 15, 5, 6]
2026-01-19 09:19:49,246 - /DATA/Aurindum/Swarming/Outputs/20260109_202226_ParticleTesting/P170_I200/run.log - INFO - n_caps=7 | minZ=0.042121 | models=[1014, 1012, 456, 433, 342, 171, 226] | nodes=[9, 10, 14, 15, 5, 6, 7]
2026-01-19 09:36:47,039 - /DATA/Aurindum/Swarming/Outputs/20260109_202226_ParticleTesting/P170_I200/run.log - INFO - n_caps=8 | minZ=0.040796 | models=[1014, 1012, 456, 433, 342, 171, 226, 275] | nodes=[9, 10, 14, 15, 5, 7, 6, 16]
2026-01-19 09:36:47,040 - /DATA/Aurindum/Swarming/Outputs/20260109_202226_ParticleTesting/P170_I200/run.log - INFO - Threshold reached at n_caps=8
2026-01-19 09:37:42,829 - /DATA/Aurindum/Swarming/Outputs/20260109_202226_ParticleTesting/P180_I10/run.log - INFO - n_caps=1 | minZ=0.094622 | models=[1012] | nodes=[16]
2026-01-19 09:38:33,045 - /DATA/Aurindum/Swarming/Outputs/20260109_202226_ParticleTesting/P180_I10/run.log - INFO - n_caps=2 | minZ=0.067520 | models=[1012, 1012] | nodes=[15, 9]
2026-01-19 09:39:23,373 - /DATA/Aurindum/Swarming/Outputs/20260109_202226_ParticleTesting/P180_I10/run.log - INFO - n_caps=3 | minZ=0.054343 | models=[1012, 1012, 528] | nodes=[15, 9, 5]
2026-01-19 09:40:22,028 - /DATA/Aurindum/Swarming/Outputs/20260109_202226_ParticleTesting/P180_I10/run.log - INFO - n_caps=4 | minZ=0.051499 | models=[1012, 1012, 528, 523] | nodes=[14, 9, 5, 10]
2026-01-19 09:41:19,199 - /DATA/Aurindum/Swarming/Outputs/20260109_202226_ParticleTesting/P180_I10/run.log - INFO - n_caps=5 | minZ=0.049107 | models=[1012, 1012, 528, 523, 150] | nodes=[14, 9, 5, 10, 6]
2026-01-19 09:42:09,926 - /DATA/Aurindum/Swarming/Outputs/20260109_202226_ParticleTesting/P180_I10/run.log - INFO - n_caps=6 | minZ=0.046532 | models=[1012, 1012, 528, 524, 150, 189] | nodes=[14, 10, 5, 9, 6, 15]
2026-01-19 09:43:00,573 - /DATA/Aurindum/Swarming/Outputs/20260109_202226_ParticleTesting/P180_I10/run.log - INFO - n_caps=7 | minZ=0.045197 | models=[1012, 1012, 528, 524, 150, 189, 364] | nodes=[14, 10, 5, 9, 6, 15, 16]
2026-01-19 09:43:52,374 - /DATA/Aurindum/Swarming/Outputs/20260109_202226_ParticleTesting/P180_I10/run.log - INFO - n_caps=8 | minZ=0.043782 | models=[1012, 1012, 528, 524, 150, 189, 364, 742] | nodes=[14, 10, 5, 9, 6, 15, 16, 7]
2026-01-19 09:44:44,018 - /DATA/Aurindum/Swarming/Outputs/20260109_202226_ParticleTesting/P180_I10/run.log - INFO - n_caps=9 | minZ=0.042621 | models=[1012, 1012, 528, 524, 150, 189, 364, 742, 261] | nodes=[14, 10, 5, 9, 6, 15, 16, 7, 8]
2026-01-19 09:45:35,380 - /DATA/Aurindum/Swarming/Outputs/20260109_202226_ParticleTesting/P180_I10/run.log - INFO - n_caps=10 | minZ=0.042083 | models=[1012, 1012, 528, 524, 150, 189, 364, 743, 261, 1085] | nodes=[14, 10, 5, 9, 6, 15, 16, 7, 8, 1]
2026-01-19 09:46:28,036 - /DATA/Aurindum/Swarming/Outputs/20260109_202226_ParticleTesting/P180_I10/run.log - INFO - n_caps=11 | minZ=0.041991 | models=[1012, 1012, 528, 524, 150, 189, 364, 743, 262, 1085, 927] | nodes=[14, 10, 5, 9, 6, 15, 16, 7, 8, 2, 1]
2026-01-19 09:46:28,036 - /DATA/Aurindum/Swarming/Outputs/20260109_202226_ParticleTesting/P180_I10/run.log - INFO - Threshold reached at n_caps=11
2026-01-19 09:48:11,647 - /DATA/Aurindum/Swarming/Outputs/20260109_202226_ParticleTesting/P180_I20/run.log - INFO - n_caps=1 | minZ=0.087365 | models=[1014] | nodes=[9]
2026-01-19 09:49:56,949 - /DATA/Aurindum/Swarming/Outputs/20260109_202226_ParticleTesting/P180_I20/run.log - INFO - n_caps=2 | minZ=0.064766 | models=[1014, 1012] | nodes=[9, 10]
2026-01-19 09:51:38,482 - /DATA/Aurindum/Swarming/Outputs/20260109_202226_ParticleTesting/P180_I20/run.log - INFO - n_caps=3 | minZ=0.054063 | models=[1014, 1012, 509] | nodes=[9, 10, 15]
2026-01-19 09:53:22,027 - /DATA/Aurindum/Swarming/Outputs/20260109_202226_ParticleTesting/P180_I20/run.log - INFO - n_caps=4 | minZ=0.051415 | models=[1014, 1012, 509, 433] | nodes=[9, 10, 15, 6]
2026-01-19 09:55:05,106 - /DATA/Aurindum/Swarming/Outputs/20260109_202226_ParticleTesting/P180_I20/run.log - INFO - n_caps=5 | minZ=0.048464 | models=[1014, 1012, 510, 433, 837] | nodes=[9, 10, 14, 6, 5]
2026-01-19 09:56:47,187 - /DATA/Aurindum/Swarming/Outputs/20260109_202226_ParticleTesting/P180_I20/run.log - INFO - n_caps=6 | minZ=0.044512 | models=[1014, 1012, 510, 434, 837, 262] | nodes=[9, 10, 14, 6, 5, 15]
2026-01-19 09:58:36,752 - /DATA/Aurindum/Swarming/Outputs/20260109_202226_ParticleTesting/P180_I20/run.log - INFO - n_caps=7 | minZ=0.042943 | models=[1014, 1012, 510, 434, 838, 262, 273] | nodes=[9, 10, 14, 5, 6, 15, 7]
2026-01-19 10:00:23,841 - /DATA/Aurindum/Swarming/Outputs/20260109_202226_ParticleTesting/P180_I20/run.log - INFO - n_caps=8 | minZ=0.042332 | models=[1014, 1012, 510, 434, 838, 262, 273, 74] | nodes=[9, 10, 14, 5, 6, 15, 7, 16]
2026-01-19 10:02:05,479 - /DATA/Aurindum/Swarming/Outputs/20260109_202226_ParticleTesting/P180_I20/run.log - INFO - n_caps=9 | minZ=0.042114 | models=[1014, 1012, 510, 434, 837, 262, 273, 74, 179] | nodes=[9, 10, 14, 5, 6, 15, 7, 16, 8]
2026-01-19 10:03:53,440 - /DATA/Aurindum/Swarming/Outputs/20260109_202226_ParticleTesting/P180_I20/run.log - INFO - n_caps=10 | minZ=0.041606 | models=[1014, 1012, 510, 434, 837, 262, 273, 74, 179, 1014] | nodes=[9, 10, 14, 5, 4, 15, 6, 16, 7, 8]
2026-01-19 10:03:53,441 - /DATA/Aurindum/Swarming/Outputs/20260109_202226_ParticleTesting/P180_I20/run.log - INFO - Threshold reached at n_caps=10
2026-01-19 10:06:41,494 - /DATA/Aurindum/Swarming/Outputs/20260109_202226_ParticleTesting/P180_I30/run.log - INFO - n_caps=1 | minZ=0.087365 | models=[1012] | nodes=[9]
2026-01-19 10:09:43,468 - /DATA/Aurindum/Swarming/Outputs/20260109_202226_ParticleTesting/P180_I30/run.log - INFO - n_caps=2 | minZ=0.064766 | models=[1012, 1012] | nodes=[9, 10]
2026-01-19 10:12:39,437 - /DATA/Aurindum/Swarming/Outputs/20260109_202226_ParticleTesting/P180_I30/run.log - INFO - n_caps=3 | minZ=0.053976 | models=[1012, 1012, 510] | nodes=[9, 10, 14]
2026-01-19 10:15:22,487 - /DATA/Aurindum/Swarming/Outputs/20260109_202226_ParticleTesting/P180_I30/run.log - INFO - n_caps=4 | minZ=0.050150 | models=[1012, 1012, 510, 344] | nodes=[9, 10, 14, 15]
2026-01-19 10:18:02,037 - /DATA/Aurindum/Swarming/Outputs/20260109_202226_ParticleTesting/P180_I30/run.log - INFO - n_caps=5 | minZ=0.047278 | models=[1012, 1012, 510, 344, 263] | nodes=[9, 10, 14, 15, 16]
2026-01-19 10:20:43,646 - /DATA/Aurindum/Swarming/Outputs/20260109_202226_ParticleTesting/P180_I30/run.log - INFO - n_caps=6 | minZ=0.044454 | models=[1012, 1012, 510, 344, 263, 342] | nodes=[9, 10, 14, 15, 16, 5]
2026-01-19 10:23:36,901 - /DATA/Aurindum/Swarming/Outputs/20260109_202226_ParticleTesting/P180_I30/run.log - INFO - n_caps=7 | minZ=0.042721 | models=[1012, 1012, 510, 343, 263, 342, 189] | nodes=[9, 10, 14, 15, 16, 5, 6]
2026-01-19 10:26:15,611 - /DATA/Aurindum/Swarming/Outputs/20260109_202226_ParticleTesting/P180_I30/run.log - INFO - n_caps=8 | minZ=0.040781 | models=[1012, 1012, 510, 343, 263, 342, 189, 150] | nodes=[9, 10, 14, 15, 16, 5, 6, 7]
2026-01-19 10:26:15,612 - /DATA/Aurindum/Swarming/Outputs/20260109_202226_ParticleTesting/P180_I30/run.log - INFO - Threshold reached at n_caps=8
2026-01-19 10:29:37,849 - /DATA/Aurindum/Swarming/Outputs/20260109_202226_ParticleTesting/P180_I40/run.log - INFO - n_caps=1 | minZ=0.087365 | models=[1012] | nodes=[9]
2026-01-19 10:33:18,230 - /DATA/Aurindum/Swarming/Outputs/20260109_202226_ParticleTesting/P180_I40/run.log - INFO - n_caps=2 | minZ=0.064766 | models=[1012, 1014] | nodes=[9, 10]
2026-01-19 10:36:58,565 - /DATA/Aurindum/Swarming/Outputs/20260109_202226_ParticleTesting/P180_I40/run.log - INFO - n_caps=3 | minZ=0.054175 | models=[1012, 1014, 500] | nodes=[9, 10, 5]
2026-01-19 10:40:28,430 - /DATA/Aurindum/Swarming/Outputs/20260109_202226_ParticleTesting/P180_I40/run.log - INFO - n_caps=4 | minZ=0.050965 | models=[1012, 1014, 500, 433] | nodes=[9, 10, 5, 6]
2026-01-19 10:44:06,249 - /DATA/Aurindum/Swarming/Outputs/20260109_202226_ParticleTesting/P180_I40/run.log - INFO - n_caps=5 | minZ=0.048529 | models=[1012, 1014, 500, 433, 222] | nodes=[9, 10, 5, 6, 14]
2026-01-19 10:47:45,021 - /DATA/Aurindum/Swarming/Outputs/20260109_202226_ParticleTesting/P180_I40/run.log - INFO - n_caps=6 | minZ=0.046403 | models=[1012, 1014, 500, 433, 222, 225] | nodes=[9, 10, 5, 6, 14, 15]
2026-01-19 10:51:37,100 - /DATA/Aurindum/Swarming/Outputs/20260109_202226_ParticleTesting/P180_I40/run.log - INFO - n_caps=7 | minZ=0.044364 | models=[1012, 1014, 501, 433, 222, 225, 455] | nodes=[10, 9, 6, 7, 14, 15, 5]
2026-01-19 10:55:18,762 - /DATA/Aurindum/Swarming/Outputs/20260109_202226_ParticleTesting/P180_I40/run.log - INFO - n_caps=8 | minZ=0.042634 | models=[1012, 1014, 501, 433, 222, 225, 455, 110] | nodes=[10, 9, 7, 6, 14, 15, 5, 16]
2026-01-19 10:58:47,439 - /DATA/Aurindum/Swarming/Outputs/20260109_202226_ParticleTesting/P180_I40/run.log - INFO - n_caps=9 | minZ=0.041896 | models=[1012, 1014, 501, 433, 222, 225, 455, 109, 179] | nodes=[10, 9, 7, 6, 14, 15, 5, 16, 8]
2026-01-19 10:58:47,440 - /DATA/Aurindum/Swarming/Outputs/20260109_202226_ParticleTesting/P180_I40/run.log - INFO - Threshold reached at n_caps=9
2026-01-19 11:03:37,401 - /DATA/Aurindum/Swarming/Outputs/20260109_202226_ParticleTesting/P180_I50/run.log - INFO - n_caps=1 | minZ=0.087365 | models=[1014] | nodes=[9]
2026-01-19 11:08:18,597 - /DATA/Aurindum/Swarming/Outputs/20260109_202226_ParticleTesting/P180_I50/run.log - INFO - n_caps=2 | minZ=0.064766 | models=[1014, 1014] | nodes=[9, 10]
2026-01-19 11:12:55,264 - /DATA/Aurindum/Swarming/Outputs/20260109_202226_ParticleTesting/P180_I50/run.log - INFO - n_caps=3 | minZ=0.053863 | models=[1014, 1014, 527] | nodes=[9, 10, 14]
2026-01-19 11:17:14,116 - /DATA/Aurindum/Swarming/Outputs/20260109_202226_ParticleTesting/P180_I50/run.log - INFO - n_caps=4 | minZ=0.050407 | models=[1014, 1014, 527, 110] | nodes=[9, 10, 14, 6]
2026-01-19 11:21:40,074 - /DATA/Aurindum/Swarming/Outputs/20260109_202226_ParticleTesting/P180_I50/run.log - INFO - n_caps=5 | minZ=0.048037 | models=[1014, 1014, 527, 110, 456] | nodes=[9, 10, 14, 6, 15]
2026-01-19 11:26:09,764 - /DATA/Aurindum/Swarming/Outputs/20260109_202226_ParticleTesting/P180_I50/run.log - INFO - n_caps=6 | minZ=0.046243 | models=[1014, 1014, 527, 110, 456, 342] | nodes=[9, 10, 14, 6, 15, 5]
2026-01-19 11:30:43,109 - /DATA/Aurindum/Swarming/Outputs/20260109_202226_ParticleTesting/P180_I50/run.log - INFO - n_caps=7 | minZ=0.042937 | models=[1014, 1014, 527, 110, 455, 342, 262] | nodes=[9, 10, 14, 7, 15, 6, 5]
2026-01-19 11:35:08,562 - /DATA/Aurindum/Swarming/Outputs/20260109_202226_ParticleTesting/P180_I50/run.log - INFO - n_caps=8 | minZ=0.041924 | models=[1014, 1014, 527, 110, 455, 342, 262, 171] | nodes=[9, 10, 14, 7, 15, 6, 5, 16]
2026-01-19 11:35:08,563 - /DATA/Aurindum/Swarming/Outputs/20260109_202226_ParticleTesting/P180_I50/run.log - INFO - Threshold reached at n_caps=8
2026-01-19 11:40:38,450 - /DATA/Aurindum/Swarming/Outputs/20260109_202226_ParticleTesting/P180_I60/run.log - INFO - n_caps=1 | minZ=0.087365 | models=[1014] | nodes=[9]
2026-01-19 11:46:15,422 - /DATA/Aurindum/Swarming/Outputs/20260109_202226_ParticleTesting/P180_I60/run.log - INFO - n_caps=2 | minZ=0.064766 | models=[1014, 1014] | nodes=[9, 10]
2026-01-19 11:51:42,782 - /DATA/Aurindum/Swarming/Outputs/20260109_202226_ParticleTesting/P180_I60/run.log - INFO - n_caps=3 | minZ=0.054024 | models=[1014, 1014, 499] | nodes=[9, 10, 15]
2026-01-19 11:57:17,691 - /DATA/Aurindum/Swarming/Outputs/20260109_202226_ParticleTesting/P180_I60/run.log - INFO - n_caps=4 | minZ=0.050631 | models=[1014, 1014, 499, 300] | nodes=[9, 10, 14, 15]
2026-01-19 12:02:39,967 - /DATA/Aurindum/Swarming/Outputs/20260109_202226_ParticleTesting/P180_I60/run.log - INFO - n_caps=5 | minZ=0.048296 | models=[1014, 1014, 499, 300, 344] | nodes=[9, 10, 14, 15, 5]
2026-01-19 12:07:41,512 - /DATA/Aurindum/Swarming/Outputs/20260109_202226_ParticleTesting/P180_I60/run.log - INFO - n_caps=6 | minZ=0.044783 | models=[1014, 1014, 499, 301, 344, 263] | nodes=[9, 10, 14, 15, 5, 16]
2026-01-19 12:13:39,270 - /DATA/Aurindum/Swarming/Outputs/20260109_202226_ParticleTesting/P180_I60/run.log - INFO - n_caps=7 | minZ=0.042958 | models=[1014, 1014, 499, 301, 344, 263, 109] | nodes=[9, 10, 14, 15, 5, 16, 6]
2026-01-19 12:19:00,199 - /DATA/Aurindum/Swarming/Outputs/20260109_202226_ParticleTesting/P180_I60/run.log - INFO - n_caps=8 | minZ=0.041569 | models=[1014, 1014, 500, 301, 344, 263, 109, 171] | nodes=[9, 10, 14, 15, 5, 16, 6, 7]
2026-01-19 12:19:00,200 - /DATA/Aurindum/Swarming/Outputs/20260109_202226_ParticleTesting/P180_I60/run.log - INFO - Threshold reached at n_caps=8
2026-01-19 12:25:20,192 - /DATA/Aurindum/Swarming/Outputs/20260109_202226_ParticleTesting/P180_I70/run.log - INFO - n_caps=1 | minZ=0.087365 | models=[1012] | nodes=[9]
2026-01-19 12:31:46,802 - /DATA/Aurindum/Swarming/Outputs/20260109_202226_ParticleTesting/P180_I70/run.log - INFO - n_caps=2 | minZ=0.064766 | models=[1012, 1012] | nodes=[9, 10]
2026-01-19 12:38:19,933 - /DATA/Aurindum/Swarming/Outputs/20260109_202226_ParticleTesting/P180_I70/run.log - INFO - n_caps=3 | minZ=0.053863 | models=[1012, 1012, 527] | nodes=[9, 10, 14]
2026-01-19 12:44:26,484 - /DATA/Aurindum/Swarming/Outputs/20260109_202226_ParticleTesting/P180_I70/run.log - INFO - n_caps=4 | minZ=0.049852 | models=[1012, 1012, 511, 433] | nodes=[10, 9, 14, 15]
2026-01-19 12:50:50,783 - /DATA/Aurindum/Swarming/Outputs/20260109_202226_ParticleTesting/P180_I70/run.log - INFO - n_caps=5 | minZ=0.047861 | models=[1012, 1012, 511, 434, 110] | nodes=[9, 10, 14, 15, 6]
2026-01-19 12:56:55,901 - /DATA/Aurindum/Swarming/Outputs/20260109_202226_ParticleTesting/P180_I70/run.log - INFO - n_caps=6 | minZ=0.045655 | models=[1012, 1012, 510, 434, 110, 171] | nodes=[9, 10, 14, 15, 5, 16]
2026-01-19 13:03:21,124 - /DATA/Aurindum/Swarming/Outputs/20260109_202226_ParticleTesting/P180_I70/run.log - INFO - n_caps=7 | minZ=0.043876 | models=[1012, 1012, 510, 434, 109, 171, 433] | nodes=[9, 10, 14, 15, 6, 16, 5]
2026-01-19 13:09:39,064 - /DATA/Aurindum/Swarming/Outputs/20260109_202226_ParticleTesting/P180_I70/run.log - INFO - n_caps=8 | minZ=0.041846 | models=[1012, 1012, 510, 433, 109, 171, 433, 184] | nodes=[10, 9, 14, 15, 5, 16, 6, 7]
2026-01-19 13:09:39,064 - /DATA/Aurindum/Swarming/Outputs/20260109_202226_ParticleTesting/P180_I70/run.log - INFO - Threshold reached at n_caps=8
2026-01-19 13:16:47,228 - /DATA/Aurindum/Swarming/Outputs/20260109_202226_ParticleTesting/P180_I80/run.log - INFO - n_caps=1 | minZ=0.087365 | models=[1014] | nodes=[9]
2026-01-19 13:23:53,985 - /DATA/Aurindum/Swarming/Outputs/20260109_202226_ParticleTesting/P180_I80/run.log - INFO - n_caps=2 | minZ=0.064766 | models=[1014, 1014] | nodes=[9, 10]
2026-01-19 13:30:57,291 - /DATA/Aurindum/Swarming/Outputs/20260109_202226_ParticleTesting/P180_I80/run.log - INFO - n_caps=3 | minZ=0.053863 | models=[1014, 1014, 528] | nodes=[9, 10, 14]
2026-01-19 13:38:00,533 - /DATA/Aurindum/Swarming/Outputs/20260109_202226_ParticleTesting/P180_I80/run.log - INFO - n_caps=4 | minZ=0.049874 | models=[1014, 1014, 528, 434] | nodes=[9, 10, 14, 15]
2026-01-19 13:45:12,113 - /DATA/Aurindum/Swarming/Outputs/20260109_202226_ParticleTesting/P180_I80/run.log - INFO - n_caps=5 | minZ=0.047841 | models=[1014, 1014, 528, 434, 222] | nodes=[9, 10, 14, 15, 7]
2026-01-19 13:52:36,560 - /DATA/Aurindum/Swarming/Outputs/20260109_202226_ParticleTesting/P180_I80/run.log - INFO - n_caps=6 | minZ=0.045489 | models=[1014, 1014, 528, 434, 221, 434] | nodes=[9, 10, 14, 15, 6, 5]
2026-01-19 13:59:52,492 - /DATA/Aurindum/Swarming/Outputs/20260109_202226_ParticleTesting/P180_I80/run.log - INFO - n_caps=7 | minZ=0.043580 | models=[1014, 1014, 528, 434, 221, 434, 171] | nodes=[9, 10, 14, 15, 6, 5, 16]
2026-01-19 14:07:07,959 - /DATA/Aurindum/Swarming/Outputs/20260109_202226_ParticleTesting/P180_I80/run.log - INFO - n_caps=8 | minZ=0.042236 | models=[1014, 1014, 528, 434, 222, 434, 171, 226] | nodes=[9, 10, 14, 15, 6, 5, 16, 7]
2026-01-19 14:14:27,932 - /DATA/Aurindum/Swarming/Outputs/20260109_202226_ParticleTesting/P180_I80/run.log - INFO - n_caps=9 | minZ=0.041348 | models=[1014, 1014, 528, 434, 222, 434, 171, 226, 893] | nodes=[8, 9, 14, 15, 6, 5, 16, 7, 10]
2026-01-19 14:14:27,933 - /DATA/Aurindum/Swarming/Outputs/20260109_202226_ParticleTesting/P180_I80/run.log - INFO - Threshold reached at n_caps=9
2026-01-19 14:22:11,923 - /DATA/Aurindum/Swarming/Outputs/20260109_202226_ParticleTesting/P180_I90/run.log - INFO - n_caps=1 | minZ=0.087365 | models=[1012] | nodes=[9]
2026-01-19 14:30:22,328 - /DATA/Aurindum/Swarming/Outputs/20260109_202226_ParticleTesting/P180_I90/run.log - INFO - n_caps=2 | minZ=0.064766 | models=[1012, 1012] | nodes=[9, 10]
2026-01-19 14:38:39,806 - /DATA/Aurindum/Swarming/Outputs/20260109_202226_ParticleTesting/P180_I90/run.log - INFO - n_caps=3 | minZ=0.053976 | models=[1012, 1012, 510] | nodes=[10, 9, 14]
2026-01-19 14:46:40,284 - /DATA/Aurindum/Swarming/Outputs/20260109_202226_ParticleTesting/P180_I90/run.log - INFO - n_caps=4 | minZ=0.049852 | models=[1012, 1012, 511, 434] | nodes=[10, 9, 14, 15]
2026-01-19 14:54:51,794 - /DATA/Aurindum/Swarming/Outputs/20260109_202226_ParticleTesting/P180_I90/run.log - INFO - n_caps=5 | minZ=0.047791 | models=[1012, 1012, 510, 434, 893] | nodes=[10, 9, 14, 15, 5]
2026-01-19 15:02:44,995 - /DATA/Aurindum/Swarming/Outputs/20260109_202226_ParticleTesting/P180_I90/run.log - INFO - n_caps=6 | minZ=0.044016 | models=[1012, 1012, 510, 434, 892, 263] | nodes=[10, 9, 14, 15, 5, 6]
2026-01-19 15:11:00,955 - /DATA/Aurindum/Swarming/Outputs/20260109_202226_ParticleTesting/P180_I90/run.log - INFO - n_caps=7 | minZ=0.041589 | models=[1012, 1012, 510, 434, 892, 263, 178] | nodes=[9, 10, 14, 15, 5, 6, 7]
2026-01-19 15:11:00,956 - /DATA/Aurindum/Swarming/Outputs/20260109_202226_ParticleTesting/P180_I90/run.log - INFO - Threshold reached at n_caps=7
2026-01-19 15:20:15,838 - /DATA/Aurindum/Swarming/Outputs/20260109_202226_ParticleTesting/P180_I100/run.log - INFO - n_caps=1 | minZ=0.087365 | models=[1014] | nodes=[9]
2026-01-19 15:29:28,756 - /DATA/Aurindum/Swarming/Outputs/20260109_202226_ParticleTesting/P180_I100/run.log - INFO - n_caps=2 | minZ=0.064766 | models=[1014, 1014] | nodes=[9, 10]
2026-01-19 15:39:03,584 - /DATA/Aurindum/Swarming/Outputs/20260109_202226_ParticleTesting/P180_I100/run.log - INFO - n_caps=3 | minZ=0.053863 | models=[1014, 1014, 528] | nodes=[9, 10, 14]
2026-01-19 15:48:16,609 - /DATA/Aurindum/Swarming/Outputs/20260109_202226_ParticleTesting/P180_I100/run.log - INFO - n_caps=4 | minZ=0.050349 | models=[1014, 1014, 528, 434] | nodes=[9, 10, 14, 6]
2026-01-19 15:57:24,867 - /DATA/Aurindum/Swarming/Outputs/20260109_202226_ParticleTesting/P180_I100/run.log - INFO - n_caps=5 | minZ=0.047883 | models=[1014, 1014, 528, 434, 222] | nodes=[10, 9, 14, 6, 5]
2026-01-19 16:06:37,113 - /DATA/Aurindum/Swarming/Outputs/20260109_202226_ParticleTesting/P180_I100/run.log - INFO - n_caps=6 | minZ=0.045489 | models=[1014, 1014, 527, 433, 222, 434] | nodes=[9, 10, 14, 5, 6, 15]
2026-01-19 16:16:11,098 - /DATA/Aurindum/Swarming/Outputs/20260109_202226_ParticleTesting/P180_I100/run.log - INFO - n_caps=7 | minZ=0.043576 | models=[1014, 1014, 527, 434, 222, 434, 171] | nodes=[9, 10, 14, 5, 6, 15, 7]
2026-01-19 16:26:08,032 - /DATA/Aurindum/Swarming/Outputs/20260109_202226_ParticleTesting/P180_I100/run.log - INFO - n_caps=8 | minZ=0.041949 | models=[1014, 1014, 527, 434, 222, 434, 171, 110] | nodes=[10, 9, 14, 5, 6, 15, 7, 16]
2026-01-19 16:26:08,033 - /DATA/Aurindum/Swarming/Outputs/20260109_202226_ParticleTesting/P180_I100/run.log - INFO - Threshold reached at n_caps=8
2026-01-19 16:36:32,456 - /DATA/Aurindum/Swarming/Outputs/20260109_202226_ParticleTesting/P180_I110/run.log - INFO - n_caps=1 | minZ=0.087365 | models=[1012] | nodes=[9]
2026-01-19 16:46:37,286 - /DATA/Aurindum/Swarming/Outputs/20260109_202226_ParticleTesting/P180_I110/run.log - INFO - n_caps=2 | minZ=0.064766 | models=[1012, 1014] | nodes=[9, 10]
2026-01-19 16:56:36,933 - /DATA/Aurindum/Swarming/Outputs/20260109_202226_ParticleTesting/P180_I110/run.log - INFO - n_caps=3 | minZ=0.053863 | models=[1012, 1014, 527] | nodes=[9, 10, 14]
2026-01-19 17:06:00,538 - /DATA/Aurindum/Swarming/Outputs/20260109_202226_ParticleTesting/P180_I110/run.log - INFO - n_caps=4 | minZ=0.049852 | models=[1014, 1012, 511, 434] | nodes=[9, 10, 14, 15]
2026-01-19 17:15:44,668 - /DATA/Aurindum/Swarming/Outputs/20260109_202226_ParticleTesting/P180_I110/run.log - INFO - n_caps=5 | minZ=0.047861 | models=[1014, 1012, 511, 434, 109] | nodes=[9, 10, 14, 15, 6]
2026-01-19 17:25:52,490 - /DATA/Aurindum/Swarming/Outputs/20260109_202226_ParticleTesting/P180_I110/run.log - INFO - n_caps=6 | minZ=0.045650 | models=[1014, 1012, 510, 433, 109, 171] | nodes=[9, 10, 14, 15, 7, 5]
2026-01-19 17:35:48,076 - /DATA/Aurindum/Swarming/Outputs/20260109_202226_ParticleTesting/P180_I110/run.log - INFO - n_caps=7 | minZ=0.043284 | models=[1014, 1012, 510, 434, 110, 171, 892] | nodes=[9, 10, 14, 15, 6, 7, 5]
2026-01-19 17:46:02,882 - /DATA/Aurindum/Swarming/Outputs/20260109_202226_ParticleTesting/P180_I110/run.log - INFO - n_caps=8 | minZ=0.040830 | models=[1014, 1012, 510, 434, 110, 171, 892, 263] | nodes=[10, 9, 14, 15, 7, 6, 5, 16]
2026-01-19 17:46:02,883 - /DATA/Aurindum/Swarming/Outputs/20260109_202226_ParticleTesting/P180_I110/run.log - INFO - Threshold reached at n_caps=8
2026-01-19 17:57:32,686 - /DATA/Aurindum/Swarming/Outputs/20260109_202226_ParticleTesting/P180_I120/run.log - INFO - n_caps=1 | minZ=0.087365 | models=[1014] | nodes=[9]
2026-01-19 18:08:13,490 - /DATA/Aurindum/Swarming/Outputs/20260109_202226_ParticleTesting/P180_I120/run.log - INFO - n_caps=2 | minZ=0.064766 | models=[1014, 1012] | nodes=[9, 10]
2026-01-19 18:19:14,854 - /DATA/Aurindum/Swarming/Outputs/20260109_202226_ParticleTesting/P180_I120/run.log - INFO - n_caps=3 | minZ=0.053863 | models=[1014, 1012, 528] | nodes=[9, 10, 14]
2026-01-19 18:30:14,865 - /DATA/Aurindum/Swarming/Outputs/20260109_202226_ParticleTesting/P180_I120/run.log - INFO - n_caps=4 | minZ=0.049874 | models=[1014, 1012, 528, 433] | nodes=[9, 10, 14, 15]
2026-01-19 18:40:49,307 - /DATA/Aurindum/Swarming/Outputs/20260109_202226_ParticleTesting/P180_I120/run.log - INFO - n_caps=5 | minZ=0.046081 | models=[1014, 1012, 447, 433, 434] | nodes=[9, 10, 14, 15, 5]
2026-01-19 18:52:02,327 - /DATA/Aurindum/Swarming/Outputs/20260109_202226_ParticleTesting/P180_I120/run.log - INFO - n_caps=6 | minZ=0.044101 | models=[1014, 1012, 447, 433, 434, 110] | nodes=[9, 10, 14, 15, 5, 6]
2026-01-19 19:03:13,562 - /DATA/Aurindum/Swarming/Outputs/20260109_202226_ParticleTesting/P180_I120/run.log - INFO - n_caps=7 | minZ=0.042624 | models=[1014, 1012, 447, 433, 434, 110, 171] | nodes=[9, 10, 14, 15, 6, 7, 5]
2026-01-19 19:14:18,408 - /DATA/Aurindum/Swarming/Outputs/20260109_202226_ParticleTesting/P180_I120/run.log - INFO - n_caps=8 | minZ=0.040860 | models=[1014, 1012, 448, 433, 433, 110, 171, 110] | nodes=[9, 10, 14, 15, 5, 6, 7, 16]
2026-01-19 19:14:18,409 - /DATA/Aurindum/Swarming/Outputs/20260109_202226_ParticleTesting/P180_I120/run.log - INFO - Threshold reached at n_caps=8
2026-01-19 19:25:56,225 - /DATA/Aurindum/Swarming/Outputs/20260109_202226_ParticleTesting/P180_I130/run.log - INFO - n_caps=1 | minZ=0.087365 | models=[1014] | nodes=[9]
2026-01-19 19:37:40,962 - /DATA/Aurindum/Swarming/Outputs/20260109_202226_ParticleTesting/P180_I130/run.log - INFO - n_caps=2 | minZ=0.064766 | models=[1014, 1014] | nodes=[9, 10]
2026-01-19 19:48:52,187 - /DATA/Aurindum/Swarming/Outputs/20260109_202226_ParticleTesting/P180_I130/run.log - INFO - n_caps=3 | minZ=0.053863 | models=[1014, 1014, 527] | nodes=[9, 10, 14]
2026-01-19 20:00:46,441 - /DATA/Aurindum/Swarming/Outputs/20260109_202226_ParticleTesting/P180_I130/run.log - INFO - n_caps=4 | minZ=0.049738 | models=[1014, 1014, 448, 433] | nodes=[10, 9, 14, 5]
2026-01-19 20:12:46,603 - /DATA/Aurindum/Swarming/Outputs/20260109_202226_ParticleTesting/P180_I130/run.log - INFO - n_caps=5 | minZ=0.046090 | models=[1014, 1014, 448, 434, 433] | nodes=[10, 9, 14, 6, 5]
2026-01-19 20:24:36,067 - /DATA/Aurindum/Swarming/Outputs/20260109_202226_ParticleTesting/P180_I130/run.log - INFO - n_caps=6 | minZ=0.044402 | models=[1014, 1014, 448, 434, 433, 109] | nodes=[10, 9, 14, 6, 5, 15]
2026-01-19 20:36:26,632 - /DATA/Aurindum/Swarming/Outputs/20260109_202226_ParticleTesting/P180_I130/run.log - INFO - n_caps=7 | minZ=0.042207 | models=[1014, 1014, 448, 434, 434, 214, 189] | nodes=[10, 9, 14, 5, 6, 15, 7]
2026-01-19 20:48:14,671 - /DATA/Aurindum/Swarming/Outputs/20260109_202226_ParticleTesting/P180_I130/run.log - INFO - n_caps=8 | minZ=0.040997 | models=[1014, 1014, 448, 434, 434, 215, 189, 222] | nodes=[10, 9, 14, 5, 6, 15, 7, 16]
2026-01-19 20:48:14,672 - /DATA/Aurindum/Swarming/Outputs/20260109_202226_ParticleTesting/P180_I130/run.log - INFO - Threshold reached at n_caps=8
2026-01-19 21:01:40,762 - /DATA/Aurindum/Swarming/Outputs/20260109_202226_ParticleTesting/P180_I140/run.log - INFO - n_caps=1 | minZ=0.087365 | models=[1014] | nodes=[9]
2026-01-19 21:14:12,891 - /DATA/Aurindum/Swarming/Outputs/20260109_202226_ParticleTesting/P180_I140/run.log - INFO - n_caps=2 | minZ=0.064766 | models=[1014, 1014] | nodes=[9, 10]
2026-01-19 21:26:56,498 - /DATA/Aurindum/Swarming/Outputs/20260109_202226_ParticleTesting/P180_I140/run.log - INFO - n_caps=3 | minZ=0.053863 | models=[1014, 1012, 528] | nodes=[9, 10, 14]
2026-01-19 21:39:26,365 - /DATA/Aurindum/Swarming/Outputs/20260109_202226_ParticleTesting/P180_I140/run.log - INFO - n_caps=4 | minZ=0.049874 | models=[1014, 1012, 528, 433] | nodes=[9, 10, 14, 15]
2026-01-19 21:52:16,244 - /DATA/Aurindum/Swarming/Outputs/20260109_202226_ParticleTesting/P180_I140/run.log - INFO - n_caps=5 | minZ=0.046776 | models=[1014, 1012, 523, 448, 434] | nodes=[9, 10, 14, 15, 5]
2026-01-19 22:05:00,968 - /DATA/Aurindum/Swarming/Outputs/20260109_202226_ParticleTesting/P180_I140/run.log - INFO - n_caps=6 | minZ=0.045074 | models=[1014, 1012, 523, 448, 434, 222] | nodes=[9, 10, 14, 15, 5, 7]
2026-01-19 22:17:25,581 - /DATA/Aurindum/Swarming/Outputs/20260109_202226_ParticleTesting/P180_I140/run.log - INFO - n_caps=7 | minZ=0.043410 | models=[1014, 1012, 523, 448, 434, 222, 109] | nodes=[9, 10, 14, 15, 5, 7, 6]
2026-01-19 22:30:07,596 - /DATA/Aurindum/Swarming/Outputs/20260109_202226_ParticleTesting/P180_I140/run.log - INFO - n_caps=8 | minZ=0.041788 | models=[1012, 1012, 523, 448, 434, 222, 109, 171] | nodes=[9, 10, 14, 15, 5, 7, 6, 16]
2026-01-19 22:30:07,597 - /DATA/Aurindum/Swarming/Outputs/20260109_202226_ParticleTesting/P180_I140/run.log - INFO - Threshold reached at n_caps=8
2026-01-19 22:43:38,970 - /DATA/Aurindum/Swarming/Outputs/20260109_202226_ParticleTesting/P180_I150/run.log - INFO - n_caps=1 | minZ=0.087365 | models=[1014] | nodes=[9]
2026-01-19 22:57:36,222 - /DATA/Aurindum/Swarming/Outputs/20260109_202226_ParticleTesting/P180_I150/run.log - INFO - n_caps=2 | minZ=0.064766 | models=[1014, 1014] | nodes=[9, 10]
2026-01-19 23:11:13,847 - /DATA/Aurindum/Swarming/Outputs/20260109_202226_ParticleTesting/P180_I150/run.log - INFO - n_caps=3 | minZ=0.053863 | models=[1014, 1014, 528] | nodes=[9, 10, 14]
2026-01-19 23:24:48,852 - /DATA/Aurindum/Swarming/Outputs/20260109_202226_ParticleTesting/P180_I150/run.log - INFO - n_caps=4 | minZ=0.049852 | models=[1014, 1014, 511, 434] | nodes=[9, 10, 14, 15]
2026-01-19 23:38:24,071 - /DATA/Aurindum/Swarming/Outputs/20260109_202226_ParticleTesting/P180_I150/run.log - INFO - n_caps=5 | minZ=0.047861 | models=[1014, 1014, 512, 434, 109] | nodes=[9, 10, 14, 15, 6]
2026-01-19 23:54:24,865 - /DATA/Aurindum/Swarming/Outputs/20260109_202226_ParticleTesting/P180_I150/run.log - INFO - n_caps=6 | minZ=0.044976 | models=[1014, 1014, 512, 434, 244, 1310] | nodes=[9, 10, 14, 15, 6, 5]
2026-01-20 00:09:58,886 - /DATA/Aurindum/Swarming/Outputs/20260109_202226_ParticleTesting/P180_I150/run.log - INFO - n_caps=7 | minZ=0.043653 | models=[1014, 1014, 512, 434, 244, 1310, 171] | nodes=[9, 10, 14, 15, 6, 7, 5]
2026-01-20 00:25:45,449 - /DATA/Aurindum/Swarming/Outputs/20260109_202226_ParticleTesting/P180_I150/run.log - INFO - n_caps=8 | minZ=0.041451 | models=[1014, 1014, 511, 434, 244, 1310, 171, 110] | nodes=[9, 10, 14, 15, 6, 7, 5, 16]
2026-01-20 00:25:45,449 - /DATA/Aurindum/Swarming/Outputs/20260109_202226_ParticleTesting/P180_I150/run.log - INFO - Threshold reached at n_caps=8
2026-01-20 00:42:24,984 - /DATA/Aurindum/Swarming/Outputs/20260109_202226_ParticleTesting/P180_I160/run.log - INFO - n_caps=1 | minZ=0.087365 | models=[1014] | nodes=[9]
2026-01-20 00:58:50,936 - /DATA/Aurindum/Swarming/Outputs/20260109_202226_ParticleTesting/P180_I160/run.log - INFO - n_caps=2 | minZ=0.064766 | models=[1014, 1012] | nodes=[9, 10]
2026-01-20 01:14:38,128 - /DATA/Aurindum/Swarming/Outputs/20260109_202226_ParticleTesting/P180_I160/run.log - INFO - n_caps=3 | minZ=0.053863 | models=[1014, 1012, 528] | nodes=[10, 9, 14]
2026-01-20 01:30:47,329 - /DATA/Aurindum/Swarming/Outputs/20260109_202226_ParticleTesting/P180_I160/run.log - INFO - n_caps=4 | minZ=0.049668 | models=[1014, 1012, 448, 433] | nodes=[9, 10, 14, 6]
2026-01-20 01:44:56,619 - /DATA/Aurindum/Swarming/Outputs/20260109_202226_ParticleTesting/P180_I160/run.log - INFO - n_caps=5 | minZ=0.046025 | models=[1014, 1012, 448, 433, 342] | nodes=[9, 10, 14, 5, 15]
2026-01-20 01:59:20,619 - /DATA/Aurindum/Swarming/Outputs/20260109_202226_ParticleTesting/P180_I160/run.log - INFO - n_caps=6 | minZ=0.043930 | models=[1014, 1012, 448, 433, 342, 222] | nodes=[9, 10, 14, 5, 15, 6]
2026-01-20 02:15:15,679 - /DATA/Aurindum/Swarming/Outputs/20260109_202226_ParticleTesting/P180_I160/run.log - INFO - n_caps=7 | minZ=0.042114 | models=[1014, 1012, 448, 433, 342, 222, 171] | nodes=[10, 9, 14, 5, 15, 6, 7]
2026-01-20 02:30:58,989 - /DATA/Aurindum/Swarming/Outputs/20260109_202226_ParticleTesting/P180_I160/run.log - INFO - n_caps=8 | minZ=0.040768 | models=[1014, 1012, 448, 433, 342, 222, 171, 275] | nodes=[10, 9, 14, 5, 15, 6, 7, 16]
2026-01-20 02:30:58,990 - /DATA/Aurindum/Swarming/Outputs/20260109_202226_ParticleTesting/P180_I160/run.log - INFO - Threshold reached at n_caps=8
2026-01-20 02:48:07,145 - /DATA/Aurindum/Swarming/Outputs/20260109_202226_ParticleTesting/P180_I170/run.log - INFO - n_caps=1 | minZ=0.087365 | models=[1012] | nodes=[9]
2026-01-20 03:05:13,193 - /DATA/Aurindum/Swarming/Outputs/20260109_202226_ParticleTesting/P180_I170/run.log - INFO - n_caps=2 | minZ=0.064766 | models=[1012, 1012] | nodes=[9, 10]
2026-01-20 03:22:22,146 - /DATA/Aurindum/Swarming/Outputs/20260109_202226_ParticleTesting/P180_I170/run.log - INFO - n_caps=3 | minZ=0.053863 | models=[1012, 1012, 528] | nodes=[9, 10, 14]
2026-01-20 03:39:45,845 - /DATA/Aurindum/Swarming/Outputs/20260109_202226_ParticleTesting/P180_I170/run.log - INFO - n_caps=4 | minZ=0.049666 | models=[1012, 1012, 456, 434] | nodes=[9, 10, 14, 15]
2026-01-20 03:56:37,116 - /DATA/Aurindum/Swarming/Outputs/20260109_202226_ParticleTesting/P180_I170/run.log - INFO - n_caps=5 | minZ=0.046011 | models=[1012, 1012, 456, 434, 342] | nodes=[10, 9, 14, 15, 5]
2026-01-20 04:12:18,700 - /DATA/Aurindum/Swarming/Outputs/20260109_202226_ParticleTesting/P180_I170/run.log - INFO - n_caps=6 | minZ=0.043584 | models=[1012, 1012, 456, 434, 342, 171] | nodes=[10, 9, 15, 14, 5, 6]
2026-01-20 04:27:46,668 - /DATA/Aurindum/Swarming/Outputs/20260109_202226_ParticleTesting/P180_I170/run.log - INFO - n_caps=7 | minZ=0.042121 | models=[1012, 1012, 456, 434, 342, 171, 221] | nodes=[10, 9, 14, 15, 5, 6, 7]
2026-01-20 04:43:29,861 - /DATA/Aurindum/Swarming/Outputs/20260109_202226_ParticleTesting/P180_I170/run.log - INFO - n_caps=8 | minZ=0.040869 | models=[1012, 1012, 455, 434, 342, 171, 221, 273] | nodes=[9, 10, 14, 15, 5, 6, 7, 16]
2026-01-20 04:43:29,862 - /DATA/Aurindum/Swarming/Outputs/20260109_202226_ParticleTesting/P180_I170/run.log - INFO - Threshold reached at n_caps=8
2026-01-20 04:59:35,407 - /DATA/Aurindum/Swarming/Outputs/20260109_202226_ParticleTesting/P180_I180/run.log - INFO - n_caps=1 | minZ=0.087365 | models=[1014] | nodes=[9]
2026-01-20 05:16:09,204 - /DATA/Aurindum/Swarming/Outputs/20260109_202226_ParticleTesting/P180_I180/run.log - INFO - n_caps=2 | minZ=0.064766 | models=[1014, 1014] | nodes=[9, 10]
2026-01-20 05:32:35,639 - /DATA/Aurindum/Swarming/Outputs/20260109_202226_ParticleTesting/P180_I180/run.log - INFO - n_caps=3 | minZ=0.053863 | models=[1014, 1014, 528] | nodes=[10, 9, 14]
2026-01-20 05:49:10,532 - /DATA/Aurindum/Swarming/Outputs/20260109_202226_ParticleTesting/P180_I180/run.log - INFO - n_caps=4 | minZ=0.050198 | models=[1014, 1014, 512, 892] | nodes=[10, 9, 14, 15]
2026-01-20 06:05:23,984 - /DATA/Aurindum/Swarming/Outputs/20260109_202226_ParticleTesting/P180_I180/run.log - INFO - n_caps=5 | minZ=0.045859 | models=[1014, 1014, 511, 893, 262] | nodes=[10, 9, 15, 14, 7]
2026-01-20 06:21:32,976 - /DATA/Aurindum/Swarming/Outputs/20260109_202226_ParticleTesting/P180_I180/run.log - INFO - n_caps=6 | minZ=0.043872 | models=[1014, 1014, 511, 893, 262, 341] | nodes=[10, 9, 14, 15, 6, 5]
2026-01-20 06:38:05,870 - /DATA/Aurindum/Swarming/Outputs/20260109_202226_ParticleTesting/P180_I180/run.log - INFO - n_caps=7 | minZ=0.041374 | models=[1014, 1014, 510, 893, 262, 342, 179] | nodes=[10, 9, 14, 15, 7, 5, 6]
2026-01-20 06:38:05,871 - /DATA/Aurindum/Swarming/Outputs/20260109_202226_ParticleTesting/P180_I180/run.log - INFO - Threshold reached at n_caps=7
2026-01-20 06:55:16,391 - /DATA/Aurindum/Swarming/Outputs/20260109_202226_ParticleTesting/P180_I190/run.log - INFO - n_caps=1 | minZ=0.087365 | models=[1012] | nodes=[9]
2026-01-20 07:12:38,827 - /DATA/Aurindum/Swarming/Outputs/20260109_202226_ParticleTesting/P180_I190/run.log - INFO - n_caps=2 | minZ=0.064766 | models=[1012, 1014] | nodes=[9, 10]
2026-01-20 07:29:40,040 - /DATA/Aurindum/Swarming/Outputs/20260109_202226_ParticleTesting/P180_I190/run.log - INFO - n_caps=3 | minZ=0.053863 | models=[1012, 1014, 527] | nodes=[9, 10, 14]
2026-01-20 07:46:29,924 - /DATA/Aurindum/Swarming/Outputs/20260109_202226_ParticleTesting/P180_I190/run.log - INFO - n_caps=4 | minZ=0.049852 | models=[1012, 1014, 512, 434] | nodes=[9, 10, 14, 15]
2026-01-20 08:03:18,738 - /DATA/Aurindum/Swarming/Outputs/20260109_202226_ParticleTesting/P180_I190/run.log - INFO - n_caps=5 | minZ=0.046496 | models=[1012, 1014, 455, 434, 837] | nodes=[10, 9, 14, 15, 5]
2026-01-20 08:20:27,974 - /DATA/Aurindum/Swarming/Outputs/20260109_202226_ParticleTesting/P180_I190/run.log - INFO - n_caps=6 | minZ=0.044164 | models=[1012, 1014, 455, 434, 837, 171] | nodes=[10, 9, 15, 14, 5, 6]
2026-01-20 08:37:56,203 - /DATA/Aurindum/Swarming/Outputs/20260109_202226_ParticleTesting/P180_I190/run.log - INFO - n_caps=7 | minZ=0.042336 | models=[893, 1014, 455, 434, 837, 1292, 226] | nodes=[10, 9, 15, 14, 5, 6, 7]
2026-01-20 08:55:22,084 - /DATA/Aurindum/Swarming/Outputs/20260109_202226_ParticleTesting/P180_I190/run.log - INFO - n_caps=8 | minZ=0.041230 | models=[892, 1014, 455, 434, 837, 1292, 226, 189] | nodes=[9, 10, 15, 14, 5, 6, 7, 16]
2026-01-20 08:55:22,085 - /DATA/Aurindum/Swarming/Outputs/20260109_202226_ParticleTesting/P180_I190/run.log - INFO - Threshold reached at n_caps=8
2026-01-20 09:13:12,668 - /DATA/Aurindum/Swarming/Outputs/20260109_202226_ParticleTesting/P180_I200/run.log - INFO - n_caps=1 | minZ=0.087365 | models=[1012] | nodes=[9]
2026-01-20 09:30:49,960 - /DATA/Aurindum/Swarming/Outputs/20260109_202226_ParticleTesting/P180_I200/run.log - INFO - n_caps=2 | minZ=0.064766 | models=[1012, 1014] | nodes=[9, 10]
2026-01-20 09:48:40,305 - /DATA/Aurindum/Swarming/Outputs/20260109_202226_ParticleTesting/P180_I200/run.log - INFO - n_caps=3 | minZ=0.053863 | models=[1012, 1014, 527] | nodes=[9, 10, 14]
2026-01-20 10:07:13,874 - /DATA/Aurindum/Swarming/Outputs/20260109_202226_ParticleTesting/P180_I200/run.log - INFO - n_caps=4 | minZ=0.049979 | models=[1012, 1014, 512, 434] | nodes=[9, 10, 14, 5]
2026-01-20 10:25:39,973 - /DATA/Aurindum/Swarming/Outputs/20260109_202226_ParticleTesting/P180_I200/run.log - INFO - n_caps=5 | minZ=0.047799 | models=[1012, 1014, 527, 434, 892] | nodes=[9, 10, 14, 5, 15]
2026-01-20 10:43:56,020 - /DATA/Aurindum/Swarming/Outputs/20260109_202226_ParticleTesting/P180_I200/run.log - INFO - n_caps=6 | minZ=0.044019 | models=[1012, 1014, 527, 434, 892, 262] | nodes=[9, 10, 14, 5, 15, 6]
2026-01-20 11:02:25,478 - /DATA/Aurindum/Swarming/Outputs/20260109_202226_ParticleTesting/P180_I200/run.log - INFO - n_caps=7 | minZ=0.041599 | models=[1012, 1014, 527, 434, 892, 262, 163] | nodes=[9, 10, 14, 5, 15, 6, 7]
2026-01-20 11:02:25,479 - /DATA/Aurindum/Swarming/Outputs/20260109_202226_ParticleTesting/P180_I200/run.log - INFO - Threshold reached at n_caps=7
2026-01-20 11:03:24,556 - /DATA/Aurindum/Swarming/Outputs/20260109_202226_ParticleTesting/P190_I10/run.log - INFO - n_caps=1 | minZ=0.094622 | models=[1012] | nodes=[16]
2026-01-20 11:04:22,883 - /DATA/Aurindum/Swarming/Outputs/20260109_202226_ParticleTesting/P190_I10/run.log - INFO - n_caps=2 | minZ=0.069737 | models=[1012, 1012] | nodes=[15, 14]
2026-01-20 11:05:21,405 - /DATA/Aurindum/Swarming/Outputs/20260109_202226_ParticleTesting/P190_I10/run.log - INFO - n_caps=3 | minZ=0.056729 | models=[1012, 1012, 509] | nodes=[16, 14, 5]
2026-01-20 11:06:15,429 - /DATA/Aurindum/Swarming/Outputs/20260109_202226_ParticleTesting/P190_I10/run.log - INFO - n_caps=4 | minZ=0.052632 | models=[1012, 1012, 509, 497] | nodes=[16, 14, 5, 7]
2026-01-20 11:07:08,362 - /DATA/Aurindum/Swarming/Outputs/20260109_202226_ParticleTesting/P190_I10/run.log - INFO - n_caps=5 | minZ=0.049968 | models=[1012, 1012, 509, 498, 362] | nodes=[16, 14, 5, 7, 10]
2026-01-20 11:08:07,638 - /DATA/Aurindum/Swarming/Outputs/20260109_202226_ParticleTesting/P190_I10/run.log - INFO - n_caps=6 | minZ=0.048335 | models=[1012, 1012, 509, 498, 362, 606] | nodes=[16, 14, 5, 7, 10, 9]
2026-01-20 11:09:02,989 - /DATA/Aurindum/Swarming/Outputs/20260109_202226_ParticleTesting/P190_I10/run.log - INFO - n_caps=7 | minZ=0.046138 | models=[1012, 1012, 509, 498, 362, 606, 225] | nodes=[16, 14, 5, 7, 10, 9, 6]
2026-01-20 11:10:05,037 - /DATA/Aurindum/Swarming/Outputs/20260109_202226_ParticleTesting/P190_I10/run.log - INFO - n_caps=8 | minZ=0.045235 | models=[1012, 1012, 509, 497, 362, 606, 226, 382] | nodes=[16, 14, 5, 7, 10, 9, 6, 15]
2026-01-20 11:10:59,700 - /DATA/Aurindum/Swarming/Outputs/20260109_202226_ParticleTesting/P190_I10/run.log - INFO - n_caps=9 | minZ=0.045110 | models=[1012, 1012, 509, 497, 362, 606, 225, 382, 527] | nodes=[16, 14, 5, 7, 10, 9, 6, 15, 2]
2026-01-20 11:11:54,441 - /DATA/Aurindum/Swarming/Outputs/20260109_202226_ParticleTesting/P190_I10/run.log - INFO - n_caps=10 | minZ=0.044491 | models=[1012, 1012, 509, 497, 362, 605, 225, 382, 527, 164] | nodes=[16, 14, 5, 7, 10, 9, 6, 15, 2, 11]
2026-01-20 11:12:48,552 - /DATA/Aurindum/Swarming/Outputs/20260109_202226_ParticleTesting/P190_I10/run.log - INFO - n_caps=11 | minZ=0.044151 | models=[1012, 1012, 509, 497, 362, 606, 225, 383, 527, 164, 46] | nodes=[15, 14, 5, 7, 9, 8, 6, 16, 2, 10, 11]
2026-01-20 11:13:44,012 - /DATA/Aurindum/Swarming/Outputs/20260109_202226_ParticleTesting/P190_I10/run.log - INFO - n_caps=12 | minZ=0.044097 | models=[1012, 1012, 509, 497, 362, 602, 225, 382, 527, 164, 46, 2216] | nodes=[15, 14, 5, 7, 9, 8, 6, 16, 1, 10, 11, 20]
2026-01-20 11:14:50,971 - /DATA/Aurindum/Swarming/Outputs/20260109_202226_ParticleTesting/P190_I10/run.log - INFO - n_caps=13 | minZ=0.043996 | models=[1012, 1012, 509, 498, 362, 602, 225, 382, 527, 164, 47, 2216, 2427] | nodes=[15, 14, 5, 7, 9, 8, 6, 16, 2, 10, 11, 20, 1]
2026-01-20 11:15:48,825 - /DATA/Aurindum/Swarming/Outputs/20260109_202226_ParticleTesting/P190_I10/run.log - INFO - n_caps=14 | minZ=0.043954 | models=[1012, 1012, 509, 498, 362, 602, 226, 382, 527, 164, 47, 2215, 2427, 50] | nodes=[15, 14, 5, 7, 9, 8, 6, 16, 2, 10, 11, 20, 1, 12]
2026-01-20 11:16:49,201 - /DATA/Aurindum/Swarming/Outputs/20260109_202226_ParticleTesting/P190_I10/run.log - INFO - n_caps=15 | minZ=0.043968 | models=[1012, 1012, 509, 498, 362, 602, 226, 382, 527, 164, 47, 2215, 2427, 50, 803] | nodes=[15, 14, 5, 7, 9, 8, 6, 16, 2, 10, 11, 20, 1, 12, 19]
2026-01-20 11:17:47,807 - /DATA/Aurindum/Swarming/Outputs/20260109_202226_ParticleTesting/P190_I10/run.log - INFO - n_caps=16 | minZ=0.043798 | models=[1012, 1012, 509, 498, 362, 602, 226, 383, 528, 164, 47, 2215, 2427, 50, 803, 263] | nodes=[15, 14, 5, 7, 9, 8, 6, 16, 2, 10, 11, 19, 1, 4, 20, 12]
2026-01-20 11:18:50,152 - /DATA/Aurindum/Swarming/Outputs/20260109_202226_ParticleTesting/P190_I10/run.log - INFO - n_caps=17 | minZ=0.043092 | models=[1012, 1012, 509, 498, 363, 602, 226, 383, 528, 164, 46, 2215, 2427, 50, 803, 263, 1860] | nodes=[15, 14, 5, 7, 9, 8, 6, 17, 12, 10, 11, 19, 1, 13, 18, 16, 20]
2026-01-20 11:19:48,120 - /DATA/Aurindum/Swarming/Outputs/20260109_202226_ParticleTesting/P190_I10/run.log - INFO - n_caps=18 | minZ=0.042895 | models=[1012, 1012, 509, 498, 363, 602, 226, 383, 528, 164, 47, 2215, 2426, 50, 802, 263, 1861, 1062] | nodes=[15, 14, 5, 7, 9, 8, 6, 17, 11, 10, 12, 19, 1, 13, 18, 16, 20, 2]
2026-01-20 11:20:44,116 - /DATA/Aurindum/Swarming/Outputs/20260109_202226_ParticleTesting/P190_I10/run.log - INFO - n_caps=19 | minZ=0.042837 | models=[1012, 1012, 509, 498, 363, 603, 226, 383, 527, 164, 47, 2215, 2426, 50, 802, 263, 1861, 1062, 1580] | nodes=[15, 14, 5, 8, 9, 7, 6, 17, 11, 10, 12, 19, 1, 13, 18, 16, 20, 2, 3]
2026-01-20 11:21:41,088 - /DATA/Aurindum/Swarming/Outputs/20260109_202226_ParticleTesting/P190_I10/run.log - INFO - n_caps=20 | minZ=0.042838 | models=[1012, 1012, 509, 498, 363, 603, 226, 383, 527, 164, 47, 2215, 2426, 50, 802, 263, 1861, 1062, 1580, 63] | nodes=[15, 14, 5, 8, 9, 7, 6, 17, 11, 10, 12, 19, 1, 13, 18, 16, 20, 2, 3, 4]
2026-01-20 11:23:27,058 - /DATA/Aurindum/Swarming/Outputs/20260109_202226_ParticleTesting/P190_I20/run.log - INFO - n_caps=1 | minZ=0.087365 | models=[1012] | nodes=[9]
2026-01-20 11:25:12,268 - /DATA/Aurindum/Swarming/Outputs/20260109_202226_ParticleTesting/P190_I20/run.log - INFO - n_caps=2 | minZ=0.066976 | models=[1014, 892] | nodes=[9, 10]
2026-01-20 11:27:02,436 - /DATA/Aurindum/Swarming/Outputs/20260109_202226_ParticleTesting/P190_I20/run.log - INFO - n_caps=3 | minZ=0.056845 | models=[1014, 892, 686] | nodes=[9, 10, 6]
2026-01-20 11:28:59,955 - /DATA/Aurindum/Swarming/Outputs/20260109_202226_ParticleTesting/P190_I20/run.log - INFO - n_caps=4 | minZ=0.050977 | models=[1014, 892, 686, 585] | nodes=[9, 10, 6, 5]
2026-01-20 11:31:07,013 - /DATA/Aurindum/Swarming/Outputs/20260109_202226_ParticleTesting/P190_I20/run.log - INFO - n_caps=5 | minZ=0.047274 | models=[1014, 892, 686, 585, 433] | nodes=[9, 10, 6, 5, 14]
2026-01-20 11:33:14,115 - /DATA/Aurindum/Swarming/Outputs/20260109_202226_ParticleTesting/P190_I20/run.log - INFO - n_caps=6 | minZ=0.045185 | models=[1014, 892, 686, 585, 433, 434] | nodes=[10, 9, 6, 5, 14, 15]
2026-01-20 11:35:17,808 - /DATA/Aurindum/Swarming/Outputs/20260109_202226_ParticleTesting/P190_I20/run.log - INFO - n_caps=7 | minZ=0.042758 | models=[1014, 893, 686, 585, 433, 434, 175] | nodes=[10, 9, 6, 5, 14, 15, 7]
2026-01-20 11:37:22,670 - /DATA/Aurindum/Swarming/Outputs/20260109_202226_ParticleTesting/P190_I20/run.log - INFO - n_caps=8 | minZ=0.041369 | models=[1014, 893, 686, 584, 434, 434, 174, 342] | nodes=[10, 9, 6, 5, 15, 14, 7, 16]
2026-01-20 11:37:22,671 - /DATA/Aurindum/Swarming/Outputs/20260109_202226_ParticleTesting/P190_I20/run.log - INFO - Threshold reached at n_caps=8
2026-01-20 11:40:20,162 - /DATA/Aurindum/Swarming/Outputs/20260109_202226_ParticleTesting/P190_I30/run.log - INFO - n_caps=1 | minZ=0.087365 | models=[1012] | nodes=[9]
2026-01-20 11:43:05,063 - /DATA/Aurindum/Swarming/Outputs/20260109_202226_ParticleTesting/P190_I30/run.log - INFO - n_caps=2 | minZ=0.067454 | models=[1012, 1127] | nodes=[9, 10]
2026-01-20 11:45:48,682 - /DATA/Aurindum/Swarming/Outputs/20260109_202226_ParticleTesting/P190_I30/run.log - INFO - n_caps=3 | minZ=0.056494 | models=[1012, 1127, 617] | nodes=[9, 10, 5]
2026-01-20 11:48:32,184 - /DATA/Aurindum/Swarming/Outputs/20260109_202226_ParticleTesting/P190_I30/run.log - INFO - n_caps=4 | minZ=0.051300 | models=[1012, 1127, 617, 892] | nodes=[9, 10, 5, 14]
2026-01-20 11:51:38,832 - /DATA/Aurindum/Swarming/Outputs/20260109_202226_ParticleTesting/P190_I30/run.log - INFO - n_caps=5 | minZ=0.047247 | models=[1012, 1127, 617, 892, 455] | nodes=[9, 10, 5, 15, 14]
2026-01-20 11:54:32,719 - /DATA/Aurindum/Swarming/Outputs/20260109_202226_ParticleTesting/P190_I30/run.log - INFO - n_caps=6 | minZ=0.044396 | models=[1012, 1127, 617, 892, 455, 171] | nodes=[9, 10, 5, 15, 14, 7]
2026-01-20 11:57:29,700 - /DATA/Aurindum/Swarming/Outputs/20260109_202226_ParticleTesting/P190_I30/run.log - INFO - n_caps=7 | minZ=0.042715 | models=[1012, 1127, 617, 892, 455, 171, 226] | nodes=[9, 10, 5, 15, 14, 7, 6]
2026-01-20 12:00:33,247 - /DATA/Aurindum/Swarming/Outputs/20260109_202226_ParticleTesting/P190_I30/run.log - INFO - n_caps=8 | minZ=0.041364 | models=[1012, 1127, 617, 892, 455, 171, 226, 222] | nodes=[9, 10, 5, 15, 14, 7, 6, 16]
2026-01-20 12:00:33,248 - /DATA/Aurindum/Swarming/Outputs/20260109_202226_ParticleTesting/P190_I30/run.log - INFO - Threshold reached at n_caps=8
2026-01-20 12:04:34,133 - /DATA/Aurindum/Swarming/Outputs/20260109_202226_ParticleTesting/P190_I40/run.log - INFO - n_caps=1 | minZ=0.087365 | models=[1012] | nodes=[9]
2026-01-20 12:08:40,772 - /DATA/Aurindum/Swarming/Outputs/20260109_202226_ParticleTesting/P190_I40/run.log - INFO - n_caps=2 | minZ=0.064766 | models=[1012, 1014] | nodes=[9, 10]
2026-01-20 12:12:38,964 - /DATA/Aurindum/Swarming/Outputs/20260109_202226_ParticleTesting/P190_I40/run.log - INFO - n_caps=3 | minZ=0.053863 | models=[1012, 1014, 527] | nodes=[10, 9, 14]
2026-01-20 12:16:23,540 - /DATA/Aurindum/Swarming/Outputs/20260109_202226_ParticleTesting/P190_I40/run.log - INFO - n_caps=4 | minZ=0.050231 | models=[1012, 1014, 527, 893] | nodes=[10, 9, 14, 15]
2026-01-20 12:20:16,298 - /DATA/Aurindum/Swarming/Outputs/20260109_202226_ParticleTesting/P190_I40/run.log - INFO - n_caps=5 | minZ=0.046311 | models=[1012, 1014, 527, 893, 248] | nodes=[10, 9, 14, 15, 7]
2026-01-20 12:24:04,130 - /DATA/Aurindum/Swarming/Outputs/20260109_202226_ParticleTesting/P190_I40/run.log - INFO - n_caps=6 | minZ=0.044708 | models=[1012, 1014, 528, 893, 247, 1114] | nodes=[10, 9, 14, 15, 6, 7]
2026-01-20 12:27:44,560 - /DATA/Aurindum/Swarming/Outputs/20260109_202226_ParticleTesting/P190_I40/run.log - INFO - n_caps=7 | minZ=0.042359 | models=[1012, 1014, 528, 892, 247, 1113, 171] | nodes=[10, 9, 14, 15, 7, 5, 6]
2026-01-20 12:31:38,415 - /DATA/Aurindum/Swarming/Outputs/20260109_202226_ParticleTesting/P190_I40/run.log - INFO - n_caps=8 | minZ=0.041096 | models=[1012, 1014, 528, 892, 247, 1113, 171, 171] | nodes=[9, 10, 14, 15, 7, 5, 6, 16]
2026-01-20 12:31:38,416 - /DATA/Aurindum/Swarming/Outputs/20260109_202226_ParticleTesting/P190_I40/run.log - INFO - Threshold reached at n_caps=8
2026-01-20 12:36:17,294 - /DATA/Aurindum/Swarming/Outputs/20260109_202226_ParticleTesting/P190_I50/run.log - INFO - n_caps=1 | minZ=0.087365 | models=[1014] | nodes=[9]
2026-01-20 12:40:50,444 - /DATA/Aurindum/Swarming/Outputs/20260109_202226_ParticleTesting/P190_I50/run.log - INFO - n_caps=2 | minZ=0.064766 | models=[1014, 1014] | nodes=[9, 10]
2026-01-20 12:45:32,307 - /DATA/Aurindum/Swarming/Outputs/20260109_202226_ParticleTesting/P190_I50/run.log - INFO - n_caps=3 | minZ=0.053863 | models=[1014, 1014, 527] | nodes=[9, 10, 14]
2026-01-20 12:50:28,833 - /DATA/Aurindum/Swarming/Outputs/20260109_202226_ParticleTesting/P190_I50/run.log - INFO - n_caps=4 | minZ=0.049874 | models=[1014, 1014, 527, 433] | nodes=[9, 10, 14, 15]
2026-01-20 12:55:04,052 - /DATA/Aurindum/Swarming/Outputs/20260109_202226_ParticleTesting/P190_I50/run.log - INFO - n_caps=5 | minZ=0.047757 | models=[1014, 1014, 527, 433, 344] | nodes=[9, 10, 14, 15, 5]
2026-01-20 12:59:56,167 - /DATA/Aurindum/Swarming/Outputs/20260109_202226_ParticleTesting/P190_I50/run.log - INFO - n_caps=6 | minZ=0.044046 | models=[1014, 1014, 527, 433, 344, 262] | nodes=[9, 10, 14, 15, 5, 6]
2026-01-20 13:04:34,461 - /DATA/Aurindum/Swarming/Outputs/20260109_202226_ParticleTesting/P190_I50/run.log - INFO - n_caps=7 | minZ=0.043097 | models=[1014, 1014, 527, 433, 344, 262, 189] | nodes=[9, 10, 14, 15, 6, 5, 7]
2026-01-20 13:09:11,860 - /DATA/Aurindum/Swarming/Outputs/20260109_202226_ParticleTesting/P190_I50/run.log - INFO - n_caps=8 | minZ=0.041199 | models=[1014, 1014, 527, 433, 344, 262, 189, 96] | nodes=[9, 10, 14, 15, 6, 5, 7, 16]
2026-01-20 13:09:11,861 - /DATA/Aurindum/Swarming/Outputs/20260109_202226_ParticleTesting/P190_I50/run.log - INFO - Threshold reached at n_caps=8
2026-01-20 13:15:13,607 - /DATA/Aurindum/Swarming/Outputs/20260109_202226_ParticleTesting/P190_I60/run.log - INFO - n_caps=1 | minZ=0.087365 | models=[1014] | nodes=[9]
2026-01-20 13:20:54,374 - /DATA/Aurindum/Swarming/Outputs/20260109_202226_ParticleTesting/P190_I60/run.log - INFO - n_caps=2 | minZ=0.064766 | models=[1014, 1012] | nodes=[9, 10]
2026-01-20 13:26:35,306 - /DATA/Aurindum/Swarming/Outputs/20260109_202226_ParticleTesting/P190_I60/run.log - INFO - n_caps=3 | minZ=0.053976 | models=[1014, 1012, 510] | nodes=[10, 9, 14]
2026-01-20 13:32:04,621 - /DATA/Aurindum/Swarming/Outputs/20260109_202226_ParticleTesting/P190_I60/run.log - INFO - n_caps=4 | minZ=0.049857 | models=[1014, 1012, 509, 434] | nodes=[9, 10, 14, 15]
2026-01-20 13:37:47,263 - /DATA/Aurindum/Swarming/Outputs/20260109_202226_ParticleTesting/P190_I60/run.log - INFO - n_caps=5 | minZ=0.047554 | models=[1014, 1012, 509, 434, 434] | nodes=[10, 9, 14, 15, 5]
2026-01-20 13:43:39,449 - /DATA/Aurindum/Swarming/Outputs/20260109_202226_ParticleTesting/P190_I60/run.log - INFO - n_caps=6 | minZ=0.045103 | models=[1014, 1012, 510, 434, 434, 189] | nodes=[10, 9, 14, 15, 5, 6]
2026-01-20 13:49:35,199 - /DATA/Aurindum/Swarming/Outputs/20260109_202226_ParticleTesting/P190_I60/run.log - INFO - n_caps=7 | minZ=0.043213 | models=[1014, 1012, 510, 434, 433, 189, 109] | nodes=[9, 10, 14, 15, 5, 6, 7]
2026-01-20 13:55:36,566 - /DATA/Aurindum/Swarming/Outputs/20260109_202226_ParticleTesting/P190_I60/run.log - INFO - n_caps=8 | minZ=0.041791 | models=[1014, 1012, 510, 434, 433, 189, 109, 189] | nodes=[9, 10, 14, 15, 5, 6, 7, 16]
2026-01-20 13:55:36,566 - /DATA/Aurindum/Swarming/Outputs/20260109_202226_ParticleTesting/P190_I60/run.log - INFO - Threshold reached at n_caps=8
2026-01-20 14:02:14,766 - /DATA/Aurindum/Swarming/Outputs/20260109_202226_ParticleTesting/P190_I70/run.log - INFO - n_caps=1 | minZ=0.087365 | models=[1012] | nodes=[9]
2026-01-20 14:08:47,869 - /DATA/Aurindum/Swarming/Outputs/20260109_202226_ParticleTesting/P190_I70/run.log - INFO - n_caps=2 | minZ=0.064766 | models=[1012, 1012] | nodes=[9, 10]
2026-01-20 14:15:23,168 - /DATA/Aurindum/Swarming/Outputs/20260109_202226_ParticleTesting/P190_I70/run.log - INFO - n_caps=3 | minZ=0.053863 | models=[1012, 1012, 528] | nodes=[9, 10, 14]
2026-01-20 14:22:04,807 - /DATA/Aurindum/Swarming/Outputs/20260109_202226_ParticleTesting/P190_I70/run.log - INFO - n_caps=4 | minZ=0.049874 | models=[1012, 1012, 528, 433] | nodes=[9, 10, 14, 15]
2026-01-20 14:29:06,201 - /DATA/Aurindum/Swarming/Outputs/20260109_202226_ParticleTesting/P190_I70/run.log - INFO - n_caps=5 | minZ=0.047841 | models=[1012, 1012, 528, 433, 221] | nodes=[9, 10, 14, 15, 7]
2026-01-20 14:36:25,552 - /DATA/Aurindum/Swarming/Outputs/20260109_202226_ParticleTesting/P190_I70/run.log - INFO - n_caps=6 | minZ=0.045951 | models=[1012, 1012, 528, 433, 221, 273] | nodes=[9, 10, 14, 15, 7, 6]
2026-01-20 14:43:33,445 - /DATA/Aurindum/Swarming/Outputs/20260109_202226_ParticleTesting/P190_I70/run.log - INFO - n_caps=7 | minZ=0.044418 | models=[1012, 1012, 528, 433, 221, 273, 344] | nodes=[9, 10, 14, 15, 7, 6, 5]
2026-01-20 14:50:49,968 - /DATA/Aurindum/Swarming/Outputs/20260109_202226_ParticleTesting/P190_I70/run.log - INFO - n_caps=8 | minZ=0.042219 | models=[1012, 1012, 528, 433, 221, 273, 344, 262] | nodes=[9, 10, 14, 15, 7, 6, 5, 16]
2026-01-20 14:58:07,212 - /DATA/Aurindum/Swarming/Outputs/20260109_202226_ParticleTesting/P190_I70/run.log - INFO - n_caps=9 | minZ=0.041109 | models=[1012, 1012, 528, 433, 221, 273, 344, 263, 164] | nodes=[9, 10, 14, 15, 8, 6, 5, 16, 7]
2026-01-20 14:58:07,213 - /DATA/Aurindum/Swarming/Outputs/20260109_202226_ParticleTesting/P190_I70/run.log - INFO - Threshold reached at n_caps=9
2026-01-20 15:06:18,775 - /DATA/Aurindum/Swarming/Outputs/20260109_202226_ParticleTesting/P190_I80/run.log - INFO - n_caps=1 | minZ=0.087365 | models=[1014] | nodes=[9]
2026-01-20 15:14:27,605 - /DATA/Aurindum/Swarming/Outputs/20260109_202226_ParticleTesting/P190_I80/run.log - INFO - n_caps=2 | minZ=0.064766 | models=[1014, 1014] | nodes=[9, 10]
2026-01-20 15:22:46,423 - /DATA/Aurindum/Swarming/Outputs/20260109_202226_ParticleTesting/P190_I80/run.log - INFO - n_caps=3 | minZ=0.053863 | models=[1014, 1014, 528] | nodes=[10, 9, 14]
2026-01-20 15:31:13,680 - /DATA/Aurindum/Swarming/Outputs/20260109_202226_ParticleTesting/P190_I80/run.log - INFO - n_caps=4 | minZ=0.050198 | models=[1012, 1014, 500, 893] | nodes=[9, 10, 14, 15]
2026-01-20 15:39:27,381 - /DATA/Aurindum/Swarming/Outputs/20260109_202226_ParticleTesting/P190_I80/run.log - INFO - n_caps=5 | minZ=0.046462 | models=[1012, 1014, 499, 893, 262] | nodes=[9, 10, 14, 15, 16]
2026-01-20 15:47:48,728 - /DATA/Aurindum/Swarming/Outputs/20260109_202226_ParticleTesting/P190_I80/run.log - INFO - n_caps=6 | minZ=0.044341 | models=[1012, 1014, 500, 893, 262, 225] | nodes=[9, 10, 14, 15, 16, 6]
2026-01-20 15:56:02,561 - /DATA/Aurindum/Swarming/Outputs/20260109_202226_ParticleTesting/P190_I80/run.log - INFO - n_caps=7 | minZ=0.042618 | models=[1012, 1014, 500, 893, 263, 225, 344] | nodes=[9, 10, 14, 15, 16, 6, 5]
2026-01-20 16:04:24,481 - /DATA/Aurindum/Swarming/Outputs/20260109_202226_ParticleTesting/P190_I80/run.log - INFO - n_caps=8 | minZ=0.040949 | models=[1012, 1014, 499, 892, 263, 225, 344, 183] | nodes=[9, 10, 14, 15, 16, 6, 5, 7]
2026-01-20 16:04:24,481 - /DATA/Aurindum/Swarming/Outputs/20260109_202226_ParticleTesting/P190_I80/run.log - INFO - Threshold reached at n_caps=8
2026-01-20 16:13:38,786 - /DATA/Aurindum/Swarming/Outputs/20260109_202226_ParticleTesting/P190_I90/run.log - INFO - n_caps=1 | minZ=0.087365 | models=[1012] | nodes=[9]
2026-01-20 16:22:52,844 - /DATA/Aurindum/Swarming/Outputs/20260109_202226_ParticleTesting/P190_I90/run.log - INFO - n_caps=2 | minZ=0.064766 | models=[1012, 1012] | nodes=[9, 10]
2026-01-20 16:32:19,955 - /DATA/Aurindum/Swarming/Outputs/20260109_202226_ParticleTesting/P190_I90/run.log - INFO - n_caps=3 | minZ=0.053863 | models=[1012, 1012, 527] | nodes=[9, 10, 14]
2026-01-20 16:41:37,398 - /DATA/Aurindum/Swarming/Outputs/20260109_202226_ParticleTesting/P190_I90/run.log - INFO - n_caps=4 | minZ=0.049852 | models=[1012, 1012, 500, 433] | nodes=[9, 10, 14, 15]
2026-01-20 16:51:22,571 - /DATA/Aurindum/Swarming/Outputs/20260109_202226_ParticleTesting/P190_I90/run.log - INFO - n_caps=5 | minZ=0.047861 | models=[1012, 1012, 500, 433, 109] | nodes=[9, 10, 14, 15, 6]
2026-01-20 17:01:08,910 - /DATA/Aurindum/Swarming/Outputs/20260109_202226_ParticleTesting/P190_I90/run.log - INFO - n_caps=6 | minZ=0.045750 | models=[1012, 1012, 500, 433, 109, 189] | nodes=[9, 10, 14, 15, 5, 7]
2026-01-20 17:10:45,947 - /DATA/Aurindum/Swarming/Outputs/20260109_202226_ParticleTesting/P190_I90/run.log - INFO - n_caps=7 | minZ=0.043722 | models=[1012, 1012, 500, 433, 109, 189, 109] | nodes=[9, 10, 14, 15, 5, 7, 16]
2026-01-20 17:20:26,220 - /DATA/Aurindum/Swarming/Outputs/20260109_202226_ParticleTesting/P190_I90/run.log - INFO - n_caps=8 | minZ=0.042112 | models=[1012, 1012, 500, 433, 109, 189, 109, 222] | nodes=[9, 10, 14, 15, 5, 7, 16, 6]
2026-01-20 17:30:12,418 - /DATA/Aurindum/Swarming/Outputs/20260109_202226_ParticleTesting/P190_I90/run.log - INFO - n_caps=9 | minZ=0.041582 | models=[1012, 1012, 500, 433, 109, 189, 109, 221, 174] | nodes=[9, 10, 14, 15, 5, 7, 16, 6, 8]
2026-01-20 17:30:12,419 - /DATA/Aurindum/Swarming/Outputs/20260109_202226_ParticleTesting/P190_I90/run.log - INFO - Threshold reached at n_caps=9
2026-01-20 17:40:51,615 - /DATA/Aurindum/Swarming/Outputs/20260109_202226_ParticleTesting/P190_I100/run.log - INFO - n_caps=1 | minZ=0.087365 | models=[1014] | nodes=[9]
2026-01-20 17:51:31,135 - /DATA/Aurindum/Swarming/Outputs/20260109_202226_ParticleTesting/P190_I100/run.log - INFO - n_caps=2 | minZ=0.064766 | models=[1014, 1014] | nodes=[9, 10]
2026-01-20 18:02:13,522 - /DATA/Aurindum/Swarming/Outputs/20260109_202226_ParticleTesting/P190_I100/run.log - INFO - n_caps=3 | minZ=0.053976 | models=[1014, 1014, 510] | nodes=[9, 10, 14]
2026-01-20 18:12:18,725 - /DATA/Aurindum/Swarming/Outputs/20260109_202226_ParticleTesting/P190_I100/run.log - INFO - n_caps=4 | minZ=0.049515 | models=[1012, 1014, 433, 448] | nodes=[9, 10, 15, 16]
2026-01-20 18:22:06,428 - /DATA/Aurindum/Swarming/Outputs/20260109_202226_ParticleTesting/P190_I100/run.log - INFO - n_caps=5 | minZ=0.046162 | models=[1012, 1014, 434, 447, 893] | nodes=[9, 10, 14, 15, 5]
2026-01-20 18:32:04,893 - /DATA/Aurindum/Swarming/Outputs/20260109_202226_ParticleTesting/P190_I100/run.log - INFO - n_caps=6 | minZ=0.043972 | models=[1012, 1014, 433, 447, 893, 262] | nodes=[10, 9, 14, 15, 5, 16]
2026-01-20 18:41:17,629 - /DATA/Aurindum/Swarming/Outputs/20260109_202226_ParticleTesting/P190_I100/run.log - INFO - n_caps=7 | minZ=0.041891 | models=[1012, 1014, 434, 448, 893, 263, 92] | nodes=[9, 10, 14, 15, 5, 16, 6]
2026-01-20 18:41:17,630 - /DATA/Aurindum/Swarming/Outputs/20260109_202226_ParticleTesting/P190_I100/run.log - INFO - Threshold reached at n_caps=7
2026-01-20 18:51:47,162 - /DATA/Aurindum/Swarming/Outputs/20260109_202226_ParticleTesting/P190_I110/run.log - INFO - n_caps=1 | minZ=0.087365 | models=[1012] | nodes=[9]
2026-01-20 19:02:18,026 - /DATA/Aurindum/Swarming/Outputs/20260109_202226_ParticleTesting/P190_I110/run.log - INFO - n_caps=2 | minZ=0.064766 | models=[1012, 1014] | nodes=[10, 9]
2026-01-20 19:13:37,135 - /DATA/Aurindum/Swarming/Outputs/20260109_202226_ParticleTesting/P190_I110/run.log - INFO - n_caps=3 | minZ=0.053863 | models=[1012, 1014, 528] | nodes=[10, 9, 14]
2026-01-20 19:23:49,957 - /DATA/Aurindum/Swarming/Outputs/20260109_202226_ParticleTesting/P190_I110/run.log - INFO - n_caps=4 | minZ=0.049675 | models=[1012, 1014, 433, 434] | nodes=[10, 9, 14, 15]
2026-01-20 19:34:27,598 - /DATA/Aurindum/Swarming/Outputs/20260109_202226_ParticleTesting/P190_I110/run.log - INFO - n_caps=5 | minZ=0.046182 | models=[1012, 1014, 433, 434, 455] | nodes=[10, 9, 14, 15, 5]
2026-01-20 19:45:09,877 - /DATA/Aurindum/Swarming/Outputs/20260109_202226_ParticleTesting/P190_I110/run.log - INFO - n_caps=6 | minZ=0.044170 | models=[1012, 1014, 433, 434, 455, 109] | nodes=[10, 9, 14, 15, 5, 6]
2026-01-20 19:55:47,116 - /DATA/Aurindum/Swarming/Outputs/20260109_202226_ParticleTesting/P190_I110/run.log - INFO - n_caps=7 | minZ=0.042706 | models=[1012, 1014, 433, 434, 455, 110, 189] | nodes=[10, 9, 14, 15, 5, 7, 16]
2026-01-20 20:06:27,969 - /DATA/Aurindum/Swarming/Outputs/20260109_202226_ParticleTesting/P190_I110/run.log - INFO - n_caps=8 | minZ=0.041188 | models=[1012, 1014, 433, 434, 455, 110, 189, 109] | nodes=[10, 9, 14, 15, 5, 7, 16, 6]
2026-01-20 20:06:27,970 - /DATA/Aurindum/Swarming/Outputs/20260109_202226_ParticleTesting/P190_I110/run.log - INFO - Threshold reached at n_caps=8
2026-01-20 20:17:44,029 - /DATA/Aurindum/Swarming/Outputs/20260109_202226_ParticleTesting/P190_I120/run.log - INFO - n_caps=1 | minZ=0.087365 | models=[1012] | nodes=[9]
2026-01-20 20:29:14,827 - /DATA/Aurindum/Swarming/Outputs/20260109_202226_ParticleTesting/P190_I120/run.log - INFO - n_caps=2 | minZ=0.064766 | models=[1012, 1014] | nodes=[9, 10]
2026-01-20 20:40:54,627 - /DATA/Aurindum/Swarming/Outputs/20260109_202226_ParticleTesting/P190_I120/run.log - INFO - n_caps=3 | minZ=0.053863 | models=[1012, 1014, 528] | nodes=[9, 10, 14]
2026-01-20 20:52:36,624 - /DATA/Aurindum/Swarming/Outputs/20260109_202226_ParticleTesting/P190_I120/run.log - INFO - n_caps=4 | minZ=0.049852 | models=[1012, 1014, 512, 434] | nodes=[9, 10, 14, 15]
2026-01-20 21:04:14,308 - /DATA/Aurindum/Swarming/Outputs/20260109_202226_ParticleTesting/P190_I120/run.log - INFO - n_caps=5 | minZ=0.046081 | models=[1012, 1014, 447, 434, 433] | nodes=[9, 10, 14, 15, 5]
2026-01-20 21:15:24,026 - /DATA/Aurindum/Swarming/Outputs/20260109_202226_ParticleTesting/P190_I120/run.log - INFO - n_caps=6 | minZ=0.044101 | models=[1012, 1014, 447, 434, 434, 110] | nodes=[9, 10, 14, 15, 5, 6]
2026-01-20 21:27:53,310 - /DATA/Aurindum/Swarming/Outputs/20260109_202226_ParticleTesting/P190_I120/run.log - INFO - n_caps=7 | minZ=0.042557 | models=[1012, 1014, 447, 434, 434, 110, 225] | nodes=[9, 10, 14, 15, 5, 7, 6]
2026-01-20 21:39:56,447 - /DATA/Aurindum/Swarming/Outputs/20260109_202226_ParticleTesting/P190_I120/run.log - INFO - n_caps=8 | minZ=0.041346 | models=[1012, 1014, 447, 434, 433, 110, 225, 171] | nodes=[9, 10, 14, 15, 5, 6, 7, 16]
2026-01-20 21:39:56,447 - /DATA/Aurindum/Swarming/Outputs/20260109_202226_ParticleTesting/P190_I120/run.log - INFO - Threshold reached at n_caps=8
2026-01-20 21:52:16,166 - /DATA/Aurindum/Swarming/Outputs/20260109_202226_ParticleTesting/P190_I130/run.log - INFO - n_caps=1 | minZ=0.087365 | models=[1014] | nodes=[9]
2026-01-20 22:05:09,890 - /DATA/Aurindum/Swarming/Outputs/20260109_202226_ParticleTesting/P190_I130/run.log - INFO - n_caps=2 | minZ=0.064766 | models=[1014, 1014] | nodes=[9, 10]
2026-01-20 22:17:57,891 - /DATA/Aurindum/Swarming/Outputs/20260109_202226_ParticleTesting/P190_I130/run.log - INFO - n_caps=3 | minZ=0.053863 | models=[1014, 1014, 527] | nodes=[9, 10, 14]
2026-01-20 22:30:28,184 - /DATA/Aurindum/Swarming/Outputs/20260109_202226_ParticleTesting/P190_I130/run.log - INFO - n_caps=4 | minZ=0.049666 | models=[1014, 1014, 447, 434] | nodes=[9, 10, 14, 15]
2026-01-20 22:43:19,473 - /DATA/Aurindum/Swarming/Outputs/20260109_202226_ParticleTesting/P190_I130/run.log - INFO - n_caps=5 | minZ=0.046011 | models=[1014, 1014, 447, 434, 342] | nodes=[9, 10, 14, 15, 5]
2026-01-20 22:56:12,736 - /DATA/Aurindum/Swarming/Outputs/20260109_202226_ParticleTesting/P190_I130/run.log - INFO - n_caps=6 | minZ=0.043584 | models=[1014, 1014, 447, 433, 342, 171] | nodes=[9, 10, 15, 14, 5, 6]
2026-01-20 23:08:55,339 - /DATA/Aurindum/Swarming/Outputs/20260109_202226_ParticleTesting/P190_I130/run.log - INFO - n_caps=7 | minZ=0.042121 | models=[1014, 1014, 447, 433, 342, 171, 222] | nodes=[9, 10, 14, 15, 5, 6, 7]
2026-01-20 23:21:25,051 - /DATA/Aurindum/Swarming/Outputs/20260109_202226_ParticleTesting/P190_I130/run.log - INFO - n_caps=8 | minZ=0.040869 | models=[1014, 1014, 447, 433, 342, 171, 222, 275] | nodes=[9, 10, 14, 15, 5, 6, 7, 16]
2026-01-20 23:21:25,052 - /DATA/Aurindum/Swarming/Outputs/20260109_202226_ParticleTesting/P190_I130/run.log - INFO - Threshold reached at n_caps=8
2026-01-20 23:34:50,030 - /DATA/Aurindum/Swarming/Outputs/20260109_202226_ParticleTesting/P190_I140/run.log - INFO - n_caps=1 | minZ=0.087365 | models=[1012] | nodes=[9]
2026-01-20 23:48:27,268 - /DATA/Aurindum/Swarming/Outputs/20260109_202226_ParticleTesting/P190_I140/run.log - INFO - n_caps=2 | minZ=0.064766 | models=[1012, 1014] | nodes=[9, 10]
2026-01-21 00:02:18,322 - /DATA/Aurindum/Swarming/Outputs/20260109_202226_ParticleTesting/P190_I140/run.log - INFO - n_caps=3 | minZ=0.053976 | models=[1012, 1014, 510] | nodes=[9, 10, 14]
2026-01-21 00:15:28,835 - /DATA/Aurindum/Swarming/Outputs/20260109_202226_ParticleTesting/P190_I140/run.log - INFO - n_caps=4 | minZ=0.049852 | models=[1012, 1014, 511, 434] | nodes=[9, 10, 14, 15]
2026-01-21 00:29:10,344 - /DATA/Aurindum/Swarming/Outputs/20260109_202226_ParticleTesting/P190_I140/run.log - INFO - n_caps=5 | minZ=0.046292 | models=[1012, 1014, 456, 434, 344] | nodes=[9, 10, 14, 15, 6]
2026-01-21 00:42:41,184 - /DATA/Aurindum/Swarming/Outputs/20260109_202226_ParticleTesting/P190_I140/run.log - INFO - n_caps=6 | minZ=0.043800 | models=[1012, 1014, 455, 434, 344, 189] | nodes=[9, 10, 15, 14, 6, 7]
2026-01-21 00:56:41,943 - /DATA/Aurindum/Swarming/Outputs/20260109_202226_ParticleTesting/P190_I140/run.log - INFO - n_caps=7 | minZ=0.041814 | models=[1012, 1014, 455, 434, 343, 189, 434] | nodes=[9, 10, 14, 15, 6, 7, 5]
2026-01-21 00:56:41,943 - /DATA/Aurindum/Swarming/Outputs/20260109_202226_ParticleTesting/P190_I140/run.log - INFO - Threshold reached at n_caps=7
2026-01-21 01:11:18,422 - /DATA/Aurindum/Swarming/Outputs/20260109_202226_ParticleTesting/P190_I150/run.log - INFO - n_caps=1 | minZ=0.087365 | models=[1012] | nodes=[9]
2026-01-21 01:26:03,468 - /DATA/Aurindum/Swarming/Outputs/20260109_202226_ParticleTesting/P190_I150/run.log - INFO - n_caps=2 | minZ=0.064766 | models=[1012, 1012] | nodes=[9, 10]
2026-01-21 01:40:42,679 - /DATA/Aurindum/Swarming/Outputs/20260109_202226_ParticleTesting/P190_I150/run.log - INFO - n_caps=3 | minZ=0.053863 | models=[1012, 1012, 527] | nodes=[9, 10, 14]
2026-01-21 01:55:04,735 - /DATA/Aurindum/Swarming/Outputs/20260109_202226_ParticleTesting/P190_I150/run.log - INFO - n_caps=4 | minZ=0.049666 | models=[1012, 1012, 455, 433] | nodes=[9, 10, 14, 15]
2026-01-21 02:09:05,717 - /DATA/Aurindum/Swarming/Outputs/20260109_202226_ParticleTesting/P190_I150/run.log - INFO - n_caps=5 | minZ=0.046011 | models=[1012, 1012, 455, 434, 342] | nodes=[10, 9, 14, 15, 5]
2026-01-21 02:23:29,101 - /DATA/Aurindum/Swarming/Outputs/20260109_202226_ParticleTesting/P190_I150/run.log - INFO - n_caps=6 | minZ=0.043876 | models=[1012, 1012, 455, 434, 342, 171] | nodes=[9, 10, 14, 15, 5, 6]
2026-01-21 02:38:32,784 - /DATA/Aurindum/Swarming/Outputs/20260109_202226_ParticleTesting/P190_I150/run.log - INFO - n_caps=7 | minZ=0.042121 | models=[1012, 1012, 456, 434, 342, 171, 221] | nodes=[10, 9, 14, 15, 5, 6, 7]
2026-01-21 02:52:50,974 - /DATA/Aurindum/Swarming/Outputs/20260109_202226_ParticleTesting/P190_I150/run.log - INFO - n_caps=8 | minZ=0.040869 | models=[1012, 1012, 456, 434, 342, 171, 221, 273] | nodes=[10, 9, 14, 15, 5, 6, 7, 16]
2026-01-21 02:52:50,974 - /DATA/Aurindum/Swarming/Outputs/20260109_202226_ParticleTesting/P190_I150/run.log - INFO - Threshold reached at n_caps=8
2026-01-21 03:08:42,349 - /DATA/Aurindum/Swarming/Outputs/20260109_202226_ParticleTesting/P190_I160/run.log - INFO - n_caps=1 | minZ=0.087365 | models=[1014] | nodes=[9]
2026-01-21 03:24:20,307 - /DATA/Aurindum/Swarming/Outputs/20260109_202226_ParticleTesting/P190_I160/run.log - INFO - n_caps=2 | minZ=0.064766 | models=[1014, 1014] | nodes=[9, 10]
2026-01-21 03:40:23,237 - /DATA/Aurindum/Swarming/Outputs/20260109_202226_ParticleTesting/P190_I160/run.log - INFO - n_caps=3 | minZ=0.053863 | models=[1014, 1014, 527] | nodes=[9, 10, 14]
2026-01-21 03:56:28,693 - /DATA/Aurindum/Swarming/Outputs/20260109_202226_ParticleTesting/P190_I160/run.log - INFO - n_caps=4 | minZ=0.049495 | models=[1014, 1014, 447, 434] | nodes=[9, 10, 15, 5]
2026-01-21 04:11:28,162 - /DATA/Aurindum/Swarming/Outputs/20260109_202226_ParticleTesting/P190_I160/run.log - INFO - n_caps=5 | minZ=0.046038 | models=[1014, 1014, 447, 455, 892] | nodes=[9, 10, 14, 5, 15]
2026-01-21 04:26:54,618 - /DATA/Aurindum/Swarming/Outputs/20260109_202226_ParticleTesting/P190_I160/run.log - INFO - n_caps=6 | minZ=0.044084 | models=[1014, 1014, 447, 455, 893, 222] | nodes=[9, 10, 14, 5, 15, 6]
2026-01-21 04:42:58,572 - /DATA/Aurindum/Swarming/Outputs/20260109_202226_ParticleTesting/P190_I160/run.log - INFO - n_caps=7 | minZ=0.042216 | models=[1014, 1014, 447, 455, 892, 222, 189] | nodes=[9, 10, 14, 5, 15, 6, 7]
2026-01-21 04:59:06,688 - /DATA/Aurindum/Swarming/Outputs/20260109_202226_ParticleTesting/P190_I160/run.log - INFO - n_caps=8 | minZ=0.040667 | models=[1014, 1014, 447, 455, 892, 222, 189, 364] | nodes=[9, 10, 14, 5, 15, 6, 7, 16]
2026-01-21 04:59:06,689 - /DATA/Aurindum/Swarming/Outputs/20260109_202226_ParticleTesting/P190_I160/run.log - INFO - Threshold reached at n_caps=8
2026-01-21 05:15:23,590 - /DATA/Aurindum/Swarming/Outputs/20260109_202226_ParticleTesting/P190_I170/run.log - INFO - n_caps=1 | minZ=0.087365 | models=[1012] | nodes=[9]
2026-01-21 05:31:55,678 - /DATA/Aurindum/Swarming/Outputs/20260109_202226_ParticleTesting/P190_I170/run.log - INFO - n_caps=2 | minZ=0.064766 | models=[1012, 1012] | nodes=[9, 10]
2026-01-21 05:48:06,460 - /DATA/Aurindum/Swarming/Outputs/20260109_202226_ParticleTesting/P190_I170/run.log - INFO - n_caps=3 | minZ=0.053863 | models=[1012, 1012, 528] | nodes=[9, 10, 14]
2026-01-21 06:04:08,879 - /DATA/Aurindum/Swarming/Outputs/20260109_202226_ParticleTesting/P190_I170/run.log - INFO - n_caps=4 | minZ=0.049666 | models=[1012, 1012, 448, 433] | nodes=[9, 10, 14, 15]
2026-01-21 06:21:20,982 - /DATA/Aurindum/Swarming/Outputs/20260109_202226_ParticleTesting/P190_I170/run.log - INFO - n_caps=5 | minZ=0.046011 | models=[1012, 1012, 448, 433, 342] | nodes=[9, 10, 14, 15, 5]
2026-01-21 06:38:08,261 - /DATA/Aurindum/Swarming/Outputs/20260109_202226_ParticleTesting/P190_I170/run.log - INFO - n_caps=6 | minZ=0.043876 | models=[1012, 1012, 448, 433, 342, 171] | nodes=[9, 10, 14, 15, 5, 6]
2026-01-21 06:54:25,179 - /DATA/Aurindum/Swarming/Outputs/20260109_202226_ParticleTesting/P190_I170/run.log - INFO - n_caps=7 | minZ=0.042121 | models=[1012, 1012, 448, 433, 342, 171, 225] | nodes=[9, 10, 14, 15, 5, 6, 7]
2026-01-21 07:11:25,515 - /DATA/Aurindum/Swarming/Outputs/20260109_202226_ParticleTesting/P190_I170/run.log - INFO - n_caps=8 | minZ=0.040869 | models=[1012, 1012, 448, 433, 342, 171, 225, 275] | nodes=[9, 10, 14, 15, 5, 6, 7, 16]
2026-01-21 07:11:25,516 - /DATA/Aurindum/Swarming/Outputs/20260109_202226_ParticleTesting/P190_I170/run.log - INFO - Threshold reached at n_caps=8
2026-01-21 07:29:05,514 - /DATA/Aurindum/Swarming/Outputs/20260109_202226_ParticleTesting/P190_I180/run.log - INFO - n_caps=1 | minZ=0.087365 | models=[1014] | nodes=[9]
2026-01-21 07:46:50,990 - /DATA/Aurindum/Swarming/Outputs/20260109_202226_ParticleTesting/P190_I180/run.log - INFO - n_caps=2 | minZ=0.064766 | models=[1014, 1014] | nodes=[9, 10]
2026-01-21 08:04:22,490 - /DATA/Aurindum/Swarming/Outputs/20260109_202226_ParticleTesting/P190_I180/run.log - INFO - n_caps=3 | minZ=0.053863 | models=[1014, 1014, 527] | nodes=[9, 10, 14]
2026-01-21 08:21:57,772 - /DATA/Aurindum/Swarming/Outputs/20260109_202226_ParticleTesting/P190_I180/run.log - INFO - n_caps=4 | minZ=0.049668 | models=[1014, 1014, 447, 434] | nodes=[9, 10, 14, 6]
2026-01-21 08:39:27,533 - /DATA/Aurindum/Swarming/Outputs/20260109_202226_ParticleTesting/P190_I180/run.log - INFO - n_caps=5 | minZ=0.046154 | models=[1014, 1014, 447, 434, 434] | nodes=[9, 10, 14, 6, 15]
2026-01-21 08:56:59,116 - /DATA/Aurindum/Swarming/Outputs/20260109_202226_ParticleTesting/P190_I180/run.log - INFO - n_caps=6 | minZ=0.044101 | models=[1014, 1014, 447, 434, 434, 110] | nodes=[9, 10, 14, 5, 15, 6]
2026-01-21 09:14:35,980 - /DATA/Aurindum/Swarming/Outputs/20260109_202226_ParticleTesting/P190_I180/run.log - INFO - n_caps=7 | minZ=0.042557 | models=[1014, 1014, 447, 434, 434, 109, 221] | nodes=[9, 10, 14, 5, 15, 7, 6]
2026-01-21 09:32:00,324 - /DATA/Aurindum/Swarming/Outputs/20260109_202226_ParticleTesting/P190_I180/run.log - INFO - n_caps=8 | minZ=0.041346 | models=[1014, 1014, 447, 434, 434, 109, 221, 171] | nodes=[9, 10, 14, 5, 15, 6, 7, 16]
2026-01-21 09:32:00,325 - /DATA/Aurindum/Swarming/Outputs/20260109_202226_ParticleTesting/P190_I180/run.log - INFO - Threshold reached at n_caps=8
2026-01-21 09:50:03,168 - /DATA/Aurindum/Swarming/Outputs/20260109_202226_ParticleTesting/P190_I190/run.log - INFO - n_caps=1 | minZ=0.087365 | models=[1014] | nodes=[9]
2026-01-21 10:08:06,708 - /DATA/Aurindum/Swarming/Outputs/20260109_202226_ParticleTesting/P190_I190/run.log - INFO - n_caps=2 | minZ=0.064766 | models=[1014, 1014] | nodes=[9, 10]
2026-01-21 10:26:56,115 - /DATA/Aurindum/Swarming/Outputs/20260109_202226_ParticleTesting/P190_I190/run.log - INFO - n_caps=3 | minZ=0.053863 | models=[1014, 1014, 527] | nodes=[9, 10, 14]
2026-01-21 10:45:33,852 - /DATA/Aurindum/Swarming/Outputs/20260109_202226_ParticleTesting/P190_I190/run.log - INFO - n_caps=4 | minZ=0.049666 | models=[1012, 1014, 455, 434] | nodes=[9, 10, 14, 15]
2026-01-21 11:04:15,112 - /DATA/Aurindum/Swarming/Outputs/20260109_202226_ParticleTesting/P190_I190/run.log - INFO - n_caps=5 | minZ=0.046011 | models=[1012, 1014, 455, 433, 342] | nodes=[10, 9, 14, 15, 5]
2026-01-21 11:23:02,077 - /DATA/Aurindum/Swarming/Outputs/20260109_202226_ParticleTesting/P190_I190/run.log - INFO - n_caps=6 | minZ=0.043584 | models=[1012, 1014, 456, 433, 342, 189] | nodes=[9, 10, 15, 14, 5, 6]
2026-01-21 11:41:25,636 - /DATA/Aurindum/Swarming/Outputs/20260109_202226_ParticleTesting/P190_I190/run.log - INFO - n_caps=7 | minZ=0.041814 | models=[1012, 1014, 455, 433, 343, 189, 434] | nodes=[10, 9, 14, 15, 6, 7, 5]
2026-01-21 11:41:25,637 - /DATA/Aurindum/Swarming/Outputs/20260109_202226_ParticleTesting/P190_I190/run.log - INFO - Threshold reached at n_caps=7
2026-01-21 12:01:16,727 - /DATA/Aurindum/Swarming/Outputs/20260109_202226_ParticleTesting/P190_I200/run.log - INFO - n_caps=1 | minZ=0.087365 | models=[1012] | nodes=[9]
2026-01-21 12:20:42,765 - /DATA/Aurindum/Swarming/Outputs/20260109_202226_ParticleTesting/P190_I200/run.log - INFO - n_caps=2 | minZ=0.064766 | models=[1012, 1012] | nodes=[9, 10]
2026-01-21 12:40:12,580 - /DATA/Aurindum/Swarming/Outputs/20260109_202226_ParticleTesting/P190_I200/run.log - INFO - n_caps=3 | minZ=0.053863 | models=[1012, 1012, 528] | nodes=[9, 10, 14]
2026-01-21 12:59:03,789 - /DATA/Aurindum/Swarming/Outputs/20260109_202226_ParticleTesting/P190_I200/run.log - INFO - n_caps=4 | minZ=0.049852 | models=[1012, 1012, 499, 433] | nodes=[9, 10, 14, 15]
2026-01-21 13:18:54,599 - /DATA/Aurindum/Swarming/Outputs/20260109_202226_ParticleTesting/P190_I200/run.log - INFO - n_caps=5 | minZ=0.047405 | models=[892, 1012, 499, 433, 1581] | nodes=[9, 10, 14, 15, 5]
2026-01-21 13:38:28,456 - /DATA/Aurindum/Swarming/Outputs/20260109_202226_ParticleTesting/P190_I200/run.log - INFO - n_caps=6 | minZ=0.044531 | models=[892, 1012, 448, 434, 1580, 898] | nodes=[9, 10, 14, 15, 5, 6]
2026-01-21 13:58:01,668 - /DATA/Aurindum/Swarming/Outputs/20260109_202226_ParticleTesting/P190_I200/run.log - INFO - n_caps=7 | minZ=0.042627 | models=[892, 1012, 448, 433, 1580, 898, 222] | nodes=[9, 10, 14, 15, 7, 5, 6]
2026-01-21 14:17:35,365 - /DATA/Aurindum/Swarming/Outputs/20260109_202226_ParticleTesting/P190_I200/run.log - INFO - n_caps=8 | minZ=0.040856 | models=[892, 1012, 448, 433, 1573, 898, 91, 171] | nodes=[9, 10, 14, 15, 7, 5, 6, 16]
2026-01-21 14:17:35,365 - /DATA/Aurindum/Swarming/Outputs/20260109_202226_ParticleTesting/P190_I200/run.log - INFO - Threshold reached at n_caps=8
2026-01-21 14:18:34,867 - /DATA/Aurindum/Swarming/Outputs/20260109_202226_ParticleTesting/P200_I10/run.log - INFO - n_caps=1 | minZ=0.087365 | models=[1014] | nodes=[9]
2026-01-21 14:19:33,830 - /DATA/Aurindum/Swarming/Outputs/20260109_202226_ParticleTesting/P200_I10/run.log - INFO - n_caps=2 | minZ=0.071748 | models=[1014, 1960] | nodes=[9, 5]
2026-01-21 14:20:41,854 - /DATA/Aurindum/Swarming/Outputs/20260109_202226_ParticleTesting/P200_I10/run.log - INFO - n_caps=3 | minZ=0.060427 | models=[1014, 1960, 527] | nodes=[9, 5, 16]
2026-01-21 14:21:45,040 - /DATA/Aurindum/Swarming/Outputs/20260109_202226_ParticleTesting/P200_I10/run.log - INFO - n_caps=4 | minZ=0.052867 | models=[1014, 1960, 528, 838] | nodes=[9, 5, 16, 15]
2026-01-21 14:22:52,469 - /DATA/Aurindum/Swarming/Outputs/20260109_202226_ParticleTesting/P200_I10/run.log - INFO - n_caps=5 | minZ=0.049584 | models=[1014, 1960, 528, 838, 456] | nodes=[9, 5, 16, 14, 10]
2026-01-21 14:23:54,781 - /DATA/Aurindum/Swarming/Outputs/20260109_202226_ParticleTesting/P200_I10/run.log - INFO - n_caps=6 | minZ=0.047173 | models=[1014, 1960, 527, 837, 456, 82] | nodes=[9, 5, 16, 14, 10, 15]
2026-01-21 14:24:54,703 - /DATA/Aurindum/Swarming/Outputs/20260109_202226_ParticleTesting/P200_I10/run.log - INFO - n_caps=7 | minZ=0.045641 | models=[1014, 1960, 527, 837, 456, 82, 275] | nodes=[9, 5, 16, 14, 10, 15, 6]
2026-01-21 14:25:54,135 - /DATA/Aurindum/Swarming/Outputs/20260109_202226_ParticleTesting/P200_I10/run.log - INFO - n_caps=8 | minZ=0.043824 | models=[1014, 1960, 527, 837, 455, 82, 275, 183] | nodes=[9, 5, 15, 14, 10, 16, 6, 7]
2026-01-21 14:27:01,413 - /DATA/Aurindum/Swarming/Outputs/20260109_202226_ParticleTesting/P200_I10/run.log - INFO - n_caps=9 | minZ=0.042724 | models=[1014, 1960, 527, 837, 455, 82, 275, 183, 1304] | nodes=[9, 5, 16, 14, 10, 15, 6, 7, 8]
2026-01-21 14:28:03,236 - /DATA/Aurindum/Swarming/Outputs/20260109_202226_ParticleTesting/P200_I10/run.log - INFO - n_caps=10 | minZ=0.042568 | models=[1014, 1960, 527, 837, 455, 82, 275, 183, 1304, 184] | nodes=[9, 5, 16, 14, 10, 15, 6, 7, 8, 17]
2026-01-21 14:29:03,107 - /DATA/Aurindum/Swarming/Outputs/20260109_202226_ParticleTesting/P200_I10/run.log - INFO - n_caps=11 | minZ=0.042492 | models=[1014, 1960, 527, 837, 455, 82, 275, 183, 1304, 184, 1185] | nodes=[9, 5, 16, 14, 10, 15, 6, 7, 8, 17, 2]
2026-01-21 14:30:06,920 - /DATA/Aurindum/Swarming/Outputs/20260109_202226_ParticleTesting/P200_I10/run.log - INFO - n_caps=12 | minZ=0.042474 | models=[1014, 1960, 527, 837, 455, 82, 275, 183, 1304, 184, 1184, 753] | nodes=[9, 5, 16, 14, 10, 15, 6, 7, 8, 17, 2, 1]
2026-01-21 14:31:07,779 - /DATA/Aurindum/Swarming/Outputs/20260109_202226_ParticleTesting/P200_I10/run.log - INFO - n_caps=13 | minZ=0.042446 | models=[1014, 1960, 527, 837, 455, 82, 275, 183, 1304, 183, 1184, 753, 30] | nodes=[9, 5, 16, 14, 10, 15, 6, 7, 8, 17, 2, 1, 11]
2026-01-21 14:32:08,131 - /DATA/Aurindum/Swarming/Outputs/20260109_202226_ParticleTesting/P200_I10/run.log - INFO - n_caps=14 | minZ=0.042437 | models=[1014, 1960, 527, 838, 455, 82, 275, 183, 1304, 183, 1186, 753, 30, 73] | nodes=[9, 5, 16, 14, 10, 15, 6, 7, 8, 17, 2, 1, 11, 12]
2026-01-21 14:33:06,346 - /DATA/Aurindum/Swarming/Outputs/20260109_202226_ParticleTesting/P200_I10/run.log - INFO - n_caps=15 | minZ=0.042463 | models=[1014, 1960, 527, 838, 455, 82, 275, 183, 1304, 184, 1186, 753, 30, 73, 2728] | nodes=[9, 5, 16, 14, 10, 15, 6, 7, 8, 17, 2, 1, 11, 12, 4]
2026-01-21 14:34:10,447 - /DATA/Aurindum/Swarming/Outputs/20260109_202226_ParticleTesting/P200_I10/run.log - INFO - n_caps=16 | minZ=0.042463 | models=[1014, 1960, 527, 838, 455, 82, 275, 183, 1304, 183, 1185, 753, 29, 73, 2728, 31] | nodes=[9, 5, 16, 14, 10, 15, 6, 7, 8, 17, 2, 1, 11, 12, 4, 18]
2026-01-21 14:35:18,680 - /DATA/Aurindum/Swarming/Outputs/20260109_202226_ParticleTesting/P200_I10/run.log - INFO - n_caps=17 | minZ=0.042467 | models=[1014, 1960, 527, 838, 455, 82, 275, 183, 1304, 183, 1185, 753, 29, 73, 2728, 31, 255] | nodes=[9, 5, 16, 14, 10, 15, 6, 7, 8, 17, 2, 1, 11, 12, 4, 18, 20]
2026-01-21 14:36:26,074 - /DATA/Aurindum/Swarming/Outputs/20260109_202226_ParticleTesting/P200_I10/run.log - INFO - n_caps=18 | minZ=0.042469 | models=[1014, 1960, 527, 838, 455, 82, 275, 183, 1304, 183, 1185, 753, 29, 73, 2728, 31, 255, 3327] | nodes=[9, 5, 16, 14, 10, 15, 6, 7, 8, 17, 2, 1, 11, 12, 4, 18, 20, 3]
2026-01-21 14:37:38,220 - /DATA/Aurindum/Swarming/Outputs/20260109_202226_ParticleTesting/P200_I10/run.log - INFO - n_caps=19 | minZ=0.042475 | models=[1014, 1960, 527, 838, 455, 82, 275, 183, 1304, 183, 1185, 753, 30, 73, 2728, 31, 255, 3327, 828] | nodes=[9, 5, 16, 14, 10, 15, 6, 7, 8, 17, 1, 2, 11, 12, 4, 18, 19, 20, 3]
2026-01-21 14:38:41,115 - /DATA/Aurindum/Swarming/Outputs/20260109_202226_ParticleTesting/P200_I10/run.log - INFO - n_caps=20 | minZ=0.042499 | models=[1014, 1960, 527, 838, 455, 82, 275, 183, 1304, 183, 1185, 753, 30, 73, 2728, 31, 255, 3327, 828, 17] | nodes=[9, 5, 16, 14, 10, 15, 6, 7, 8, 17, 1, 2, 11, 12, 4, 18, 19, 20, 3, 13]
2026-01-21 14:40:49,005 - /DATA/Aurindum/Swarming/Outputs/20260109_202226_ParticleTesting/P200_I20/run.log - INFO - n_caps=1 | minZ=0.087365 | models=[1012] | nodes=[9]
2026-01-21 14:43:02,142 - /DATA/Aurindum/Swarming/Outputs/20260109_202226_ParticleTesting/P200_I20/run.log - INFO - n_caps=2 | minZ=0.064766 | models=[1012, 1012] | nodes=[9, 10]
2026-01-21 14:45:04,380 - /DATA/Aurindum/Swarming/Outputs/20260109_202226_ParticleTesting/P200_I20/run.log - INFO - n_caps=3 | minZ=0.053863 | models=[1012, 1012, 527] | nodes=[9, 10, 14]
2026-01-21 14:47:19,538 - /DATA/Aurindum/Swarming/Outputs/20260109_202226_ParticleTesting/P200_I20/run.log - INFO - n_caps=4 | minZ=0.050009 | models=[1012, 1012, 527, 433] | nodes=[9, 10, 14, 5]
2026-01-21 14:49:20,270 - /DATA/Aurindum/Swarming/Outputs/20260109_202226_ParticleTesting/P200_I20/run.log - INFO - n_caps=5 | minZ=0.048059 | models=[1012, 1012, 528, 433, 109] | nodes=[9, 10, 14, 5, 7]
2026-01-21 14:51:16,039 - /DATA/Aurindum/Swarming/Outputs/20260109_202226_ParticleTesting/P200_I20/run.log - INFO - n_caps=6 | minZ=0.045578 | models=[1012, 1012, 528, 433, 109, 171] | nodes=[9, 10, 14, 5, 6, 7]
2026-01-21 14:53:12,096 - /DATA/Aurindum/Swarming/Outputs/20260109_202226_ParticleTesting/P200_I20/run.log - INFO - n_caps=7 | minZ=0.043690 | models=[1012, 1012, 528, 433, 110, 171, 523] | nodes=[10, 9, 14, 5, 6, 7, 15]
2026-01-21 14:55:31,786 - /DATA/Aurindum/Swarming/Outputs/20260109_202226_ParticleTesting/P200_I20/run.log - INFO - n_caps=8 | minZ=0.042131 | models=[1012, 1012, 528, 434, 109, 171, 523, 171] | nodes=[9, 10, 14, 5, 6, 7, 15, 16]
2026-01-21 14:57:45,582 - /DATA/Aurindum/Swarming/Outputs/20260109_202226_ParticleTesting/P200_I20/run.log - INFO - n_caps=9 | minZ=0.041791 | models=[1012, 1012, 528, 434, 109, 171, 523, 171, 178] | nodes=[9, 10, 14, 5, 6, 7, 15, 16, 8]
2026-01-21 14:57:45,583 - /DATA/Aurindum/Swarming/Outputs/20260109_202226_ParticleTesting/P200_I20/run.log - INFO - Threshold reached at n_caps=9
2026-01-21 15:00:47,164 - /DATA/Aurindum/Swarming/Outputs/20260109_202226_ParticleTesting/P200_I30/run.log - INFO - n_caps=1 | minZ=0.087365 | models=[1014] | nodes=[9]
2026-01-21 15:03:54,266 - /DATA/Aurindum/Swarming/Outputs/20260109_202226_ParticleTesting/P200_I30/run.log - INFO - n_caps=2 | minZ=0.064766 | models=[1014, 1012] | nodes=[9, 10]
2026-01-21 15:07:07,255 - /DATA/Aurindum/Swarming/Outputs/20260109_202226_ParticleTesting/P200_I30/run.log - INFO - n_caps=3 | minZ=0.054175 | models=[1014, 1012, 512] | nodes=[9, 10, 5]
2026-01-21 15:10:07,713 - /DATA/Aurindum/Swarming/Outputs/20260109_202226_ParticleTesting/P200_I30/run.log - INFO - n_caps=4 | minZ=0.051196 | models=[1014, 1012, 512, 344] | nodes=[9, 10, 5, 6]
2026-01-21 15:13:08,303 - /DATA/Aurindum/Swarming/Outputs/20260109_202226_ParticleTesting/P200_I30/run.log - INFO - n_caps=5 | minZ=0.047258 | models=[1014, 1012, 512, 344, 262] | nodes=[9, 10, 5, 6, 7]
2026-01-21 15:16:13,303 - /DATA/Aurindum/Swarming/Outputs/20260109_202226_ParticleTesting/P200_I30/run.log - INFO - n_caps=6 | minZ=0.044530 | models=[1014, 1012, 512, 344, 262, 341] | nodes=[9, 10, 5, 6, 7, 14]
2026-01-21 15:19:16,809 - /DATA/Aurindum/Swarming/Outputs/20260109_202226_ParticleTesting/P200_I30/run.log - INFO - n_caps=7 | minZ=0.043198 | models=[1014, 1012, 511, 343, 262, 341, 110] | nodes=[9, 10, 5, 7, 6, 14, 15]
2026-01-21 15:22:36,230 - /DATA/Aurindum/Swarming/Outputs/20260109_202226_ParticleTesting/P200_I30/run.log - INFO - n_caps=8 | minZ=0.041726 | models=[1014, 1012, 511, 343, 262, 341, 110, 175] | nodes=[9, 10, 5, 7, 6, 14, 15, 16]
2026-01-21 15:22:36,230 - /DATA/Aurindum/Swarming/Outputs/20260109_202226_ParticleTesting/P200_I30/run.log - INFO - Threshold reached at n_caps=8
2026-01-21 15:27:21,013 - /DATA/Aurindum/Swarming/Outputs/20260109_202226_ParticleTesting/P200_I40/run.log - INFO - n_caps=1 | minZ=0.087365 | models=[1012] | nodes=[9]
2026-01-21 15:31:57,563 - /DATA/Aurindum/Swarming/Outputs/20260109_202226_ParticleTesting/P200_I40/run.log - INFO - n_caps=2 | minZ=0.064766 | models=[1012, 1012] | nodes=[9, 10]
2026-01-21 15:36:07,003 - /DATA/Aurindum/Swarming/Outputs/20260109_202226_ParticleTesting/P200_I40/run.log - INFO - n_caps=3 | minZ=0.053976 | models=[1012, 1012, 510] | nodes=[9, 10, 14]
2026-01-21 15:40:05,184 - /DATA/Aurindum/Swarming/Outputs/20260109_202226_ParticleTesting/P200_I40/run.log - INFO - n_caps=4 | minZ=0.049852 | models=[1012, 1012, 511, 434] | nodes=[10, 9, 14, 15]
2026-01-21 15:43:56,969 - /DATA/Aurindum/Swarming/Outputs/20260109_202226_ParticleTesting/P200_I40/run.log - INFO - n_caps=5 | minZ=0.047791 | models=[1012, 1012, 510, 434, 893] | nodes=[10, 9, 14, 15, 5]
2026-01-21 15:48:05,449 - /DATA/Aurindum/Swarming/Outputs/20260109_202226_ParticleTesting/P200_I40/run.log - INFO - n_caps=6 | minZ=0.044016 | models=[1012, 1012, 510, 433, 893, 263] | nodes=[10, 9, 14, 15, 5, 6]
2026-01-21 15:51:50,245 - /DATA/Aurindum/Swarming/Outputs/20260109_202226_ParticleTesting/P200_I40/run.log - INFO - n_caps=7 | minZ=0.041589 | models=[1012, 1012, 510, 434, 893, 263, 164] | nodes=[10, 9, 14, 15, 5, 6, 7]
2026-01-21 15:51:50,246 - /DATA/Aurindum/Swarming/Outputs/20260109_202226_ParticleTesting/P200_I40/run.log - INFO - Threshold reached at n_caps=7
2026-01-21 15:57:05,540 - /DATA/Aurindum/Swarming/Outputs/20260109_202226_ParticleTesting/P200_I50/run.log - INFO - n_caps=1 | minZ=0.087365 | models=[1014] | nodes=[9]
2026-01-21 16:01:43,735 - /DATA/Aurindum/Swarming/Outputs/20260109_202226_ParticleTesting/P200_I50/run.log - INFO - n_caps=2 | minZ=0.064766 | models=[1014, 1014] | nodes=[9, 10]
2026-01-21 16:06:48,537 - /DATA/Aurindum/Swarming/Outputs/20260109_202226_ParticleTesting/P200_I50/run.log - INFO - n_caps=3 | minZ=0.053863 | models=[1014, 1014, 528] | nodes=[9, 10, 14]
2026-01-21 16:11:54,436 - /DATA/Aurindum/Swarming/Outputs/20260109_202226_ParticleTesting/P200_I50/run.log - INFO - n_caps=4 | minZ=0.049874 | models=[1014, 1014, 528, 433] | nodes=[10, 9, 14, 15]
2026-01-21 16:16:42,833 - /DATA/Aurindum/Swarming/Outputs/20260109_202226_ParticleTesting/P200_I50/run.log - INFO - n_caps=5 | minZ=0.047557 | models=[1014, 1014, 528, 433, 434] | nodes=[9, 10, 14, 15, 5]
2026-01-21 16:21:58,360 - /DATA/Aurindum/Swarming/Outputs/20260109_202226_ParticleTesting/P200_I50/run.log - INFO - n_caps=6 | minZ=0.045015 | models=[1014, 1014, 528, 433, 434, 189] | nodes=[9, 10, 14, 15, 5, 7]
2026-01-21 16:27:01,219 - /DATA/Aurindum/Swarming/Outputs/20260109_202226_ParticleTesting/P200_I50/run.log - INFO - n_caps=7 | minZ=0.043080 | models=[1014, 1014, 528, 434, 434, 189, 109] | nodes=[9, 10, 14, 15, 5, 7, 6]
2026-01-21 16:32:00,121 - /DATA/Aurindum/Swarming/Outputs/20260109_202226_ParticleTesting/P200_I50/run.log - INFO - n_caps=8 | minZ=0.041726 | models=[1014, 1014, 527, 434, 434, 189, 109, 189] | nodes=[9, 10, 14, 15, 5, 7, 6, 16]
2026-01-21 16:32:00,122 - /DATA/Aurindum/Swarming/Outputs/20260109_202226_ParticleTesting/P200_I50/run.log - INFO - Threshold reached at n_caps=8
2026-01-21 16:37:45,762 - /DATA/Aurindum/Swarming/Outputs/20260109_202226_ParticleTesting/P200_I60/run.log - INFO - n_caps=1 | minZ=0.087365 | models=[1014] | nodes=[9]
2026-01-21 16:43:35,767 - /DATA/Aurindum/Swarming/Outputs/20260109_202226_ParticleTesting/P200_I60/run.log - INFO - n_caps=2 | minZ=0.064766 | models=[1014, 1014] | nodes=[9, 10]
2026-01-21 16:49:31,329 - /DATA/Aurindum/Swarming/Outputs/20260109_202226_ParticleTesting/P200_I60/run.log - INFO - n_caps=3 | minZ=0.053863 | models=[1014, 1014, 528] | nodes=[9, 10, 14]
2026-01-21 16:56:15,568 - /DATA/Aurindum/Swarming/Outputs/20260109_202226_ParticleTesting/P200_I60/run.log - INFO - n_caps=4 | minZ=0.049874 | models=[1014, 1014, 528, 433] | nodes=[9, 10, 14, 15]
2026-01-21 17:02:21,861 - /DATA/Aurindum/Swarming/Outputs/20260109_202226_ParticleTesting/P200_I60/run.log - INFO - n_caps=5 | minZ=0.047841 | models=[1014, 1014, 528, 433, 222] | nodes=[9, 10, 14, 15, 7]
2026-01-21 17:08:20,462 - /DATA/Aurindum/Swarming/Outputs/20260109_202226_ParticleTesting/P200_I60/run.log - INFO - n_caps=6 | minZ=0.045686 | models=[1014, 1014, 528, 433, 222, 434] | nodes=[9, 10, 14, 15, 7, 5]
2026-01-21 17:14:11,274 - /DATA/Aurindum/Swarming/Outputs/20260109_202226_ParticleTesting/P200_I60/run.log - INFO - n_caps=7 | minZ=0.043572 | models=[1014, 1014, 528, 433, 222, 434, 189] | nodes=[9, 10, 14, 15, 7, 5, 6]
2026-01-21 17:20:45,629 - /DATA/Aurindum/Swarming/Outputs/20260109_202226_ParticleTesting/P200_I60/run.log - INFO - n_caps=8 | minZ=0.041949 | models=[1014, 1014, 528, 433, 221, 434, 189, 109] | nodes=[9, 10, 14, 15, 6, 5, 7, 16]
2026-01-21 17:20:45,630 - /DATA/Aurindum/Swarming/Outputs/20260109_202226_ParticleTesting/P200_I60/run.log - INFO - Threshold reached at n_caps=8
2026-01-21 17:28:18,219 - /DATA/Aurindum/Swarming/Outputs/20260109_202226_ParticleTesting/P200_I70/run.log - INFO - n_caps=1 | minZ=0.087365 | models=[1012] | nodes=[9]
2026-01-21 17:35:35,601 - /DATA/Aurindum/Swarming/Outputs/20260109_202226_ParticleTesting/P200_I70/run.log - INFO - n_caps=2 | minZ=0.064766 | models=[1012, 1012] | nodes=[9, 10]
2026-01-21 17:42:41,444 - /DATA/Aurindum/Swarming/Outputs/20260109_202226_ParticleTesting/P200_I70/run.log - INFO - n_caps=3 | minZ=0.053976 | models=[1012, 1012, 510] | nodes=[9, 10, 14]
2026-01-21 17:49:37,831 - /DATA/Aurindum/Swarming/Outputs/20260109_202226_ParticleTesting/P200_I70/run.log - INFO - n_caps=4 | minZ=0.049852 | models=[1012, 1012, 512, 434] | nodes=[9, 10, 14, 15]
2026-01-21 17:56:44,304 - /DATA/Aurindum/Swarming/Outputs/20260109_202226_ParticleTesting/P200_I70/run.log - INFO - n_caps=5 | minZ=0.047861 | models=[1012, 1012, 512, 434, 110] | nodes=[9, 10, 14, 15, 6]
2026-01-21 18:03:55,603 - /DATA/Aurindum/Swarming/Outputs/20260109_202226_ParticleTesting/P200_I70/run.log - INFO - n_caps=6 | minZ=0.045757 | models=[1012, 1012, 512, 434, 110, 189] | nodes=[9, 10, 14, 15, 6, 5]
2026-01-21 18:11:26,259 - /DATA/Aurindum/Swarming/Outputs/20260109_202226_ParticleTesting/P200_I70/run.log - INFO - n_caps=7 | minZ=0.043817 | models=[1012, 1012, 511, 434, 109, 189, 110] | nodes=[9, 10, 14, 15, 6, 5, 7]
2026-01-21 18:18:18,414 - /DATA/Aurindum/Swarming/Outputs/20260109_202226_ParticleTesting/P200_I70/run.log - INFO - n_caps=8 | minZ=0.042282 | models=[1012, 1012, 510, 434, 109, 189, 110, 222] | nodes=[9, 10, 14, 15, 5, 6, 7, 16]
2026-01-21 18:25:02,538 - /DATA/Aurindum/Swarming/Outputs/20260109_202226_ParticleTesting/P200_I70/run.log - INFO - n_caps=9 | minZ=0.041700 | models=[1012, 1012, 510, 434, 109, 189, 109, 222, 263] | nodes=[9, 10, 14, 15, 6, 5, 7, 16, 8]
2026-01-21 18:25:02,539 - /DATA/Aurindum/Swarming/Outputs/20260109_202226_ParticleTesting/P200_I70/run.log - INFO - Threshold reached at n_caps=9
2026-01-21 18:32:45,414 - /DATA/Aurindum/Swarming/Outputs/20260109_202226_ParticleTesting/P200_I80/run.log - INFO - n_caps=1 | minZ=0.087365 | models=[1014] | nodes=[9]
2026-01-21 18:40:52,101 - /DATA/Aurindum/Swarming/Outputs/20260109_202226_ParticleTesting/P200_I80/run.log - INFO - n_caps=2 | minZ=0.064766 | models=[1014, 1014] | nodes=[9, 10]
2026-01-21 18:48:51,147 - /DATA/Aurindum/Swarming/Outputs/20260109_202226_ParticleTesting/P200_I80/run.log - INFO - n_caps=3 | minZ=0.053863 | models=[1014, 1014, 528] | nodes=[9, 10, 14]
2026-01-21 18:56:39,625 - /DATA/Aurindum/Swarming/Outputs/20260109_202226_ParticleTesting/P200_I80/run.log - INFO - n_caps=4 | minZ=0.049874 | models=[1014, 1014, 528, 434] | nodes=[9, 10, 14, 15]
2026-01-21 19:04:41,201 - /DATA/Aurindum/Swarming/Outputs/20260109_202226_ParticleTesting/P200_I80/run.log - INFO - n_caps=5 | minZ=0.047841 | models=[1014, 1014, 528, 434, 222] | nodes=[9, 10, 14, 15, 7]
2026-01-21 19:12:58,278 - /DATA/Aurindum/Swarming/Outputs/20260109_202226_ParticleTesting/P200_I80/run.log - INFO - n_caps=6 | minZ=0.045736 | models=[1014, 1014, 527, 434, 222, 110] | nodes=[9, 10, 14, 15, 6, 5]
2026-01-21 19:21:32,465 - /DATA/Aurindum/Swarming/Outputs/20260109_202226_ParticleTesting/P200_I80/run.log - INFO - n_caps=7 | minZ=0.044019 | models=[1014, 1014, 527, 434, 222, 110, 225] | nodes=[9, 10, 14, 15, 6, 5, 7]
2026-01-21 19:29:55,430 - /DATA/Aurindum/Swarming/Outputs/20260109_202226_ParticleTesting/P200_I80/run.log - INFO - n_caps=8 | minZ=0.042721 | models=[1014, 1014, 527, 434, 222, 109, 225, 171] | nodes=[9, 10, 14, 15, 6, 5, 7, 16]
2026-01-21 19:38:18,842 - /DATA/Aurindum/Swarming/Outputs/20260109_202226_ParticleTesting/P200_I80/run.log - INFO - n_caps=9 | minZ=0.042075 | models=[1014, 1014, 527, 433, 222, 109, 225, 171, 115] | nodes=[9, 10, 14, 15, 6, 5, 7, 16, 8]
2026-01-21 19:46:55,893 - /DATA/Aurindum/Swarming/Outputs/20260109_202226_ParticleTesting/P200_I80/run.log - INFO - n_caps=10 | minZ=0.041581 | models=[1014, 1014, 528, 434, 222, 109, 225, 171, 118, 1286] | nodes=[9, 10, 14, 15, 7, 5, 6, 16, 8, 2]
2026-01-21 19:46:55,894 - /DATA/Aurindum/Swarming/Outputs/20260109_202226_ParticleTesting/P200_I80/run.log - INFO - Threshold reached at n_caps=10
2026-01-21 19:56:08,615 - /DATA/Aurindum/Swarming/Outputs/20260109_202226_ParticleTesting/P200_I90/run.log - INFO - n_caps=1 | minZ=0.087365 | models=[1012] | nodes=[9]
2026-01-21 20:05:53,188 - /DATA/Aurindum/Swarming/Outputs/20260109_202226_ParticleTesting/P200_I90/run.log - INFO - n_caps=2 | minZ=0.064766 | models=[1012, 1012] | nodes=[9, 10]
2026-01-21 20:14:55,287 - /DATA/Aurindum/Swarming/Outputs/20260109_202226_ParticleTesting/P200_I90/run.log - INFO - n_caps=3 | minZ=0.053863 | models=[1012, 1012, 528] | nodes=[9, 10, 14]
2026-01-21 20:24:39,101 - /DATA/Aurindum/Swarming/Outputs/20260109_202226_ParticleTesting/P200_I90/run.log - INFO - n_caps=4 | minZ=0.050198 | models=[1012, 1012, 512, 893] | nodes=[9, 10, 14, 15]
2026-01-21 20:33:40,791 - /DATA/Aurindum/Swarming/Outputs/20260109_202226_ParticleTesting/P200_I90/run.log - INFO - n_caps=5 | minZ=0.045859 | models=[1012, 1012, 512, 893, 263] | nodes=[9, 10, 15, 14, 7]
2026-01-21 20:43:45,928 - /DATA/Aurindum/Swarming/Outputs/20260109_202226_ParticleTesting/P200_I90/run.log - INFO - n_caps=6 | minZ=0.044195 | models=[1012, 1012, 511, 893, 262, 92] | nodes=[9, 10, 15, 14, 7, 5]
2026-01-21 20:52:54,953 - /DATA/Aurindum/Swarming/Outputs/20260109_202226_ParticleTesting/P200_I90/run.log - INFO - n_caps=7 | minZ=0.042511 | models=[1012, 1012, 512, 892, 263, 92, 189] | nodes=[9, 10, 14, 15, 5, 6, 7]
2026-01-21 21:02:38,571 - /DATA/Aurindum/Swarming/Outputs/20260109_202226_ParticleTesting/P200_I90/run.log - INFO - n_caps=8 | minZ=0.040729 | models=[1012, 1012, 512, 893, 263, 92, 189, 95] | nodes=[9, 10, 14, 15, 6, 7, 5, 16]
2026-01-21 21:02:38,571 - /DATA/Aurindum/Swarming/Outputs/20260109_202226_ParticleTesting/P200_I90/run.log - INFO - Threshold reached at n_caps=8
2026-01-21 21:13:13,368 - /DATA/Aurindum/Swarming/Outputs/20260109_202226_ParticleTesting/P200_I100/run.log - INFO - n_caps=1 | minZ=0.087365 | models=[1014] | nodes=[9]
2026-01-21 21:23:11,676 - /DATA/Aurindum/Swarming/Outputs/20260109_202226_ParticleTesting/P200_I100/run.log - INFO - n_caps=2 | minZ=0.064766 | models=[1014, 1012] | nodes=[9, 10]
2026-01-21 21:33:27,525 - /DATA/Aurindum/Swarming/Outputs/20260109_202226_ParticleTesting/P200_I100/run.log - INFO - n_caps=3 | minZ=0.053863 | models=[1014, 1012, 527] | nodes=[9, 10, 14]
2026-01-21 21:43:47,570 - /DATA/Aurindum/Swarming/Outputs/20260109_202226_ParticleTesting/P200_I100/run.log - INFO - n_caps=4 | minZ=0.049874 | models=[1014, 1012, 527, 434] | nodes=[9, 10, 14, 15]
2026-01-21 21:54:13,964 - /DATA/Aurindum/Swarming/Outputs/20260109_202226_ParticleTesting/P200_I100/run.log - INFO - n_caps=5 | minZ=0.047557 | models=[1014, 1012, 527, 434, 434] | nodes=[9, 10, 14, 15, 5]
2026-01-21 22:04:08,306 - /DATA/Aurindum/Swarming/Outputs/20260109_202226_ParticleTesting/P200_I100/run.log - INFO - n_caps=6 | minZ=0.045015 | models=[1014, 1012, 527, 434, 433, 189] | nodes=[9, 10, 14, 15, 5, 7]
2026-01-21 22:13:54,230 - /DATA/Aurindum/Swarming/Outputs/20260109_202226_ParticleTesting/P200_I100/run.log - INFO - n_caps=7 | minZ=0.043080 | models=[1014, 1012, 527, 434, 434, 189, 109] | nodes=[9, 10, 14, 15, 5, 7, 6]
2026-01-21 22:24:22,670 - /DATA/Aurindum/Swarming/Outputs/20260109_202226_ParticleTesting/P200_I100/run.log - INFO - n_caps=8 | minZ=0.041726 | models=[1014, 1012, 528, 434, 434, 189, 109, 171] | nodes=[9, 10, 14, 15, 5, 7, 6, 16]
2026-01-21 22:24:22,671 - /DATA/Aurindum/Swarming/Outputs/20260109_202226_ParticleTesting/P200_I100/run.log - INFO - Threshold reached at n_caps=8
2026-01-21 22:35:15,326 - /DATA/Aurindum/Swarming/Outputs/20260109_202226_ParticleTesting/P200_I110/run.log - INFO - n_caps=1 | minZ=0.087365 | models=[1014] | nodes=[9]
2026-01-21 22:46:29,835 - /DATA/Aurindum/Swarming/Outputs/20260109_202226_ParticleTesting/P200_I110/run.log - INFO - n_caps=2 | minZ=0.064766 | models=[1014, 1014] | nodes=[9, 10]
2026-01-21 22:57:46,259 - /DATA/Aurindum/Swarming/Outputs/20260109_202226_ParticleTesting/P200_I110/run.log - INFO - n_caps=3 | minZ=0.053863 | models=[1014, 1014, 527] | nodes=[9, 10, 14]
2026-01-21 23:09:00,185 - /DATA/Aurindum/Swarming/Outputs/20260109_202226_ParticleTesting/P200_I110/run.log - INFO - n_caps=4 | minZ=0.049874 | models=[1014, 1014, 527, 433] | nodes=[9, 10, 14, 15]
2026-01-21 23:20:18,693 - /DATA/Aurindum/Swarming/Outputs/20260109_202226_ParticleTesting/P200_I110/run.log - INFO - n_caps=5 | minZ=0.047557 | models=[1014, 1014, 527, 433, 433] | nodes=[10, 9, 14, 15, 5]
2026-01-21 23:31:20,776 - /DATA/Aurindum/Swarming/Outputs/20260109_202226_ParticleTesting/P200_I110/run.log - INFO - n_caps=6 | minZ=0.045015 | models=[1014, 1014, 527, 433, 433, 171] | nodes=[10, 9, 14, 15, 5, 7]
2026-01-21 23:42:32,752 - /DATA/Aurindum/Swarming/Outputs/20260109_202226_ParticleTesting/P200_I110/run.log - INFO - n_caps=7 | minZ=0.043080 | models=[1014, 1014, 527, 433, 433, 171, 109] | nodes=[10, 9, 14, 15, 5, 7, 6]
2026-01-21 23:53:43,134 - /DATA/Aurindum/Swarming/Outputs/20260109_202226_ParticleTesting/P200_I110/run.log - INFO - n_caps=8 | minZ=0.041726 | models=[1014, 1014, 527, 433, 433, 171, 109, 189] | nodes=[10, 9, 14, 15, 5, 7, 6, 16]
2026-01-21 23:53:43,135 - /DATA/Aurindum/Swarming/Outputs/20260109_202226_ParticleTesting/P200_I110/run.log - INFO - Threshold reached at n_caps=8
2026-01-22 00:05:20,834 - /DATA/Aurindum/Swarming/Outputs/20260109_202226_ParticleTesting/P200_I120/run.log - INFO - n_caps=1 | minZ=0.087365 | models=[1012] | nodes=[9]
2026-01-22 00:17:29,580 - /DATA/Aurindum/Swarming/Outputs/20260109_202226_ParticleTesting/P200_I120/run.log - INFO - n_caps=2 | minZ=0.064766 | models=[1012, 1012] | nodes=[9, 10]
2026-01-22 00:29:03,623 - /DATA/Aurindum/Swarming/Outputs/20260109_202226_ParticleTesting/P200_I120/run.log - INFO - n_caps=3 | minZ=0.053863 | models=[1012, 1012, 528] | nodes=[10, 9, 14]
2026-01-22 00:41:28,353 - /DATA/Aurindum/Swarming/Outputs/20260109_202226_ParticleTesting/P200_I120/run.log - INFO - n_caps=4 | minZ=0.050198 | models=[1012, 1012, 511, 892] | nodes=[10, 9, 14, 15]
2026-01-22 00:53:38,529 - /DATA/Aurindum/Swarming/Outputs/20260109_202226_ParticleTesting/P200_I120/run.log - INFO - n_caps=5 | minZ=0.046343 | models=[1012, 1012, 510, 892, 263] | nodes=[10, 9, 14, 15, 16]
2026-01-22 01:05:20,300 - /DATA/Aurindum/Swarming/Outputs/20260109_202226_ParticleTesting/P200_I120/run.log - INFO - n_caps=6 | minZ=0.044223 | models=[1012, 1012, 510, 893, 263, 226] | nodes=[9, 10, 14, 15, 16, 6]
2026-01-22 01:17:07,250 - /DATA/Aurindum/Swarming/Outputs/20260109_202226_ParticleTesting/P200_I120/run.log - INFO - n_caps=7 | minZ=0.042509 | models=[1012, 1012, 510, 893, 263, 226, 225] | nodes=[9, 10, 14, 15, 16, 6, 5]
2026-01-22 01:29:43,215 - /DATA/Aurindum/Swarming/Outputs/20260109_202226_ParticleTesting/P200_I120/run.log - INFO - n_caps=8 | minZ=0.041527 | models=[1012, 1012, 510, 893, 263, 226, 225, 12] | nodes=[9, 10, 14, 15, 16, 6, 5, 7]
2026-01-22 01:29:43,215 - /DATA/Aurindum/Swarming/Outputs/20260109_202226_ParticleTesting/P200_I120/run.log - INFO - Threshold reached at n_caps=8
2026-01-22 01:42:41,341 - /DATA/Aurindum/Swarming/Outputs/20260109_202226_ParticleTesting/P200_I130/run.log - INFO - n_caps=1 | minZ=0.087365 | models=[1014] | nodes=[9]
2026-01-22 01:55:44,058 - /DATA/Aurindum/Swarming/Outputs/20260109_202226_ParticleTesting/P200_I130/run.log - INFO - n_caps=2 | minZ=0.064766 | models=[1014, 1012] | nodes=[9, 10]
2026-01-22 02:09:09,212 - /DATA/Aurindum/Swarming/Outputs/20260109_202226_ParticleTesting/P200_I130/run.log - INFO - n_caps=3 | minZ=0.053863 | models=[1014, 1012, 527] | nodes=[9, 10, 14]
2026-01-22 02:23:01,902 - /DATA/Aurindum/Swarming/Outputs/20260109_202226_ParticleTesting/P200_I130/run.log - INFO - n_caps=4 | minZ=0.049852 | models=[1014, 1012, 512, 433] | nodes=[9, 10, 14, 15]
2026-01-22 02:36:02,495 - /DATA/Aurindum/Swarming/Outputs/20260109_202226_ParticleTesting/P200_I130/run.log - INFO - n_caps=5 | minZ=0.047587 | models=[1014, 1012, 512, 433, 434] | nodes=[9, 10, 14, 15, 5]
2026-01-22 02:48:31,524 - /DATA/Aurindum/Swarming/Outputs/20260109_202226_ParticleTesting/P200_I130/run.log - INFO - n_caps=6 | minZ=0.045091 | models=[1014, 1012, 509, 433, 434, 189] | nodes=[9, 10, 14, 15, 5, 7]
2026-01-22 03:01:19,852 - /DATA/Aurindum/Swarming/Outputs/20260109_202226_ParticleTesting/P200_I130/run.log - INFO - n_caps=7 | minZ=0.043073 | models=[1014, 1012, 509, 433, 434, 189, 109] | nodes=[9, 10, 14, 15, 5, 7, 6]
2026-01-22 03:14:01,806 - /DATA/Aurindum/Swarming/Outputs/20260109_202226_ParticleTesting/P200_I130/run.log - INFO - n_caps=8 | minZ=0.041789 | models=[1014, 1012, 509, 433, 434, 189, 109, 171] | nodes=[9, 10, 14, 15, 5, 7, 6, 16]
2026-01-22 03:14:01,806 - /DATA/Aurindum/Swarming/Outputs/20260109_202226_ParticleTesting/P200_I130/run.log - INFO - Threshold reached at n_caps=8
2026-01-22 03:27:36,309 - /DATA/Aurindum/Swarming/Outputs/20260109_202226_ParticleTesting/P200_I140/run.log - INFO - n_caps=1 | minZ=0.087365 | models=[1014] | nodes=[9]
2026-01-22 03:41:49,645 - /DATA/Aurindum/Swarming/Outputs/20260109_202226_ParticleTesting/P200_I140/run.log - INFO - n_caps=2 | minZ=0.064766 | models=[1014, 1014] | nodes=[9, 10]
2026-01-22 03:55:50,373 - /DATA/Aurindum/Swarming/Outputs/20260109_202226_ParticleTesting/P200_I140/run.log - INFO - n_caps=3 | minZ=0.053863 | models=[1014, 1014, 527] | nodes=[9, 10, 14]
2026-01-22 04:09:58,243 - /DATA/Aurindum/Swarming/Outputs/20260109_202226_ParticleTesting/P200_I140/run.log - INFO - n_caps=4 | minZ=0.049666 | models=[1014, 1014, 455, 434] | nodes=[10, 9, 14, 15]
2026-01-22 04:23:53,287 - /DATA/Aurindum/Swarming/Outputs/20260109_202226_ParticleTesting/P200_I140/run.log - INFO - n_caps=5 | minZ=0.045994 | models=[1014, 1014, 455, 447, 342] | nodes=[10, 9, 14, 15, 5]
2026-01-22 04:37:51,554 - /DATA/Aurindum/Swarming/Outputs/20260109_202226_ParticleTesting/P200_I140/run.log - INFO - n_caps=6 | minZ=0.044033 | models=[1014, 1014, 433, 448, 342, 222] | nodes=[9, 10, 14, 15, 5, 6]
2026-01-22 04:51:47,487 - /DATA/Aurindum/Swarming/Outputs/20260109_202226_ParticleTesting/P200_I140/run.log - INFO - n_caps=7 | minZ=0.042121 | models=[1014, 1014, 433, 447, 342, 221, 171] | nodes=[9, 10, 15, 14, 5, 7, 6]
2026-01-22 05:06:01,478 - /DATA/Aurindum/Swarming/Outputs/20260109_202226_ParticleTesting/P200_I140/run.log - INFO - n_caps=8 | minZ=0.040796 | models=[1014, 1014, 434, 447, 342, 221, 171, 273] | nodes=[9, 10, 15, 14, 5, 6, 7, 16]
2026-01-22 05:06:01,479 - /DATA/Aurindum/Swarming/Outputs/20260109_202226_ParticleTesting/P200_I140/run.log - INFO - Threshold reached at n_caps=8
2026-01-22 05:21:15,178 - /DATA/Aurindum/Swarming/Outputs/20260109_202226_ParticleTesting/P200_I150/run.log - INFO - n_caps=1 | minZ=0.087365 | models=[1012] | nodes=[9]
2026-01-22 05:36:12,954 - /DATA/Aurindum/Swarming/Outputs/20260109_202226_ParticleTesting/P200_I150/run.log - INFO - n_caps=2 | minZ=0.064766 | models=[1012, 1014] | nodes=[9, 10]
2026-01-22 05:51:26,241 - /DATA/Aurindum/Swarming/Outputs/20260109_202226_ParticleTesting/P200_I150/run.log - INFO - n_caps=3 | minZ=0.053863 | models=[1012, 1014, 527] | nodes=[9, 10, 14]
2026-01-22 06:07:00,915 - /DATA/Aurindum/Swarming/Outputs/20260109_202226_ParticleTesting/P200_I150/run.log - INFO - n_caps=4 | minZ=0.049852 | models=[1012, 1014, 511, 434] | nodes=[9, 10, 14, 15]
2026-01-22 06:21:41,119 - /DATA/Aurindum/Swarming/Outputs/20260109_202226_ParticleTesting/P200_I150/run.log - INFO - n_caps=5 | minZ=0.046292 | models=[1012, 1014, 447, 434, 344] | nodes=[9, 10, 14, 15, 6]
2026-01-22 06:36:42,891 - /DATA/Aurindum/Swarming/Outputs/20260109_202226_ParticleTesting/P200_I150/run.log - INFO - n_caps=6 | minZ=0.043876 | models=[1012, 1014, 447, 434, 344, 171] | nodes=[9, 10, 14, 15, 5, 6]
2026-01-22 06:51:41,807 - /DATA/Aurindum/Swarming/Outputs/20260109_202226_ParticleTesting/P200_I150/run.log - INFO - n_caps=7 | minZ=0.042121 | models=[1012, 1014, 447, 433, 344, 171, 226] | nodes=[9, 10, 14, 15, 5, 6, 7]
2026-01-22 07:06:46,603 - /DATA/Aurindum/Swarming/Outputs/20260109_202226_ParticleTesting/P200_I150/run.log - INFO - n_caps=8 | minZ=0.040869 | models=[1012, 1014, 448, 433, 344, 171, 225, 273] | nodes=[9, 10, 14, 15, 5, 6, 7, 16]
2026-01-22 07:06:46,604 - /DATA/Aurindum/Swarming/Outputs/20260109_202226_ParticleTesting/P200_I150/run.log - INFO - Threshold reached at n_caps=8
2026-01-22 07:22:24,649 - /DATA/Aurindum/Swarming/Outputs/20260109_202226_ParticleTesting/P200_I160/run.log - INFO - n_caps=1 | minZ=0.087365 | models=[1012] | nodes=[9]
2026-01-22 07:38:38,632 - /DATA/Aurindum/Swarming/Outputs/20260109_202226_ParticleTesting/P200_I160/run.log - INFO - n_caps=2 | minZ=0.064766 | models=[1012, 1014] | nodes=[9, 10]
2026-01-22 07:55:12,281 - /DATA/Aurindum/Swarming/Outputs/20260109_202226_ParticleTesting/P200_I160/run.log - INFO - n_caps=3 | minZ=0.053863 | models=[1012, 1014, 527] | nodes=[9, 10, 14]
2026-01-22 08:11:36,808 - /DATA/Aurindum/Swarming/Outputs/20260109_202226_ParticleTesting/P200_I160/run.log - INFO - n_caps=4 | minZ=0.049852 | models=[1012, 1014, 511, 434] | nodes=[9, 10, 14, 15]
2026-01-22 08:27:09,292 - /DATA/Aurindum/Swarming/Outputs/20260109_202226_ParticleTesting/P200_I160/run.log - INFO - n_caps=5 | minZ=0.047841 | models=[1012, 1014, 509, 434, 110] | nodes=[9, 10, 14, 15, 6]
2026-01-22 08:42:36,098 - /DATA/Aurindum/Swarming/Outputs/20260109_202226_ParticleTesting/P200_I160/run.log - INFO - n_caps=6 | minZ=0.044899 | models=[1012, 1014, 509, 434, 96, 189] | nodes=[9, 10, 14, 15, 5, 7]
2026-01-22 08:58:34,452 - /DATA/Aurindum/Swarming/Outputs/20260109_202226_ParticleTesting/P200_I160/run.log - INFO - n_caps=7 | minZ=0.043319 | models=[1012, 1014, 509, 434, 95, 189, 109] | nodes=[9, 10, 14, 15, 5, 7, 6]
2026-01-22 09:15:15,739 - /DATA/Aurindum/Swarming/Outputs/20260109_202226_ParticleTesting/P200_I160/run.log - INFO - n_caps=8 | minZ=0.041659 | models=[1012, 1014, 509, 434, 96, 189, 109, 189] | nodes=[9, 10, 14, 15, 5, 7, 6, 16]
2026-01-22 09:15:15,740 - /DATA/Aurindum/Swarming/Outputs/20260109_202226_ParticleTesting/P200_I160/run.log - INFO - Threshold reached at n_caps=8
2026-01-22 09:32:10,600 - /DATA/Aurindum/Swarming/Outputs/20260109_202226_ParticleTesting/P200_I170/run.log - INFO - n_caps=1 | minZ=0.087365 | models=[1014] | nodes=[9]
2026-01-22 09:48:43,750 - /DATA/Aurindum/Swarming/Outputs/20260109_202226_ParticleTesting/P200_I170/run.log - INFO - n_caps=2 | minZ=0.064766 | models=[1014, 1014] | nodes=[9, 10]
2026-01-22 10:06:05,657 - /DATA/Aurindum/Swarming/Outputs/20260109_202226_ParticleTesting/P200_I170/run.log - INFO - n_caps=3 | minZ=0.053863 | models=[1014, 1014, 528] | nodes=[9, 10, 14]
2026-01-22 10:24:21,718 - /DATA/Aurindum/Swarming/Outputs/20260109_202226_ParticleTesting/P200_I170/run.log - INFO - n_caps=4 | minZ=0.049874 | models=[1014, 1014, 528, 433] | nodes=[9, 10, 14, 15]
2026-01-22 10:44:15,433 - /DATA/Aurindum/Swarming/Outputs/20260109_202226_ParticleTesting/P200_I170/run.log - INFO - n_caps=5 | minZ=0.047841 | models=[1014, 1014, 528, 433, 221] | nodes=[9, 10, 14, 15, 7]
2026-01-22 11:03:49,660 - /DATA/Aurindum/Swarming/Outputs/20260109_202226_ParticleTesting/P200_I170/run.log - INFO - n_caps=6 | minZ=0.044821 | models=[1014, 1014, 523, 433, 171, 434] | nodes=[9, 10, 14, 15, 6, 5]
2026-01-22 11:23:28,545 - /DATA/Aurindum/Swarming/Outputs/20260109_202226_ParticleTesting/P200_I170/run.log - INFO - n_caps=7 | minZ=0.042961 | models=[1014, 1014, 524, 433, 171, 434, 221] | nodes=[9, 10, 14, 15, 6, 5, 7]
2026-01-22 11:43:04,792 - /DATA/Aurindum/Swarming/Outputs/20260109_202226_ParticleTesting/P200_I170/run.log - INFO - n_caps=8 | minZ=0.041531 | models=[1014, 1014, 524, 433, 171, 434, 221, 456] | nodes=[9, 10, 14, 15, 6, 5, 7, 16]
2026-01-22 11:43:04,793 - /DATA/Aurindum/Swarming/Outputs/20260109_202226_ParticleTesting/P200_I170/run.log - INFO - Threshold reached at n_caps=8
2026-01-22 12:03:50,212 - /DATA/Aurindum/Swarming/Outputs/20260109_202226_ParticleTesting/P200_I180/run.log - INFO - n_caps=1 | minZ=0.087365 | models=[1014] | nodes=[9]
2026-01-22 12:24:32,877 - /DATA/Aurindum/Swarming/Outputs/20260109_202226_ParticleTesting/P200_I180/run.log - INFO - n_caps=2 | minZ=0.064766 | models=[1014, 1012] | nodes=[9, 10]
2026-01-22 12:44:00,955 - /DATA/Aurindum/Swarming/Outputs/20260109_202226_ParticleTesting/P200_I180/run.log - INFO - n_caps=3 | minZ=0.053863 | models=[1014, 1012, 528] | nodes=[9, 10, 14]
2026-01-22 13:01:58,234 - /DATA/Aurindum/Swarming/Outputs/20260109_202226_ParticleTesting/P200_I180/run.log - INFO - n_caps=4 | minZ=0.049874 | models=[1014, 1012, 528, 434] | nodes=[9, 10, 14, 15]
2026-01-22 13:20:32,143 - /DATA/Aurindum/Swarming/Outputs/20260109_202226_ParticleTesting/P200_I180/run.log - INFO - n_caps=5 | minZ=0.046182 | models=[1014, 1012, 434, 433, 447] | nodes=[10, 9, 14, 15, 5]
2026-01-22 13:38:52,992 - /DATA/Aurindum/Swarming/Outputs/20260109_202226_ParticleTesting/P200_I180/run.log - INFO - n_caps=6 | minZ=0.044170 | models=[1014, 1012, 433, 433, 447, 109] | nodes=[10, 9, 14, 15, 5, 6]
2026-01-22 13:56:44,841 - /DATA/Aurindum/Swarming/Outputs/20260109_202226_ParticleTesting/P200_I180/run.log - INFO - n_caps=7 | minZ=0.042635 | models=[1014, 1012, 433, 433, 447, 109, 221] | nodes=[10, 9, 14, 15, 5, 6, 7]
2026-01-22 14:16:14,650 - /DATA/Aurindum/Swarming/Outputs/20260109_202226_ParticleTesting/P200_I180/run.log - INFO - n_caps=8 | minZ=0.041424 | models=[1014, 1012, 434, 433, 447, 109, 221, 189] | nodes=[10, 9, 14, 15, 5, 6, 7, 16]
2026-01-22 14:16:14,650 - /DATA/Aurindum/Swarming/Outputs/20260109_202226_ParticleTesting/P200_I180/run.log - INFO - Threshold reached at n_caps=8
2026-01-22 14:35:51,150 - /DATA/Aurindum/Swarming/Outputs/20260109_202226_ParticleTesting/P200_I190/run.log - INFO - n_caps=1 | minZ=0.087365 | models=[1014] | nodes=[9]
2026-01-22 14:55:00,759 - /DATA/Aurindum/Swarming/Outputs/20260109_202226_ParticleTesting/P200_I190/run.log - INFO - n_caps=2 | minZ=0.064766 | models=[1014, 1012] | nodes=[9, 10]
2026-01-22 15:13:47,918 - /DATA/Aurindum/Swarming/Outputs/20260109_202226_ParticleTesting/P200_I190/run.log - INFO - n_caps=3 | minZ=0.053863 | models=[1014, 1012, 527] | nodes=[9, 10, 14]
2026-01-22 15:32:23,764 - /DATA/Aurindum/Swarming/Outputs/20260109_202226_ParticleTesting/P200_I190/run.log - INFO - n_caps=4 | minZ=0.049874 | models=[1014, 1012, 527, 434] | nodes=[9, 10, 14, 15]
2026-01-22 15:52:05,824 - /DATA/Aurindum/Swarming/Outputs/20260109_202226_ParticleTesting/P200_I190/run.log - INFO - n_caps=5 | minZ=0.047791 | models=[1014, 1012, 509, 434, 893] | nodes=[9, 10, 14, 15, 5]
2026-01-22 16:13:00,932 - /DATA/Aurindum/Swarming/Outputs/20260109_202226_ParticleTesting/P200_I190/run.log - INFO - n_caps=6 | minZ=0.044016 | models=[1014, 1012, 509, 434, 893, 262] | nodes=[9, 10, 14, 15, 5, 6]
2026-01-22 16:34:10,871 - /DATA/Aurindum/Swarming/Outputs/20260109_202226_ParticleTesting/P200_I190/run.log - INFO - n_caps=7 | minZ=0.041589 | models=[1014, 1012, 509, 434, 893, 262, 178] | nodes=[9, 10, 14, 15, 5, 6, 7]
2026-01-22 16:34:10,872 - /DATA/Aurindum/Swarming/Outputs/20260109_202226_ParticleTesting/P200_I190/run.log - INFO - Threshold reached at n_caps=7
2026-01-22 16:56:34,510 - /DATA/Aurindum/Swarming/Outputs/20260109_202226_ParticleTesting/P200_I200/run.log - INFO - n_caps=1 | minZ=0.087365 | models=[1012] | nodes=[9]
2026-01-22 17:18:57,202 - /DATA/Aurindum/Swarming/Outputs/20260109_202226_ParticleTesting/P200_I200/run.log - INFO - n_caps=2 | minZ=0.064766 | models=[1012, 1012] | nodes=[9, 10]
2026-01-22 17:41:28,311 - /DATA/Aurindum/Swarming/Outputs/20260109_202226_ParticleTesting/P200_I200/run.log - INFO - n_caps=3 | minZ=0.053863 | models=[1012, 1012, 528] | nodes=[9, 10, 14]
2026-01-22 18:04:07,497 - /DATA/Aurindum/Swarming/Outputs/20260109_202226_ParticleTesting/P200_I200/run.log - INFO - n_caps=4 | minZ=0.049852 | models=[1012, 1012, 512, 434] | nodes=[9, 10, 14, 15]
2026-01-22 18:27:09,640 - /DATA/Aurindum/Swarming/Outputs/20260109_202226_ParticleTesting/P200_I200/run.log - INFO - n_caps=5 | minZ=0.046081 | models=[1012, 1012, 447, 434, 434] | nodes=[9, 10, 14, 15, 5]
2026-01-22 18:50:10,169 - /DATA/Aurindum/Swarming/Outputs/20260109_202226_ParticleTesting/P200_I200/run.log - INFO - n_caps=6 | minZ=0.044101 | models=[1012, 1012, 447, 434, 434, 110] | nodes=[9, 10, 14, 15, 5, 6]
2026-01-22 19:11:46,179 - /DATA/Aurindum/Swarming/Outputs/20260109_202226_ParticleTesting/P200_I200/run.log - INFO - n_caps=7 | minZ=0.042576 | models=[1012, 1012, 447, 434, 434, 110, 222] | nodes=[9, 10, 14, 15, 5, 6, 7]
2026-01-22 19:32:37,113 - /DATA/Aurindum/Swarming/Outputs/20260109_202226_ParticleTesting/P200_I200/run.log - INFO - n_caps=8 | minZ=0.041346 | models=[1012, 1012, 447, 433, 434, 110, 222, 171] | nodes=[9, 10, 14, 15, 5, 6, 7, 16]
2026-01-22 19:32:37,114 - /DATA/Aurindum/Swarming/Outputs/20260109_202226_ParticleTesting/P200_I200/run.log - INFO - Threshold reached at n_caps=8
