method,threshold,run_id,folder,log_file,status,success,time_to_target_s,caps_at_target,best_minz,stages_completed,final_stage_iterations
iterative,0.03,1,D:\MyStuff\College\.7thSemester\PSO\Swarming\MinTime\ScratchBenchBaseline\iterative__THR__0.03\run_1,D:\MyStuff\College\.7thSemester\PSO\Swarming\MinTime\ScratchBenchBaseline\iterative__THR__0.03\run_1\run_1.log,failure_or_timeout,False,,,0.039638,20,15
iterative,0.03,10,D:\MyStuff\College\.7thSemester\PSO\Swarming\MinTime\ScratchBenchBaseline\iterative__THR__0.03\run_10,D:\MyStuff\College\.7thSemester\PSO\Swarming\MinTime\ScratchBenchBaseline\iterative__THR__0.03\run_10\run_10.log,failure_or_timeout,False,,,0.039418,20,15
iterative,0.03,11,D:\MyStuff\College\.7thSemester\PSO\Swarming\MinTime\ScratchBenchBaseline\iterative__THR__0.03\run_11,D:\MyStuff\College\.7thSemester\PSO\Swarming\MinTime\ScratchBenchBaseline\iterative__THR__0.03\run_11\run_11.log,failure_or_timeout,False,,,0.037671,20,15
iterative,0.03,12,D:\MyStuff\College\.7thSemester\PSO\Swarming\MinTime\ScratchBenchBaseline\iterative__THR__0.03\run_12,D:\MyStuff\College\.7thSemester\PSO\Swarming\MinTime\ScratchBenchBaseline\iterative__THR__0.03\run_12\run_12.log,failure_or_timeout,False,,,0.03907,20,15
iterative,0.03,13,D:\MyStuff\College\.7thSemester\PSO\Swarming\MinTime\ScratchBenchBaseline\iterative__THR__0.03\run_13,D:\MyStuff\College\.7thSemester\PSO\Swarming\MinTime\ScratchBenchBaseline\iterative__THR__0.03\run_13\run_13.log,failure_or_timeout,False,,,0.038254,20,15
iterative,0.03,14,D:\MyStuff\College\.7thSemester\PSO\Swarming\MinTime\ScratchBenchBaseline\iterative__THR__0.03\run_14,D:\MyStuff\College\.7thSemester\PSO\Swarming\MinTime\ScratchBenchBaseline\iterative__THR__0.03\run_14\run_14.log,failure_or_timeout,False,,,0.03792,20,15
iterative,0.03,15,D:\MyStuff\College\.7thSemester\PSO\Swarming\MinTime\ScratchBenchBaseline\iterative__THR__0.03\run_15,D:\MyStuff\College\.7thSemester\PSO\Swarming\MinTime\ScratchBenchBaseline\iterative__THR__0.03\run_15\run_15.log,failure_or_timeout,False,,,0.038699,20,15
iterative,0.03,16,D:\MyStuff\College\.7thSemester\PSO\Swarming\MinTime\ScratchBenchBaseline\iterative__THR__0.03\run_16,D:\MyStuff\College\.7thSemester\PSO\Swarming\MinTime\ScratchBenchBaseline\iterative__THR__0.03\run_16\run_16.log,failure_or_timeout,False,,,0.038808,20,15
iterative,0.03,17,D:\MyStuff\College\.7thSemester\PSO\Swarming\MinTime\ScratchBenchBaseline\iterative__THR__0.03\run_17,D:\MyStuff\College\.7thSemester\PSO\Swarming\MinTime\ScratchBenchBaseline\iterative__THR__0.03\run_17\run_17.log,failure_or_timeout,False,,,0.039051,20,15
iterative,0.03,18,D:\MyStuff\College\.7thSemester\PSO\Swarming\MinTime\ScratchBenchBaseline\iterative__THR__0.03\run_18,D:\MyStuff\College\.7thSemester\PSO\Swarming\MinTime\ScratchBenchBaseline\iterative__THR__0.03\run_18\run_18.log,failure_or_timeout,False,,,0.038027,20,15
iterative,0.03,19,D:\MyStuff\College\.7thSemester\PSO\Swarming\MinTime\ScratchBenchBaseline\iterative__THR__0.03\run_19,D:\MyStuff\College\.7thSemester\PSO\Swarming\MinTime\ScratchBenchBaseline\iterative__THR__0.03\run_19\run_19.log,failure_or_timeout,False,,,0.039141,20,15
iterative,0.03,2,D:\MyStuff\College\.7thSemester\PSO\Swarming\MinTime\ScratchBenchBaseline\iterative__THR__0.03\run_2,D:\MyStuff\College\.7thSemester\PSO\Swarming\MinTime\ScratchBenchBaseline\iterative__THR__0.03\run_2\run_2.log,failure_or_timeout,False,,,0.037365,20,15
iterative,0.03,20,D:\MyStuff\College\.7thSemester\PSO\Swarming\MinTime\ScratchBenchBaseline\iterative__THR__0.03\run_20,D:\MyStuff\College\.7thSemester\PSO\Swarming\MinTime\ScratchBenchBaseline\iterative__THR__0.03\run_20\run_20.log,failure_or_timeout,False,,,0.038599,20,15
iterative,0.03,3,D:\MyStuff\College\.7thSemester\PSO\Swarming\MinTime\ScratchBenchBaseline\iterative__THR__0.03\run_3,D:\MyStuff\College\.7thSemester\PSO\Swarming\MinTime\ScratchBenchBaseline\iterative__THR__0.03\run_3\run_3.log,failure_or_timeout,False,,,0.038075,20,15
iterative,0.03,4,D:\MyStuff\College\.7thSemester\PSO\Swarming\MinTime\ScratchBenchBaseline\iterative__THR__0.03\run_4,D:\MyStuff\College\.7thSemester\PSO\Swarming\MinTime\ScratchBenchBaseline\iterative__THR__0.03\run_4\run_4.log,failure_or_timeout,False,,,0.038882,20,15
iterative,0.03,5,D:\MyStuff\College\.7thSemester\PSO\Swarming\MinTime\ScratchBenchBaseline\iterative__THR__0.03\run_5,D:\MyStuff\College\.7thSemester\PSO\Swarming\MinTime\ScratchBenchBaseline\iterative__THR__0.03\run_5\run_5.log,failure_or_timeout,False,,,0.038954,20,15
iterative,0.03,6,D:\MyStuff\College\.7thSemester\PSO\Swarming\MinTime\ScratchBenchBaseline\iterative__THR__0.03\run_6,D:\MyStuff\College\.7thSemester\PSO\Swarming\MinTime\ScratchBenchBaseline\iterative__THR__0.03\run_6\run_6.log,failure_or_timeout,False,,,0.038691,20,15
iterative,0.03,7,D:\MyStuff\College\.7thSemester\PSO\Swarming\MinTime\ScratchBenchBaseline\iterative__THR__0.03\run_7,D:\MyStuff\College\.7thSemester\PSO\Swarming\MinTime\ScratchBenchBaseline\iterative__THR__0.03\run_7\run_7.log,failure_or_timeout,False,,,0.038053,20,15
iterative,0.03,8,D:\MyStuff\College\.7thSemester\PSO\Swarming\MinTime\ScratchBenchBaseline\iterative__THR__0.03\run_8,D:\MyStuff\College\.7thSemester\PSO\Swarming\MinTime\ScratchBenchBaseline\iterative__THR__0.03\run_8\run_8.log,failure_or_timeout,False,,,0.039549,20,15
iterative,0.03,9,D:\MyStuff\College\.7thSemester\PSO\Swarming\MinTime\ScratchBenchBaseline\iterative__THR__0.03\run_9,D:\MyStuff\College\.7thSemester\PSO\Swarming\MinTime\ScratchBenchBaseline\iterative__THR__0.03\run_9\run_9.log,failure_or_timeout,False,,,0.039565,20,15
iterative,0.04,1,D:\MyStuff\College\.7thSemester\PSO\Swarming\MinTime\ScratchBenchBaseline\iterative__THR__0.04\run_1,D:\MyStuff\College\.7thSemester\PSO\Swarming\MinTime\ScratchBenchBaseline\iterative__THR__0.04\run_1\run_1.log,success,True,721.5373,16,0.039971,16,10
iterative,0.04,10,D:\MyStuff\College\.7thSemester\PSO\Swarming\MinTime\ScratchBenchBaseline\iterative__THR__0.04\run_10,D:\MyStuff\College\.7thSemester\PSO\Swarming\MinTime\ScratchBenchBaseline\iterative__THR__0.04\run_10\run_10.log,success,True,919.171,20,0.03993,20,7
iterative,0.04,11,D:\MyStuff\College\.7thSemester\PSO\Swarming\MinTime\ScratchBenchBaseline\iterative__THR__0.04\run_11,D:\MyStuff\College\.7thSemester\PSO\Swarming\MinTime\ScratchBenchBaseline\iterative__THR__0.04\run_11\run_11.log,success,True,581.6291,13,0.039824,13,12
iterative,0.04,12,D:\MyStuff\College\.7thSemester\PSO\Swarming\MinTime\ScratchBenchBaseline\iterative__THR__0.04\run_12,D:\MyStuff\College\.7thSemester\PSO\Swarming\MinTime\ScratchBenchBaseline\iterative__THR__0.04\run_12\run_12.log,success,True,542.1733,13,0.039949,13,2
iterative,0.04,13,D:\MyStuff\College\.7thSemester\PSO\Swarming\MinTime\ScratchBenchBaseline\iterative__THR__0.04\run_13,D:\MyStuff\College\.7thSemester\PSO\Swarming\MinTime\ScratchBenchBaseline\iterative__THR__0.04\run_13\run_13.log,success,True,352.8598,9,0.039866,9,1
iterative,0.04,14,D:\MyStuff\College\.7thSemester\PSO\Swarming\MinTime\ScratchBenchBaseline\iterative__THR__0.04\run_14,D:\MyStuff\College\.7thSemester\PSO\Swarming\MinTime\ScratchBenchBaseline\iterative__THR__0.04\run_14\run_14.log,success,True,600.7172,14,0.039943,14,2
iterative,0.04,15,D:\MyStuff\College\.7thSemester\PSO\Swarming\MinTime\ScratchBenchBaseline\iterative__THR__0.04\run_15,D:\MyStuff\College\.7thSemester\PSO\Swarming\MinTime\ScratchBenchBaseline\iterative__THR__0.04\run_15\run_15.log,success,True,468.4947,11,0.039833,11,5
iterative,0.04,16,D:\MyStuff\College\.7thSemester\PSO\Swarming\MinTime\ScratchBenchBaseline\iterative__THR__0.04\run_16,D:\MyStuff\College\.7thSemester\PSO\Swarming\MinTime\ScratchBenchBaseline\iterative__THR__0.04\run_16\run_16.log,success,True,493.6861,11,0.039969,11,13
iterative,0.04,17,D:\MyStuff\College\.7thSemester\PSO\Swarming\MinTime\ScratchBenchBaseline\iterative__THR__0.04\run_17,D:\MyStuff\College\.7thSemester\PSO\Swarming\MinTime\ScratchBenchBaseline\iterative__THR__0.04\run_17\run_17.log,success,True,555.9659,13,0.039968,13,1
iterative,0.04,18,D:\MyStuff\College\.7thSemester\PSO\Swarming\MinTime\ScratchBenchBaseline\iterative__THR__0.04\run_18,D:\MyStuff\College\.7thSemester\PSO\Swarming\MinTime\ScratchBenchBaseline\iterative__THR__0.04\run_18\run_18.log,success,True,536.6192,12,0.039931,12,11
iterative,0.04,19,D:\MyStuff\College\.7thSemester\PSO\Swarming\MinTime\ScratchBenchBaseline\iterative__THR__0.04\run_19,D:\MyStuff\College\.7thSemester\PSO\Swarming\MinTime\ScratchBenchBaseline\iterative__THR__0.04\run_19\run_19.log,success,True,595.4792,14,0.039932,14,5
iterative,0.04,2,D:\MyStuff\College\.7thSemester\PSO\Swarming\MinTime\ScratchBenchBaseline\iterative__THR__0.04\run_2,D:\MyStuff\College\.7thSemester\PSO\Swarming\MinTime\ScratchBenchBaseline\iterative__THR__0.04\run_2\run_2.log,success,True,360.04,9,0.039999,9,3
iterative,0.04,20,D:\MyStuff\College\.7thSemester\PSO\Swarming\MinTime\ScratchBenchBaseline\iterative__THR__0.04\run_20,D:\MyStuff\College\.7thSemester\PSO\Swarming\MinTime\ScratchBenchBaseline\iterative__THR__0.04\run_20\run_20.log,success,True,628.1784,14,0.039785,14,13
iterative,0.04,3,D:\MyStuff\College\.7thSemester\PSO\Swarming\MinTime\ScratchBenchBaseline\iterative__THR__0.04\run_3,D:\MyStuff\College\.7thSemester\PSO\Swarming\MinTime\ScratchBenchBaseline\iterative__THR__0.04\run_3\run_3.log,success,True,444.9733,11,0.039957,11,2
iterative,0.04,4,D:\MyStuff\College\.7thSemester\PSO\Swarming\MinTime\ScratchBenchBaseline\iterative__THR__0.04\run_4,D:\MyStuff\College\.7thSemester\PSO\Swarming\MinTime\ScratchBenchBaseline\iterative__THR__0.04\run_4\run_4.log,success,True,557.699,13,0.039721,13,8
iterative,0.04,5,D:\MyStuff\College\.7thSemester\PSO\Swarming\MinTime\ScratchBenchBaseline\iterative__THR__0.04\run_5,D:\MyStuff\College\.7thSemester\PSO\Swarming\MinTime\ScratchBenchBaseline\iterative__THR__0.04\run_5\run_5.log,success,True,741.3073,17,0.039987,17,1
iterative,0.04,6,D:\MyStuff\College\.7thSemester\PSO\Swarming\MinTime\ScratchBenchBaseline\iterative__THR__0.04\run_6,D:\MyStuff\College\.7thSemester\PSO\Swarming\MinTime\ScratchBenchBaseline\iterative__THR__0.04\run_6\run_6.log,success,True,517.2285,12,0.039956,12,9
iterative,0.04,7,D:\MyStuff\College\.7thSemester\PSO\Swarming\MinTime\ScratchBenchBaseline\iterative__THR__0.04\run_7,D:\MyStuff\College\.7thSemester\PSO\Swarming\MinTime\ScratchBenchBaseline\iterative__THR__0.04\run_7\run_7.log,success,True,508.8962,12,0.039845,12,5
iterative,0.04,8,D:\MyStuff\College\.7thSemester\PSO\Swarming\MinTime\ScratchBenchBaseline\iterative__THR__0.04\run_8,D:\MyStuff\College\.7thSemester\PSO\Swarming\MinTime\ScratchBenchBaseline\iterative__THR__0.04\run_8\run_8.log,success,True,588.9413,13,0.039983,13,12
iterative,0.04,9,D:\MyStuff\College\.7thSemester\PSO\Swarming\MinTime\ScratchBenchBaseline\iterative__THR__0.04\run_9,D:\MyStuff\College\.7thSemester\PSO\Swarming\MinTime\ScratchBenchBaseline\iterative__THR__0.04\run_9\run_9.log,success,True,693.7028,16,0.039985,16,3
iterative,0.045,1,D:\MyStuff\College\.7thSemester\PSO\Swarming\MinTime\ScratchBenchBaseline\iterative__THR__0.045\run_1,D:\MyStuff\College\.7thSemester\PSO\Swarming\MinTime\ScratchBenchBaseline\iterative__THR__0.045\run_1\run_1.log,success,True,281.4352,7,0.044961,7,9
iterative,0.045,10,D:\MyStuff\College\.7thSemester\PSO\Swarming\MinTime\ScratchBenchBaseline\iterative__THR__0.045\run_10,D:\MyStuff\College\.7thSemester\PSO\Swarming\MinTime\ScratchBenchBaseline\iterative__THR__0.045\run_10\run_10.log,success,True,300.0924,8,0.04496,8,1
iterative,0.045,11,D:\MyStuff\College\.7thSemester\PSO\Swarming\MinTime\ScratchBenchBaseline\iterative__THR__0.045\run_11,D:\MyStuff\College\.7thSemester\PSO\Swarming\MinTime\ScratchBenchBaseline\iterative__THR__0.045\run_11\run_11.log,success,True,311.9843,8,0.044558,8,1
iterative,0.045,12,D:\MyStuff\College\.7thSemester\PSO\Swarming\MinTime\ScratchBenchBaseline\iterative__THR__0.045\run_12,D:\MyStuff\College\.7thSemester\PSO\Swarming\MinTime\ScratchBenchBaseline\iterative__THR__0.045\run_12\run_12.log,success,True,309.7587,8,0.044977,8,3
iterative,0.045,13,D:\MyStuff\College\.7thSemester\PSO\Swarming\MinTime\ScratchBenchBaseline\iterative__THR__0.045\run_13,D:\MyStuff\College\.7thSemester\PSO\Swarming\MinTime\ScratchBenchBaseline\iterative__THR__0.045\run_13\run_13.log,success,True,221.4337,6,0.044974,6,4
iterative,0.045,14,D:\MyStuff\College\.7thSemester\PSO\Swarming\MinTime\ScratchBenchBaseline\iterative__THR__0.045\run_14,D:\MyStuff\College\.7thSemester\PSO\Swarming\MinTime\ScratchBenchBaseline\iterative__THR__0.045\run_14\run_14.log,success,True,263.7038,7,0.044956,7,2
iterative,0.045,15,D:\MyStuff\College\.7thSemester\PSO\Swarming\MinTime\ScratchBenchBaseline\iterative__THR__0.045\run_15,D:\MyStuff\College\.7thSemester\PSO\Swarming\MinTime\ScratchBenchBaseline\iterative__THR__0.045\run_15\run_15.log,success,True,239.4348,6,0.044994,6,10
iterative,0.045,16,D:\MyStuff\College\.7thSemester\PSO\Swarming\MinTime\ScratchBenchBaseline\iterative__THR__0.045\run_16,D:\MyStuff\College\.7thSemester\PSO\Swarming\MinTime\ScratchBenchBaseline\iterative__THR__0.045\run_16\run_16.log,success,True,230.1659,6,0.044826,6,7
iterative,0.045,17,D:\MyStuff\College\.7thSemester\PSO\Swarming\MinTime\ScratchBenchBaseline\iterative__THR__0.045\run_17,D:\MyStuff\College\.7thSemester\PSO\Swarming\MinTime\ScratchBenchBaseline\iterative__THR__0.045\run_17\run_17.log,success,True,268.344,7,0.044469,7,4
iterative,0.045,18,D:\MyStuff\College\.7thSemester\PSO\Swarming\MinTime\ScratchBenchBaseline\iterative__THR__0.045\run_18,D:\MyStuff\College\.7thSemester\PSO\Swarming\MinTime\ScratchBenchBaseline\iterative__THR__0.045\run_18\run_18.log,success,True,257.893,7,0.044823,7,2
iterative,0.045,19,D:\MyStuff\College\.7thSemester\PSO\Swarming\MinTime\ScratchBenchBaseline\iterative__THR__0.045\run_19,D:\MyStuff\College\.7thSemester\PSO\Swarming\MinTime\ScratchBenchBaseline\iterative__THR__0.045\run_19\run_19.log,success,True,328.4141,8,0.044736,8,9
iterative,0.045,2,D:\MyStuff\College\.7thSemester\PSO\Swarming\MinTime\ScratchBenchBaseline\iterative__THR__0.045\run_2,D:\MyStuff\College\.7thSemester\PSO\Swarming\MinTime\ScratchBenchBaseline\iterative__THR__0.045\run_2\run_2.log,success,True,213.921,6,0.044876,6,1
iterative,0.045,20,D:\MyStuff\College\.7thSemester\PSO\Swarming\MinTime\ScratchBenchBaseline\iterative__THR__0.045\run_20,D:\MyStuff\College\.7thSemester\PSO\Swarming\MinTime\ScratchBenchBaseline\iterative__THR__0.045\run_20\run_20.log,success,True,276.2766,7,0.04488,7,4
iterative,0.045,3,D:\MyStuff\College\.7thSemester\PSO\Swarming\MinTime\ScratchBenchBaseline\iterative__THR__0.045\run_3,D:\MyStuff\College\.7thSemester\PSO\Swarming\MinTime\ScratchBenchBaseline\iterative__THR__0.045\run_3\run_3.log,success,True,251.5073,7,0.044764,7,1
iterative,0.045,4,D:\MyStuff\College\.7thSemester\PSO\Swarming\MinTime\ScratchBenchBaseline\iterative__THR__0.045\run_4,D:\MyStuff\College\.7thSemester\PSO\Swarming\MinTime\ScratchBenchBaseline\iterative__THR__0.045\run_4\run_4.log,success,True,267.7561,7,0.044447,7,5
iterative,0.045,5,D:\MyStuff\College\.7thSemester\PSO\Swarming\MinTime\ScratchBenchBaseline\iterative__THR__0.045\run_5,D:\MyStuff\College\.7thSemester\PSO\Swarming\MinTime\ScratchBenchBaseline\iterative__THR__0.045\run_5\run_5.log,success,True,270.2562,7,0.044583,7,4
iterative,0.045,6,D:\MyStuff\College\.7thSemester\PSO\Swarming\MinTime\ScratchBenchBaseline\iterative__THR__0.045\run_6,D:\MyStuff\College\.7thSemester\PSO\Swarming\MinTime\ScratchBenchBaseline\iterative__THR__0.045\run_6\run_6.log,success,True,261.7357,7,0.04436,7,1
iterative,0.045,7,D:\MyStuff\College\.7thSemester\PSO\Swarming\MinTime\ScratchBenchBaseline\iterative__THR__0.045\run_7,D:\MyStuff\College\.7thSemester\PSO\Swarming\MinTime\ScratchBenchBaseline\iterative__THR__0.045\run_7\run_7.log,success,True,272.2539,7,0.044588,7,1
iterative,0.045,8,D:\MyStuff\College\.7thSemester\PSO\Swarming\MinTime\ScratchBenchBaseline\iterative__THR__0.045\run_8,D:\MyStuff\College\.7thSemester\PSO\Swarming\MinTime\ScratchBenchBaseline\iterative__THR__0.045\run_8\run_8.log,success,True,259.4992,7,0.044998,7,1
iterative,0.045,9,D:\MyStuff\College\.7thSemester\PSO\Swarming\MinTime\ScratchBenchBaseline\iterative__THR__0.045\run_9,D:\MyStuff\College\.7thSemester\PSO\Swarming\MinTime\ScratchBenchBaseline\iterative__THR__0.045\run_9\run_9.log,success,True,278.9859,7,0.044769,7,8
iterative,0.05,1,D:\MyStuff\College\.7thSemester\PSO\Swarming\MinTime\ScratchBenchBaseline\iterative__THR__0.05\run_1,D:\MyStuff\College\.7thSemester\PSO\Swarming\MinTime\ScratchBenchBaseline\iterative__THR__0.05\run_1\run_1.log,success,True,227.1172,5,0.049563,10,9
iterative,0.05,10,D:\MyStuff\College\.7thSemester\PSO\Swarming\MinTime\ScratchBenchBaseline\iterative__THR__0.05\run_10,D:\MyStuff\College\.7thSemester\PSO\Swarming\MinTime\ScratchBenchBaseline\iterative__THR__0.05\run_10\run_10.log,success,True,248.9544,6,0.049157,12,1
iterative,0.05,11,D:\MyStuff\College\.7thSemester\PSO\Swarming\MinTime\ScratchBenchBaseline\iterative__THR__0.05\run_11,D:\MyStuff\College\.7thSemester\PSO\Swarming\MinTime\ScratchBenchBaseline\iterative__THR__0.05\run_11\run_11.log,success,True,212.8928,5,0.049757,10,5
iterative,0.05,12,D:\MyStuff\College\.7thSemester\PSO\Swarming\MinTime\ScratchBenchBaseline\iterative__THR__0.05\run_12,D:\MyStuff\College\.7thSemester\PSO\Swarming\MinTime\ScratchBenchBaseline\iterative__THR__0.05\run_12\run_12.log,success,True,250.5944,6,0.049188,12,1
iterative,0.05,13,D:\MyStuff\College\.7thSemester\PSO\Swarming\MinTime\ScratchBenchBaseline\iterative__THR__0.05\run_13,D:\MyStuff\College\.7thSemester\PSO\Swarming\MinTime\ScratchBenchBaseline\iterative__THR__0.05\run_13\run_13.log,success,True,195.4245,5,0.048535,10,1
iterative,0.05,14,D:\MyStuff\College\.7thSemester\PSO\Swarming\MinTime\ScratchBenchBaseline\iterative__THR__0.05\run_14,D:\MyStuff\College\.7thSemester\PSO\Swarming\MinTime\ScratchBenchBaseline\iterative__THR__0.05\run_14\run_14.log,success,True,198.0417,5,0.048739,10,1
iterative,0.05,15,D:\MyStuff\College\.7thSemester\PSO\Swarming\MinTime\ScratchBenchBaseline\iterative__THR__0.05\run_15,D:\MyStuff\College\.7thSemester\PSO\Swarming\MinTime\ScratchBenchBaseline\iterative__THR__0.05\run_15\run_15.log,success,True,195.6034,5,0.049779,10,5
iterative,0.05,16,D:\MyStuff\College\.7thSemester\PSO\Swarming\MinTime\ScratchBenchBaseline\iterative__THR__0.05\run_16,D:\MyStuff\College\.7thSemester\PSO\Swarming\MinTime\ScratchBenchBaseline\iterative__THR__0.05\run_16\run_16.log,success,True,170.7659,5,0.048465,10,2
iterative,0.05,17,D:\MyStuff\College\.7thSemester\PSO\Swarming\MinTime\ScratchBenchBaseline\iterative__THR__0.05\run_17,D:\MyStuff\College\.7thSemester\PSO\Swarming\MinTime\ScratchBenchBaseline\iterative__THR__0.05\run_17\run_17.log,success,True,167.4326,5,0.048845,10,1
iterative,0.05,18,D:\MyStuff\College\.7thSemester\PSO\Swarming\MinTime\ScratchBenchBaseline\iterative__THR__0.05\run_18,D:\MyStuff\College\.7thSemester\PSO\Swarming\MinTime\ScratchBenchBaseline\iterative__THR__0.05\run_18\run_18.log,success,True,200.811,5,0.048845,10,13
iterative,0.05,19,D:\MyStuff\College\.7thSemester\PSO\Swarming\MinTime\ScratchBenchBaseline\iterative__THR__0.05\run_19,D:\MyStuff\College\.7thSemester\PSO\Swarming\MinTime\ScratchBenchBaseline\iterative__THR__0.05\run_19\run_19.log,success,True,211.4693,6,0.04902,12,2
iterative,0.05,2,D:\MyStuff\College\.7thSemester\PSO\Swarming\MinTime\ScratchBenchBaseline\iterative__THR__0.05\run_2,D:\MyStuff\College\.7thSemester\PSO\Swarming\MinTime\ScratchBenchBaseline\iterative__THR__0.05\run_2\run_2.log,success,True,202.2751,5,0.049981,10,1
iterative,0.05,20,D:\MyStuff\College\.7thSemester\PSO\Swarming\MinTime\ScratchBenchBaseline\iterative__THR__0.05\run_20,D:\MyStuff\College\.7thSemester\PSO\Swarming\MinTime\ScratchBenchBaseline\iterative__THR__0.05\run_20\run_20.log,success,True,176.8969,5,0.049951,10,3
iterative,0.05,3,D:\MyStuff\College\.7thSemester\PSO\Swarming\MinTime\ScratchBenchBaseline\iterative__THR__0.05\run_3,D:\MyStuff\College\.7thSemester\PSO\Swarming\MinTime\ScratchBenchBaseline\iterative__THR__0.05\run_3\run_3.log,success,True,203.4461,5,0.048816,10,2
iterative,0.05,4,D:\MyStuff\College\.7thSemester\PSO\Swarming\MinTime\ScratchBenchBaseline\iterative__THR__0.05\run_4,D:\MyStuff\College\.7thSemester\PSO\Swarming\MinTime\ScratchBenchBaseline\iterative__THR__0.05\run_4\run_4.log,success,True,217.3463,5,0.049566,10,7
iterative,0.05,5,D:\MyStuff\College\.7thSemester\PSO\Swarming\MinTime\ScratchBenchBaseline\iterative__THR__0.05\run_5,D:\MyStuff\College\.7thSemester\PSO\Swarming\MinTime\ScratchBenchBaseline\iterative__THR__0.05\run_5\run_5.log,success,True,218.1747,5,0.049649,10,7
iterative,0.05,6,D:\MyStuff\College\.7thSemester\PSO\Swarming\MinTime\ScratchBenchBaseline\iterative__THR__0.05\run_6,D:\MyStuff\College\.7thSemester\PSO\Swarming\MinTime\ScratchBenchBaseline\iterative__THR__0.05\run_6\run_6.log,success,True,201.6995,5,0.049974,10,1
iterative,0.05,7,D:\MyStuff\College\.7thSemester\PSO\Swarming\MinTime\ScratchBenchBaseline\iterative__THR__0.05\run_7,D:\MyStuff\College\.7thSemester\PSO\Swarming\MinTime\ScratchBenchBaseline\iterative__THR__0.05\run_7\run_7.log,success,True,211.8026,5,0.048226,10,4
iterative,0.05,8,D:\MyStuff\College\.7thSemester\PSO\Swarming\MinTime\ScratchBenchBaseline\iterative__THR__0.05\run_8,D:\MyStuff\College\.7thSemester\PSO\Swarming\MinTime\ScratchBenchBaseline\iterative__THR__0.05\run_8\run_8.log,success,True,247.0261,5,0.04948,10,15
iterative,0.05,9,D:\MyStuff\College\.7thSemester\PSO\Swarming\MinTime\ScratchBenchBaseline\iterative__THR__0.05\run_9,D:\MyStuff\College\.7thSemester\PSO\Swarming\MinTime\ScratchBenchBaseline\iterative__THR__0.05\run_9\run_9.log,success,True,248.7114,6,0.04894,12,1
numpy,0.03,1,D:\MyStuff\College\.7thSemester\PSO\Swarming\MinTime\ScratchBenchBaseline\numpy__THR__0.03\run_1,D:\MyStuff\College\.7thSemester\PSO\Swarming\MinTime\ScratchBenchBaseline\numpy__THR__0.03\run_1\run_1.log,failure_or_timeout,False,,,0.03877,20,15
numpy,0.03,10,D:\MyStuff\College\.7thSemester\PSO\Swarming\MinTime\ScratchBenchBaseline\numpy__THR__0.03\run_10,D:\MyStuff\College\.7thSemester\PSO\Swarming\MinTime\ScratchBenchBaseline\numpy__THR__0.03\run_10\run_10.log,failure_or_timeout,False,,,0.039279,20,15
numpy,0.03,11,D:\MyStuff\College\.7thSemester\PSO\Swarming\MinTime\ScratchBenchBaseline\numpy__THR__0.03\run_11,D:\MyStuff\College\.7thSemester\PSO\Swarming\MinTime\ScratchBenchBaseline\numpy__THR__0.03\run_11\run_11.log,failure_or_timeout,False,,,0.039348,20,15
numpy,0.03,12,D:\MyStuff\College\.7thSemester\PSO\Swarming\MinTime\ScratchBenchBaseline\numpy__THR__0.03\run_12,D:\MyStuff\College\.7thSemester\PSO\Swarming\MinTime\ScratchBenchBaseline\numpy__THR__0.03\run_12\run_12.log,failure_or_timeout,False,,,0.038903,20,15
numpy,0.03,13,D:\MyStuff\College\.7thSemester\PSO\Swarming\MinTime\ScratchBenchBaseline\numpy__THR__0.03\run_13,D:\MyStuff\College\.7thSemester\PSO\Swarming\MinTime\ScratchBenchBaseline\numpy__THR__0.03\run_13\run_13.log,failure_or_timeout,False,,,0.039591,20,15
numpy,0.03,14,D:\MyStuff\College\.7thSemester\PSO\Swarming\MinTime\ScratchBenchBaseline\numpy__THR__0.03\run_14,D:\MyStuff\College\.7thSemester\PSO\Swarming\MinTime\ScratchBenchBaseline\numpy__THR__0.03\run_14\run_14.log,failure_or_timeout,False,,,0.038136,20,15
numpy,0.03,15,D:\MyStuff\College\.7thSemester\PSO\Swarming\MinTime\ScratchBenchBaseline\numpy__THR__0.03\run_15,D:\MyStuff\College\.7thSemester\PSO\Swarming\MinTime\ScratchBenchBaseline\numpy__THR__0.03\run_15\run_15.log,failure_or_timeout,False,,,0.039435,20,15
numpy,0.03,16,D:\MyStuff\College\.7thSemester\PSO\Swarming\MinTime\ScratchBenchBaseline\numpy__THR__0.03\run_16,D:\MyStuff\College\.7thSemester\PSO\Swarming\MinTime\ScratchBenchBaseline\numpy__THR__0.03\run_16\run_16.log,failure_or_timeout,False,,,0.038049,20,15
numpy,0.03,17,D:\MyStuff\College\.7thSemester\PSO\Swarming\MinTime\ScratchBenchBaseline\numpy__THR__0.03\run_17,D:\MyStuff\College\.7thSemester\PSO\Swarming\MinTime\ScratchBenchBaseline\numpy__THR__0.03\run_17\run_17.log,failure_or_timeout,False,,,0.03855,20,15
numpy,0.03,18,D:\MyStuff\College\.7thSemester\PSO\Swarming\MinTime\ScratchBenchBaseline\numpy__THR__0.03\run_18,D:\MyStuff\College\.7thSemester\PSO\Swarming\MinTime\ScratchBenchBaseline\numpy__THR__0.03\run_18\run_18.log,failure_or_timeout,False,,,0.039115,20,15
numpy,0.03,19,D:\MyStuff\College\.7thSemester\PSO\Swarming\MinTime\ScratchBenchBaseline\numpy__THR__0.03\run_19,D:\MyStuff\College\.7thSemester\PSO\Swarming\MinTime\ScratchBenchBaseline\numpy__THR__0.03\run_19\run_19.log,failure_or_timeout,False,,,0.039721,20,15
numpy,0.03,2,D:\MyStuff\College\.7thSemester\PSO\Swarming\MinTime\ScratchBenchBaseline\numpy__THR__0.03\run_2,D:\MyStuff\College\.7thSemester\PSO\Swarming\MinTime\ScratchBenchBaseline\numpy__THR__0.03\run_2\run_2.log,failure_or_timeout,False,,,0.03842,20,15
numpy,0.03,20,D:\MyStuff\College\.7thSemester\PSO\Swarming\MinTime\ScratchBenchBaseline\numpy__THR__0.03\run_20,D:\MyStuff\College\.7thSemester\PSO\Swarming\MinTime\ScratchBenchBaseline\numpy__THR__0.03\run_20\run_20.log,failure_or_timeout,False,,,0.038417,20,15
numpy,0.03,3,D:\MyStuff\College\.7thSemester\PSO\Swarming\MinTime\ScratchBenchBaseline\numpy__THR__0.03\run_3,D:\MyStuff\College\.7thSemester\PSO\Swarming\MinTime\ScratchBenchBaseline\numpy__THR__0.03\run_3\run_3.log,failure_or_timeout,False,,,0.039884,20,15
numpy,0.03,4,D:\MyStuff\College\.7thSemester\PSO\Swarming\MinTime\ScratchBenchBaseline\numpy__THR__0.03\run_4,D:\MyStuff\College\.7thSemester\PSO\Swarming\MinTime\ScratchBenchBaseline\numpy__THR__0.03\run_4\run_4.log,failure_or_timeout,False,,,0.039405,20,15
numpy,0.03,5,D:\MyStuff\College\.7thSemester\PSO\Swarming\MinTime\ScratchBenchBaseline\numpy__THR__0.03\run_5,D:\MyStuff\College\.7thSemester\PSO\Swarming\MinTime\ScratchBenchBaseline\numpy__THR__0.03\run_5\run_5.log,failure_or_timeout,False,,,0.039097,20,15
numpy,0.03,6,D:\MyStuff\College\.7thSemester\PSO\Swarming\MinTime\ScratchBenchBaseline\numpy__THR__0.03\run_6,D:\MyStuff\College\.7thSemester\PSO\Swarming\MinTime\ScratchBenchBaseline\numpy__THR__0.03\run_6\run_6.log,failure_or_timeout,False,,,0.039849,20,15
numpy,0.03,7,D:\MyStuff\College\.7thSemester\PSO\Swarming\MinTime\ScratchBenchBaseline\numpy__THR__0.03\run_7,D:\MyStuff\College\.7thSemester\PSO\Swarming\MinTime\ScratchBenchBaseline\numpy__THR__0.03\run_7\run_7.log,failure_or_timeout,False,,,0.039303,20,15
numpy,0.03,8,D:\MyStuff\College\.7thSemester\PSO\Swarming\MinTime\ScratchBenchBaseline\numpy__THR__0.03\run_8,D:\MyStuff\College\.7thSemester\PSO\Swarming\MinTime\ScratchBenchBaseline\numpy__THR__0.03\run_8\run_8.log,failure_or_timeout,False,,,0.040327,20,15
numpy,0.03,9,D:\MyStuff\College\.7thSemester\PSO\Swarming\MinTime\ScratchBenchBaseline\numpy__THR__0.03\run_9,D:\MyStuff\College\.7thSemester\PSO\Swarming\MinTime\ScratchBenchBaseline\numpy__THR__0.03\run_9\run_9.log,failure_or_timeout,False,,,0.040352,20,15
numpy,0.04,1,D:\MyStuff\College\.7thSemester\PSO\Swarming\MinTime\ScratchBenchBaseline\numpy__THR__0.04\run_1,D:\MyStuff\College\.7thSemester\PSO\Swarming\MinTime\ScratchBenchBaseline\numpy__THR__0.04\run_1\run_1.log,success,True,380.9556,11,0.039961,11,1
numpy,0.04,10,D:\MyStuff\College\.7thSemester\PSO\Swarming\MinTime\ScratchBenchBaseline\numpy__THR__0.04\run_10,D:\MyStuff\College\.7thSemester\PSO\Swarming\MinTime\ScratchBenchBaseline\numpy__THR__0.04\run_10\run_10.log,success,True,576.6106,15,0.039747,15,5
numpy,0.04,11,D:\MyStuff\College\.7thSemester\PSO\Swarming\MinTime\ScratchBenchBaseline\numpy__THR__0.04\run_11,D:\MyStuff\College\.7thSemester\PSO\Swarming\MinTime\ScratchBenchBaseline\numpy__THR__0.04\run_11\run_11.log,success,True,393.0325,11,0.039993,11,5
numpy,0.04,12,D:\MyStuff\College\.7thSemester\PSO\Swarming\MinTime\ScratchBenchBaseline\numpy__THR__0.04\run_12,D:\MyStuff\College\.7thSemester\PSO\Swarming\MinTime\ScratchBenchBaseline\numpy__THR__0.04\run_12\run_12.log,success,True,609.8451,16,0.039789,16,1
numpy,0.04,13,D:\MyStuff\College\.7thSemester\PSO\Swarming\MinTime\ScratchBenchBaseline\numpy__THR__0.04\run_13,D:\MyStuff\College\.7thSemester\PSO\Swarming\MinTime\ScratchBenchBaseline\numpy__THR__0.04\run_13\run_13.log,success,True,794.6197,19,0.039741,19,15
numpy,0.04,14,D:\MyStuff\College\.7thSemester\PSO\Swarming\MinTime\ScratchBenchBaseline\numpy__THR__0.04\run_14,D:\MyStuff\College\.7thSemester\PSO\Swarming\MinTime\ScratchBenchBaseline\numpy__THR__0.04\run_14\run_14.log,success,True,478.4653,12,0.039965,12,14
numpy,0.04,15,D:\MyStuff\College\.7thSemester\PSO\Swarming\MinTime\ScratchBenchBaseline\numpy__THR__0.04\run_15,D:\MyStuff\College\.7thSemester\PSO\Swarming\MinTime\ScratchBenchBaseline\numpy__THR__0.04\run_15\run_15.log,success,True,718.7989,18,0.039706,18,3
numpy,0.04,16,D:\MyStuff\College\.7thSemester\PSO\Swarming\MinTime\ScratchBenchBaseline\numpy__THR__0.04\run_16,D:\MyStuff\College\.7thSemester\PSO\Swarming\MinTime\ScratchBenchBaseline\numpy__THR__0.04\run_16\run_16.log,success,True,455.9998,12,0.039923,12,1
numpy,0.04,17,D:\MyStuff\College\.7thSemester\PSO\Swarming\MinTime\ScratchBenchBaseline\numpy__THR__0.04\run_17,D:\MyStuff\College\.7thSemester\PSO\Swarming\MinTime\ScratchBenchBaseline\numpy__THR__0.04\run_17\run_17.log,success,True,401.4566,11,0.039932,11,5
numpy,0.04,18,D:\MyStuff\College\.7thSemester\PSO\Swarming\MinTime\ScratchBenchBaseline\numpy__THR__0.04\run_18,D:\MyStuff\College\.7thSemester\PSO\Swarming\MinTime\ScratchBenchBaseline\numpy__THR__0.04\run_18\run_18.log,success,True,600.7899,16,0.039989,16,2
numpy,0.04,19,D:\MyStuff\College\.7thSemester\PSO\Swarming\MinTime\ScratchBenchBaseline\numpy__THR__0.04\run_19,D:\MyStuff\College\.7thSemester\PSO\Swarming\MinTime\ScratchBenchBaseline\numpy__THR__0.04\run_19\run_19.log,success,True,732.2861,19,0.039989,19,1
numpy,0.04,2,D:\MyStuff\College\.7thSemester\PSO\Swarming\MinTime\ScratchBenchBaseline\numpy__THR__0.04\run_2,D:\MyStuff\College\.7thSemester\PSO\Swarming\MinTime\ScratchBenchBaseline\numpy__THR__0.04\run_2\run_2.log,success,True,434.0885,12,0.039991,12,2
numpy,0.04,20,D:\MyStuff\College\.7thSemester\PSO\Swarming\MinTime\ScratchBenchBaseline\numpy__THR__0.04\run_20,D:\MyStuff\College\.7thSemester\PSO\Swarming\MinTime\ScratchBenchBaseline\numpy__THR__0.04\run_20\run_20.log,success,True,394.1206,11,0.039997,11,6
numpy,0.04,3,D:\MyStuff\College\.7thSemester\PSO\Swarming\MinTime\ScratchBenchBaseline\numpy__THR__0.04\run_3,D:\MyStuff\College\.7thSemester\PSO\Swarming\MinTime\ScratchBenchBaseline\numpy__THR__0.04\run_3\run_3.log,success,True,768.7271,19,0.039978,19,12
numpy,0.04,4,D:\MyStuff\College\.7thSemester\PSO\Swarming\MinTime\ScratchBenchBaseline\numpy__THR__0.04\run_4,D:\MyStuff\College\.7thSemester\PSO\Swarming\MinTime\ScratchBenchBaseline\numpy__THR__0.04\run_4\run_4.log,success,True,663.3463,17,0.04,17,9
numpy,0.04,5,D:\MyStuff\College\.7thSemester\PSO\Swarming\MinTime\ScratchBenchBaseline\numpy__THR__0.04\run_5,D:\MyStuff\College\.7thSemester\PSO\Swarming\MinTime\ScratchBenchBaseline\numpy__THR__0.04\run_5\run_5.log,success,True,439.2797,12,0.039992,12,2
numpy,0.04,6,D:\MyStuff\College\.7thSemester\PSO\Swarming\MinTime\ScratchBenchBaseline\numpy__THR__0.04\run_6,D:\MyStuff\College\.7thSemester\PSO\Swarming\MinTime\ScratchBenchBaseline\numpy__THR__0.04\run_6\run_6.log,success,True,588.0538,15,0.039916,15,12
numpy,0.04,7,D:\MyStuff\College\.7thSemester\PSO\Swarming\MinTime\ScratchBenchBaseline\numpy__THR__0.04\run_7,D:\MyStuff\College\.7thSemester\PSO\Swarming\MinTime\ScratchBenchBaseline\numpy__THR__0.04\run_7\run_7.log,success,True,557.425,15,0.039985,15,7
numpy,0.04,8,D:\MyStuff\College\.7thSemester\PSO\Swarming\MinTime\ScratchBenchBaseline\numpy__THR__0.04\run_8,D:\MyStuff\College\.7thSemester\PSO\Swarming\MinTime\ScratchBenchBaseline\numpy__THR__0.04\run_8\run_8.log,failure_or_timeout,False,,,0.040327,20,15
numpy,0.04,9,D:\MyStuff\College\.7thSemester\PSO\Swarming\MinTime\ScratchBenchBaseline\numpy__THR__0.04\run_9,D:\MyStuff\College\.7thSemester\PSO\Swarming\MinTime\ScratchBenchBaseline\numpy__THR__0.04\run_9\run_9.log,failure_or_timeout,False,,,0.040352,20,15
numpy,0.045,1,D:\MyStuff\College\.7thSemester\PSO\Swarming\MinTime\ScratchBenchBaseline\numpy__THR__0.045\run_1,D:\MyStuff\College\.7thSemester\PSO\Swarming\MinTime\ScratchBenchBaseline\numpy__THR__0.045\run_1\run_1.log,success,True,171.5393,6,0.044364,12,8
numpy,0.045,10,D:\MyStuff\College\.7thSemester\PSO\Swarming\MinTime\ScratchBenchBaseline\numpy__THR__0.045\run_10,D:\MyStuff\College\.7thSemester\PSO\Swarming\MinTime\ScratchBenchBaseline\numpy__THR__0.045\run_10\run_10.log,success,True,193.473,7,0.044849,7,3
numpy,0.045,11,D:\MyStuff\College\.7thSemester\PSO\Swarming\MinTime\ScratchBenchBaseline\numpy__THR__0.045\run_11,D:\MyStuff\College\.7thSemester\PSO\Swarming\MinTime\ScratchBenchBaseline\numpy__THR__0.045\run_11\run_11.log,success,True,193.4127,7,0.043819,7,2
numpy,0.045,12,D:\MyStuff\College\.7thSemester\PSO\Swarming\MinTime\ScratchBenchBaseline\numpy__THR__0.045\run_12,D:\MyStuff\College\.7thSemester\PSO\Swarming\MinTime\ScratchBenchBaseline\numpy__THR__0.045\run_12\run_12.log,success,True,215.0152,7,0.04462,7,12
numpy,0.045,13,D:\MyStuff\College\.7thSemester\PSO\Swarming\MinTime\ScratchBenchBaseline\numpy__THR__0.045\run_13,D:\MyStuff\College\.7thSemester\PSO\Swarming\MinTime\ScratchBenchBaseline\numpy__THR__0.045\run_13\run_13.log,success,True,223.2219,8,0.04483,8,2
numpy,0.045,14,D:\MyStuff\College\.7thSemester\PSO\Swarming\MinTime\ScratchBenchBaseline\numpy__THR__0.045\run_14,D:\MyStuff\College\.7thSemester\PSO\Swarming\MinTime\ScratchBenchBaseline\numpy__THR__0.045\run_14\run_14.log,success,True,190.0065,6,0.044665,6,9
numpy,0.045,15,D:\MyStuff\College\.7thSemester\PSO\Swarming\MinTime\ScratchBenchBaseline\numpy__THR__0.045\run_15,D:\MyStuff\College\.7thSemester\PSO\Swarming\MinTime\ScratchBenchBaseline\numpy__THR__0.045\run_15\run_15.log,success,True,216.1627,7,0.04459,7,11
numpy,0.045,16,D:\MyStuff\College\.7thSemester\PSO\Swarming\MinTime\ScratchBenchBaseline\numpy__THR__0.045\run_16,D:\MyStuff\College\.7thSemester\PSO\Swarming\MinTime\ScratchBenchBaseline\numpy__THR__0.045\run_16\run_16.log,success,True,203.9123,7,0.044542,7,1
numpy,0.045,17,D:\MyStuff\College\.7thSemester\PSO\Swarming\MinTime\ScratchBenchBaseline\numpy__THR__0.045\run_17,D:\MyStuff\College\.7thSemester\PSO\Swarming\MinTime\ScratchBenchBaseline\numpy__THR__0.045\run_17\run_17.log,success,True,173.1832,6,0.04462,6,4
numpy,0.045,18,D:\MyStuff\College\.7thSemester\PSO\Swarming\MinTime\ScratchBenchBaseline\numpy__THR__0.045\run_18,D:\MyStuff\College\.7thSemester\PSO\Swarming\MinTime\ScratchBenchBaseline\numpy__THR__0.045\run_18\run_18.log,success,True,195.2246,7,0.044765,7,1
numpy,0.045,19,D:\MyStuff\College\.7thSemester\PSO\Swarming\MinTime\ScratchBenchBaseline\numpy__THR__0.045\run_19,D:\MyStuff\College\.7thSemester\PSO\Swarming\MinTime\ScratchBenchBaseline\numpy__THR__0.045\run_19\run_19.log,success,True,262.6676,9,0.044922,9,2
numpy,0.045,2,D:\MyStuff\College\.7thSemester\PSO\Swarming\MinTime\ScratchBenchBaseline\numpy__THR__0.045\run_2,D:\MyStuff\College\.7thSemester\PSO\Swarming\MinTime\ScratchBenchBaseline\numpy__THR__0.045\run_2\run_2.log,success,True,166.2719,6,0.044411,12,6
numpy,0.045,20,D:\MyStuff\College\.7thSemester\PSO\Swarming\MinTime\ScratchBenchBaseline\numpy__THR__0.045\run_20,D:\MyStuff\College\.7thSemester\PSO\Swarming\MinTime\ScratchBenchBaseline\numpy__THR__0.045\run_20\run_20.log,success,True,191.0147,7,0.044804,7,1
numpy,0.045,3,D:\MyStuff\College\.7thSemester\PSO\Swarming\MinTime\ScratchBenchBaseline\numpy__THR__0.045\run_3,D:\MyStuff\College\.7thSemester\PSO\Swarming\MinTime\ScratchBenchBaseline\numpy__THR__0.045\run_3\run_3.log,success,True,193.0424,7,0.044676,14,1
numpy,0.045,4,D:\MyStuff\College\.7thSemester\PSO\Swarming\MinTime\ScratchBenchBaseline\numpy__THR__0.045\run_4,D:\MyStuff\College\.7thSemester\PSO\Swarming\MinTime\ScratchBenchBaseline\numpy__THR__0.045\run_4\run_4.log,success,True,188.0911,7,0.044961,14,2
numpy,0.045,5,D:\MyStuff\College\.7thSemester\PSO\Swarming\MinTime\ScratchBenchBaseline\numpy__THR__0.045\run_5,D:\MyStuff\College\.7thSemester\PSO\Swarming\MinTime\ScratchBenchBaseline\numpy__THR__0.045\run_5\run_5.log,success,True,192.616,7,0.044792,14,4
numpy,0.045,6,D:\MyStuff\College\.7thSemester\PSO\Swarming\MinTime\ScratchBenchBaseline\numpy__THR__0.045\run_6,D:\MyStuff\College\.7thSemester\PSO\Swarming\MinTime\ScratchBenchBaseline\numpy__THR__0.045\run_6\run_6.log,success,True,194.5723,7,0.044822,14,1
numpy,0.045,7,D:\MyStuff\College\.7thSemester\PSO\Swarming\MinTime\ScratchBenchBaseline\numpy__THR__0.045\run_7,D:\MyStuff\College\.7thSemester\PSO\Swarming\MinTime\ScratchBenchBaseline\numpy__THR__0.045\run_7\run_7.log,success,True,190.224,7,0.044601,14,1
numpy,0.045,8,D:\MyStuff\College\.7thSemester\PSO\Swarming\MinTime\ScratchBenchBaseline\numpy__THR__0.045\run_8,D:\MyStuff\College\.7thSemester\PSO\Swarming\MinTime\ScratchBenchBaseline\numpy__THR__0.045\run_8\run_8.log,success,True,188.2283,7,0.044646,14,1
numpy,0.045,9,D:\MyStuff\College\.7thSemester\PSO\Swarming\MinTime\ScratchBenchBaseline\numpy__THR__0.045\run_9,D:\MyStuff\College\.7thSemester\PSO\Swarming\MinTime\ScratchBenchBaseline\numpy__THR__0.045\run_9\run_9.log,success,True,227.7578,8,0.044993,14,5
numpy,0.05,1,D:\MyStuff\College\.7thSemester\PSO\Swarming\MinTime\ScratchBenchBaseline\numpy__THR__0.05\run_1,D:\MyStuff\College\.7thSemester\PSO\Swarming\MinTime\ScratchBenchBaseline\numpy__THR__0.05\run_1\run_1.log,success,True,150.8563,5,0.049339,10,1
numpy,0.05,10,D:\MyStuff\College\.7thSemester\PSO\Swarming\MinTime\ScratchBenchBaseline\numpy__THR__0.05\run_10,D:\MyStuff\College\.7thSemester\PSO\Swarming\MinTime\ScratchBenchBaseline\numpy__THR__0.05\run_10\run_10.log,success,True,186.6881,5,0.04942,10,15
numpy,0.05,11,D:\MyStuff\College\.7thSemester\PSO\Swarming\MinTime\ScratchBenchBaseline\numpy__THR__0.05\run_11,D:\MyStuff\College\.7thSemester\PSO\Swarming\MinTime\ScratchBenchBaseline\numpy__THR__0.05\run_11\run_11.log,success,True,154.2502,5,0.049593,10,1
numpy,0.05,12,D:\MyStuff\College\.7thSemester\PSO\Swarming\MinTime\ScratchBenchBaseline\numpy__THR__0.05\run_12,D:\MyStuff\College\.7thSemester\PSO\Swarming\MinTime\ScratchBenchBaseline\numpy__THR__0.05\run_12\run_12.log,success,True,192.1377,6,0.049617,12,1
numpy,0.05,13,D:\MyStuff\College\.7thSemester\PSO\Swarming\MinTime\ScratchBenchBaseline\numpy__THR__0.05\run_13,D:\MyStuff\College\.7thSemester\PSO\Swarming\MinTime\ScratchBenchBaseline\numpy__THR__0.05\run_13\run_13.log,success,True,191.9741,6,0.049649,12,1
numpy,0.05,14,D:\MyStuff\College\.7thSemester\PSO\Swarming\MinTime\ScratchBenchBaseline\numpy__THR__0.05\run_14,D:\MyStuff\College\.7thSemester\PSO\Swarming\MinTime\ScratchBenchBaseline\numpy__THR__0.05\run_14\run_14.log,success,True,155.4028,5,0.048962,10,1
numpy,0.05,15,D:\MyStuff\College\.7thSemester\PSO\Swarming\MinTime\ScratchBenchBaseline\numpy__THR__0.05\run_15,D:\MyStuff\College\.7thSemester\PSO\Swarming\MinTime\ScratchBenchBaseline\numpy__THR__0.05\run_15\run_15.log,success,True,183.7101,5,0.049062,10,13
numpy,0.05,16,D:\MyStuff\College\.7thSemester\PSO\Swarming\MinTime\ScratchBenchBaseline\numpy__THR__0.05\run_16,D:\MyStuff\College\.7thSemester\PSO\Swarming\MinTime\ScratchBenchBaseline\numpy__THR__0.05\run_16\run_16.log,success,True,168.209,5,0.049461,10,5
numpy,0.05,17,D:\MyStuff\College\.7thSemester\PSO\Swarming\MinTime\ScratchBenchBaseline\numpy__THR__0.05\run_17,D:\MyStuff\College\.7thSemester\PSO\Swarming\MinTime\ScratchBenchBaseline\numpy__THR__0.05\run_17\run_17.log,success,True,152.9537,5,0.049867,10,1
numpy,0.05,18,D:\MyStuff\College\.7thSemester\PSO\Swarming\MinTime\ScratchBenchBaseline\numpy__THR__0.05\run_18,D:\MyStuff\College\.7thSemester\PSO\Swarming\MinTime\ScratchBenchBaseline\numpy__THR__0.05\run_18\run_18.log,success,True,139.8151,5,0.049684,10,2
numpy,0.05,19,D:\MyStuff\College\.7thSemester\PSO\Swarming\MinTime\ScratchBenchBaseline\numpy__THR__0.05\run_19,D:\MyStuff\College\.7thSemester\PSO\Swarming\MinTime\ScratchBenchBaseline\numpy__THR__0.05\run_19\run_19.log,success,True,190.9225,6,0.049968,12,9
numpy,0.05,2,D:\MyStuff\College\.7thSemester\PSO\Swarming\MinTime\ScratchBenchBaseline\numpy__THR__0.05\run_2,D:\MyStuff\College\.7thSemester\PSO\Swarming\MinTime\ScratchBenchBaseline\numpy__THR__0.05\run_2\run_2.log,success,True,153.8428,5,0.04999,10,1
numpy,0.05,20,D:\MyStuff\College\.7thSemester\PSO\Swarming\MinTime\ScratchBenchBaseline\numpy__THR__0.05\run_20,D:\MyStuff\College\.7thSemester\PSO\Swarming\MinTime\ScratchBenchBaseline\numpy__THR__0.05\run_20\run_20.log,success,True,134.1645,5,0.049257,10,1
numpy,0.05,3,D:\MyStuff\College\.7thSemester\PSO\Swarming\MinTime\ScratchBenchBaseline\numpy__THR__0.05\run_3,D:\MyStuff\College\.7thSemester\PSO\Swarming\MinTime\ScratchBenchBaseline\numpy__THR__0.05\run_3\run_3.log,success,True,154.4532,5,0.049701,10,2
numpy,0.05,4,D:\MyStuff\College\.7thSemester\PSO\Swarming\MinTime\ScratchBenchBaseline\numpy__THR__0.05\run_4,D:\MyStuff\College\.7thSemester\PSO\Swarming\MinTime\ScratchBenchBaseline\numpy__THR__0.05\run_4\run_4.log,success,True,152.7703,5,0.04965,10,1
numpy,0.05,5,D:\MyStuff\College\.7thSemester\PSO\Swarming\MinTime\ScratchBenchBaseline\numpy__THR__0.05\run_5,D:\MyStuff\College\.7thSemester\PSO\Swarming\MinTime\ScratchBenchBaseline\numpy__THR__0.05\run_5\run_5.log,success,True,180.5716,5,0.049254,10,11
numpy,0.05,6,D:\MyStuff\College\.7thSemester\PSO\Swarming\MinTime\ScratchBenchBaseline\numpy__THR__0.05\run_6,D:\MyStuff\College\.7thSemester\PSO\Swarming\MinTime\ScratchBenchBaseline\numpy__THR__0.05\run_6\run_6.log,success,True,163.7095,5,0.049872,10,1
numpy,0.05,7,D:\MyStuff\College\.7thSemester\PSO\Swarming\MinTime\ScratchBenchBaseline\numpy__THR__0.05\run_7,D:\MyStuff\College\.7thSemester\PSO\Swarming\MinTime\ScratchBenchBaseline\numpy__THR__0.05\run_7\run_7.log,success,True,164.1914,5,0.049756,10,2
numpy,0.05,8,D:\MyStuff\College\.7thSemester\PSO\Swarming\MinTime\ScratchBenchBaseline\numpy__THR__0.05\run_8,D:\MyStuff\College\.7thSemester\PSO\Swarming\MinTime\ScratchBenchBaseline\numpy__THR__0.05\run_8\run_8.log,success,True,178.9128,5,0.049838,10,9
numpy,0.05,9,D:\MyStuff\College\.7thSemester\PSO\Swarming\MinTime\ScratchBenchBaseline\numpy__THR__0.05\run_9,D:\MyStuff\College\.7thSemester\PSO\Swarming\MinTime\ScratchBenchBaseline\numpy__THR__0.05\run_9\run_9.log,success,True,233.6755,7,0.049499,14,1
pure_python,0.03,1,D:\MyStuff\College\.7thSemester\PSO\Swarming\MinTime\ScratchBenchBaseline\pure_python__THR__0.03\run_1,D:\MyStuff\College\.7thSemester\PSO\Swarming\MinTime\ScratchBenchBaseline\pure_python__THR__0.03\run_1\run_1.log,failure_or_timeout,False,,,0.03877,20,15
pure_python,0.03,2,D:\MyStuff\College\.7thSemester\PSO\Swarming\MinTime\ScratchBenchBaseline\pure_python__THR__0.03\run_2,D:\MyStuff\College\.7thSemester\PSO\Swarming\MinTime\ScratchBenchBaseline\pure_python__THR__0.03\run_2\run_2.log,failure_or_timeout,False,,,0.03842,20,15
pure_python,0.03,3,D:\MyStuff\College\.7thSemester\PSO\Swarming\MinTime\ScratchBenchBaseline\pure_python__THR__0.03\run_3,D:\MyStuff\College\.7thSemester\PSO\Swarming\MinTime\ScratchBenchBaseline\pure_python__THR__0.03\run_3\run_3.log,failure_or_timeout,False,,,0.039884,20,15
pure_python,0.03,4,D:\MyStuff\College\.7thSemester\PSO\Swarming\MinTime\ScratchBenchBaseline\pure_python__THR__0.03\run_4,D:\MyStuff\College\.7thSemester\PSO\Swarming\MinTime\ScratchBenchBaseline\pure_python__THR__0.03\run_4\run_4.log,failure_or_timeout,False,,,0.039405,20,15
pure_python,0.03,5,D:\MyStuff\College\.7thSemester\PSO\Swarming\MinTime\ScratchBenchBaseline\pure_python__THR__0.03\run_5,D:\MyStuff\College\.7thSemester\PSO\Swarming\MinTime\ScratchBenchBaseline\pure_python__THR__0.03\run_5\run_5.log,missing_result,False,,,,11,15
pure_python,0.04,1,D:\MyStuff\College\.7thSemester\PSO\Swarming\MinTime\ScratchBenchBaseline\pure_python__THR__0.04\run_1,D:\MyStuff\College\.7thSemester\PSO\Swarming\MinTime\ScratchBenchBaseline\pure_python__THR__0.04\run_1\run_1.log,success,True,18260.7275,11,0.039961,11,1
pure_python,0.04,10,D:\MyStuff\College\.7thSemester\PSO\Swarming\MinTime\ScratchBenchBaseline\pure_python__THR__0.04\run_10,D:\MyStuff\College\.7thSemester\PSO\Swarming\MinTime\ScratchBenchBaseline\pure_python__THR__0.04\run_10\run_10.log,success,True,26715.626,15,0.039747,15,5
pure_python,0.04,11,D:\MyStuff\College\.7thSemester\PSO\Swarming\MinTime\ScratchBenchBaseline\pure_python__THR__0.04\run_11,D:\MyStuff\College\.7thSemester\PSO\Swarming\MinTime\ScratchBenchBaseline\pure_python__THR__0.04\run_11\run_11.log,success,True,19638.7796,11,0.039993,11,5
pure_python,0.04,12,D:\MyStuff\College\.7thSemester\PSO\Swarming\MinTime\ScratchBenchBaseline\pure_python__THR__0.04\run_12,D:\MyStuff\College\.7thSemester\PSO\Swarming\MinTime\ScratchBenchBaseline\pure_python__THR__0.04\run_12\run_12.log,success,True,29044.1636,16,0.039789,16,1
pure_python,0.04,13,D:\MyStuff\College\.7thSemester\PSO\Swarming\MinTime\ScratchBenchBaseline\pure_python__THR__0.04\run_13,D:\MyStuff\College\.7thSemester\PSO\Swarming\MinTime\ScratchBenchBaseline\pure_python__THR__0.04\run_13\run_13.log,success,True,34901.7219,19,0.039741,19,15
pure_python,0.04,14,D:\MyStuff\College\.7thSemester\PSO\Swarming\MinTime\ScratchBenchBaseline\pure_python__THR__0.04\run_14,D:\MyStuff\College\.7thSemester\PSO\Swarming\MinTime\ScratchBenchBaseline\pure_python__THR__0.04\run_14\run_14.log,success,True,23199.9416,12,0.039965,12,14
pure_python,0.04,15,D:\MyStuff\College\.7thSemester\PSO\Swarming\MinTime\ScratchBenchBaseline\pure_python__THR__0.04\run_15,D:\MyStuff\College\.7thSemester\PSO\Swarming\MinTime\ScratchBenchBaseline\pure_python__THR__0.04\run_15\run_15.log,success,True,32389.6637,18,0.039706,18,3
pure_python,0.04,16,D:\MyStuff\College\.7thSemester\PSO\Swarming\MinTime\ScratchBenchBaseline\pure_python__THR__0.04\run_16,D:\MyStuff\College\.7thSemester\PSO\Swarming\MinTime\ScratchBenchBaseline\pure_python__THR__0.04\run_16\run_16.log,success,True,20278.3104,12,0.039923,12,1
pure_python,0.04,17,D:\MyStuff\College\.7thSemester\PSO\Swarming\MinTime\ScratchBenchBaseline\pure_python__THR__0.04\run_17,D:\MyStuff\College\.7thSemester\PSO\Swarming\MinTime\ScratchBenchBaseline\pure_python__THR__0.04\run_17\run_17.log,success,True,18773.8226,11,0.039932,11,5
pure_python,0.04,18,D:\MyStuff\College\.7thSemester\PSO\Swarming\MinTime\ScratchBenchBaseline\pure_python__THR__0.04\run_18,D:\MyStuff\College\.7thSemester\PSO\Swarming\MinTime\ScratchBenchBaseline\pure_python__THR__0.04\run_18\run_18.log,success,True,27966.8664,16,0.039989,16,2
pure_python,0.04,19,D:\MyStuff\College\.7thSemester\PSO\Swarming\MinTime\ScratchBenchBaseline\pure_python__THR__0.04\run_19,D:\MyStuff\College\.7thSemester\PSO\Swarming\MinTime\ScratchBenchBaseline\pure_python__THR__0.04\run_19\run_19.log,success,True,33472.4537,19,0.039989,19,1
pure_python,0.04,2,D:\MyStuff\College\.7thSemester\PSO\Swarming\MinTime\ScratchBenchBaseline\pure_python__THR__0.04\run_2,D:\MyStuff\College\.7thSemester\PSO\Swarming\MinTime\ScratchBenchBaseline\pure_python__THR__0.04\run_2\run_2.log,success,True,20246.5797,12,0.039991,12,2
pure_python,0.04,20,D:\MyStuff\College\.7thSemester\PSO\Swarming\MinTime\ScratchBenchBaseline\pure_python__THR__0.04\run_20,D:\MyStuff\College\.7thSemester\PSO\Swarming\MinTime\ScratchBenchBaseline\pure_python__THR__0.04\run_20\run_20.log,success,True,19438.7358,11,0.039997,11,6
pure_python,0.04,3,D:\MyStuff\College\.7thSemester\PSO\Swarming\MinTime\ScratchBenchBaseline\pure_python__THR__0.04\run_3,D:\MyStuff\College\.7thSemester\PSO\Swarming\MinTime\ScratchBenchBaseline\pure_python__THR__0.04\run_3\run_3.log,success,True,34236.8632,19,0.039978,19,12
pure_python,0.04,4,D:\MyStuff\College\.7thSemester\PSO\Swarming\MinTime\ScratchBenchBaseline\pure_python__THR__0.04\run_4,D:\MyStuff\College\.7thSemester\PSO\Swarming\MinTime\ScratchBenchBaseline\pure_python__THR__0.04\run_4\run_4.log,success,True,30180.9092,17,0.04,17,9
pure_python,0.04,5,D:\MyStuff\College\.7thSemester\PSO\Swarming\MinTime\ScratchBenchBaseline\pure_python__THR__0.04\run_5,D:\MyStuff\College\.7thSemester\PSO\Swarming\MinTime\ScratchBenchBaseline\pure_python__THR__0.04\run_5\run_5.log,success,True,20473.0335,12,0.039992,12,2
pure_python,0.04,6,D:\MyStuff\College\.7thSemester\PSO\Swarming\MinTime\ScratchBenchBaseline\pure_python__THR__0.04\run_6,D:\MyStuff\College\.7thSemester\PSO\Swarming\MinTime\ScratchBenchBaseline\pure_python__THR__0.04\run_6\run_6.log,success,True,27119.7457,15,0.039916,15,12
pure_python,0.04,7,D:\MyStuff\College\.7thSemester\PSO\Swarming\MinTime\ScratchBenchBaseline\pure_python__THR__0.04\run_7,D:\MyStuff\College\.7thSemester\PSO\Swarming\MinTime\ScratchBenchBaseline\pure_python__THR__0.04\run_7\run_7.log,success,True,26476.4878,15,0.039985,15,7
pure_python,0.04,8,D:\MyStuff\College\.7thSemester\PSO\Swarming\MinTime\ScratchBenchBaseline\pure_python__THR__0.04\run_8,D:\MyStuff\College\.7thSemester\PSO\Swarming\MinTime\ScratchBenchBaseline\pure_python__THR__0.04\run_8\run_8.log,failure_or_timeout,False,,,0.040327,20,15
pure_python,0.04,9,D:\MyStuff\College\.7thSemester\PSO\Swarming\MinTime\ScratchBenchBaseline\pure_python__THR__0.04\run_9,D:\MyStuff\College\.7thSemester\PSO\Swarming\MinTime\ScratchBenchBaseline\pure_python__THR__0.04\run_9\run_9.log,failure_or_timeout,False,,,0.040352,20,15
pure_python,0.045,1,D:\MyStuff\College\.7thSemester\PSO\Swarming\MinTime\ScratchBenchBaseline\pure_python__THR__0.045\run_1,D:\MyStuff\College\.7thSemester\PSO\Swarming\MinTime\ScratchBenchBaseline\pure_python__THR__0.045\run_1\run_1.log,success,True,10820.2064,6,0.044364,6,8
pure_python,0.045,10,D:\MyStuff\College\.7thSemester\PSO\Swarming\MinTime\ScratchBenchBaseline\pure_python__THR__0.045\run_10,D:\MyStuff\College\.7thSemester\PSO\Swarming\MinTime\ScratchBenchBaseline\pure_python__THR__0.045\run_10\run_10.log,success,True,12400.5194,7,0.044849,7,3
pure_python,0.045,11,D:\MyStuff\College\.7thSemester\PSO\Swarming\MinTime\ScratchBenchBaseline\pure_python__THR__0.045\run_11,D:\MyStuff\College\.7thSemester\PSO\Swarming\MinTime\ScratchBenchBaseline\pure_python__THR__0.045\run_11\run_11.log,success,True,14060.8605,7,0.043819,7,2
pure_python,0.045,12,D:\MyStuff\College\.7thSemester\PSO\Swarming\MinTime\ScratchBenchBaseline\pure_python__THR__0.045\run_12,D:\MyStuff\College\.7thSemester\PSO\Swarming\MinTime\ScratchBenchBaseline\pure_python__THR__0.045\run_12\run_12.log,success,True,15700.216,7,0.04462,7,12
pure_python,0.045,13,D:\MyStuff\College\.7thSemester\PSO\Swarming\MinTime\ScratchBenchBaseline\pure_python__THR__0.045\run_13,D:\MyStuff\College\.7thSemester\PSO\Swarming\MinTime\ScratchBenchBaseline\pure_python__THR__0.045\run_13\run_13.log,success,True,15645.7512,8,0.04483,8,2
pure_python,0.045,14,D:\MyStuff\College\.7thSemester\PSO\Swarming\MinTime\ScratchBenchBaseline\pure_python__THR__0.045\run_14,D:\MyStuff\College\.7thSemester\PSO\Swarming\MinTime\ScratchBenchBaseline\pure_python__THR__0.045\run_14\run_14.log,success,True,10203.3905,6,0.044665,6,9
pure_python,0.045,15,D:\MyStuff\College\.7thSemester\PSO\Swarming\MinTime\ScratchBenchBaseline\pure_python__THR__0.045\run_15,D:\MyStuff\College\.7thSemester\PSO\Swarming\MinTime\ScratchBenchBaseline\pure_python__THR__0.045\run_15\run_15.log,success,True,12668.495,7,0.04459,7,11
pure_python,0.045,16,D:\MyStuff\College\.7thSemester\PSO\Swarming\MinTime\ScratchBenchBaseline\pure_python__THR__0.045\run_16,D:\MyStuff\College\.7thSemester\PSO\Swarming\MinTime\ScratchBenchBaseline\pure_python__THR__0.045\run_16\run_16.log,success,True,11960.047,7,0.044542,7,1
pure_python,0.045,17,D:\MyStuff\College\.7thSemester\PSO\Swarming\MinTime\ScratchBenchBaseline\pure_python__THR__0.045\run_17,D:\MyStuff\College\.7thSemester\PSO\Swarming\MinTime\ScratchBenchBaseline\pure_python__THR__0.045\run_17\run_17.log,success,True,9666.5729,6,0.04462,6,4
pure_python,0.045,18,D:\MyStuff\College\.7thSemester\PSO\Swarming\MinTime\ScratchBenchBaseline\pure_python__THR__0.045\run_18,D:\MyStuff\College\.7thSemester\PSO\Swarming\MinTime\ScratchBenchBaseline\pure_python__THR__0.045\run_18\run_18.log,success,True,11034.4282,7,0.044765,7,1
pure_python,0.045,19,D:\MyStuff\College\.7thSemester\PSO\Swarming\MinTime\ScratchBenchBaseline\pure_python__THR__0.045\run_19,D:\MyStuff\College\.7thSemester\PSO\Swarming\MinTime\ScratchBenchBaseline\pure_python__THR__0.045\run_19\run_19.log,success,True,14887.3885,9,0.044922,9,2
pure_python,0.045,2,D:\MyStuff\College\.7thSemester\PSO\Swarming\MinTime\ScratchBenchBaseline\pure_python__THR__0.045\run_2,D:\MyStuff\College\.7thSemester\PSO\Swarming\MinTime\ScratchBenchBaseline\pure_python__THR__0.045\run_2\run_2.log,success,True,10545.3141,6,0.044411,6,6
pure_python,0.045,20,D:\MyStuff\College\.7thSemester\PSO\Swarming\MinTime\ScratchBenchBaseline\pure_python__THR__0.045\run_20,D:\MyStuff\College\.7thSemester\PSO\Swarming\MinTime\ScratchBenchBaseline\pure_python__THR__0.045\run_20\run_20.log,success,True,11012.9804,7,0.044804,7,1
pure_python,0.045,3,D:\MyStuff\College\.7thSemester\PSO\Swarming\MinTime\ScratchBenchBaseline\pure_python__THR__0.045\run_3,D:\MyStuff\College\.7thSemester\PSO\Swarming\MinTime\ScratchBenchBaseline\pure_python__THR__0.045\run_3\run_3.log,success,True,11648.7327,7,0.044676,7,1
pure_python,0.045,4,D:\MyStuff\College\.7thSemester\PSO\Swarming\MinTime\ScratchBenchBaseline\pure_python__THR__0.045\run_4,D:\MyStuff\College\.7thSemester\PSO\Swarming\MinTime\ScratchBenchBaseline\pure_python__THR__0.045\run_4\run_4.log,success,True,11236.9073,7,0.044961,7,2
pure_python,0.045,5,D:\MyStuff\College\.7thSemester\PSO\Swarming\MinTime\ScratchBenchBaseline\pure_python__THR__0.045\run_5,D:\MyStuff\College\.7thSemester\PSO\Swarming\MinTime\ScratchBenchBaseline\pure_python__THR__0.045\run_5\run_5.log,success,True,11458.2142,7,0.044792,7,4
pure_python,0.045,6,D:\MyStuff\College\.7thSemester\PSO\Swarming\MinTime\ScratchBenchBaseline\pure_python__THR__0.045\run_6,D:\MyStuff\College\.7thSemester\PSO\Swarming\MinTime\ScratchBenchBaseline\pure_python__THR__0.045\run_6\run_6.log,success,True,11138.9054,7,0.044822,7,1
pure_python,0.045,7,D:\MyStuff\College\.7thSemester\PSO\Swarming\MinTime\ScratchBenchBaseline\pure_python__THR__0.045\run_7,D:\MyStuff\College\.7thSemester\PSO\Swarming\MinTime\ScratchBenchBaseline\pure_python__THR__0.045\run_7\run_7.log,success,True,11083.06,7,0.044601,7,1
pure_python,0.045,8,D:\MyStuff\College\.7thSemester\PSO\Swarming\MinTime\ScratchBenchBaseline\pure_python__THR__0.045\run_8,D:\MyStuff\College\.7thSemester\PSO\Swarming\MinTime\ScratchBenchBaseline\pure_python__THR__0.045\run_8\run_8.log,success,True,11738.795,7,0.044646,7,1
pure_python,0.045,9,D:\MyStuff\College\.7thSemester\PSO\Swarming\MinTime\ScratchBenchBaseline\pure_python__THR__0.045\run_9,D:\MyStuff\College\.7thSemester\PSO\Swarming\MinTime\ScratchBenchBaseline\pure_python__THR__0.045\run_9\run_9.log,success,True,14330.5677,8,0.044993,8,5
pure_python,0.05,1,D:\MyStuff\College\.7thSemester\PSO\Swarming\MinTime\ScratchBenchBaseline\pure_python__THR__0.05\run_1,D:\MyStuff\College\.7thSemester\PSO\Swarming\MinTime\ScratchBenchBaseline\pure_python__THR__0.05\run_1\run_1.log,success,True,7892.0155,5,0.049339,10,1
pure_python,0.05,10,D:\MyStuff\College\.7thSemester\PSO\Swarming\MinTime\ScratchBenchBaseline\pure_python__THR__0.05\run_10,D:\MyStuff\College\.7thSemester\PSO\Swarming\MinTime\ScratchBenchBaseline\pure_python__THR__0.05\run_10\run_10.log,success,True,9187.5074,5,0.04942,5,15
pure_python,0.05,11,D:\MyStuff\College\.7thSemester\PSO\Swarming\MinTime\ScratchBenchBaseline\pure_python__THR__0.05\run_11,D:\MyStuff\College\.7thSemester\PSO\Swarming\MinTime\ScratchBenchBaseline\pure_python__THR__0.05\run_11\run_11.log,success,True,7991.0628,5,0.049593,5,1
pure_python,0.05,12,D:\MyStuff\College\.7thSemester\PSO\Swarming\MinTime\ScratchBenchBaseline\pure_python__THR__0.05\run_12,D:\MyStuff\College\.7thSemester\PSO\Swarming\MinTime\ScratchBenchBaseline\pure_python__THR__0.05\run_12\run_12.log,success,True,9886.0927,6,0.049617,6,1
pure_python,0.05,13,D:\MyStuff\College\.7thSemester\PSO\Swarming\MinTime\ScratchBenchBaseline\pure_python__THR__0.05\run_13,D:\MyStuff\College\.7thSemester\PSO\Swarming\MinTime\ScratchBenchBaseline\pure_python__THR__0.05\run_13\run_13.log,success,True,9786.5708,6,0.049649,6,1
pure_python,0.05,14,D:\MyStuff\College\.7thSemester\PSO\Swarming\MinTime\ScratchBenchBaseline\pure_python__THR__0.05\run_14,D:\MyStuff\College\.7thSemester\PSO\Swarming\MinTime\ScratchBenchBaseline\pure_python__THR__0.05\run_14\run_14.log,success,True,7358.8128,5,0.048962,5,1
pure_python,0.05,15,D:\MyStuff\College\.7thSemester\PSO\Swarming\MinTime\ScratchBenchBaseline\pure_python__THR__0.05\run_15,D:\MyStuff\College\.7thSemester\PSO\Swarming\MinTime\ScratchBenchBaseline\pure_python__THR__0.05\run_15\run_15.log,success,True,8854.9609,5,0.049062,5,13
pure_python,0.05,16,D:\MyStuff\College\.7thSemester\PSO\Swarming\MinTime\ScratchBenchBaseline\pure_python__THR__0.05\run_16,D:\MyStuff\College\.7thSemester\PSO\Swarming\MinTime\ScratchBenchBaseline\pure_python__THR__0.05\run_16\run_16.log,success,True,7858.2676,5,0.049461,5,5
pure_python,0.05,17,D:\MyStuff\College\.7thSemester\PSO\Swarming\MinTime\ScratchBenchBaseline\pure_python__THR__0.05\run_17,D:\MyStuff\College\.7thSemester\PSO\Swarming\MinTime\ScratchBenchBaseline\pure_python__THR__0.05\run_17\run_17.log,success,True,7362.8385,5,0.049867,5,1
pure_python,0.05,18,D:\MyStuff\College\.7thSemester\PSO\Swarming\MinTime\ScratchBenchBaseline\pure_python__THR__0.05\run_18,D:\MyStuff\College\.7thSemester\PSO\Swarming\MinTime\ScratchBenchBaseline\pure_python__THR__0.05\run_18\run_18.log,success,True,7673.3245,5,0.049684,5,2
pure_python,0.05,19,D:\MyStuff\College\.7thSemester\PSO\Swarming\MinTime\ScratchBenchBaseline\pure_python__THR__0.05\run_19,D:\MyStuff\College\.7thSemester\PSO\Swarming\MinTime\ScratchBenchBaseline\pure_python__THR__0.05\run_19\run_19.log,success,True,11007.2751,6,0.049968,6,9
pure_python,0.05,2,D:\MyStuff\College\.7thSemester\PSO\Swarming\MinTime\ScratchBenchBaseline\pure_python__THR__0.05\run_2,D:\MyStuff\College\.7thSemester\PSO\Swarming\MinTime\ScratchBenchBaseline\pure_python__THR__0.05\run_2\run_2.log,success,True,7959.541,5,0.04999,8,1
pure_python,0.05,20,D:\MyStuff\College\.7thSemester\PSO\Swarming\MinTime\ScratchBenchBaseline\pure_python__THR__0.05\run_20,D:\MyStuff\College\.7thSemester\PSO\Swarming\MinTime\ScratchBenchBaseline\pure_python__THR__0.05\run_20\run_20.log,success,True,7923.0329,5,0.049257,5,1
pure_python,0.05,3,D:\MyStuff\College\.7thSemester\PSO\Swarming\MinTime\ScratchBenchBaseline\pure_python__THR__0.05\run_3,D:\MyStuff\College\.7thSemester\PSO\Swarming\MinTime\ScratchBenchBaseline\pure_python__THR__0.05\run_3\run_3.log,success,True,7684.7435,5,0.049701,5,2
pure_python,0.05,4,D:\MyStuff\College\.7thSemester\PSO\Swarming\MinTime\ScratchBenchBaseline\pure_python__THR__0.05\run_4,D:\MyStuff\College\.7thSemester\PSO\Swarming\MinTime\ScratchBenchBaseline\pure_python__THR__0.05\run_4\run_4.log,success,True,7772.868,5,0.04965,5,1
pure_python,0.05,5,D:\MyStuff\College\.7thSemester\PSO\Swarming\MinTime\ScratchBenchBaseline\pure_python__THR__0.05\run_5,D:\MyStuff\College\.7thSemester\PSO\Swarming\MinTime\ScratchBenchBaseline\pure_python__THR__0.05\run_5\run_5.log,success,True,9274.7085,5,0.049254,5,11
pure_python,0.05,6,D:\MyStuff\College\.7thSemester\PSO\Swarming\MinTime\ScratchBenchBaseline\pure_python__THR__0.05\run_6,D:\MyStuff\College\.7thSemester\PSO\Swarming\MinTime\ScratchBenchBaseline\pure_python__THR__0.05\run_6\run_6.log,success,True,7729.8773,5,0.049872,5,1
pure_python,0.05,7,D:\MyStuff\College\.7thSemester\PSO\Swarming\MinTime\ScratchBenchBaseline\pure_python__THR__0.05\run_7,D:\MyStuff\College\.7thSemester\PSO\Swarming\MinTime\ScratchBenchBaseline\pure_python__THR__0.05\run_7\run_7.log,success,True,8043.5433,5,0.049756,5,2
pure_python,0.05,8,D:\MyStuff\College\.7thSemester\PSO\Swarming\MinTime\ScratchBenchBaseline\pure_python__THR__0.05\run_8,D:\MyStuff\College\.7thSemester\PSO\Swarming\MinTime\ScratchBenchBaseline\pure_python__THR__0.05\run_8\run_8.log,success,True,9098.4755,5,0.049838,5,9
pure_python,0.05,9,D:\MyStuff\College\.7thSemester\PSO\Swarming\MinTime\ScratchBenchBaseline\pure_python__THR__0.05\run_9,D:\MyStuff\College\.7thSemester\PSO\Swarming\MinTime\ScratchBenchBaseline\pure_python__THR__0.05\run_9\run_9.log,success,True,11674.2699,7,0.049499,7,1
sm,0.03,1,D:\MyStuff\College\.7thSemester\PSO\Swarming\MinTime\ScratchBenchBaseline\sm__THR__0.03\run_1,D:\MyStuff\College\.7thSemester\PSO\Swarming\MinTime\ScratchBenchBaseline\sm__THR__0.03\run_1\run_1.log,failure_or_timeout,False,,,0.03877,20,15
sm,0.03,10,D:\MyStuff\College\.7thSemester\PSO\Swarming\MinTime\ScratchBenchBaseline\sm__THR__0.03\run_10,D:\MyStuff\College\.7thSemester\PSO\Swarming\MinTime\ScratchBenchBaseline\sm__THR__0.03\run_10\run_10.log,failure_or_timeout,False,,,0.039279,20,15
sm,0.03,11,D:\MyStuff\College\.7thSemester\PSO\Swarming\MinTime\ScratchBenchBaseline\sm__THR__0.03\run_11,D:\MyStuff\College\.7thSemester\PSO\Swarming\MinTime\ScratchBenchBaseline\sm__THR__0.03\run_11\run_11.log,failure_or_timeout,False,,,0.039348,20,15
sm,0.03,12,D:\MyStuff\College\.7thSemester\PSO\Swarming\MinTime\ScratchBenchBaseline\sm__THR__0.03\run_12,D:\MyStuff\College\.7thSemester\PSO\Swarming\MinTime\ScratchBenchBaseline\sm__THR__0.03\run_12\run_12.log,failure_or_timeout,False,,,0.038903,20,15
sm,0.03,13,D:\MyStuff\College\.7thSemester\PSO\Swarming\MinTime\ScratchBenchBaseline\sm__THR__0.03\run_13,D:\MyStuff\College\.7thSemester\PSO\Swarming\MinTime\ScratchBenchBaseline\sm__THR__0.03\run_13\run_13.log,failure_or_timeout,False,,,0.039591,20,15
sm,0.03,14,D:\MyStuff\College\.7thSemester\PSO\Swarming\MinTime\ScratchBenchBaseline\sm__THR__0.03\run_14,D:\MyStuff\College\.7thSemester\PSO\Swarming\MinTime\ScratchBenchBaseline\sm__THR__0.03\run_14\run_14.log,failure_or_timeout,False,,,0.038136,20,15
sm,0.03,15,D:\MyStuff\College\.7thSemester\PSO\Swarming\MinTime\ScratchBenchBaseline\sm__THR__0.03\run_15,D:\MyStuff\College\.7thSemester\PSO\Swarming\MinTime\ScratchBenchBaseline\sm__THR__0.03\run_15\run_15.log,failure_or_timeout,False,,,0.039435,20,15
sm,0.03,16,D:\MyStuff\College\.7thSemester\PSO\Swarming\MinTime\ScratchBenchBaseline\sm__THR__0.03\run_16,D:\MyStuff\College\.7thSemester\PSO\Swarming\MinTime\ScratchBenchBaseline\sm__THR__0.03\run_16\run_16.log,failure_or_timeout,False,,,0.038049,20,15
sm,0.03,17,D:\MyStuff\College\.7thSemester\PSO\Swarming\MinTime\ScratchBenchBaseline\sm__THR__0.03\run_17,D:\MyStuff\College\.7thSemester\PSO\Swarming\MinTime\ScratchBenchBaseline\sm__THR__0.03\run_17\run_17.log,failure_or_timeout,False,,,0.03855,20,15
sm,0.03,18,D:\MyStuff\College\.7thSemester\PSO\Swarming\MinTime\ScratchBenchBaseline\sm__THR__0.03\run_18,D:\MyStuff\College\.7thSemester\PSO\Swarming\MinTime\ScratchBenchBaseline\sm__THR__0.03\run_18\run_18.log,failure_or_timeout,False,,,0.039115,20,15
sm,0.03,19,D:\MyStuff\College\.7thSemester\PSO\Swarming\MinTime\ScratchBenchBaseline\sm__THR__0.03\run_19,D:\MyStuff\College\.7thSemester\PSO\Swarming\MinTime\ScratchBenchBaseline\sm__THR__0.03\run_19\run_19.log,failure_or_timeout,False,,,0.039721,20,15
sm,0.03,2,D:\MyStuff\College\.7thSemester\PSO\Swarming\MinTime\ScratchBenchBaseline\sm__THR__0.03\run_2,D:\MyStuff\College\.7thSemester\PSO\Swarming\MinTime\ScratchBenchBaseline\sm__THR__0.03\run_2\run_2.log,failure_or_timeout,False,,,0.03842,20,15
sm,0.03,20,D:\MyStuff\College\.7thSemester\PSO\Swarming\MinTime\ScratchBenchBaseline\sm__THR__0.03\run_20,D:\MyStuff\College\.7thSemester\PSO\Swarming\MinTime\ScratchBenchBaseline\sm__THR__0.03\run_20\run_20.log,failure_or_timeout,False,,,0.038417,20,15
sm,0.03,3,D:\MyStuff\College\.7thSemester\PSO\Swarming\MinTime\ScratchBenchBaseline\sm__THR__0.03\run_3,D:\MyStuff\College\.7thSemester\PSO\Swarming\MinTime\ScratchBenchBaseline\sm__THR__0.03\run_3\run_3.log,failure_or_timeout,False,,,0.039884,20,15
sm,0.03,4,D:\MyStuff\College\.7thSemester\PSO\Swarming\MinTime\ScratchBenchBaseline\sm__THR__0.03\run_4,D:\MyStuff\College\.7thSemester\PSO\Swarming\MinTime\ScratchBenchBaseline\sm__THR__0.03\run_4\run_4.log,failure_or_timeout,False,,,0.039405,20,15
sm,0.03,5,D:\MyStuff\College\.7thSemester\PSO\Swarming\MinTime\ScratchBenchBaseline\sm__THR__0.03\run_5,D:\MyStuff\College\.7thSemester\PSO\Swarming\MinTime\ScratchBenchBaseline\sm__THR__0.03\run_5\run_5.log,failure_or_timeout,False,,,0.039097,20,15
sm,0.03,6,D:\MyStuff\College\.7thSemester\PSO\Swarming\MinTime\ScratchBenchBaseline\sm__THR__0.03\run_6,D:\MyStuff\College\.7thSemester\PSO\Swarming\MinTime\ScratchBenchBaseline\sm__THR__0.03\run_6\run_6.log,failure_or_timeout,False,,,0.039849,20,15
sm,0.03,7,D:\MyStuff\College\.7thSemester\PSO\Swarming\MinTime\ScratchBenchBaseline\sm__THR__0.03\run_7,D:\MyStuff\College\.7thSemester\PSO\Swarming\MinTime\ScratchBenchBaseline\sm__THR__0.03\run_7\run_7.log,failure_or_timeout,False,,,0.039303,20,15
sm,0.03,8,D:\MyStuff\College\.7thSemester\PSO\Swarming\MinTime\ScratchBenchBaseline\sm__THR__0.03\run_8,D:\MyStuff\College\.7thSemester\PSO\Swarming\MinTime\ScratchBenchBaseline\sm__THR__0.03\run_8\run_8.log,failure_or_timeout,False,,,0.040327,20,15
sm,0.03,9,D:\MyStuff\College\.7thSemester\PSO\Swarming\MinTime\ScratchBenchBaseline\sm__THR__0.03\run_9,D:\MyStuff\College\.7thSemester\PSO\Swarming\MinTime\ScratchBenchBaseline\sm__THR__0.03\run_9\run_9.log,failure_or_timeout,False,,,0.040352,20,15
sm,0.04,1,D:\MyStuff\College\.7thSemester\PSO\Swarming\MinTime\ScratchBenchBaseline\sm__THR__0.04\run_1,D:\MyStuff\College\.7thSemester\PSO\Swarming\MinTime\ScratchBenchBaseline\sm__THR__0.04\run_1\run_1.log,success,True,870.0115,11,0.039961,11,1
sm,0.04,10,D:\MyStuff\College\.7thSemester\PSO\Swarming\MinTime\ScratchBenchBaseline\sm__THR__0.04\run_10,D:\MyStuff\College\.7thSemester\PSO\Swarming\MinTime\ScratchBenchBaseline\sm__THR__0.04\run_10\run_10.log,success,True,1756.733,15,0.039747,15,5
sm,0.04,11,D:\MyStuff\College\.7thSemester\PSO\Swarming\MinTime\ScratchBenchBaseline\sm__THR__0.04\run_11,D:\MyStuff\College\.7thSemester\PSO\Swarming\MinTime\ScratchBenchBaseline\sm__THR__0.04\run_11\run_11.log,success,True,931.2813,11,0.039993,11,5
sm,0.04,12,D:\MyStuff\College\.7thSemester\PSO\Swarming\MinTime\ScratchBenchBaseline\sm__THR__0.04\run_12,D:\MyStuff\College\.7thSemester\PSO\Swarming\MinTime\ScratchBenchBaseline\sm__THR__0.04\run_12\run_12.log,success,True,1875.5982,16,0.039789,16,1
sm,0.04,13,D:\MyStuff\College\.7thSemester\PSO\Swarming\MinTime\ScratchBenchBaseline\sm__THR__0.04\run_13,D:\MyStuff\College\.7thSemester\PSO\Swarming\MinTime\ScratchBenchBaseline\sm__THR__0.04\run_13\run_13.log,success,True,2876.3862,19,0.039741,19,15
sm,0.04,14,D:\MyStuff\College\.7thSemester\PSO\Swarming\MinTime\ScratchBenchBaseline\sm__THR__0.04\run_14,D:\MyStuff\College\.7thSemester\PSO\Swarming\MinTime\ScratchBenchBaseline\sm__THR__0.04\run_14\run_14.log,success,True,1090.4151,12,0.039965,12,14
sm,0.04,15,D:\MyStuff\College\.7thSemester\PSO\Swarming\MinTime\ScratchBenchBaseline\sm__THR__0.04\run_15,D:\MyStuff\College\.7thSemester\PSO\Swarming\MinTime\ScratchBenchBaseline\sm__THR__0.04\run_15\run_15.log,success,True,2219.288,18,0.039706,18,3
sm,0.04,16,D:\MyStuff\College\.7thSemester\PSO\Swarming\MinTime\ScratchBenchBaseline\sm__THR__0.04\run_16,D:\MyStuff\College\.7thSemester\PSO\Swarming\MinTime\ScratchBenchBaseline\sm__THR__0.04\run_16\run_16.log,success,True,935.5067,12,0.039923,12,1
sm,0.04,17,D:\MyStuff\College\.7thSemester\PSO\Swarming\MinTime\ScratchBenchBaseline\sm__THR__0.04\run_17,D:\MyStuff\College\.7thSemester\PSO\Swarming\MinTime\ScratchBenchBaseline\sm__THR__0.04\run_17\run_17.log,success,True,827.5038,11,0.039932,11,5
sm,0.04,18,D:\MyStuff\College\.7thSemester\PSO\Swarming\MinTime\ScratchBenchBaseline\sm__THR__0.04\run_18,D:\MyStuff\College\.7thSemester\PSO\Swarming\MinTime\ScratchBenchBaseline\sm__THR__0.04\run_18\run_18.log,success,True,1704.541,16,0.039989,16,2
sm,0.04,19,D:\MyStuff\College\.7thSemester\PSO\Swarming\MinTime\ScratchBenchBaseline\sm__THR__0.04\run_19,D:\MyStuff\College\.7thSemester\PSO\Swarming\MinTime\ScratchBenchBaseline\sm__THR__0.04\run_19\run_19.log,success,True,2330.3197,19,0.039989,19,1
sm,0.04,2,D:\MyStuff\College\.7thSemester\PSO\Swarming\MinTime\ScratchBenchBaseline\sm__THR__0.04\run_2,D:\MyStuff\College\.7thSemester\PSO\Swarming\MinTime\ScratchBenchBaseline\sm__THR__0.04\run_2\run_2.log,success,True,1045.1298,12,0.039991,12,2
sm,0.04,20,D:\MyStuff\College\.7thSemester\PSO\Swarming\MinTime\ScratchBenchBaseline\sm__THR__0.04\run_20,D:\MyStuff\College\.7thSemester\PSO\Swarming\MinTime\ScratchBenchBaseline\sm__THR__0.04\run_20\run_20.log,success,True,798.811,11,0.039997,11,6
sm,0.04,3,D:\MyStuff\College\.7thSemester\PSO\Swarming\MinTime\ScratchBenchBaseline\sm__THR__0.04\run_3,D:\MyStuff\College\.7thSemester\PSO\Swarming\MinTime\ScratchBenchBaseline\sm__THR__0.04\run_3\run_3.log,success,True,2878.6261,19,0.039978,19,12
sm,0.04,4,D:\MyStuff\College\.7thSemester\PSO\Swarming\MinTime\ScratchBenchBaseline\sm__THR__0.04\run_4,D:\MyStuff\College\.7thSemester\PSO\Swarming\MinTime\ScratchBenchBaseline\sm__THR__0.04\run_4\run_4.log,success,True,2257.7412,17,0.04,17,9
sm,0.04,5,D:\MyStuff\College\.7thSemester\PSO\Swarming\MinTime\ScratchBenchBaseline\sm__THR__0.04\run_5,D:\MyStuff\College\.7thSemester\PSO\Swarming\MinTime\ScratchBenchBaseline\sm__THR__0.04\run_5\run_5.log,success,True,1053.7669,12,0.039992,12,2
sm,0.04,6,D:\MyStuff\College\.7thSemester\PSO\Swarming\MinTime\ScratchBenchBaseline\sm__THR__0.04\run_6,D:\MyStuff\College\.7thSemester\PSO\Swarming\MinTime\ScratchBenchBaseline\sm__THR__0.04\run_6\run_6.log,success,True,1797.3669,15,0.039916,15,12
sm,0.04,7,D:\MyStuff\College\.7thSemester\PSO\Swarming\MinTime\ScratchBenchBaseline\sm__THR__0.04\run_7,D:\MyStuff\College\.7thSemester\PSO\Swarming\MinTime\ScratchBenchBaseline\sm__THR__0.04\run_7\run_7.log,success,True,1740.6784,15,0.039985,15,7
sm,0.04,8,D:\MyStuff\College\.7thSemester\PSO\Swarming\MinTime\ScratchBenchBaseline\sm__THR__0.04\run_8,D:\MyStuff\College\.7thSemester\PSO\Swarming\MinTime\ScratchBenchBaseline\sm__THR__0.04\run_8\run_8.log,failure_or_timeout,False,,,0.040327,20,15
sm,0.04,9,D:\MyStuff\College\.7thSemester\PSO\Swarming\MinTime\ScratchBenchBaseline\sm__THR__0.04\run_9,D:\MyStuff\College\.7thSemester\PSO\Swarming\MinTime\ScratchBenchBaseline\sm__THR__0.04\run_9\run_9.log,failure_or_timeout,False,,,0.040352,20,15
sm,0.045,1,D:\MyStuff\College\.7thSemester\PSO\Swarming\MinTime\ScratchBenchBaseline\sm__THR__0.045\run_1,D:\MyStuff\College\.7thSemester\PSO\Swarming\MinTime\ScratchBenchBaseline\sm__THR__0.045\run_1\run_1.log,success,True,250.3678,6,0.044364,6,8
sm,0.045,10,D:\MyStuff\College\.7thSemester\PSO\Swarming\MinTime\ScratchBenchBaseline\sm__THR__0.045\run_10,D:\MyStuff\College\.7thSemester\PSO\Swarming\MinTime\ScratchBenchBaseline\sm__THR__0.045\run_10\run_10.log,success,True,303.9091,7,0.044849,7,3
sm,0.045,11,D:\MyStuff\College\.7thSemester\PSO\Swarming\MinTime\ScratchBenchBaseline\sm__THR__0.045\run_11,D:\MyStuff\College\.7thSemester\PSO\Swarming\MinTime\ScratchBenchBaseline\sm__THR__0.045\run_11\run_11.log,success,True,295.4193,7,0.043819,7,2
sm,0.045,12,D:\MyStuff\College\.7thSemester\PSO\Swarming\MinTime\ScratchBenchBaseline\sm__THR__0.045\run_12,D:\MyStuff\College\.7thSemester\PSO\Swarming\MinTime\ScratchBenchBaseline\sm__THR__0.045\run_12\run_12.log,success,True,359.6546,7,0.04462,7,12
sm,0.045,13,D:\MyStuff\College\.7thSemester\PSO\Swarming\MinTime\ScratchBenchBaseline\sm__THR__0.045\run_13,D:\MyStuff\College\.7thSemester\PSO\Swarming\MinTime\ScratchBenchBaseline\sm__THR__0.045\run_13\run_13.log,success,True,388.166,8,0.04483,8,2
sm,0.045,14,D:\MyStuff\College\.7thSemester\PSO\Swarming\MinTime\ScratchBenchBaseline\sm__THR__0.045\run_14,D:\MyStuff\College\.7thSemester\PSO\Swarming\MinTime\ScratchBenchBaseline\sm__THR__0.045\run_14\run_14.log,success,True,257.0338,6,0.044665,6,9
sm,0.045,15,D:\MyStuff\College\.7thSemester\PSO\Swarming\MinTime\ScratchBenchBaseline\sm__THR__0.045\run_15,D:\MyStuff\College\.7thSemester\PSO\Swarming\MinTime\ScratchBenchBaseline\sm__THR__0.045\run_15\run_15.log,success,True,352.7518,7,0.04459,7,11
sm,0.045,16,D:\MyStuff\College\.7thSemester\PSO\Swarming\MinTime\ScratchBenchBaseline\sm__THR__0.045\run_16,D:\MyStuff\College\.7thSemester\PSO\Swarming\MinTime\ScratchBenchBaseline\sm__THR__0.045\run_16\run_16.log,success,True,290.7245,7,0.044542,7,1
sm,0.045,17,D:\MyStuff\College\.7thSemester\PSO\Swarming\MinTime\ScratchBenchBaseline\sm__THR__0.045\run_17,D:\MyStuff\College\.7thSemester\PSO\Swarming\MinTime\ScratchBenchBaseline\sm__THR__0.045\run_17\run_17.log,success,True,224.9006,6,0.04462,6,4
sm,0.045,18,D:\MyStuff\College\.7thSemester\PSO\Swarming\MinTime\ScratchBenchBaseline\sm__THR__0.045\run_18,D:\MyStuff\College\.7thSemester\PSO\Swarming\MinTime\ScratchBenchBaseline\sm__THR__0.045\run_18\run_18.log,success,True,293.0721,7,0.044765,7,1
sm,0.045,19,D:\MyStuff\College\.7thSemester\PSO\Swarming\MinTime\ScratchBenchBaseline\sm__THR__0.045\run_19,D:\MyStuff\College\.7thSemester\PSO\Swarming\MinTime\ScratchBenchBaseline\sm__THR__0.045\run_19\run_19.log,success,True,501.9474,9,0.044922,9,2
sm,0.045,2,D:\MyStuff\College\.7thSemester\PSO\Swarming\MinTime\ScratchBenchBaseline\sm__THR__0.045\run_2,D:\MyStuff\College\.7thSemester\PSO\Swarming\MinTime\ScratchBenchBaseline\sm__THR__0.045\run_2\run_2.log,success,True,234.3232,6,0.044411,6,6
sm,0.045,20,D:\MyStuff\College\.7thSemester\PSO\Swarming\MinTime\ScratchBenchBaseline\sm__THR__0.045\run_20,D:\MyStuff\College\.7thSemester\PSO\Swarming\MinTime\ScratchBenchBaseline\sm__THR__0.045\run_20\run_20.log,success,True,288.8998,7,0.044804,7,1
sm,0.045,3,D:\MyStuff\College\.7thSemester\PSO\Swarming\MinTime\ScratchBenchBaseline\sm__THR__0.045\run_3,D:\MyStuff\College\.7thSemester\PSO\Swarming\MinTime\ScratchBenchBaseline\sm__THR__0.045\run_3\run_3.log,success,True,288.4677,7,0.044676,7,1
sm,0.045,4,D:\MyStuff\College\.7thSemester\PSO\Swarming\MinTime\ScratchBenchBaseline\sm__THR__0.045\run_4,D:\MyStuff\College\.7thSemester\PSO\Swarming\MinTime\ScratchBenchBaseline\sm__THR__0.045\run_4\run_4.log,success,True,297.7729,7,0.044961,7,2
sm,0.045,5,D:\MyStuff\College\.7thSemester\PSO\Swarming\MinTime\ScratchBenchBaseline\sm__THR__0.045\run_5,D:\MyStuff\College\.7thSemester\PSO\Swarming\MinTime\ScratchBenchBaseline\sm__THR__0.045\run_5\run_5.log,success,True,309.6044,7,0.044792,7,4
sm,0.045,6,D:\MyStuff\College\.7thSemester\PSO\Swarming\MinTime\ScratchBenchBaseline\sm__THR__0.045\run_6,D:\MyStuff\College\.7thSemester\PSO\Swarming\MinTime\ScratchBenchBaseline\sm__THR__0.045\run_6\run_6.log,success,True,290.3681,7,0.044822,7,1
sm,0.045,7,D:\MyStuff\College\.7thSemester\PSO\Swarming\MinTime\ScratchBenchBaseline\sm__THR__0.045\run_7,D:\MyStuff\College\.7thSemester\PSO\Swarming\MinTime\ScratchBenchBaseline\sm__THR__0.045\run_7\run_7.log,success,True,291.8708,7,0.044601,7,1
sm,0.045,8,D:\MyStuff\College\.7thSemester\PSO\Swarming\MinTime\ScratchBenchBaseline\sm__THR__0.045\run_8,D:\MyStuff\College\.7thSemester\PSO\Swarming\MinTime\ScratchBenchBaseline\sm__THR__0.045\run_8\run_8.log,success,True,299.2625,7,0.044646,7,1
sm,0.045,9,D:\MyStuff\College\.7thSemester\PSO\Swarming\MinTime\ScratchBenchBaseline\sm__THR__0.045\run_9,D:\MyStuff\College\.7thSemester\PSO\Swarming\MinTime\ScratchBenchBaseline\sm__THR__0.045\run_9\run_9.log,success,True,412.0938,8,0.044993,8,5
sm,0.05,1,D:\MyStuff\College\.7thSemester\PSO\Swarming\MinTime\ScratchBenchBaseline\sm__THR__0.05\run_1,D:\MyStuff\College\.7thSemester\PSO\Swarming\MinTime\ScratchBenchBaseline\sm__THR__0.05\run_1\run_1.log,success,True,161.08,5,0.049339,10,1
sm,0.05,10,D:\MyStuff\College\.7thSemester\PSO\Swarming\MinTime\ScratchBenchBaseline\sm__THR__0.05\run_10,D:\MyStuff\College\.7thSemester\PSO\Swarming\MinTime\ScratchBenchBaseline\sm__THR__0.05\run_10\run_10.log,success,True,233.3103,5,0.04942,10,15
sm,0.05,11,D:\MyStuff\College\.7thSemester\PSO\Swarming\MinTime\ScratchBenchBaseline\sm__THR__0.05\run_11,D:\MyStuff\College\.7thSemester\PSO\Swarming\MinTime\ScratchBenchBaseline\sm__THR__0.05\run_11\run_11.log,success,True,162.5839,5,0.049593,10,1
sm,0.05,12,D:\MyStuff\College\.7thSemester\PSO\Swarming\MinTime\ScratchBenchBaseline\sm__THR__0.05\run_12,D:\MyStuff\College\.7thSemester\PSO\Swarming\MinTime\ScratchBenchBaseline\sm__THR__0.05\run_12\run_12.log,success,True,240.0043,6,0.049617,12,1
sm,0.05,13,D:\MyStuff\College\.7thSemester\PSO\Swarming\MinTime\ScratchBenchBaseline\sm__THR__0.05\run_13,D:\MyStuff\College\.7thSemester\PSO\Swarming\MinTime\ScratchBenchBaseline\sm__THR__0.05\run_13\run_13.log,success,True,242.2887,6,0.049649,12,1
sm,0.05,14,D:\MyStuff\College\.7thSemester\PSO\Swarming\MinTime\ScratchBenchBaseline\sm__THR__0.05\run_14,D:\MyStuff\College\.7thSemester\PSO\Swarming\MinTime\ScratchBenchBaseline\sm__THR__0.05\run_14\run_14.log,success,True,164.9731,5,0.048962,10,1
sm,0.05,15,D:\MyStuff\College\.7thSemester\PSO\Swarming\MinTime\ScratchBenchBaseline\sm__THR__0.05\run_15,D:\MyStuff\College\.7thSemester\PSO\Swarming\MinTime\ScratchBenchBaseline\sm__THR__0.05\run_15\run_15.log,success,True,227.5007,5,0.049062,10,13
sm,0.05,16,D:\MyStuff\College\.7thSemester\PSO\Swarming\MinTime\ScratchBenchBaseline\sm__THR__0.05\run_16,D:\MyStuff\College\.7thSemester\PSO\Swarming\MinTime\ScratchBenchBaseline\sm__THR__0.05\run_16\run_16.log,success,True,182.2206,5,0.049461,10,5
sm,0.05,17,D:\MyStuff\College\.7thSemester\PSO\Swarming\MinTime\ScratchBenchBaseline\sm__THR__0.05\run_17,D:\MyStuff\College\.7thSemester\PSO\Swarming\MinTime\ScratchBenchBaseline\sm__THR__0.05\run_17\run_17.log,success,True,160.9962,5,0.049867,10,1
sm,0.05,18,D:\MyStuff\College\.7thSemester\PSO\Swarming\MinTime\ScratchBenchBaseline\sm__THR__0.05\run_18,D:\MyStuff\College\.7thSemester\PSO\Swarming\MinTime\ScratchBenchBaseline\sm__THR__0.05\run_18\run_18.log,success,True,171.0459,5,0.049684,10,2
sm,0.05,19,D:\MyStuff\College\.7thSemester\PSO\Swarming\MinTime\ScratchBenchBaseline\sm__THR__0.05\run_19,D:\MyStuff\College\.7thSemester\PSO\Swarming\MinTime\ScratchBenchBaseline\sm__THR__0.05\run_19\run_19.log,success,True,291.3479,6,0.049968,12,9
sm,0.05,2,D:\MyStuff\College\.7thSemester\PSO\Swarming\MinTime\ScratchBenchBaseline\sm__THR__0.05\run_2,D:\MyStuff\College\.7thSemester\PSO\Swarming\MinTime\ScratchBenchBaseline\sm__THR__0.05\run_2\run_2.log,success,True,163.4025,5,0.04999,10,1
sm,0.05,20,D:\MyStuff\College\.7thSemester\PSO\Swarming\MinTime\ScratchBenchBaseline\sm__THR__0.05\run_20,D:\MyStuff\College\.7thSemester\PSO\Swarming\MinTime\ScratchBenchBaseline\sm__THR__0.05\run_20\run_20.log,success,True,162.0062,5,0.049257,10,1
sm,0.05,3,D:\MyStuff\College\.7thSemester\PSO\Swarming\MinTime\ScratchBenchBaseline\sm__THR__0.05\run_3,D:\MyStuff\College\.7thSemester\PSO\Swarming\MinTime\ScratchBenchBaseline\sm__THR__0.05\run_3\run_3.log,success,True,170.4153,5,0.049701,10,2
sm,0.05,4,D:\MyStuff\College\.7thSemester\PSO\Swarming\MinTime\ScratchBenchBaseline\sm__THR__0.05\run_4,D:\MyStuff\College\.7thSemester\PSO\Swarming\MinTime\ScratchBenchBaseline\sm__THR__0.05\run_4\run_4.log,success,True,163.2901,5,0.04965,10,1
sm,0.05,5,D:\MyStuff\College\.7thSemester\PSO\Swarming\MinTime\ScratchBenchBaseline\sm__THR__0.05\run_5,D:\MyStuff\College\.7thSemester\PSO\Swarming\MinTime\ScratchBenchBaseline\sm__THR__0.05\run_5\run_5.log,success,True,215.4281,5,0.049254,10,11
sm,0.05,6,D:\MyStuff\College\.7thSemester\PSO\Swarming\MinTime\ScratchBenchBaseline\sm__THR__0.05\run_6,D:\MyStuff\College\.7thSemester\PSO\Swarming\MinTime\ScratchBenchBaseline\sm__THR__0.05\run_6\run_6.log,success,True,165.4876,5,0.049872,10,1
sm,0.05,7,D:\MyStuff\College\.7thSemester\PSO\Swarming\MinTime\ScratchBenchBaseline\sm__THR__0.05\run_7,D:\MyStuff\College\.7thSemester\PSO\Swarming\MinTime\ScratchBenchBaseline\sm__THR__0.05\run_7\run_7.log,success,True,168.0445,5,0.049756,10,2
sm,0.05,8,D:\MyStuff\College\.7thSemester\PSO\Swarming\MinTime\ScratchBenchBaseline\sm__THR__0.05\run_8,D:\MyStuff\College\.7thSemester\PSO\Swarming\MinTime\ScratchBenchBaseline\sm__THR__0.05\run_8\run_8.log,success,True,206.109,5,0.049838,10,9
sm,0.05,9,D:\MyStuff\College\.7thSemester\PSO\Swarming\MinTime\ScratchBenchBaseline\sm__THR__0.05\run_9,D:\MyStuff\College\.7thSemester\PSO\Swarming\MinTime\ScratchBenchBaseline\sm__THR__0.05\run_9\run_9.log,success,True,330.9208,7,0.049499,14,1
solve,0.03,1,D:\MyStuff\College\.7thSemester\PSO\Swarming\MinTime\ScratchBenchBaseline\solve__THR__0.03\run_1,D:\MyStuff\College\.7thSemester\PSO\Swarming\MinTime\ScratchBenchBaseline\solve__THR__0.03\run_1\run_1.log,failure_or_timeout,False,,,0.03877,20,15
solve,0.03,10,D:\MyStuff\College\.7thSemester\PSO\Swarming\MinTime\ScratchBenchBaseline\solve__THR__0.03\run_10,D:\MyStuff\College\.7thSemester\PSO\Swarming\MinTime\ScratchBenchBaseline\solve__THR__0.03\run_10\run_10.log,failure_or_timeout,False,,,0.039279,20,15
solve,0.03,11,D:\MyStuff\College\.7thSemester\PSO\Swarming\MinTime\ScratchBenchBaseline\solve__THR__0.03\run_11,D:\MyStuff\College\.7thSemester\PSO\Swarming\MinTime\ScratchBenchBaseline\solve__THR__0.03\run_11\run_11.log,failure_or_timeout,False,,,0.039348,20,15
solve,0.03,12,D:\MyStuff\College\.7thSemester\PSO\Swarming\MinTime\ScratchBenchBaseline\solve__THR__0.03\run_12,D:\MyStuff\College\.7thSemester\PSO\Swarming\MinTime\ScratchBenchBaseline\solve__THR__0.03\run_12\run_12.log,failure_or_timeout,False,,,0.038903,20,15
solve,0.03,13,D:\MyStuff\College\.7thSemester\PSO\Swarming\MinTime\ScratchBenchBaseline\solve__THR__0.03\run_13,D:\MyStuff\College\.7thSemester\PSO\Swarming\MinTime\ScratchBenchBaseline\solve__THR__0.03\run_13\run_13.log,failure_or_timeout,False,,,0.039591,20,15
solve,0.03,14,D:\MyStuff\College\.7thSemester\PSO\Swarming\MinTime\ScratchBenchBaseline\solve__THR__0.03\run_14,D:\MyStuff\College\.7thSemester\PSO\Swarming\MinTime\ScratchBenchBaseline\solve__THR__0.03\run_14\run_14.log,failure_or_timeout,False,,,0.038136,20,15
solve,0.03,15,D:\MyStuff\College\.7thSemester\PSO\Swarming\MinTime\ScratchBenchBaseline\solve__THR__0.03\run_15,D:\MyStuff\College\.7thSemester\PSO\Swarming\MinTime\ScratchBenchBaseline\solve__THR__0.03\run_15\run_15.log,failure_or_timeout,False,,,0.039435,20,15
solve,0.03,16,D:\MyStuff\College\.7thSemester\PSO\Swarming\MinTime\ScratchBenchBaseline\solve__THR__0.03\run_16,D:\MyStuff\College\.7thSemester\PSO\Swarming\MinTime\ScratchBenchBaseline\solve__THR__0.03\run_16\run_16.log,failure_or_timeout,False,,,0.038049,20,15
solve,0.03,17,D:\MyStuff\College\.7thSemester\PSO\Swarming\MinTime\ScratchBenchBaseline\solve__THR__0.03\run_17,D:\MyStuff\College\.7thSemester\PSO\Swarming\MinTime\ScratchBenchBaseline\solve__THR__0.03\run_17\run_17.log,failure_or_timeout,False,,,0.03855,20,15
solve,0.03,18,D:\MyStuff\College\.7thSemester\PSO\Swarming\MinTime\ScratchBenchBaseline\solve__THR__0.03\run_18,D:\MyStuff\College\.7thSemester\PSO\Swarming\MinTime\ScratchBenchBaseline\solve__THR__0.03\run_18\run_18.log,failure_or_timeout,False,,,0.039115,20,15
solve,0.03,19,D:\MyStuff\College\.7thSemester\PSO\Swarming\MinTime\ScratchBenchBaseline\solve__THR__0.03\run_19,D:\MyStuff\College\.7thSemester\PSO\Swarming\MinTime\ScratchBenchBaseline\solve__THR__0.03\run_19\run_19.log,failure_or_timeout,False,,,0.039721,20,15
solve,0.03,2,D:\MyStuff\College\.7thSemester\PSO\Swarming\MinTime\ScratchBenchBaseline\solve__THR__0.03\run_2,D:\MyStuff\College\.7thSemester\PSO\Swarming\MinTime\ScratchBenchBaseline\solve__THR__0.03\run_2\run_2.log,failure_or_timeout,False,,,0.03842,20,15
solve,0.03,20,D:\MyStuff\College\.7thSemester\PSO\Swarming\MinTime\ScratchBenchBaseline\solve__THR__0.03\run_20,D:\MyStuff\College\.7thSemester\PSO\Swarming\MinTime\ScratchBenchBaseline\solve__THR__0.03\run_20\run_20.log,failure_or_timeout,False,,,0.038417,20,15
solve,0.03,3,D:\MyStuff\College\.7thSemester\PSO\Swarming\MinTime\ScratchBenchBaseline\solve__THR__0.03\run_3,D:\MyStuff\College\.7thSemester\PSO\Swarming\MinTime\ScratchBenchBaseline\solve__THR__0.03\run_3\run_3.log,failure_or_timeout,False,,,0.039884,20,15
solve,0.03,4,D:\MyStuff\College\.7thSemester\PSO\Swarming\MinTime\ScratchBenchBaseline\solve__THR__0.03\run_4,D:\MyStuff\College\.7thSemester\PSO\Swarming\MinTime\ScratchBenchBaseline\solve__THR__0.03\run_4\run_4.log,failure_or_timeout,False,,,0.039405,20,15
solve,0.03,5,D:\MyStuff\College\.7thSemester\PSO\Swarming\MinTime\ScratchBenchBaseline\solve__THR__0.03\run_5,D:\MyStuff\College\.7thSemester\PSO\Swarming\MinTime\ScratchBenchBaseline\solve__THR__0.03\run_5\run_5.log,failure_or_timeout,False,,,0.039097,20,15
solve,0.03,6,D:\MyStuff\College\.7thSemester\PSO\Swarming\MinTime\ScratchBenchBaseline\solve__THR__0.03\run_6,D:\MyStuff\College\.7thSemester\PSO\Swarming\MinTime\ScratchBenchBaseline\solve__THR__0.03\run_6\run_6.log,failure_or_timeout,False,,,0.039849,20,15
solve,0.03,7,D:\MyStuff\College\.7thSemester\PSO\Swarming\MinTime\ScratchBenchBaseline\solve__THR__0.03\run_7,D:\MyStuff\College\.7thSemester\PSO\Swarming\MinTime\ScratchBenchBaseline\solve__THR__0.03\run_7\run_7.log,failure_or_timeout,False,,,0.039303,20,15
solve,0.03,8,D:\MyStuff\College\.7thSemester\PSO\Swarming\MinTime\ScratchBenchBaseline\solve__THR__0.03\run_8,D:\MyStuff\College\.7thSemester\PSO\Swarming\MinTime\ScratchBenchBaseline\solve__THR__0.03\run_8\run_8.log,failure_or_timeout,False,,,0.040327,20,15
solve,0.03,9,D:\MyStuff\College\.7thSemester\PSO\Swarming\MinTime\ScratchBenchBaseline\solve__THR__0.03\run_9,D:\MyStuff\College\.7thSemester\PSO\Swarming\MinTime\ScratchBenchBaseline\solve__THR__0.03\run_9\run_9.log,failure_or_timeout,False,,,0.040352,20,15
solve,0.04,1,D:\MyStuff\College\.7thSemester\PSO\Swarming\MinTime\ScratchBenchBaseline\solve__THR__0.04\run_1,D:\MyStuff\College\.7thSemester\PSO\Swarming\MinTime\ScratchBenchBaseline\solve__THR__0.04\run_1\run_1.log,success,True,200.3742,11,0.039961,11,1
solve,0.04,10,D:\MyStuff\College\.7thSemester\PSO\Swarming\MinTime\ScratchBenchBaseline\solve__THR__0.04\run_10,D:\MyStuff\College\.7thSemester\PSO\Swarming\MinTime\ScratchBenchBaseline\solve__THR__0.04\run_10\run_10.log,success,True,287.7144,15,0.039747,15,5
solve,0.04,11,D:\MyStuff\College\.7thSemester\PSO\Swarming\MinTime\ScratchBenchBaseline\solve__THR__0.04\run_11,D:\MyStuff\College\.7thSemester\PSO\Swarming\MinTime\ScratchBenchBaseline\solve__THR__0.04\run_11\run_11.log,success,True,197.8359,11,0.039993,11,5
solve,0.04,12,D:\MyStuff\College\.7thSemester\PSO\Swarming\MinTime\ScratchBenchBaseline\solve__THR__0.04\run_12,D:\MyStuff\College\.7thSemester\PSO\Swarming\MinTime\ScratchBenchBaseline\solve__THR__0.04\run_12\run_12.log,success,True,318.6643,16,0.039789,16,1
solve,0.04,13,D:\MyStuff\College\.7thSemester\PSO\Swarming\MinTime\ScratchBenchBaseline\solve__THR__0.04\run_13,D:\MyStuff\College\.7thSemester\PSO\Swarming\MinTime\ScratchBenchBaseline\solve__THR__0.04\run_13\run_13.log,success,True,457.0726,19,0.039741,19,15
solve,0.04,14,D:\MyStuff\College\.7thSemester\PSO\Swarming\MinTime\ScratchBenchBaseline\solve__THR__0.04\run_14,D:\MyStuff\College\.7thSemester\PSO\Swarming\MinTime\ScratchBenchBaseline\solve__THR__0.04\run_14\run_14.log,success,True,266.9795,12,0.039965,12,14
solve,0.04,15,D:\MyStuff\College\.7thSemester\PSO\Swarming\MinTime\ScratchBenchBaseline\solve__THR__0.04\run_15,D:\MyStuff\College\.7thSemester\PSO\Swarming\MinTime\ScratchBenchBaseline\solve__THR__0.04\run_15\run_15.log,success,True,408.6203,18,0.039706,18,3
solve,0.04,16,D:\MyStuff\College\.7thSemester\PSO\Swarming\MinTime\ScratchBenchBaseline\solve__THR__0.04\run_16,D:\MyStuff\College\.7thSemester\PSO\Swarming\MinTime\ScratchBenchBaseline\solve__THR__0.04\run_16\run_16.log,success,True,248.0453,12,0.039923,12,1
solve,0.04,17,D:\MyStuff\College\.7thSemester\PSO\Swarming\MinTime\ScratchBenchBaseline\solve__THR__0.04\run_17,D:\MyStuff\College\.7thSemester\PSO\Swarming\MinTime\ScratchBenchBaseline\solve__THR__0.04\run_17\run_17.log,success,True,229.8167,11,0.039932,11,5
solve,0.04,18,D:\MyStuff\College\.7thSemester\PSO\Swarming\MinTime\ScratchBenchBaseline\solve__THR__0.04\run_18,D:\MyStuff\College\.7thSemester\PSO\Swarming\MinTime\ScratchBenchBaseline\solve__THR__0.04\run_18\run_18.log,success,True,354.4934,16,0.039989,16,2
solve,0.04,19,D:\MyStuff\College\.7thSemester\PSO\Swarming\MinTime\ScratchBenchBaseline\solve__THR__0.04\run_19,D:\MyStuff\College\.7thSemester\PSO\Swarming\MinTime\ScratchBenchBaseline\solve__THR__0.04\run_19\run_19.log,success,True,431.6245,19,0.039989,19,1
solve,0.04,2,D:\MyStuff\College\.7thSemester\PSO\Swarming\MinTime\ScratchBenchBaseline\solve__THR__0.04\run_2,D:\MyStuff\College\.7thSemester\PSO\Swarming\MinTime\ScratchBenchBaseline\solve__THR__0.04\run_2\run_2.log,success,True,226.2418,12,0.039991,12,2
solve,0.04,20,D:\MyStuff\College\.7thSemester\PSO\Swarming\MinTime\ScratchBenchBaseline\solve__THR__0.04\run_20,D:\MyStuff\College\.7thSemester\PSO\Swarming\MinTime\ScratchBenchBaseline\solve__THR__0.04\run_20\run_20.log,success,True,231.1021,11,0.039997,11,6
solve,0.04,3,D:\MyStuff\College\.7thSemester\PSO\Swarming\MinTime\ScratchBenchBaseline\solve__THR__0.04\run_3,D:\MyStuff\College\.7thSemester\PSO\Swarming\MinTime\ScratchBenchBaseline\solve__THR__0.04\run_3\run_3.log,success,True,414.0668,19,0.039978,19,12
solve,0.04,4,D:\MyStuff\College\.7thSemester\PSO\Swarming\MinTime\ScratchBenchBaseline\solve__THR__0.04\run_4,D:\MyStuff\College\.7thSemester\PSO\Swarming\MinTime\ScratchBenchBaseline\solve__THR__0.04\run_4\run_4.log,success,True,348.5152,17,0.04,17,9
solve,0.04,5,D:\MyStuff\College\.7thSemester\PSO\Swarming\MinTime\ScratchBenchBaseline\solve__THR__0.04\run_5,D:\MyStuff\College\.7thSemester\PSO\Swarming\MinTime\ScratchBenchBaseline\solve__THR__0.04\run_5\run_5.log,success,True,215.5379,12,0.039992,12,2
solve,0.04,6,D:\MyStuff\College\.7thSemester\PSO\Swarming\MinTime\ScratchBenchBaseline\solve__THR__0.04\run_6,D:\MyStuff\College\.7thSemester\PSO\Swarming\MinTime\ScratchBenchBaseline\solve__THR__0.04\run_6\run_6.log,success,True,296.8748,15,0.039916,15,12
solve,0.04,7,D:\MyStuff\College\.7thSemester\PSO\Swarming\MinTime\ScratchBenchBaseline\solve__THR__0.04\run_7,D:\MyStuff\College\.7thSemester\PSO\Swarming\MinTime\ScratchBenchBaseline\solve__THR__0.04\run_7\run_7.log,success,True,287.8607,15,0.039985,15,7
solve,0.04,8,D:\MyStuff\College\.7thSemester\PSO\Swarming\MinTime\ScratchBenchBaseline\solve__THR__0.04\run_8,D:\MyStuff\College\.7thSemester\PSO\Swarming\MinTime\ScratchBenchBaseline\solve__THR__0.04\run_8\run_8.log,failure_or_timeout,False,,,0.040327,20,15
solve,0.04,9,D:\MyStuff\College\.7thSemester\PSO\Swarming\MinTime\ScratchBenchBaseline\solve__THR__0.04\run_9,D:\MyStuff\College\.7thSemester\PSO\Swarming\MinTime\ScratchBenchBaseline\solve__THR__0.04\run_9\run_9.log,failure_or_timeout,False,,,0.040352,20,15
solve,0.045,1,D:\MyStuff\College\.7thSemester\PSO\Swarming\MinTime\ScratchBenchBaseline\solve__THR__0.045\run_1,D:\MyStuff\College\.7thSemester\PSO\Swarming\MinTime\ScratchBenchBaseline\solve__THR__0.045\run_1\run_1.log,success,True,105.4272,6,0.044364,6,8
solve,0.045,10,D:\MyStuff\College\.7thSemester\PSO\Swarming\MinTime\ScratchBenchBaseline\solve__THR__0.045\run_10,D:\MyStuff\College\.7thSemester\PSO\Swarming\MinTime\ScratchBenchBaseline\solve__THR__0.045\run_10\run_10.log,success,True,112.6883,7,0.044849,7,3
solve,0.045,11,D:\MyStuff\College\.7thSemester\PSO\Swarming\MinTime\ScratchBenchBaseline\solve__THR__0.045\run_11,D:\MyStuff\College\.7thSemester\PSO\Swarming\MinTime\ScratchBenchBaseline\solve__THR__0.045\run_11\run_11.log,success,True,111.6242,7,0.043819,7,2
solve,0.045,12,D:\MyStuff\College\.7thSemester\PSO\Swarming\MinTime\ScratchBenchBaseline\solve__THR__0.045\run_12,D:\MyStuff\College\.7thSemester\PSO\Swarming\MinTime\ScratchBenchBaseline\solve__THR__0.045\run_12\run_12.log,success,True,125.5524,7,0.04462,7,12
solve,0.045,13,D:\MyStuff\College\.7thSemester\PSO\Swarming\MinTime\ScratchBenchBaseline\solve__THR__0.045\run_13,D:\MyStuff\College\.7thSemester\PSO\Swarming\MinTime\ScratchBenchBaseline\solve__THR__0.045\run_13\run_13.log,success,True,131.9897,8,0.04483,8,2
solve,0.045,14,D:\MyStuff\College\.7thSemester\PSO\Swarming\MinTime\ScratchBenchBaseline\solve__THR__0.045\run_14,D:\MyStuff\College\.7thSemester\PSO\Swarming\MinTime\ScratchBenchBaseline\solve__THR__0.045\run_14\run_14.log,success,True,102.1901,6,0.044665,6,9
solve,0.045,15,D:\MyStuff\College\.7thSemester\PSO\Swarming\MinTime\ScratchBenchBaseline\solve__THR__0.045\run_15,D:\MyStuff\College\.7thSemester\PSO\Swarming\MinTime\ScratchBenchBaseline\solve__THR__0.045\run_15\run_15.log,success,True,123.9867,7,0.04459,7,11
solve,0.045,16,D:\MyStuff\College\.7thSemester\PSO\Swarming\MinTime\ScratchBenchBaseline\solve__THR__0.045\run_16,D:\MyStuff\College\.7thSemester\PSO\Swarming\MinTime\ScratchBenchBaseline\solve__THR__0.045\run_16\run_16.log,success,True,109.7412,7,0.044542,7,1
solve,0.045,17,D:\MyStuff\College\.7thSemester\PSO\Swarming\MinTime\ScratchBenchBaseline\solve__THR__0.045\run_17,D:\MyStuff\College\.7thSemester\PSO\Swarming\MinTime\ScratchBenchBaseline\solve__THR__0.045\run_17\run_17.log,success,True,94.9649,6,0.04462,6,4
solve,0.045,18,D:\MyStuff\College\.7thSemester\PSO\Swarming\MinTime\ScratchBenchBaseline\solve__THR__0.045\run_18,D:\MyStuff\College\.7thSemester\PSO\Swarming\MinTime\ScratchBenchBaseline\solve__THR__0.045\run_18\run_18.log,success,True,111.5805,7,0.044765,7,1
solve,0.045,19,D:\MyStuff\College\.7thSemester\PSO\Swarming\MinTime\ScratchBenchBaseline\solve__THR__0.045\run_19,D:\MyStuff\College\.7thSemester\PSO\Swarming\MinTime\ScratchBenchBaseline\solve__THR__0.045\run_19\run_19.log,success,True,152.9067,9,0.044922,9,2
solve,0.045,2,D:\MyStuff\College\.7thSemester\PSO\Swarming\MinTime\ScratchBenchBaseline\solve__THR__0.045\run_2,D:\MyStuff\College\.7thSemester\PSO\Swarming\MinTime\ScratchBenchBaseline\solve__THR__0.045\run_2\run_2.log,success,True,101.9959,6,0.044411,6,6
solve,0.045,20,D:\MyStuff\College\.7thSemester\PSO\Swarming\MinTime\ScratchBenchBaseline\solve__THR__0.045\run_20,D:\MyStuff\College\.7thSemester\PSO\Swarming\MinTime\ScratchBenchBaseline\solve__THR__0.045\run_20\run_20.log,success,True,110.4977,7,0.044804,7,1
solve,0.045,3,D:\MyStuff\College\.7thSemester\PSO\Swarming\MinTime\ScratchBenchBaseline\solve__THR__0.045\run_3,D:\MyStuff\College\.7thSemester\PSO\Swarming\MinTime\ScratchBenchBaseline\solve__THR__0.045\run_3\run_3.log,success,True,116.632,7,0.044676,7,1
solve,0.045,4,D:\MyStuff\College\.7thSemester\PSO\Swarming\MinTime\ScratchBenchBaseline\solve__THR__0.045\run_4,D:\MyStuff\College\.7thSemester\PSO\Swarming\MinTime\ScratchBenchBaseline\solve__THR__0.045\run_4\run_4.log,success,True,118.116,7,0.044961,7,2
solve,0.045,5,D:\MyStuff\College\.7thSemester\PSO\Swarming\MinTime\ScratchBenchBaseline\solve__THR__0.045\run_5,D:\MyStuff\College\.7thSemester\PSO\Swarming\MinTime\ScratchBenchBaseline\solve__THR__0.045\run_5\run_5.log,success,True,120.1582,7,0.044792,7,4
solve,0.045,6,D:\MyStuff\College\.7thSemester\PSO\Swarming\MinTime\ScratchBenchBaseline\solve__THR__0.045\run_6,D:\MyStuff\College\.7thSemester\PSO\Swarming\MinTime\ScratchBenchBaseline\solve__THR__0.045\run_6\run_6.log,success,True,116.4568,7,0.044822,7,1
solve,0.045,7,D:\MyStuff\College\.7thSemester\PSO\Swarming\MinTime\ScratchBenchBaseline\solve__THR__0.045\run_7,D:\MyStuff\College\.7thSemester\PSO\Swarming\MinTime\ScratchBenchBaseline\solve__THR__0.045\run_7\run_7.log,success,True,116.2377,7,0.044601,7,1
solve,0.045,8,D:\MyStuff\College\.7thSemester\PSO\Swarming\MinTime\ScratchBenchBaseline\solve__THR__0.045\run_8,D:\MyStuff\College\.7thSemester\PSO\Swarming\MinTime\ScratchBenchBaseline\solve__THR__0.045\run_8\run_8.log,success,True,116.712,7,0.044646,7,1
solve,0.045,9,D:\MyStuff\College\.7thSemester\PSO\Swarming\MinTime\ScratchBenchBaseline\solve__THR__0.045\run_9,D:\MyStuff\College\.7thSemester\PSO\Swarming\MinTime\ScratchBenchBaseline\solve__THR__0.045\run_9\run_9.log,success,True,138.2641,8,0.044993,8,5
solve,0.05,1,D:\MyStuff\College\.7thSemester\PSO\Swarming\MinTime\ScratchBenchBaseline\solve__THR__0.05\run_1,D:\MyStuff\College\.7thSemester\PSO\Swarming\MinTime\ScratchBenchBaseline\solve__THR__0.05\run_1\run_1.log,success,True,85.279,5,0.049339,10,1
solve,0.05,10,D:\MyStuff\College\.7thSemester\PSO\Swarming\MinTime\ScratchBenchBaseline\solve__THR__0.05\run_10,D:\MyStuff\College\.7thSemester\PSO\Swarming\MinTime\ScratchBenchBaseline\solve__THR__0.05\run_10\run_10.log,success,True,107.3347,5,0.04942,10,15
solve,0.05,11,D:\MyStuff\College\.7thSemester\PSO\Swarming\MinTime\ScratchBenchBaseline\solve__THR__0.05\run_11,D:\MyStuff\College\.7thSemester\PSO\Swarming\MinTime\ScratchBenchBaseline\solve__THR__0.05\run_11\run_11.log,success,True,83.5988,5,0.049593,10,1
solve,0.05,12,D:\MyStuff\College\.7thSemester\PSO\Swarming\MinTime\ScratchBenchBaseline\solve__THR__0.05\run_12,D:\MyStuff\College\.7thSemester\PSO\Swarming\MinTime\ScratchBenchBaseline\solve__THR__0.05\run_12\run_12.log,success,True,104.9397,6,0.049617,12,1
solve,0.05,13,D:\MyStuff\College\.7thSemester\PSO\Swarming\MinTime\ScratchBenchBaseline\solve__THR__0.05\run_13,D:\MyStuff\College\.7thSemester\PSO\Swarming\MinTime\ScratchBenchBaseline\solve__THR__0.05\run_13\run_13.log,success,True,103.8073,6,0.049649,12,1
solve,0.05,14,D:\MyStuff\College\.7thSemester\PSO\Swarming\MinTime\ScratchBenchBaseline\solve__THR__0.05\run_14,D:\MyStuff\College\.7thSemester\PSO\Swarming\MinTime\ScratchBenchBaseline\solve__THR__0.05\run_14\run_14.log,success,True,82.9001,5,0.048962,10,1
solve,0.05,15,D:\MyStuff\College\.7thSemester\PSO\Swarming\MinTime\ScratchBenchBaseline\solve__THR__0.05\run_15,D:\MyStuff\College\.7thSemester\PSO\Swarming\MinTime\ScratchBenchBaseline\solve__THR__0.05\run_15\run_15.log,success,True,100.7757,5,0.049062,10,13
solve,0.05,16,D:\MyStuff\College\.7thSemester\PSO\Swarming\MinTime\ScratchBenchBaseline\solve__THR__0.05\run_16,D:\MyStuff\College\.7thSemester\PSO\Swarming\MinTime\ScratchBenchBaseline\solve__THR__0.05\run_16\run_16.log,success,True,89.0024,5,0.049461,10,5
solve,0.05,17,D:\MyStuff\College\.7thSemester\PSO\Swarming\MinTime\ScratchBenchBaseline\solve__THR__0.05\run_17,D:\MyStuff\College\.7thSemester\PSO\Swarming\MinTime\ScratchBenchBaseline\solve__THR__0.05\run_17\run_17.log,success,True,83.145,5,0.049867,10,1
solve,0.05,18,D:\MyStuff\College\.7thSemester\PSO\Swarming\MinTime\ScratchBenchBaseline\solve__THR__0.05\run_18,D:\MyStuff\College\.7thSemester\PSO\Swarming\MinTime\ScratchBenchBaseline\solve__THR__0.05\run_18\run_18.log,success,True,85.1183,5,0.049684,10,2
solve,0.05,19,D:\MyStuff\College\.7thSemester\PSO\Swarming\MinTime\ScratchBenchBaseline\solve__THR__0.05\run_19,D:\MyStuff\College\.7thSemester\PSO\Swarming\MinTime\ScratchBenchBaseline\solve__THR__0.05\run_19\run_19.log,success,True,117.5712,6,0.049968,12,9
solve,0.05,2,D:\MyStuff\College\.7thSemester\PSO\Swarming\MinTime\ScratchBenchBaseline\solve__THR__0.05\run_2,D:\MyStuff\College\.7thSemester\PSO\Swarming\MinTime\ScratchBenchBaseline\solve__THR__0.05\run_2\run_2.log,success,True,85.7864,5,0.04999,10,1
solve,0.05,20,D:\MyStuff\College\.7thSemester\PSO\Swarming\MinTime\ScratchBenchBaseline\solve__THR__0.05\run_20,D:\MyStuff\College\.7thSemester\PSO\Swarming\MinTime\ScratchBenchBaseline\solve__THR__0.05\run_20\run_20.log,success,True,83.2581,5,0.049257,10,1
solve,0.05,3,D:\MyStuff\College\.7thSemester\PSO\Swarming\MinTime\ScratchBenchBaseline\solve__THR__0.05\run_3,D:\MyStuff\College\.7thSemester\PSO\Swarming\MinTime\ScratchBenchBaseline\solve__THR__0.05\run_3\run_3.log,success,True,86.2959,5,0.049701,10,2
solve,0.05,4,D:\MyStuff\College\.7thSemester\PSO\Swarming\MinTime\ScratchBenchBaseline\solve__THR__0.05\run_4,D:\MyStuff\College\.7thSemester\PSO\Swarming\MinTime\ScratchBenchBaseline\solve__THR__0.05\run_4\run_4.log,success,True,84.6641,5,0.04965,10,1
solve,0.05,5,D:\MyStuff\College\.7thSemester\PSO\Swarming\MinTime\ScratchBenchBaseline\solve__THR__0.05\run_5,D:\MyStuff\College\.7thSemester\PSO\Swarming\MinTime\ScratchBenchBaseline\solve__THR__0.05\run_5\run_5.log,success,True,100.2264,5,0.049254,10,11
solve,0.05,6,D:\MyStuff\College\.7thSemester\PSO\Swarming\MinTime\ScratchBenchBaseline\solve__THR__0.05\run_6,D:\MyStuff\College\.7thSemester\PSO\Swarming\MinTime\ScratchBenchBaseline\solve__THR__0.05\run_6\run_6.log,success,True,84.7356,5,0.049872,10,1
solve,0.05,7,D:\MyStuff\College\.7thSemester\PSO\Swarming\MinTime\ScratchBenchBaseline\solve__THR__0.05\run_7,D:\MyStuff\College\.7thSemester\PSO\Swarming\MinTime\ScratchBenchBaseline\solve__THR__0.05\run_7\run_7.log,success,True,84.8946,5,0.049756,10,2
solve,0.05,8,D:\MyStuff\College\.7thSemester\PSO\Swarming\MinTime\ScratchBenchBaseline\solve__THR__0.05\run_8,D:\MyStuff\College\.7thSemester\PSO\Swarming\MinTime\ScratchBenchBaseline\solve__THR__0.05\run_8\run_8.log,success,True,97.8284,5,0.049838,10,9
solve,0.05,9,D:\MyStuff\College\.7thSemester\PSO\Swarming\MinTime\ScratchBenchBaseline\solve__THR__0.05\run_9,D:\MyStuff\College\.7thSemester\PSO\Swarming\MinTime\ScratchBenchBaseline\solve__THR__0.05\run_9\run_9.log,success,True,128.6518,7,0.049499,14,1
