nohup: ignoring input
--- Loading PDN data ---

===== METHOD: numpy =====

============================================================
RUN 01 | METHOD = NUMPY
============================================================

[Stage] n_caps = 1
  Iter 01/15 | Best Z =  117.880 mΩ | IterTime =   2.47s
  Iter 02/15 | Best Z =  117.880 mΩ | IterTime =   2.40s
  Iter 03/15 | Best Z =  117.880 mΩ | IterTime =   2.41s
  Iter 04/15 | Best Z =  117.880 mΩ | IterTime =   2.40s
  Iter 05/15 | Best Z =  117.880 mΩ | IterTime =   2.45s
  Iter 06/15 | Best Z =  117.880 mΩ | IterTime =   2.41s
  Iter 07/15 | Best Z =  117.880 mΩ | IterTime =   2.39s
  Iter 08/15 | Best Z =  117.880 mΩ | IterTime =   2.40s
  Iter 09/15 | Best Z =  117.880 mΩ | IterTime =   2.40s
  Iter 10/15 | Best Z =  117.880 mΩ | IterTime =   2.39s
  Iter 11/15 | Best Z =  117.880 mΩ | IterTime =   2.39s
  Iter 12/15 | Best Z =  117.880 mΩ | IterTime =   2.40s
  Iter 13/15 | Best Z =  117.880 mΩ | IterTime =   2.40s
  Iter 14/15 | Best Z =  117.880 mΩ | IterTime =   2.39s
  Iter 15/15 | Best Z =  117.880 mΩ | IterTime =   2.70s
[Stage Complete] n_caps=1 | Best Z = 117.880 mΩ | Ports = [0] | Time = 36.39s

[Stage] n_caps = 2
  Iter 01/15 | Best Z =  105.088 mΩ | IterTime =   3.19s
  Iter 02/15 | Best Z =  105.088 mΩ | IterTime =   3.11s
  Iter 03/15 | Best Z =  105.088 mΩ | IterTime =   3.05s
  Iter 04/15 | Best Z =  105.088 mΩ | IterTime =   3.05s
  Iter 05/15 | Best Z =  105.088 mΩ | IterTime =   3.08s
  Iter 06/15 | Best Z =  105.088 mΩ | IterTime =   3.10s
  Iter 07/15 | Best Z =  105.088 mΩ | IterTime =   3.09s
  Iter 08/15 | Best Z =  105.088 mΩ | IterTime =   3.10s
  Iter 09/15 | Best Z =  105.088 mΩ | IterTime =   3.11s
  Iter 10/15 | Best Z =  105.088 mΩ | IterTime =   3.09s
  Iter 11/15 | Best Z =  105.088 mΩ | IterTime =   3.10s
  Iter 12/15 | Best Z =  105.088 mΩ | IterTime =   3.10s
  Iter 13/15 | Best Z =  105.088 mΩ | IterTime =   3.10s
  Iter 14/15 | Best Z =  105.088 mΩ | IterTime =   3.10s
  Iter 15/15 | Best Z =  105.088 mΩ | IterTime =   3.11s
[Stage Complete] n_caps=2 | Best Z = 105.088 mΩ | Ports = [15, 16] | Time = 46.49s

[Stage] n_caps = 3
  Iter 01/15 | Best Z =   79.250 mΩ | IterTime =   3.12s
  Iter 02/15 | Best Z =   79.250 mΩ | IterTime =   3.29s
  Iter 03/15 | Best Z =   79.250 mΩ | IterTime =   3.27s
  Iter 04/15 | Best Z =   79.250 mΩ | IterTime =   3.11s
  Iter 05/15 | Best Z =   79.250 mΩ | IterTime =   3.24s
  Iter 06/15 | Best Z =   79.250 mΩ | IterTime =   3.26s
  Iter 07/15 | Best Z =   79.250 mΩ | IterTime =   3.14s
  Iter 08/15 | Best Z =   79.250 mΩ | IterTime =   3.26s
  Iter 09/15 | Best Z =   79.250 mΩ | IterTime =   3.25s
  Iter 10/15 | Best Z =   79.250 mΩ | IterTime =   3.15s
  Iter 11/15 | Best Z =   79.250 mΩ | IterTime =   3.26s
  Iter 12/15 | Best Z =   79.250 mΩ | IterTime =   3.31s
  Iter 13/15 | Best Z =   79.250 mΩ | IterTime =   3.13s
  Iter 14/15 | Best Z =   79.250 mΩ | IterTime =   3.25s
  Iter 15/15 | Best Z =   79.250 mΩ | IterTime =   3.26s
[Stage Complete] n_caps=3 | Best Z = 79.250 mΩ | Ports = [16, 0, 6] | Time = 48.30s

[Stage] n_caps = 4
  Iter 01/15 | Best Z =   70.177 mΩ | IterTime =   3.26s
  Iter 02/15 | Best Z =   70.177 mΩ | IterTime =   3.26s
  Iter 03/15 | Best Z =   70.177 mΩ | IterTime =   3.23s
  Iter 04/15 | Best Z =   70.177 mΩ | IterTime =   3.23s
  Iter 05/15 | Best Z =   70.177 mΩ | IterTime =   3.21s
  Iter 06/15 | Best Z =   70.177 mΩ | IterTime =   3.22s
  Iter 07/15 | Best Z =   70.177 mΩ | IterTime =   3.25s
  Iter 08/15 | Best Z =   70.177 mΩ | IterTime =   3.26s
  Iter 09/15 | Best Z =   70.177 mΩ | IterTime =   3.23s
  Iter 10/15 | Best Z =   70.177 mΩ | IterTime =   3.22s
  Iter 11/15 | Best Z =   70.177 mΩ | IterTime =   3.24s
  Iter 12/15 | Best Z =   70.177 mΩ | IterTime =   3.23s
  Iter 13/15 | Best Z =   70.177 mΩ | IterTime =   3.26s
  Iter 14/15 | Best Z =   70.177 mΩ | IterTime =   3.23s
  Iter 15/15 | Best Z =   70.177 mΩ | IterTime =   3.24s
[Stage Complete] n_caps=4 | Best Z = 70.177 mΩ | Ports = [0, 6, 7, 0] | Time = 48.57s

[Stage] n_caps = 5
  Iter 01/15 | Best Z =   70.600 mΩ | IterTime =   3.26s
  Iter 02/15 | Best Z =   70.600 mΩ | IterTime =   3.29s
  Iter 03/15 | Best Z =   70.600 mΩ | IterTime =   3.17s
  Iter 04/15 | Best Z =   70.600 mΩ | IterTime =   3.25s
  Iter 05/15 | Best Z =   70.600 mΩ | IterTime =   3.15s
  Iter 06/15 | Best Z =   70.600 mΩ | IterTime =   3.25s
  Iter 07/15 | Best Z =   70.600 mΩ | IterTime =   3.25s
  Iter 08/15 | Best Z =   70.600 mΩ | IterTime =   3.29s
  Iter 09/15 | Best Z =   70.600 mΩ | IterTime =   3.17s
  Iter 10/15 | Best Z =   70.600 mΩ | IterTime =   3.25s
  Iter 11/15 | Best Z =   70.600 mΩ | IterTime =   3.09s
  Iter 12/15 | Best Z =   70.600 mΩ | IterTime =   2.76s
  Iter 13/15 | Best Z =   70.600 mΩ | IterTime =   2.87s
  Iter 14/15 | Best Z =   70.600 mΩ | IterTime =   3.35s
  Iter 15/15 | Best Z =   70.600 mΩ | IterTime =   3.18s
[Stage Complete] n_caps=5 | Best Z = 70.600 mΩ | Ports = [6, 7, 0, 0, 12] | Time = 47.59s

[Stage] n_caps = 6
  Iter 01/15 | Best Z =   51.463 mΩ | IterTime =   3.25s
  Iter 02/15 | Best Z =   51.463 mΩ | IterTime =   3.33s
  Iter 03/15 | Best Z =   51.463 mΩ | IterTime =   3.22s
  Iter 04/15 | Best Z =   51.463 mΩ | IterTime =   3.29s
  Iter 05/15 | Best Z =   51.463 mΩ | IterTime =   3.35s
  Iter 06/15 | Best Z =   51.463 mΩ | IterTime =   2.93s
  Iter 07/15 | Best Z =   51.463 mΩ | IterTime =   2.89s
  Iter 08/15 | Best Z =   51.463 mΩ | IterTime =   2.94s
  Iter 09/15 | Best Z =   51.463 mΩ | IterTime =   2.85s
  Iter 10/15 | Best Z =   51.463 mΩ | IterTime =   2.96s
  Iter 11/15 | Best Z =   51.463 mΩ | IterTime =   2.98s
  Iter 12/15 | Best Z =   51.463 mΩ | IterTime =   2.89s
  Iter 13/15 | Best Z =   51.463 mΩ | IterTime =   2.83s
  Iter 14/15 | Best Z =   51.463 mΩ | IterTime =   2.97s
  Iter 15/15 | Best Z =   51.463 mΩ | IterTime =   2.89s
[Stage Complete] n_caps=6 | Best Z = 51.463 mΩ | Ports = [7, 0, 0, 12, 10, 0] | Time = 45.58s
Threshold reached — stopping stage growth.

[Run Complete] Total Time = 272.92s
------------------------------------------------------------
numpy | Run 01 | n_caps=6 | Z=0.051463 | Time=273.56s

============================================================
RUN 02 | METHOD = NUMPY
============================================================

[Stage] n_caps = 1
  Iter 01/15 | Best Z =  124.812 mΩ | IterTime =   2.81s
  Iter 02/15 | Best Z =  124.812 mΩ | IterTime =   2.75s
  Iter 03/15 | Best Z =  124.812 mΩ | IterTime =   2.74s
  Iter 04/15 | Best Z =  124.812 mΩ | IterTime =   2.75s
  Iter 05/15 | Best Z =  124.812 mΩ | IterTime =   2.74s
  Iter 06/15 | Best Z =  124.812 mΩ | IterTime =   2.72s
  Iter 07/15 | Best Z =  124.812 mΩ | IterTime =   2.76s
  Iter 08/15 | Best Z =  124.812 mΩ | IterTime =   2.73s
  Iter 09/15 | Best Z =  124.812 mΩ | IterTime =   2.74s
  Iter 10/15 | Best Z =  124.812 mΩ | IterTime =   2.73s
  Iter 11/15 | Best Z =  124.812 mΩ | IterTime =   2.73s
  Iter 12/15 | Best Z =  124.812 mΩ | IterTime =   2.78s
  Iter 13/15 | Best Z =  124.812 mΩ | IterTime =   2.75s
  Iter 14/15 | Best Z =  124.812 mΩ | IterTime =   2.76s
  Iter 15/15 | Best Z =  124.812 mΩ | IterTime =   2.78s
[Stage Complete] n_caps=1 | Best Z = 124.812 mΩ | Ports = [0] | Time = 41.27s

[Stage] n_caps = 2
  Iter 01/15 | Best Z =  100.793 mΩ | IterTime =   2.76s
  Iter 02/15 | Best Z =  100.793 mΩ | IterTime =   2.75s
  Iter 03/15 | Best Z =  100.793 mΩ | IterTime =   2.76s
  Iter 04/15 | Best Z =  100.793 mΩ | IterTime =   2.75s
  Iter 05/15 | Best Z =  100.793 mΩ | IterTime =   2.76s
  Iter 06/15 | Best Z =  100.793 mΩ | IterTime =   2.77s
  Iter 07/15 | Best Z =  100.793 mΩ | IterTime =   2.74s
  Iter 08/15 | Best Z =  100.793 mΩ | IterTime =   2.75s
  Iter 09/15 | Best Z =  100.793 mΩ | IterTime =   2.68s
  Iter 10/15 | Best Z =  100.793 mΩ | IterTime =   2.70s
  Iter 11/15 | Best Z =  100.793 mΩ | IterTime =   2.69s
  Iter 12/15 | Best Z =  100.793 mΩ | IterTime =   2.70s
  Iter 13/15 | Best Z =  100.793 mΩ | IterTime =   2.69s
  Iter 14/15 | Best Z =  100.793 mΩ | IterTime =   2.70s
  Iter 15/15 | Best Z =  100.793 mΩ | IterTime =   2.70s
[Stage Complete] n_caps=2 | Best Z = 100.793 mΩ | Ports = [0, 6] | Time = 40.89s

[Stage] n_caps = 3
  Iter 01/15 | Best Z =   98.570 mΩ | IterTime =   2.87s
  Iter 02/15 | Best Z =   98.570 mΩ | IterTime =   2.80s
  Iter 03/15 | Best Z =   98.570 mΩ | IterTime =   2.86s
  Iter 04/15 | Best Z =   98.570 mΩ | IterTime =   2.80s
  Iter 05/15 | Best Z =   98.570 mΩ | IterTime =   2.84s
  Iter 06/15 | Best Z =   98.570 mΩ | IterTime =   2.78s
  Iter 07/15 | Best Z =   98.570 mΩ | IterTime =   2.88s
  Iter 08/15 | Best Z =   98.570 mΩ | IterTime =   2.79s
  Iter 09/15 | Best Z =   98.570 mΩ | IterTime =   2.86s
  Iter 10/15 | Best Z =   98.570 mΩ | IterTime =   2.79s
  Iter 11/15 | Best Z =   98.570 mΩ | IterTime =   2.83s
  Iter 12/15 | Best Z =   98.570 mΩ | IterTime =   2.81s
  Iter 13/15 | Best Z =   98.570 mΩ | IterTime =   2.90s
  Iter 14/15 | Best Z =   98.570 mΩ | IterTime =   2.84s
  Iter 15/15 | Best Z =   98.570 mΩ | IterTime =   3.25s
[Stage Complete] n_caps=3 | Best Z = 98.570 mΩ | Ports = [6, 0, 12] | Time = 42.89s

[Stage] n_caps = 4
  Iter 01/15 | Best Z =   73.303 mΩ | IterTime =   3.22s
  Iter 02/15 | Best Z =   73.303 mΩ | IterTime =   3.18s
  Iter 03/15 | Best Z =   73.303 mΩ | IterTime =   3.28s
  Iter 04/15 | Best Z =   73.303 mΩ | IterTime =   3.20s
  Iter 05/15 | Best Z =   73.303 mΩ | IterTime =   3.28s
  Iter 06/15 | Best Z =   73.303 mΩ | IterTime =   3.25s
  Iter 07/15 | Best Z =   73.303 mΩ | IterTime =   3.15s
  Iter 08/15 | Best Z =   73.303 mΩ | IterTime =   3.24s
  Iter 09/15 | Best Z =   73.303 mΩ | IterTime =   3.28s
  Iter 10/15 | Best Z =   73.303 mΩ | IterTime =   3.13s
  Iter 11/15 | Best Z =   73.303 mΩ | IterTime =   3.29s
  Iter 12/15 | Best Z =   73.303 mΩ | IterTime =   3.29s
  Iter 13/15 | Best Z =   73.303 mΩ | IterTime =   3.13s
  Iter 14/15 | Best Z =   73.303 mΩ | IterTime =   3.26s
  Iter 15/15 | Best Z =   73.303 mΩ | IterTime =   3.26s
[Stage Complete] n_caps=4 | Best Z = 73.303 mΩ | Ports = [0, 10, 10, 8] | Time = 48.44s

[Stage] n_caps = 5
  Iter 01/15 | Best Z =   70.618 mΩ | IterTime =   3.21s
  Iter 02/15 | Best Z =   70.618 mΩ | IterTime =   3.34s
  Iter 03/15 | Best Z =   70.618 mΩ | IterTime =   3.21s
  Iter 04/15 | Best Z =   70.618 mΩ | IterTime =   3.31s
  Iter 05/15 | Best Z =   70.618 mΩ | IterTime =   3.18s
  Iter 06/15 | Best Z =   70.618 mΩ | IterTime =   3.30s
  Iter 07/15 | Best Z =   70.618 mΩ | IterTime =   3.20s
  Iter 08/15 | Best Z =   70.618 mΩ | IterTime =   3.35s
  Iter 09/15 | Best Z =   70.618 mΩ | IterTime =   3.16s
  Iter 10/15 | Best Z =   70.618 mΩ | IterTime =   3.33s
  Iter 11/15 | Best Z =   70.618 mΩ | IterTime =   3.18s
  Iter 12/15 | Best Z =   70.618 mΩ | IterTime =   3.31s
  Iter 13/15 | Best Z =   70.618 mΩ | IterTime =   3.20s
  Iter 14/15 | Best Z =   70.618 mΩ | IterTime =   3.35s
  Iter 15/15 | Best Z =   70.618 mΩ | IterTime =   3.18s
[Stage Complete] n_caps=5 | Best Z = 70.618 mΩ | Ports = [14, 7, 8, 0, 11] | Time = 48.81s

[Stage] n_caps = 6
  Iter 01/15 | Best Z =   68.001 mΩ | IterTime =   3.34s
  Iter 02/15 | Best Z =   68.001 mΩ | IterTime =   3.37s
  Iter 03/15 | Best Z =   68.001 mΩ | IterTime =   3.21s
  Iter 04/15 | Best Z =   68.001 mΩ | IterTime =   3.38s
  Iter 05/15 | Best Z =   68.001 mΩ | IterTime =   3.33s
  Iter 06/15 | Best Z =   68.001 mΩ | IterTime =   3.20s
  Iter 07/15 | Best Z =   68.001 mΩ | IterTime =   3.34s
  Iter 08/15 | Best Z =   68.001 mΩ | IterTime =   3.33s
  Iter 09/15 | Best Z =   68.001 mΩ | IterTime =   3.23s
  Iter 10/15 | Best Z =   68.001 mΩ | IterTime =   3.34s
  Iter 11/15 | Best Z =   68.001 mΩ | IterTime =   3.31s
  Iter 12/15 | Best Z =   68.001 mΩ | IterTime =   3.21s
  Iter 13/15 | Best Z =   68.001 mΩ | IterTime =   3.34s
  Iter 14/15 | Best Z =   68.001 mΩ | IterTime =   3.33s
  Iter 15/15 | Best Z =   68.001 mΩ | IterTime =   3.23s
[Stage Complete] n_caps=6 | Best Z = 68.001 mΩ | Ports = [7, 8, 0, 11, 10, 0] | Time = 49.48s

[Stage] n_caps = 7
  Iter 01/15 | Best Z =   53.946 mΩ | IterTime =   3.24s
  Iter 02/15 | Best Z =   53.946 mΩ | IterTime =   3.24s
  Iter 03/15 | Best Z =   53.946 mΩ | IterTime =   2.98s
  Iter 04/15 | Best Z =   53.946 mΩ | IterTime =   3.28s
  Iter 05/15 | Best Z =   53.946 mΩ | IterTime =   3.35s
  Iter 06/15 | Best Z =   53.946 mΩ | IterTime =   3.26s
  Iter 07/15 | Best Z =   53.946 mΩ | IterTime =   3.27s
  Iter 08/15 | Best Z =   53.946 mΩ | IterTime =   3.34s
  Iter 09/15 | Best Z =   53.946 mΩ | IterTime =   3.33s
  Iter 10/15 | Best Z =   53.946 mΩ | IterTime =   3.24s
  Iter 11/15 | Best Z =   53.946 mΩ | IterTime =   3.35s
  Iter 12/15 | Best Z =   53.946 mΩ | IterTime =   3.28s
  Iter 13/15 | Best Z =   53.946 mΩ | IterTime =   3.28s
  Iter 14/15 | Best Z =   53.946 mΩ | IterTime =   3.32s
  Iter 15/15 | Best Z =   53.946 mΩ | IterTime =   3.30s
[Stage Complete] n_caps=7 | Best Z = 53.946 mΩ | Ports = [8, 0, 11, 10, 0, 9, 16] | Time = 49.05s
Threshold reached — stopping stage growth.

[Run Complete] Total Time = 320.84s
------------------------------------------------------------
numpy | Run 02 | n_caps=7 | Z=0.053946 | Time=321.07s

============================================================
RUN 03 | METHOD = NUMPY
============================================================

[Stage] n_caps = 1
  Iter 01/15 | Best Z =  144.600 mΩ | IterTime =   2.85s
  Iter 02/15 | Best Z =  144.600 mΩ | IterTime =   2.83s
  Iter 03/15 | Best Z =  144.600 mΩ | IterTime =   2.83s
  Iter 04/15 | Best Z =  144.600 mΩ | IterTime =   2.83s
  Iter 05/15 | Best Z =  144.600 mΩ | IterTime =   2.83s
  Iter 06/15 | Best Z =  144.600 mΩ | IterTime =   2.82s
  Iter 07/15 | Best Z =  144.600 mΩ | IterTime =   2.83s
  Iter 08/15 | Best Z =  144.600 mΩ | IterTime =   2.82s
  Iter 09/15 | Best Z =  144.600 mΩ | IterTime =   2.82s
  Iter 10/15 | Best Z =  144.600 mΩ | IterTime =   2.82s
  Iter 11/15 | Best Z =  144.600 mΩ | IterTime =   2.82s
  Iter 12/15 | Best Z =  144.600 mΩ | IterTime =   2.82s
  Iter 13/15 | Best Z =  144.600 mΩ | IterTime =   2.83s
  Iter 14/15 | Best Z =  144.600 mΩ | IterTime =   2.82s
  Iter 15/15 | Best Z =  144.600 mΩ | IterTime =   2.81s
[Stage Complete] n_caps=1 | Best Z = 144.600 mΩ | Ports = [16] | Time = 42.41s

[Stage] n_caps = 2
  Iter 01/15 | Best Z =   97.593 mΩ | IterTime =   2.85s
  Iter 02/15 | Best Z =   97.593 mΩ | IterTime =   2.85s
  Iter 03/15 | Best Z =   97.593 mΩ | IterTime =   2.85s
  Iter 04/15 | Best Z =   97.593 mΩ | IterTime =   2.86s
  Iter 05/15 | Best Z =   97.593 mΩ | IterTime =   2.85s
  Iter 06/15 | Best Z =   97.593 mΩ | IterTime =   2.86s
  Iter 07/15 | Best Z =   97.593 mΩ | IterTime =   2.86s
  Iter 08/15 | Best Z =   97.593 mΩ | IterTime =   2.85s
  Iter 09/15 | Best Z =   97.593 mΩ | IterTime =   2.86s
  Iter 10/15 | Best Z =   97.593 mΩ | IterTime =   2.87s
  Iter 11/15 | Best Z =   97.593 mΩ | IterTime =   2.85s
  Iter 12/15 | Best Z =   97.593 mΩ | IterTime =   2.85s
  Iter 13/15 | Best Z =   97.593 mΩ | IterTime =   2.84s
  Iter 14/15 | Best Z =   97.593 mΩ | IterTime =   2.86s
  Iter 15/15 | Best Z =   97.593 mΩ | IterTime =   2.84s
[Stage Complete] n_caps=2 | Best Z = 97.593 mΩ | Ports = [15, 0] | Time = 42.79s

[Stage] n_caps = 3
  Iter 01/15 | Best Z =   69.572 mΩ | IterTime =   2.90s
  Iter 02/15 | Best Z =   69.572 mΩ | IterTime =   3.23s
  Iter 03/15 | Best Z =   69.572 mΩ | IterTime =   3.25s
  Iter 04/15 | Best Z =   69.572 mΩ | IterTime =   3.22s
  Iter 05/15 | Best Z =   69.572 mΩ | IterTime =   3.22s
  Iter 06/15 | Best Z =   69.572 mΩ | IterTime =   3.20s
  Iter 07/15 | Best Z =   69.572 mΩ | IterTime =   3.25s
  Iter 08/15 | Best Z =   69.572 mΩ | IterTime =   3.24s
  Iter 09/15 | Best Z =   69.572 mΩ | IterTime =   3.25s
  Iter 10/15 | Best Z =   69.572 mΩ | IterTime =   3.23s
  Iter 11/15 | Best Z =   69.572 mΩ | IterTime =   3.22s
  Iter 12/15 | Best Z =   69.572 mΩ | IterTime =   3.18s
  Iter 13/15 | Best Z =   69.572 mΩ | IterTime =   3.26s
  Iter 14/15 | Best Z =   69.572 mΩ | IterTime =   3.24s
  Iter 15/15 | Best Z =   69.572 mΩ | IterTime =   3.23s
[Stage Complete] n_caps=3 | Best Z = 69.572 mΩ | Ports = [0, 0, 0] | Time = 48.13s

[Stage] n_caps = 4
  Iter 01/15 | Best Z =   68.560 mΩ | IterTime =   2.93s
  Iter 02/15 | Best Z =   68.560 mΩ | IterTime =   3.28s
  Iter 03/15 | Best Z =   68.560 mΩ | IterTime =   2.92s
  Iter 04/15 | Best Z =   68.560 mΩ | IterTime =   2.92s
  Iter 05/15 | Best Z =   68.560 mΩ | IterTime =   3.26s
  Iter 06/15 | Best Z =   68.560 mΩ | IterTime =   2.93s
  Iter 07/15 | Best Z =   68.560 mΩ | IterTime =   2.92s
  Iter 08/15 | Best Z =   68.560 mΩ | IterTime =   3.26s
  Iter 09/15 | Best Z =   68.560 mΩ | IterTime =   2.92s
  Iter 10/15 | Best Z =   68.560 mΩ | IterTime =   2.92s
  Iter 11/15 | Best Z =   68.560 mΩ | IterTime =   3.28s
  Iter 12/15 | Best Z =   68.560 mΩ | IterTime =   2.92s
  Iter 13/15 | Best Z =   68.560 mΩ | IterTime =   2.91s
  Iter 14/15 | Best Z =   68.560 mΩ | IterTime =   3.28s
  Iter 15/15 | Best Z =   68.560 mΩ | IterTime =   2.93s
[Stage Complete] n_caps=4 | Best Z = 68.560 mΩ | Ports = [0, 0, 0, 12] | Time = 45.57s

[Stage] n_caps = 5
  Iter 01/15 | Best Z =   73.935 mΩ | IterTime =   3.32s
  Iter 02/15 | Best Z =   73.935 mΩ | IterTime =   3.30s
  Iter 03/15 | Best Z =   73.935 mΩ | IterTime =   3.30s
  Iter 04/15 | Best Z =   73.935 mΩ | IterTime =   3.27s
  Iter 05/15 | Best Z =   73.935 mΩ | IterTime =   3.25s
  Iter 06/15 | Best Z =   73.935 mΩ | IterTime =   3.30s
  Iter 07/15 | Best Z =   73.935 mΩ | IterTime =   3.28s
  Iter 08/15 | Best Z =   73.935 mΩ | IterTime =   3.30s
  Iter 09/15 | Best Z =   73.935 mΩ | IterTime =   3.27s
  Iter 10/15 | Best Z =   73.935 mΩ | IterTime =   3.31s
  Iter 11/15 | Best Z =   73.935 mΩ | IterTime =   3.30s
  Iter 12/15 | Best Z =   73.935 mΩ | IterTime =   3.31s
  Iter 13/15 | Best Z =   73.935 mΩ | IterTime =   3.28s
  Iter 14/15 | Best Z =   73.935 mΩ | IterTime =   3.29s
  Iter 15/15 | Best Z =   73.935 mΩ | IterTime =   3.29s
[Stage Complete] n_caps=5 | Best Z = 73.935 mΩ | Ports = [0, 0, 12, 6, 7] | Time = 49.37s

[Stage] n_caps = 6
  Iter 01/15 | Best Z =   68.299 mΩ | IterTime =   3.29s
  Iter 02/15 | Best Z =   68.299 mΩ | IterTime =   3.27s
  Iter 03/15 | Best Z =   68.299 mΩ | IterTime =   3.30s
  Iter 04/15 | Best Z =   68.299 mΩ | IterTime =   3.29s
  Iter 05/15 | Best Z =   68.299 mΩ | IterTime =   3.28s
  Iter 06/15 | Best Z =   68.299 mΩ | IterTime =   3.27s
  Iter 07/15 | Best Z =   68.299 mΩ | IterTime =   3.28s
  Iter 08/15 | Best Z =   68.299 mΩ | IterTime =   3.30s
  Iter 09/15 | Best Z =   68.299 mΩ | IterTime =   3.32s
  Iter 10/15 | Best Z =   68.299 mΩ | IterTime =   3.25s
  Iter 11/15 | Best Z =   68.299 mΩ | IterTime =   3.31s
  Iter 12/15 | Best Z =   68.299 mΩ | IterTime =   3.28s
  Iter 13/15 | Best Z =   68.299 mΩ | IterTime =   3.29s
  Iter 14/15 | Best Z =   68.299 mΩ | IterTime =   3.27s
  Iter 15/15 | Best Z =   68.299 mΩ | IterTime =   3.30s
[Stage Complete] n_caps=6 | Best Z = 68.299 mΩ | Ports = [0, 10, 9, 5, 9, 18] | Time = 49.30s

[Stage] n_caps = 7
  Iter 01/15 | Best Z =   69.316 mΩ | IterTime =   3.33s
  Iter 02/15 | Best Z =   69.316 mΩ | IterTime =   3.36s
  Iter 03/15 | Best Z =   69.316 mΩ | IterTime =   3.33s
  Iter 04/15 | Best Z =   69.316 mΩ | IterTime =   3.36s
  Iter 05/15 | Best Z =   69.316 mΩ | IterTime =   3.31s
  Iter 06/15 | Best Z =   69.316 mΩ | IterTime =   3.37s
  Iter 07/15 | Best Z =   69.316 mΩ | IterTime =   3.33s
  Iter 08/15 | Best Z =   69.316 mΩ | IterTime =   3.37s
  Iter 09/15 | Best Z =   69.316 mΩ | IterTime =   3.32s
  Iter 10/15 | Best Z =   69.316 mΩ | IterTime =   3.39s
  Iter 11/15 | Best Z =   69.316 mΩ | IterTime =   3.32s
  Iter 12/15 | Best Z =   69.316 mΩ | IterTime =   3.40s
  Iter 13/15 | Best Z =   69.316 mΩ | IterTime =   3.31s
  Iter 14/15 | Best Z =   69.316 mΩ | IterTime =   3.37s
  Iter 15/15 | Best Z =   69.316 mΩ | IterTime =   3.32s
[Stage Complete] n_caps=7 | Best Z = 69.316 mΩ | Ports = [14, 0, 9, 14, 12, 11, 4] | Time = 50.20s

[Stage] n_caps = 8
  Iter 01/15 | Best Z =   62.440 mΩ | IterTime =   3.37s
  Iter 02/15 | Best Z =   62.440 mΩ | IterTime =   3.01s
  Iter 03/15 | Best Z =   62.440 mΩ | IterTime =   3.24s
  Iter 04/15 | Best Z =   62.440 mΩ | IterTime =   3.00s
  Iter 05/15 | Best Z =   62.440 mΩ | IterTime =   3.26s
  Iter 06/15 | Best Z =   62.440 mΩ | IterTime =   3.00s
  Iter 07/15 | Best Z =   62.440 mΩ | IterTime =   3.23s
  Iter 08/15 | Best Z =   62.440 mΩ | IterTime =   2.99s
  Iter 09/15 | Best Z =   62.440 mΩ | IterTime =   3.24s
  Iter 10/15 | Best Z =   62.440 mΩ | IterTime =   3.00s
  Iter 11/15 | Best Z =   62.440 mΩ | IterTime =   3.25s
  Iter 12/15 | Best Z =   62.440 mΩ | IterTime =   3.00s
  Iter 13/15 | Best Z =   62.440 mΩ | IterTime =   3.24s
  Iter 14/15 | Best Z =   62.440 mΩ | IterTime =   3.02s
  Iter 15/15 | Best Z =   62.440 mΩ | IterTime =   3.25s
[Stage Complete] n_caps=8 | Best Z = 62.440 mΩ | Ports = [0, 9, 14, 12, 11, 4, 7, 0] | Time = 47.10s

[Stage] n_caps = 9
  Iter 01/15 | Best Z =   59.216 mΩ | IterTime =   3.39s
  Iter 02/15 | Best Z =   59.216 mΩ | IterTime =   3.41s
  Iter 03/15 | Best Z =   59.216 mΩ | IterTime =   3.06s
  Iter 04/15 | Best Z =   59.216 mΩ | IterTime =   3.43s
  Iter 05/15 | Best Z =   59.216 mΩ | IterTime =   3.36s
  Iter 06/15 | Best Z =   59.216 mΩ | IterTime =   3.02s
  Iter 07/15 | Best Z =   59.216 mΩ | IterTime =   3.39s
  Iter 08/15 | Best Z =   59.216 mΩ | IterTime =   3.40s
  Iter 09/15 | Best Z =   59.216 mΩ | IterTime =   3.03s
  Iter 10/15 | Best Z =   59.216 mΩ | IterTime =   3.38s
  Iter 11/15 | Best Z =   59.216 mΩ | IterTime =   3.38s
  Iter 12/15 | Best Z =   59.216 mΩ | IterTime =   3.03s
  Iter 13/15 | Best Z =   59.216 mΩ | IterTime =   3.38s
  Iter 14/15 | Best Z =   59.216 mΩ | IterTime =   3.40s
  Iter 15/15 | Best Z =   59.216 mΩ | IterTime =   3.03s
[Stage Complete] n_caps=9 | Best Z = 59.216 mΩ | Ports = [0, 7, 13, 0, 14, 9, 18, 8, 19] | Time = 49.09s
Threshold reached — stopping stage growth.

[Run Complete] Total Time = 423.97s
------------------------------------------------------------
numpy | Run 03 | n_caps=9 | Z=0.059216 | Time=424.20s

============================================================
RUN 04 | METHOD = NUMPY
============================================================

[Stage] n_caps = 1
  Iter 01/15 | Best Z =  108.746 mΩ | IterTime =   2.82s
  Iter 02/15 | Best Z =  108.746 mΩ | IterTime =   2.83s
  Iter 03/15 | Best Z =  108.746 mΩ | IterTime =   2.82s
  Iter 04/15 | Best Z =  108.746 mΩ | IterTime =   2.81s
  Iter 05/15 | Best Z =  108.746 mΩ | IterTime =   2.81s
  Iter 06/15 | Best Z =  108.746 mΩ | IterTime =   2.81s
  Iter 07/15 | Best Z =  108.746 mΩ | IterTime =   2.81s
  Iter 08/15 | Best Z =  108.746 mΩ | IterTime =   2.82s
  Iter 09/15 | Best Z =  108.746 mΩ | IterTime =   2.81s
  Iter 10/15 | Best Z =  108.746 mΩ | IterTime =   2.81s
  Iter 11/15 | Best Z =  108.746 mΩ | IterTime =   2.82s
  Iter 12/15 | Best Z =  108.746 mΩ | IterTime =   2.81s
  Iter 13/15 | Best Z =  108.746 mΩ | IterTime =   2.79s
  Iter 14/15 | Best Z =  108.746 mΩ | IterTime =   2.81s
  Iter 15/15 | Best Z =  108.746 mΩ | IterTime =   2.81s
[Stage Complete] n_caps=1 | Best Z = 108.746 mΩ | Ports = [9] | Time = 42.19s

[Stage] n_caps = 2
  Iter 01/15 | Best Z =  102.266 mΩ | IterTime =   3.12s
  Iter 02/15 | Best Z =  102.266 mΩ | IterTime =   3.11s
  Iter 03/15 | Best Z =  102.266 mΩ | IterTime =   3.15s
  Iter 04/15 | Best Z =  102.266 mΩ | IterTime =   3.15s
  Iter 05/15 | Best Z =  102.266 mΩ | IterTime =   3.14s
  Iter 06/15 | Best Z =  102.266 mΩ | IterTime =   3.14s
  Iter 07/15 | Best Z =  102.266 mΩ | IterTime =   3.15s
  Iter 08/15 | Best Z =  102.266 mΩ | IterTime =   3.14s
  Iter 09/15 | Best Z =  102.266 mΩ | IterTime =   3.13s
  Iter 10/15 | Best Z =  102.266 mΩ | IterTime =   3.14s
  Iter 11/15 | Best Z =  102.266 mΩ | IterTime =   3.12s
  Iter 12/15 | Best Z =  102.266 mΩ | IterTime =   3.10s
  Iter 13/15 | Best Z =  102.266 mΩ | IterTime =   3.11s
  Iter 14/15 | Best Z =  102.266 mΩ | IterTime =   3.16s
  Iter 15/15 | Best Z =  102.266 mΩ | IterTime =   3.13s
[Stage Complete] n_caps=2 | Best Z = 102.266 mΩ | Ports = [5, 7] | Time = 46.99s

[Stage] n_caps = 3
  Iter 01/15 | Best Z =   73.785 mΩ | IterTime =   3.18s
  Iter 02/15 | Best Z =   73.785 mΩ | IterTime =   3.19s
  Iter 03/15 | Best Z =   73.785 mΩ | IterTime =   3.20s
  Iter 04/15 | Best Z =   73.785 mΩ | IterTime =   3.21s
  Iter 05/15 | Best Z =   73.785 mΩ | IterTime =   3.18s
  Iter 06/15 | Best Z =   73.785 mΩ | IterTime =   3.18s
  Iter 07/15 | Best Z =   73.785 mΩ | IterTime =   3.19s
  Iter 08/15 | Best Z =   73.785 mΩ | IterTime =   3.18s
  Iter 09/15 | Best Z =   73.785 mΩ | IterTime =   3.22s
  Iter 10/15 | Best Z =   73.785 mΩ | IterTime =   3.20s
  Iter 11/15 | Best Z =   73.785 mΩ | IterTime =   3.18s
  Iter 12/15 | Best Z =   73.785 mΩ | IterTime =   3.22s
  Iter 13/15 | Best Z =   73.785 mΩ | IterTime =   3.21s
  Iter 14/15 | Best Z =   73.785 mΩ | IterTime =   3.14s
  Iter 15/15 | Best Z =   73.785 mΩ | IterTime =   3.23s
[Stage Complete] n_caps=3 | Best Z = 73.785 mΩ | Ports = [7, 6, 0] | Time = 47.92s

[Stage] n_caps = 4
  Iter 01/15 | Best Z =   62.894 mΩ | IterTime =   3.21s
  Iter 02/15 | Best Z =   62.894 mΩ | IterTime =   3.18s
  Iter 03/15 | Best Z =   62.894 mΩ | IterTime =   3.24s
  Iter 04/15 | Best Z =   62.894 mΩ | IterTime =   3.23s
  Iter 05/15 | Best Z =   62.894 mΩ | IterTime =   3.23s
  Iter 06/15 | Best Z =   62.894 mΩ | IterTime =   3.20s
  Iter 07/15 | Best Z =   62.894 mΩ | IterTime =   3.23s
  Iter 08/15 | Best Z =   62.894 mΩ | IterTime =   3.21s
  Iter 09/15 | Best Z =   62.894 mΩ | IterTime =   3.21s
  Iter 10/15 | Best Z =   62.894 mΩ | IterTime =   3.21s
  Iter 11/15 | Best Z =   62.894 mΩ | IterTime =   3.22s
  Iter 12/15 | Best Z =   62.894 mΩ | IterTime =   3.18s
  Iter 13/15 | Best Z =   62.894 mΩ | IterTime =   3.21s
  Iter 14/15 | Best Z =   62.894 mΩ | IterTime =   3.22s
  Iter 15/15 | Best Z =   62.894 mΩ | IterTime =   3.18s
[Stage Complete] n_caps=4 | Best Z = 62.894 mΩ | Ports = [6, 0, 0, 10] | Time = 48.17s

[Stage] n_caps = 5
  Iter 01/15 | Best Z =   53.904 mΩ | IterTime =   3.26s
  Iter 02/15 | Best Z =   53.904 mΩ | IterTime =   3.21s
  Iter 03/15 | Best Z =   53.904 mΩ | IterTime =   2.95s
  Iter 04/15 | Best Z =   53.904 mΩ | IterTime =   3.25s
  Iter 05/15 | Best Z =   53.904 mΩ | IterTime =   3.21s
  Iter 06/15 | Best Z =   53.904 mΩ | IterTime =   3.26s
  Iter 07/15 | Best Z =   53.904 mΩ | IterTime =   3.19s
  Iter 08/15 | Best Z =   53.904 mΩ | IterTime =   3.27s
  Iter 09/15 | Best Z =   53.904 mΩ | IterTime =   3.22s
  Iter 10/15 | Best Z =   53.904 mΩ | IterTime =   3.26s
  Iter 11/15 | Best Z =   53.904 mΩ | IterTime =   3.19s
  Iter 12/15 | Best Z =   53.904 mΩ | IterTime =   3.24s
  Iter 13/15 | Best Z =   53.904 mΩ | IterTime =   3.22s
  Iter 14/15 | Best Z =   53.904 mΩ | IterTime =   3.30s
  Iter 15/15 | Best Z =   53.904 mΩ | IterTime =   3.24s
[Stage Complete] n_caps=5 | Best Z = 53.904 mΩ | Ports = [0, 0, 10, 7, 0] | Time = 48.28s
Threshold reached — stopping stage growth.

[Run Complete] Total Time = 233.55s
------------------------------------------------------------
numpy | Run 04 | n_caps=5 | Z=0.053904 | Time=233.75s

============================================================
RUN 05 | METHOD = NUMPY
============================================================

[Stage] n_caps = 1
  Iter 01/15 | Best Z =  123.094 mΩ | IterTime =   2.83s
  Iter 02/15 | Best Z =  123.094 mΩ | IterTime =   2.84s
  Iter 03/15 | Best Z =  123.094 mΩ | IterTime =   2.84s
  Iter 04/15 | Best Z =  123.094 mΩ | IterTime =   2.85s
  Iter 05/15 | Best Z =  123.094 mΩ | IterTime =   2.83s
  Iter 06/15 | Best Z =  123.094 mΩ | IterTime =   2.84s
  Iter 07/15 | Best Z =  123.094 mΩ | IterTime =   2.84s
  Iter 08/15 | Best Z =  123.094 mΩ | IterTime =   2.83s
  Iter 09/15 | Best Z =  123.094 mΩ | IterTime =   2.83s
  Iter 10/15 | Best Z =  123.094 mΩ | IterTime =   2.83s
  Iter 11/15 | Best Z =  123.094 mΩ | IterTime =   2.83s
  Iter 12/15 | Best Z =  123.094 mΩ | IterTime =   2.83s
  Iter 13/15 | Best Z =  123.094 mΩ | IterTime =   2.83s
  Iter 14/15 | Best Z =  123.094 mΩ | IterTime =   2.84s
  Iter 15/15 | Best Z =  123.094 mΩ | IterTime =   2.83s
[Stage Complete] n_caps=1 | Best Z = 123.094 mΩ | Ports = [10] | Time = 42.51s

[Stage] n_caps = 2
  Iter 01/15 | Best Z =   78.349 mΩ | IterTime =   2.88s
  Iter 02/15 | Best Z =   78.349 mΩ | IterTime =   2.87s
  Iter 03/15 | Best Z =   78.349 mΩ | IterTime =   2.87s
  Iter 04/15 | Best Z =   78.349 mΩ | IterTime =   2.86s
  Iter 05/15 | Best Z =   78.349 mΩ | IterTime =   2.87s
  Iter 06/15 | Best Z =   78.349 mΩ | IterTime =   2.86s
  Iter 07/15 | Best Z =   78.349 mΩ | IterTime =   2.86s
  Iter 08/15 | Best Z =   78.349 mΩ | IterTime =   2.87s
  Iter 09/15 | Best Z =   78.349 mΩ | IterTime =   2.86s
  Iter 10/15 | Best Z =   78.349 mΩ | IterTime =   2.87s
  Iter 11/15 | Best Z =   78.349 mΩ | IterTime =   2.86s
  Iter 12/15 | Best Z =   78.349 mΩ | IterTime =   2.86s
  Iter 13/15 | Best Z =   78.349 mΩ | IterTime =   2.87s
  Iter 14/15 | Best Z =   78.349 mΩ | IterTime =   2.86s
  Iter 15/15 | Best Z =   78.349 mΩ | IterTime =   2.86s
[Stage Complete] n_caps=2 | Best Z = 78.349 mΩ | Ports = [0, 7] | Time = 42.95s

[Stage] n_caps = 3
  Iter 01/15 | Best Z =   88.515 mΩ | IterTime =   2.90s
  Iter 02/15 | Best Z =   88.515 mΩ | IterTime =   3.22s
  Iter 03/15 | Best Z =   88.515 mΩ | IterTime =   3.18s
  Iter 04/15 | Best Z =   88.515 mΩ | IterTime =   2.88s
  Iter 05/15 | Best Z =   88.515 mΩ | IterTime =   3.23s
  Iter 06/15 | Best Z =   88.515 mΩ | IterTime =   3.22s
  Iter 07/15 | Best Z =   88.515 mΩ | IterTime =   3.20s
  Iter 08/15 | Best Z =   88.515 mΩ | IterTime =   3.21s
  Iter 09/15 | Best Z =   88.515 mΩ | IterTime =   3.20s
  Iter 10/15 | Best Z =   88.515 mΩ | IterTime =   3.20s
  Iter 11/15 | Best Z =   88.515 mΩ | IterTime =   3.19s
  Iter 12/15 | Best Z =   88.515 mΩ | IterTime =   3.20s
  Iter 13/15 | Best Z =   88.515 mΩ | IterTime =   3.21s
  Iter 14/15 | Best Z =   88.515 mΩ | IterTime =   3.20s
  Iter 15/15 | Best Z =   88.515 mΩ | IterTime =   3.19s
[Stage Complete] n_caps=3 | Best Z = 88.515 mΩ | Ports = [10, 2, 9] | Time = 47.43s

[Stage] n_caps = 4
  Iter 01/15 | Best Z =   69.516 mΩ | IterTime =   3.22s
  Iter 02/15 | Best Z =   69.516 mΩ | IterTime =   3.23s
  Iter 03/15 | Best Z =   69.516 mΩ | IterTime =   3.20s
  Iter 04/15 | Best Z =   69.516 mΩ | IterTime =   3.23s
  Iter 05/15 | Best Z =   69.516 mΩ | IterTime =   3.25s
  Iter 06/15 | Best Z =   69.516 mΩ | IterTime =   3.21s
  Iter 07/15 | Best Z =   69.516 mΩ | IterTime =   3.22s
  Iter 08/15 | Best Z =   69.516 mΩ | IterTime =   3.21s
  Iter 09/15 | Best Z =   69.516 mΩ | IterTime =   3.21s
  Iter 10/15 | Best Z =   69.516 mΩ | IterTime =   3.23s
  Iter 11/15 | Best Z =   69.516 mΩ | IterTime =   3.25s
  Iter 12/15 | Best Z =   69.516 mΩ | IterTime =   3.21s
  Iter 13/15 | Best Z =   69.516 mΩ | IterTime =   3.24s
  Iter 14/15 | Best Z =   69.516 mΩ | IterTime =   3.23s
  Iter 15/15 | Best Z =   69.516 mΩ | IterTime =   3.20s
[Stage Complete] n_caps=4 | Best Z = 69.516 mΩ | Ports = [2, 9, 0, 14] | Time = 48.35s

[Stage] n_caps = 5
  Iter 01/15 | Best Z =   60.208 mΩ | IterTime =   3.25s
  Iter 02/15 | Best Z =   60.208 mΩ | IterTime =   3.26s
  Iter 03/15 | Best Z =   60.208 mΩ | IterTime =   3.27s
  Iter 04/15 | Best Z =   60.208 mΩ | IterTime =   3.26s
  Iter 05/15 | Best Z =   60.208 mΩ | IterTime =   3.27s
  Iter 06/15 | Best Z =   60.208 mΩ | IterTime =   3.28s
  Iter 07/15 | Best Z =   60.208 mΩ | IterTime =   3.24s
  Iter 08/15 | Best Z =   60.208 mΩ | IterTime =   3.23s
  Iter 09/15 | Best Z =   60.208 mΩ | IterTime =   3.27s
  Iter 10/15 | Best Z =   60.208 mΩ | IterTime =   3.26s
  Iter 11/15 | Best Z =   60.208 mΩ | IterTime =   3.28s
  Iter 12/15 | Best Z =   60.208 mΩ | IterTime =   3.33s
  Iter 13/15 | Best Z =   60.208 mΩ | IterTime =   3.26s
  Iter 14/15 | Best Z =   60.208 mΩ | IterTime =   3.27s
  Iter 15/15 | Best Z =   60.208 mΩ | IterTime =   3.27s
[Stage Complete] n_caps=5 | Best Z = 60.208 mΩ | Ports = [9, 0, 14, 7, 10] | Time = 49.00s

[Stage] n_caps = 6
  Iter 01/15 | Best Z =   56.921 mΩ | IterTime =   3.21s
  Iter 02/15 | Best Z =   56.921 mΩ | IterTime =   3.24s
  Iter 03/15 | Best Z =   56.921 mΩ | IterTime =   3.32s
  Iter 04/15 | Best Z =   56.921 mΩ | IterTime =   3.29s
  Iter 05/15 | Best Z =   56.921 mΩ | IterTime =   3.24s
  Iter 06/15 | Best Z =   56.921 mΩ | IterTime =   3.32s
  Iter 07/15 | Best Z =   56.921 mΩ | IterTime =   3.21s
  Iter 08/15 | Best Z =   56.921 mΩ | IterTime =   3.25s
  Iter 09/15 | Best Z =   56.921 mΩ | IterTime =   3.31s
  Iter 10/15 | Best Z =   56.921 mΩ | IterTime =   3.26s
  Iter 11/15 | Best Z =   56.921 mΩ | IterTime =   3.24s
  Iter 12/15 | Best Z =   56.921 mΩ | IterTime =   3.31s
  Iter 13/15 | Best Z =   56.921 mΩ | IterTime =   3.21s
  Iter 14/15 | Best Z =   56.921 mΩ | IterTime =   3.26s
  Iter 15/15 | Best Z =   56.921 mΩ | IterTime =   3.29s
[Stage Complete] n_caps=6 | Best Z = 56.921 mΩ | Ports = [0, 14, 7, 10, 15, 0] | Time = 48.96s
Threshold reached — stopping stage growth.

[Run Complete] Total Time = 279.20s
------------------------------------------------------------
numpy | Run 05 | n_caps=6 | Z=0.056921 | Time=279.42s

============================================================
RUN 06 | METHOD = NUMPY
============================================================

[Stage] n_caps = 1
  Iter 01/15 | Best Z =  136.594 mΩ | IterTime =   2.76s
  Iter 02/15 | Best Z =  136.594 mΩ | IterTime =   2.74s
  Iter 03/15 | Best Z =  136.594 mΩ | IterTime =   2.75s
  Iter 04/15 | Best Z =  136.594 mΩ | IterTime =   2.75s
  Iter 05/15 | Best Z =  136.594 mΩ | IterTime =   2.74s
  Iter 06/15 | Best Z =  136.594 mΩ | IterTime =   2.76s
  Iter 07/15 | Best Z =  136.594 mΩ | IterTime =   2.76s
  Iter 08/15 | Best Z =  136.594 mΩ | IterTime =   2.74s
  Iter 09/15 | Best Z =  136.594 mΩ | IterTime =   2.75s
  Iter 10/15 | Best Z =  136.594 mΩ | IterTime =   2.75s
  Iter 11/15 | Best Z =  136.594 mΩ | IterTime =   2.75s
  Iter 12/15 | Best Z =  136.594 mΩ | IterTime =   2.75s
  Iter 13/15 | Best Z =  136.594 mΩ | IterTime =   2.74s
  Iter 14/15 | Best Z =  136.594 mΩ | IterTime =   2.74s
  Iter 15/15 | Best Z =  136.594 mΩ | IterTime =   2.74s
[Stage Complete] n_caps=1 | Best Z = 136.594 mΩ | Ports = [0] | Time = 41.19s

[Stage] n_caps = 2
  Iter 01/15 | Best Z =  104.582 mΩ | IterTime =   2.77s
  Iter 02/15 | Best Z =  104.582 mΩ | IterTime =   2.77s
  Iter 03/15 | Best Z =  104.582 mΩ | IterTime =   2.77s
  Iter 04/15 | Best Z =  104.582 mΩ | IterTime =   2.78s
  Iter 05/15 | Best Z =  104.582 mΩ | IterTime =   2.79s
  Iter 06/15 | Best Z =  104.582 mΩ | IterTime =   2.78s
  Iter 07/15 | Best Z =  104.582 mΩ | IterTime =   2.78s
  Iter 08/15 | Best Z =  104.582 mΩ | IterTime =   2.77s
  Iter 09/15 | Best Z =  104.582 mΩ | IterTime =   2.78s
  Iter 10/15 | Best Z =  104.582 mΩ | IterTime =   2.77s
  Iter 11/15 | Best Z =  104.582 mΩ | IterTime =   2.79s
  Iter 12/15 | Best Z =  104.582 mΩ | IterTime =   2.78s
  Iter 13/15 | Best Z =  104.582 mΩ | IterTime =   2.78s
  Iter 14/15 | Best Z =  104.582 mΩ | IterTime =   2.77s
  Iter 15/15 | Best Z =  104.582 mΩ | IterTime =   2.78s
[Stage Complete] n_caps=2 | Best Z = 104.582 mΩ | Ports = [0, 14] | Time = 41.67s

[Stage] n_caps = 3
  Iter 01/15 | Best Z =   93.216 mΩ | IterTime =   3.14s
  Iter 02/15 | Best Z =   93.216 mΩ | IterTime =   3.14s
  Iter 03/15 | Best Z =   93.216 mΩ | IterTime =   3.15s
  Iter 04/15 | Best Z =   93.216 mΩ | IterTime =   3.14s
  Iter 05/15 | Best Z =   93.216 mΩ | IterTime =   3.11s
  Iter 06/15 | Best Z =   93.216 mΩ | IterTime =   3.14s
  Iter 07/15 | Best Z =   93.216 mΩ | IterTime =   3.15s
  Iter 08/15 | Best Z =   93.216 mΩ | IterTime =   3.11s
  Iter 09/15 | Best Z =   93.216 mΩ | IterTime =   3.14s
  Iter 10/15 | Best Z =   93.216 mΩ | IterTime =   3.14s
  Iter 11/15 | Best Z =   93.216 mΩ | IterTime =   3.14s
  Iter 12/15 | Best Z =   93.216 mΩ | IterTime =   3.15s
  Iter 13/15 | Best Z =   93.216 mΩ | IterTime =   3.10s
  Iter 14/15 | Best Z =   93.216 mΩ | IterTime =   3.14s
  Iter 15/15 | Best Z =   93.216 mΩ | IterTime =   3.12s
[Stage Complete] n_caps=3 | Best Z = 93.216 mΩ | Ports = [5, 15, 0] | Time = 47.01s

[Stage] n_caps = 4
  Iter 01/15 | Best Z =   77.201 mΩ | IterTime =   3.16s
  Iter 02/15 | Best Z =   77.201 mΩ | IterTime =   3.16s
  Iter 03/15 | Best Z =   77.201 mΩ | IterTime =   3.15s
  Iter 04/15 | Best Z =   77.201 mΩ | IterTime =   3.16s
  Iter 05/15 | Best Z =   77.201 mΩ | IterTime =   3.18s
  Iter 06/15 | Best Z =   77.201 mΩ | IterTime =   3.15s
  Iter 07/15 | Best Z =   77.201 mΩ | IterTime =   3.16s
  Iter 08/15 | Best Z =   77.201 mΩ | IterTime =   3.14s
  Iter 09/15 | Best Z =   77.201 mΩ | IterTime =   3.12s
  Iter 10/15 | Best Z =   77.201 mΩ | IterTime =   3.13s
  Iter 11/15 | Best Z =   77.201 mΩ | IterTime =   3.14s
  Iter 12/15 | Best Z =   77.201 mΩ | IterTime =   3.16s
  Iter 13/15 | Best Z =   77.201 mΩ | IterTime =   3.14s
  Iter 14/15 | Best Z =   77.201 mΩ | IterTime =   3.15s
  Iter 15/15 | Best Z =   77.201 mΩ | IterTime =   3.18s
[Stage Complete] n_caps=4 | Best Z = 77.201 mΩ | Ports = [16, 5, 18, 0] | Time = 47.29s

[Stage] n_caps = 5
  Iter 01/15 | Best Z =   63.515 mΩ | IterTime =   3.29s
  Iter 02/15 | Best Z =   63.515 mΩ | IterTime =   3.18s
  Iter 03/15 | Best Z =   63.515 mΩ | IterTime =   3.30s
  Iter 04/15 | Best Z =   63.515 mΩ | IterTime =   3.32s
  Iter 05/15 | Best Z =   63.515 mΩ | IterTime =   3.28s
  Iter 06/15 | Best Z =   63.515 mΩ | IterTime =   3.28s
  Iter 07/15 | Best Z =   63.515 mΩ | IterTime =   3.24s
  Iter 08/15 | Best Z =   63.515 mΩ | IterTime =   3.33s
  Iter 09/15 | Best Z =   63.515 mΩ | IterTime =   3.26s
  Iter 10/15 | Best Z =   63.515 mΩ | IterTime =   3.28s
  Iter 11/15 | Best Z =   63.515 mΩ | IterTime =   3.30s
  Iter 12/15 | Best Z =   63.515 mΩ | IterTime =   3.29s
  Iter 13/15 | Best Z =   63.515 mΩ | IterTime =   3.25s
  Iter 14/15 | Best Z =   63.515 mΩ | IterTime =   3.30s
  Iter 15/15 | Best Z =   63.515 mΩ | IterTime =   3.26s
[Stage Complete] n_caps=5 | Best Z = 63.515 mΩ | Ports = [16, 7, 9, 14, 5] | Time = 49.16s

[Stage] n_caps = 6
  Iter 01/15 | Best Z =   58.070 mΩ | IterTime =   3.28s
  Iter 02/15 | Best Z =   58.070 mΩ | IterTime =   3.24s
  Iter 03/15 | Best Z =   58.070 mΩ | IterTime =   3.31s
  Iter 04/15 | Best Z =   58.070 mΩ | IterTime =   3.25s
  Iter 05/15 | Best Z =   58.070 mΩ | IterTime =   3.33s
  Iter 06/15 | Best Z =   58.070 mΩ | IterTime =   3.27s
  Iter 07/15 | Best Z =   58.070 mΩ | IterTime =   3.32s
  Iter 08/15 | Best Z =   58.070 mΩ | IterTime =   3.29s
  Iter 09/15 | Best Z =   58.070 mΩ | IterTime =   3.29s
  Iter 10/15 | Best Z =   58.070 mΩ | IterTime =   3.25s
  Iter 11/15 | Best Z =   58.070 mΩ | IterTime =   3.29s
  Iter 12/15 | Best Z =   58.070 mΩ | IterTime =   3.26s
  Iter 13/15 | Best Z =   58.070 mΩ | IterTime =   3.30s
  Iter 14/15 | Best Z =   58.070 mΩ | IterTime =   3.28s
  Iter 15/15 | Best Z =   58.070 mΩ | IterTime =   3.28s
[Stage Complete] n_caps=6 | Best Z = 58.070 mΩ | Ports = [7, 9, 14, 5, 0, 1] | Time = 49.24s
Threshold reached — stopping stage growth.

[Run Complete] Total Time = 275.57s
------------------------------------------------------------
numpy | Run 06 | n_caps=6 | Z=0.058070 | Time=275.83s

============================================================
RUN 07 | METHOD = NUMPY
============================================================

[Stage] n_caps = 1
  Iter 01/15 | Best Z =  129.034 mΩ | IterTime =   2.74s
  Iter 02/15 | Best Z =  129.034 mΩ | IterTime =   2.73s
  Iter 03/15 | Best Z =  129.034 mΩ | IterTime =   2.74s
  Iter 04/15 | Best Z =  129.034 mΩ | IterTime =   2.74s
  Iter 05/15 | Best Z =  129.034 mΩ | IterTime =   2.74s
  Iter 06/15 | Best Z =  129.034 mΩ | IterTime =   2.74s
  Iter 07/15 | Best Z =  129.034 mΩ | IterTime =   2.75s
  Iter 08/15 | Best Z =  129.034 mΩ | IterTime =   2.74s
  Iter 09/15 | Best Z =  129.034 mΩ | IterTime =   2.73s
  Iter 10/15 | Best Z =  129.034 mΩ | IterTime =   2.73s
  Iter 11/15 | Best Z =  129.034 mΩ | IterTime =   2.74s
  Iter 12/15 | Best Z =  129.034 mΩ | IterTime =   2.73s
  Iter 13/15 | Best Z =  129.034 mΩ | IterTime =   2.73s
  Iter 14/15 | Best Z =  129.034 mΩ | IterTime =   2.74s
  Iter 15/15 | Best Z =  129.034 mΩ | IterTime =   2.73s
[Stage Complete] n_caps=1 | Best Z = 129.034 mΩ | Ports = [0] | Time = 41.05s

[Stage] n_caps = 2
  Iter 01/15 | Best Z =  100.500 mΩ | IterTime =   2.78s
  Iter 02/15 | Best Z =  100.500 mΩ | IterTime =   2.78s
  Iter 03/15 | Best Z =  100.500 mΩ | IterTime =   2.77s
  Iter 04/15 | Best Z =  100.500 mΩ | IterTime =   2.77s
  Iter 05/15 | Best Z =  100.500 mΩ | IterTime =   2.77s
  Iter 06/15 | Best Z =  100.500 mΩ | IterTime =   2.77s
  Iter 07/15 | Best Z =  100.500 mΩ | IterTime =   2.76s
  Iter 08/15 | Best Z =  100.500 mΩ | IterTime =   2.78s
  Iter 09/15 | Best Z =  100.500 mΩ | IterTime =   2.78s
  Iter 10/15 | Best Z =  100.500 mΩ | IterTime =   2.77s
  Iter 11/15 | Best Z =  100.500 mΩ | IterTime =   2.77s
  Iter 12/15 | Best Z =  100.500 mΩ | IterTime =   2.76s
  Iter 13/15 | Best Z =  100.500 mΩ | IterTime =   2.78s
  Iter 14/15 | Best Z =  100.500 mΩ | IterTime =   2.78s
  Iter 15/15 | Best Z =  100.500 mΩ | IterTime =   2.77s
[Stage Complete] n_caps=2 | Best Z = 100.500 mΩ | Ports = [9, 0] | Time = 41.59s

[Stage] n_caps = 3
  Iter 01/15 | Best Z =   88.951 mΩ | IterTime =   2.82s
  Iter 02/15 | Best Z =   88.951 mΩ | IterTime =   2.82s
  Iter 03/15 | Best Z =   88.951 mΩ | IterTime =   2.84s
  Iter 04/15 | Best Z =   88.951 mΩ | IterTime =   2.81s
  Iter 05/15 | Best Z =   88.951 mΩ | IterTime =   2.81s
  Iter 06/15 | Best Z =   88.951 mΩ | IterTime =   2.83s
  Iter 07/15 | Best Z =   88.951 mΩ | IterTime =   2.82s
  Iter 08/15 | Best Z =   88.951 mΩ | IterTime =   2.80s
  Iter 09/15 | Best Z =   88.951 mΩ | IterTime =   2.81s
  Iter 10/15 | Best Z =   88.951 mΩ | IterTime =   2.82s
  Iter 11/15 | Best Z =   88.951 mΩ | IterTime =   2.81s
  Iter 12/15 | Best Z =   88.951 mΩ | IterTime =   2.81s
  Iter 13/15 | Best Z =   88.951 mΩ | IterTime =   2.82s
  Iter 14/15 | Best Z =   88.951 mΩ | IterTime =   2.81s
  Iter 15/15 | Best Z =   88.951 mΩ | IterTime =   2.82s
[Stage Complete] n_caps=3 | Best Z = 88.951 mΩ | Ports = [0, 9, 0] | Time = 42.25s

[Stage] n_caps = 4
  Iter 01/15 | Best Z =   81.233 mΩ | IterTime =   2.85s
  Iter 02/15 | Best Z =   81.233 mΩ | IterTime =   2.86s
  Iter 03/15 | Best Z =   81.233 mΩ | IterTime =   2.85s
  Iter 04/15 | Best Z =   81.233 mΩ | IterTime =   2.84s
  Iter 05/15 | Best Z =   81.233 mΩ | IterTime =   2.86s
  Iter 06/15 | Best Z =   81.233 mΩ | IterTime =   2.83s
  Iter 07/15 | Best Z =   81.233 mΩ | IterTime =   2.84s
  Iter 08/15 | Best Z =   81.233 mΩ | IterTime =   2.85s
  Iter 09/15 | Best Z =   81.233 mΩ | IterTime =   2.84s
  Iter 10/15 | Best Z =   81.233 mΩ | IterTime =   2.86s
  Iter 11/15 | Best Z =   81.233 mΩ | IterTime =   2.86s
  Iter 12/15 | Best Z =   81.233 mΩ | IterTime =   2.84s
  Iter 13/15 | Best Z =   81.233 mΩ | IterTime =   2.84s
  Iter 14/15 | Best Z =   81.233 mΩ | IterTime =   2.85s
  Iter 15/15 | Best Z =   81.233 mΩ | IterTime =   2.84s
[Stage Complete] n_caps=4 | Best Z = 81.233 mΩ | Ports = [5, 14, 8, 0] | Time = 42.71s

[Stage] n_caps = 5
  Iter 01/15 | Best Z =   68.154 mΩ | IterTime =   2.89s
  Iter 02/15 | Best Z =   68.154 mΩ | IterTime =   2.88s
  Iter 03/15 | Best Z =   68.154 mΩ | IterTime =   2.90s
  Iter 04/15 | Best Z =   68.154 mΩ | IterTime =   2.90s
  Iter 05/15 | Best Z =   68.154 mΩ | IterTime =   2.90s
  Iter 06/15 | Best Z =   68.154 mΩ | IterTime =   2.89s
  Iter 07/15 | Best Z =   68.154 mΩ | IterTime =   2.89s
  Iter 08/15 | Best Z =   68.154 mΩ | IterTime =   2.89s
  Iter 09/15 | Best Z =   68.154 mΩ | IterTime =   2.89s
  Iter 10/15 | Best Z =   68.154 mΩ | IterTime =   2.89s
  Iter 11/15 | Best Z =   68.154 mΩ | IterTime =   2.89s
  Iter 12/15 | Best Z =   68.154 mΩ | IterTime =   2.89s
  Iter 13/15 | Best Z =   68.154 mΩ | IterTime =   2.90s
  Iter 14/15 | Best Z =   68.154 mΩ | IterTime =   2.89s
  Iter 15/15 | Best Z =   68.154 mΩ | IterTime =   2.89s
[Stage Complete] n_caps=5 | Best Z = 68.154 mΩ | Ports = [14, 0, 2, 10, 2] | Time = 43.37s

[Stage] n_caps = 6
  Iter 01/15 | Best Z =   73.774 mΩ | IterTime =   2.92s
  Iter 02/15 | Best Z =   73.774 mΩ | IterTime =   2.92s
  Iter 03/15 | Best Z =   73.774 mΩ | IterTime =   2.92s
  Iter 04/15 | Best Z =   73.774 mΩ | IterTime =   2.92s
  Iter 05/15 | Best Z =   73.774 mΩ | IterTime =   2.92s
  Iter 06/15 | Best Z =   73.774 mΩ | IterTime =   2.92s
  Iter 07/15 | Best Z =   73.774 mΩ | IterTime =   2.90s
  Iter 08/15 | Best Z =   73.774 mΩ | IterTime =   2.91s
  Iter 09/15 | Best Z =   73.774 mΩ | IterTime =   2.91s
  Iter 10/15 | Best Z =   73.774 mΩ | IterTime =   2.92s
  Iter 11/15 | Best Z =   73.774 mΩ | IterTime =   2.91s
  Iter 12/15 | Best Z =   73.774 mΩ | IterTime =   2.92s
  Iter 13/15 | Best Z =   73.774 mΩ | IterTime =   2.91s
  Iter 14/15 | Best Z =   73.774 mΩ | IterTime =   2.90s
  Iter 15/15 | Best Z =   73.774 mΩ | IterTime =   2.90s
[Stage Complete] n_caps=6 | Best Z = 73.774 mΩ | Ports = [0, 2, 10, 2, 14, 4] | Time = 43.69s

[Stage] n_caps = 7
  Iter 01/15 | Best Z =   65.819 mΩ | IterTime =   2.94s
  Iter 02/15 | Best Z =   65.819 mΩ | IterTime =   2.93s
  Iter 03/15 | Best Z =   65.819 mΩ | IterTime =   2.93s
  Iter 04/15 | Best Z =   65.819 mΩ | IterTime =   2.93s
  Iter 05/15 | Best Z =   65.819 mΩ | IterTime =   2.94s
  Iter 06/15 | Best Z =   65.819 mΩ | IterTime =   2.93s
  Iter 07/15 | Best Z =   65.819 mΩ | IterTime =   2.94s
  Iter 08/15 | Best Z =   65.819 mΩ | IterTime =   2.93s
  Iter 09/15 | Best Z =   65.819 mΩ | IterTime =   2.94s
  Iter 10/15 | Best Z =   65.819 mΩ | IterTime =   2.93s
  Iter 11/15 | Best Z =   65.819 mΩ | IterTime =   2.92s
  Iter 12/15 | Best Z =   65.819 mΩ | IterTime =   2.93s
  Iter 13/15 | Best Z =   65.819 mΩ | IterTime =   2.93s
  Iter 14/15 | Best Z =   65.819 mΩ | IterTime =   2.93s
  Iter 15/15 | Best Z =   65.819 mΩ | IterTime =   2.93s
[Stage Complete] n_caps=7 | Best Z = 65.819 mΩ | Ports = [0, 9, 0, 13, 7, 10, 1] | Time = 43.97s

[Stage] n_caps = 8
  Iter 01/15 | Best Z =   60.010 mΩ | IterTime =   2.98s
  Iter 02/15 | Best Z =   60.010 mΩ | IterTime =   2.98s
  Iter 03/15 | Best Z =   60.010 mΩ | IterTime =   2.97s
  Iter 04/15 | Best Z =   60.010 mΩ | IterTime =   2.97s
  Iter 05/15 | Best Z =   60.010 mΩ | IterTime =   2.97s
  Iter 06/15 | Best Z =   60.010 mΩ | IterTime =   2.99s
  Iter 07/15 | Best Z =   60.010 mΩ | IterTime =   2.97s
  Iter 08/15 | Best Z =   60.010 mΩ | IterTime =   2.97s
  Iter 09/15 | Best Z =   60.010 mΩ | IterTime =   2.97s
  Iter 10/15 | Best Z =   60.010 mΩ | IterTime =   2.98s
  Iter 11/15 | Best Z =   60.010 mΩ | IterTime =   2.97s
  Iter 12/15 | Best Z =   60.010 mΩ | IterTime =   2.96s
  Iter 13/15 | Best Z =   60.010 mΩ | IterTime =   2.96s
  Iter 14/15 | Best Z =   60.010 mΩ | IterTime =   2.96s
  Iter 15/15 | Best Z =   60.010 mΩ | IterTime =   2.96s
[Stage Complete] n_caps=8 | Best Z = 60.010 mΩ | Ports = [5, 0, 15, 7, 12, 7, 6, 9] | Time = 44.57s

[Stage] n_caps = 9
  Iter 01/15 | Best Z =   53.754 mΩ | IterTime =   3.01s
  Iter 02/15 | Best Z =   53.754 mΩ | IterTime =   3.00s
  Iter 03/15 | Best Z =   53.754 mΩ | IterTime =   3.00s
  Iter 04/15 | Best Z =   53.754 mΩ | IterTime =   3.00s
  Iter 05/15 | Best Z =   53.754 mΩ | IterTime =   3.01s
  Iter 06/15 | Best Z =   53.754 mΩ | IterTime =   3.00s
  Iter 07/15 | Best Z =   53.754 mΩ | IterTime =   3.02s
  Iter 08/15 | Best Z =   53.754 mΩ | IterTime =   3.01s
  Iter 09/15 | Best Z =   53.754 mΩ | IterTime =   3.01s
  Iter 10/15 | Best Z =   53.754 mΩ | IterTime =   3.01s
  Iter 11/15 | Best Z =   53.754 mΩ | IterTime =   3.01s
  Iter 12/15 | Best Z =   53.754 mΩ | IterTime =   3.05s
  Iter 13/15 | Best Z =   53.754 mΩ | IterTime =   2.76s
  Iter 14/15 | Best Z =   53.754 mΩ | IterTime =   2.61s
  Iter 15/15 | Best Z =   53.754 mΩ | IterTime =   2.59s
[Stage Complete] n_caps=9 | Best Z = 53.754 mΩ | Ports = [0, 16, 10, 9, 14, 11, 10, 11, 0] | Time = 44.09s
Threshold reached — stopping stage growth.

[Run Complete] Total Time = 387.30s
------------------------------------------------------------
numpy | Run 07 | n_caps=9 | Z=0.053754 | Time=387.54s

============================================================
RUN 08 | METHOD = NUMPY
============================================================

[Stage] n_caps = 1
  Iter 01/15 | Best Z =  133.999 mΩ | IterTime =   2.40s
  Iter 02/15 | Best Z =  133.999 mΩ | IterTime =   2.41s
  Iter 03/15 | Best Z =  133.999 mΩ | IterTime =   2.42s
  Iter 04/15 | Best Z =  133.999 mΩ | IterTime =   2.43s
  Iter 05/15 | Best Z =  133.999 mΩ | IterTime =   2.42s
  Iter 06/15 | Best Z =  133.999 mΩ | IterTime =   2.40s
  Iter 07/15 | Best Z =  133.999 mΩ | IterTime =   2.41s
  Iter 08/15 | Best Z =  133.999 mΩ | IterTime =   2.41s
  Iter 09/15 | Best Z =  133.999 mΩ | IterTime =   2.42s
  Iter 10/15 | Best Z =  133.999 mΩ | IterTime =   2.42s
  Iter 11/15 | Best Z =  133.999 mΩ | IterTime =   2.42s
  Iter 12/15 | Best Z =  133.999 mΩ | IterTime =   2.41s
  Iter 13/15 | Best Z =  133.999 mΩ | IterTime =   2.41s
  Iter 14/15 | Best Z =  133.999 mΩ | IterTime =   2.41s
  Iter 15/15 | Best Z =  133.999 mΩ | IterTime =   2.42s
[Stage Complete] n_caps=1 | Best Z = 133.999 mΩ | Ports = [14] | Time = 36.21s

[Stage] n_caps = 2
  Iter 01/15 | Best Z =   76.352 mΩ | IterTime =   2.45s
  Iter 02/15 | Best Z =   76.352 mΩ | IterTime =   2.45s
  Iter 03/15 | Best Z =   76.352 mΩ | IterTime =   2.45s
  Iter 04/15 | Best Z =   76.352 mΩ | IterTime =   2.45s
  Iter 05/15 | Best Z =   76.352 mΩ | IterTime =   2.45s
  Iter 06/15 | Best Z =   76.352 mΩ | IterTime =   2.45s
  Iter 07/15 | Best Z =   76.352 mΩ | IterTime =   2.46s
  Iter 08/15 | Best Z =   76.352 mΩ | IterTime =   2.45s
  Iter 09/15 | Best Z =   76.352 mΩ | IterTime =   2.45s
  Iter 10/15 | Best Z =   76.352 mΩ | IterTime =   2.45s
  Iter 11/15 | Best Z =   76.352 mΩ | IterTime =   2.44s
  Iter 12/15 | Best Z =   76.352 mΩ | IterTime =   2.44s
  Iter 13/15 | Best Z =   76.352 mΩ | IterTime =   2.44s
  Iter 14/15 | Best Z =   76.352 mΩ | IterTime =   2.44s
  Iter 15/15 | Best Z =   76.352 mΩ | IterTime =   2.45s
[Stage Complete] n_caps=2 | Best Z = 76.352 mΩ | Ports = [0, 0] | Time = 36.72s

[Stage] n_caps = 3
  Iter 01/15 | Best Z =   67.203 mΩ | IterTime =   2.48s
  Iter 02/15 | Best Z =   67.203 mΩ | IterTime =   2.77s
  Iter 03/15 | Best Z =   67.203 mΩ | IterTime =   2.74s
  Iter 04/15 | Best Z =   67.203 mΩ | IterTime =   2.74s
  Iter 05/15 | Best Z =   67.203 mΩ | IterTime =   2.75s
  Iter 06/15 | Best Z =   67.203 mΩ | IterTime =   2.78s
  Iter 07/15 | Best Z =   67.203 mΩ | IterTime =   2.76s
  Iter 08/15 | Best Z =   67.203 mΩ | IterTime =   2.76s
  Iter 09/15 | Best Z =   67.203 mΩ | IterTime =   2.78s
  Iter 10/15 | Best Z =   67.203 mΩ | IterTime =   2.74s
  Iter 11/15 | Best Z =   67.203 mΩ | IterTime =   2.74s
  Iter 12/15 | Best Z =   67.203 mΩ | IterTime =   2.49s
  Iter 13/15 | Best Z =   67.203 mΩ | IterTime =   2.77s
  Iter 14/15 | Best Z =   67.203 mΩ | IterTime =   2.74s
  Iter 15/15 | Best Z =   67.203 mΩ | IterTime =   2.48s
[Stage Complete] n_caps=3 | Best Z = 67.203 mΩ | Ports = [0, 0, 10] | Time = 40.52s

[Stage] n_caps = 4
  Iter 01/15 | Best Z =   65.723 mΩ | IterTime =   2.50s
  Iter 02/15 | Best Z =   65.723 mΩ | IterTime =   2.80s
  Iter 03/15 | Best Z =   65.723 mΩ | IterTime =   2.50s
  Iter 04/15 | Best Z =   65.723 mΩ | IterTime =   2.81s
  Iter 05/15 | Best Z =   65.723 mΩ | IterTime =   2.80s
  Iter 06/15 | Best Z =   65.723 mΩ | IterTime =   2.83s
  Iter 07/15 | Best Z =   65.723 mΩ | IterTime =   2.81s
  Iter 08/15 | Best Z =   65.723 mΩ | IterTime =   2.80s
  Iter 09/15 | Best Z =   65.723 mΩ | IterTime =   2.81s
  Iter 10/15 | Best Z =   65.723 mΩ | IterTime =   2.79s
  Iter 11/15 | Best Z =   65.723 mΩ | IterTime =   2.79s
  Iter 12/15 | Best Z =   65.723 mΩ | IterTime =   2.81s
  Iter 13/15 | Best Z =   65.723 mΩ | IterTime =   2.82s
  Iter 14/15 | Best Z =   65.723 mΩ | IterTime =   2.77s
  Iter 15/15 | Best Z =   65.723 mΩ | IterTime =   2.80s
[Stage Complete] n_caps=4 | Best Z = 65.723 mΩ | Ports = [0, 10, 0, 15] | Time = 41.42s

[Stage] n_caps = 5
  Iter 01/15 | Best Z =   69.399 mΩ | IterTime =   2.54s
  Iter 02/15 | Best Z =   69.399 mΩ | IterTime =   2.81s
  Iter 03/15 | Best Z =   69.399 mΩ | IterTime =   2.52s
  Iter 04/15 | Best Z =   69.399 mΩ | IterTime =   2.82s
  Iter 05/15 | Best Z =   69.399 mΩ | IterTime =   2.82s
  Iter 06/15 | Best Z =   69.399 mΩ | IterTime =   2.79s
  Iter 07/15 | Best Z =   69.399 mΩ | IterTime =   2.84s
  Iter 08/15 | Best Z =   69.399 mΩ | IterTime =   2.53s
  Iter 09/15 | Best Z =   69.399 mΩ | IterTime =   2.83s
  Iter 10/15 | Best Z =   69.399 mΩ | IterTime =   2.82s
  Iter 11/15 | Best Z =   69.399 mΩ | IterTime =   2.83s
  Iter 12/15 | Best Z =   69.399 mΩ | IterTime =   2.81s
  Iter 13/15 | Best Z =   69.399 mΩ | IterTime =   2.81s
  Iter 14/15 | Best Z =   69.399 mΩ | IterTime =   2.54s
  Iter 15/15 | Best Z =   69.399 mΩ | IterTime =   2.82s
[Stage Complete] n_caps=5 | Best Z = 69.399 mΩ | Ports = [10, 0, 15, 0, 6] | Time = 41.12s

[Stage] n_caps = 6
  Iter 01/15 | Best Z =   55.533 mΩ | IterTime =   2.58s
  Iter 02/15 | Best Z =   55.533 mΩ | IterTime =   2.58s
  Iter 03/15 | Best Z =   55.533 mΩ | IterTime =   2.58s
  Iter 04/15 | Best Z =   55.533 mΩ | IterTime =   2.88s
  Iter 05/15 | Best Z =   55.533 mΩ | IterTime =   2.58s
  Iter 06/15 | Best Z =   55.533 mΩ | IterTime =   2.58s
  Iter 07/15 | Best Z =   55.533 mΩ | IterTime =   2.58s
  Iter 08/15 | Best Z =   55.533 mΩ | IterTime =   2.57s
  Iter 09/15 | Best Z =   55.533 mΩ | IterTime =   2.58s
  Iter 10/15 | Best Z =   55.533 mΩ | IterTime =   2.56s
  Iter 11/15 | Best Z =   55.533 mΩ | IterTime =   2.57s
  Iter 12/15 | Best Z =   55.533 mΩ | IterTime =   2.57s
  Iter 13/15 | Best Z =   55.533 mΩ | IterTime =   2.58s
  Iter 14/15 | Best Z =   55.533 mΩ | IterTime =   2.57s
  Iter 15/15 | Best Z =   55.533 mΩ | IterTime =   2.57s
[Stage Complete] n_caps=6 | Best Z = 55.533 mΩ | Ports = [0, 15, 0, 6, 7, 10] | Time = 38.92s
Threshold reached — stopping stage growth.

[Run Complete] Total Time = 234.93s
------------------------------------------------------------
numpy | Run 08 | n_caps=6 | Z=0.055533 | Time=235.14s

============================================================
RUN 09 | METHOD = NUMPY
============================================================

[Stage] n_caps = 1
  Iter 01/15 | Best Z =  120.611 mΩ | IterTime =   2.59s
  Iter 02/15 | Best Z =  120.611 mΩ | IterTime =   2.61s
  Iter 03/15 | Best Z =  120.611 mΩ | IterTime =   2.59s
  Iter 04/15 | Best Z =  120.611 mΩ | IterTime =   2.63s
  Iter 05/15 | Best Z =  120.611 mΩ | IterTime =   2.62s
  Iter 06/15 | Best Z =  120.611 mΩ | IterTime =   2.60s
  Iter 07/15 | Best Z =  120.611 mΩ | IterTime =   2.61s
  Iter 08/15 | Best Z =  120.611 mΩ | IterTime =   2.58s
  Iter 09/15 | Best Z =  120.611 mΩ | IterTime =   2.60s
  Iter 10/15 | Best Z =  120.611 mΩ | IterTime =   2.60s
  Iter 11/15 | Best Z =  120.611 mΩ | IterTime =   2.59s
  Iter 12/15 | Best Z =  120.611 mΩ | IterTime =   2.62s
  Iter 13/15 | Best Z =  120.611 mΩ | IterTime =   2.62s
  Iter 14/15 | Best Z =  120.611 mΩ | IterTime =   2.61s
  Iter 15/15 | Best Z =  120.611 mΩ | IterTime =   2.62s
[Stage Complete] n_caps=1 | Best Z = 120.611 mΩ | Ports = [15] | Time = 39.10s

[Stage] n_caps = 2
  Iter 01/15 | Best Z =   89.093 mΩ | IterTime =   2.64s
  Iter 02/15 | Best Z =   89.093 mΩ | IterTime =   2.63s
  Iter 03/15 | Best Z =   89.093 mΩ | IterTime =   2.65s
  Iter 04/15 | Best Z =   89.093 mΩ | IterTime =   2.63s
  Iter 05/15 | Best Z =   89.093 mΩ | IterTime =   2.62s
  Iter 06/15 | Best Z =   89.093 mΩ | IterTime =   2.63s
  Iter 07/15 | Best Z =   89.093 mΩ | IterTime =   2.63s
  Iter 08/15 | Best Z =   89.093 mΩ | IterTime =   2.66s
  Iter 09/15 | Best Z =   89.093 mΩ | IterTime =   2.66s
  Iter 10/15 | Best Z =   89.093 mΩ | IterTime =   2.65s
  Iter 11/15 | Best Z =   89.093 mΩ | IterTime =   2.65s
  Iter 12/15 | Best Z =   89.093 mΩ | IterTime =   2.63s
  Iter 13/15 | Best Z =   89.093 mΩ | IterTime =   2.64s
  Iter 14/15 | Best Z =   89.093 mΩ | IterTime =   2.65s
  Iter 15/15 | Best Z =   89.093 mΩ | IterTime =   2.65s
[Stage Complete] n_caps=2 | Best Z = 89.093 mΩ | Ports = [0, 10] | Time = 39.63s

[Stage] n_caps = 3
  Iter 01/15 | Best Z =   83.998 mΩ | IterTime =   2.67s
  Iter 02/15 | Best Z =   83.998 mΩ | IterTime =   2.68s
  Iter 03/15 | Best Z =   83.998 mΩ | IterTime =   2.68s
  Iter 04/15 | Best Z =   83.998 mΩ | IterTime =   2.66s
  Iter 05/15 | Best Z =   83.998 mΩ | IterTime =   2.68s
  Iter 06/15 | Best Z =   83.998 mΩ | IterTime =   2.69s
  Iter 07/15 | Best Z =   83.998 mΩ | IterTime =   2.67s
  Iter 08/15 | Best Z =   83.998 mΩ | IterTime =   2.67s
  Iter 09/15 | Best Z =   83.998 mΩ | IterTime =   2.68s
  Iter 10/15 | Best Z =   83.998 mΩ | IterTime =   2.66s
  Iter 11/15 | Best Z =   83.998 mΩ | IterTime =   2.66s
  Iter 12/15 | Best Z =   83.998 mΩ | IterTime =   2.69s
  Iter 13/15 | Best Z =   83.998 mΩ | IterTime =   2.66s
  Iter 14/15 | Best Z =   83.998 mΩ | IterTime =   2.64s
  Iter 15/15 | Best Z =   83.998 mΩ | IterTime =   2.68s
[Stage Complete] n_caps=3 | Best Z = 83.998 mΩ | Ports = [13, 1, 0] | Time = 40.09s

[Stage] n_caps = 4
  Iter 01/15 | Best Z =   72.358 mΩ | IterTime =   2.72s
  Iter 02/15 | Best Z =   72.358 mΩ | IterTime =   2.69s
  Iter 03/15 | Best Z =   72.358 mΩ | IterTime =   2.71s
  Iter 04/15 | Best Z =   72.358 mΩ | IterTime =   2.71s
  Iter 05/15 | Best Z =   72.358 mΩ | IterTime =   2.70s
  Iter 06/15 | Best Z =   72.358 mΩ | IterTime =   2.72s
  Iter 07/15 | Best Z =   72.358 mΩ | IterTime =   2.71s
  Iter 08/15 | Best Z =   72.358 mΩ | IterTime =   2.72s
  Iter 09/15 | Best Z =   72.358 mΩ | IterTime =   2.70s
  Iter 10/15 | Best Z =   72.358 mΩ | IterTime =   2.70s
  Iter 11/15 | Best Z =   72.358 mΩ | IterTime =   2.70s
  Iter 12/15 | Best Z =   72.358 mΩ | IterTime =   2.72s
  Iter 13/15 | Best Z =   72.358 mΩ | IterTime =   2.71s
  Iter 14/15 | Best Z =   72.358 mΩ | IterTime =   2.70s
  Iter 15/15 | Best Z =   72.358 mΩ | IterTime =   2.70s
[Stage Complete] n_caps=4 | Best Z = 72.358 mΩ | Ports = [1, 0, 0, 8] | Time = 40.63s

[Stage] n_caps = 5
  Iter 01/15 | Best Z =   71.336 mΩ | IterTime =   2.75s
  Iter 02/15 | Best Z =   71.336 mΩ | IterTime =   2.85s
  Iter 03/15 | Best Z =   71.336 mΩ | IterTime =   2.84s
  Iter 04/15 | Best Z =   71.336 mΩ | IterTime =   2.77s
  Iter 05/15 | Best Z =   71.336 mΩ | IterTime =   2.83s
  Iter 06/15 | Best Z =   71.336 mΩ | IterTime =   2.84s
  Iter 07/15 | Best Z =   71.336 mΩ | IterTime =   2.75s
  Iter 08/15 | Best Z =   71.336 mΩ | IterTime =   2.85s
  Iter 09/15 | Best Z =   71.336 mΩ | IterTime =   2.85s
  Iter 10/15 | Best Z =   71.336 mΩ | IterTime =   2.76s
  Iter 11/15 | Best Z =   71.336 mΩ | IterTime =   2.83s
  Iter 12/15 | Best Z =   71.336 mΩ | IterTime =   2.83s
  Iter 13/15 | Best Z =   71.336 mΩ | IterTime =   2.73s
  Iter 14/15 | Best Z =   71.336 mΩ | IterTime =   2.84s
  Iter 15/15 | Best Z =   71.336 mΩ | IterTime =   2.82s
[Stage Complete] n_caps=5 | Best Z = 71.336 mΩ | Ports = [0, 0, 8, 15, 0] | Time = 42.14s

[Stage] n_caps = 6
  Iter 01/15 | Best Z =   69.931 mΩ | IterTime =   2.79s
  Iter 02/15 | Best Z =   69.931 mΩ | IterTime =   2.87s
  Iter 03/15 | Best Z =   69.931 mΩ | IterTime =   2.87s
  Iter 04/15 | Best Z =   69.931 mΩ | IterTime =   2.78s
  Iter 05/15 | Best Z =   69.931 mΩ | IterTime =   2.86s
  Iter 06/15 | Best Z =   69.931 mΩ | IterTime =   2.86s
  Iter 07/15 | Best Z =   69.931 mΩ | IterTime =   2.77s
  Iter 08/15 | Best Z =   69.931 mΩ | IterTime =   2.86s
  Iter 09/15 | Best Z =   69.931 mΩ | IterTime =   2.86s
  Iter 10/15 | Best Z =   69.931 mΩ | IterTime =   2.77s
  Iter 11/15 | Best Z =   69.931 mΩ | IterTime =   2.87s
  Iter 12/15 | Best Z =   69.931 mΩ | IterTime =   2.88s
  Iter 13/15 | Best Z =   69.931 mΩ | IterTime =   2.79s
  Iter 14/15 | Best Z =   69.931 mΩ | IterTime =   2.89s
  Iter 15/15 | Best Z =   69.931 mΩ | IterTime =   2.87s
[Stage Complete] n_caps=6 | Best Z = 69.931 mΩ | Ports = [0, 8, 15, 0, 7, 0] | Time = 42.58s

[Stage] n_caps = 7
  Iter 01/15 | Best Z =   63.617 mΩ | IterTime =   2.93s
  Iter 02/15 | Best Z =   63.617 mΩ | IterTime =   2.88s
  Iter 03/15 | Best Z =   63.617 mΩ | IterTime =   2.60s
  Iter 04/15 | Best Z =   63.617 mΩ | IterTime =   2.82s
  Iter 05/15 | Best Z =   63.617 mΩ | IterTime =   2.88s
  Iter 06/15 | Best Z =   63.617 mΩ | IterTime =   2.61s
  Iter 07/15 | Best Z =   63.617 mΩ | IterTime =   2.77s
  Iter 08/15 | Best Z =   63.617 mΩ | IterTime =   2.88s
  Iter 09/15 | Best Z =   63.617 mΩ | IterTime =   2.60s
  Iter 10/15 | Best Z =   63.617 mΩ | IterTime =   2.81s
  Iter 11/15 | Best Z =   63.617 mΩ | IterTime =   2.87s
  Iter 12/15 | Best Z =   63.617 mΩ | IterTime =   2.60s
  Iter 13/15 | Best Z =   63.617 mΩ | IterTime =   2.79s
  Iter 14/15 | Best Z =   63.617 mΩ | IterTime =   2.89s
  Iter 15/15 | Best Z =   63.617 mΩ | IterTime =   2.59s
[Stage Complete] n_caps=7 | Best Z = 63.617 mΩ | Ports = [8, 15, 0, 7, 0, 0, 9] | Time = 41.51s

[Stage] n_caps = 8
  Iter 01/15 | Best Z =   55.751 mΩ | IterTime =   2.93s
  Iter 02/15 | Best Z =   55.751 mΩ | IterTime =   2.82s
  Iter 03/15 | Best Z =   55.751 mΩ | IterTime =   2.91s
  Iter 04/15 | Best Z =   55.751 mΩ | IterTime =   2.81s
  Iter 05/15 | Best Z =   55.751 mΩ | IterTime =   2.96s
  Iter 06/15 | Best Z =   55.751 mΩ | IterTime =   2.98s
  Iter 07/15 | Best Z =   55.751 mΩ | IterTime =   2.91s
  Iter 08/15 | Best Z =   55.751 mΩ | IterTime =   2.81s
  Iter 09/15 | Best Z =   55.751 mΩ | IterTime =   2.94s
  Iter 10/15 | Best Z =   55.751 mΩ | IterTime =   2.86s
  Iter 11/15 | Best Z =   55.751 mΩ | IterTime =   2.97s
  Iter 12/15 | Best Z =   55.751 mΩ | IterTime =   2.93s
  Iter 13/15 | Best Z =   55.751 mΩ | IterTime =   2.89s
  Iter 14/15 | Best Z =   55.751 mΩ | IterTime =   2.84s
  Iter 15/15 | Best Z =   55.751 mΩ | IterTime =   2.93s
[Stage Complete] n_caps=8 | Best Z = 55.751 mΩ | Ports = [15, 0, 7, 0, 0, 9, 12, 0] | Time = 43.48s
Threshold reached — stopping stage growth.

[Run Complete] Total Time = 329.17s
------------------------------------------------------------
numpy | Run 09 | n_caps=8 | Z=0.055751 | Time=329.39s

============================================================
RUN 10 | METHOD = NUMPY
============================================================

[Stage] n_caps = 1
  Iter 01/15 | Best Z =  127.771 mΩ | IterTime =   2.31s
  Iter 02/15 | Best Z =  127.771 mΩ | IterTime =   2.31s
  Iter 03/15 | Best Z =  127.771 mΩ | IterTime =   2.32s
  Iter 04/15 | Best Z =  127.771 mΩ | IterTime =   2.32s
  Iter 05/15 | Best Z =  127.771 mΩ | IterTime =   2.31s
  Iter 06/15 | Best Z =  127.771 mΩ | IterTime =   2.30s
  Iter 07/15 | Best Z =  127.771 mΩ | IterTime =   2.32s
  Iter 08/15 | Best Z =  127.771 mΩ | IterTime =   2.31s
  Iter 09/15 | Best Z =  127.771 mΩ | IterTime =   2.31s
  Iter 10/15 | Best Z =  127.771 mΩ | IterTime =   2.32s
  Iter 11/15 | Best Z =  127.771 mΩ | IterTime =   2.31s
  Iter 12/15 | Best Z =  127.771 mΩ | IterTime =   2.49s
  Iter 13/15 | Best Z =  127.771 mΩ | IterTime =   2.45s
  Iter 14/15 | Best Z =  127.771 mΩ | IterTime =   2.44s
  Iter 15/15 | Best Z =  127.771 mΩ | IterTime =   2.46s
[Stage Complete] n_caps=1 | Best Z = 127.771 mΩ | Ports = [9] | Time = 35.28s

[Stage] n_caps = 2
  Iter 01/15 | Best Z =   78.811 mΩ | IterTime =   2.76s
  Iter 02/15 | Best Z =   78.811 mΩ | IterTime =   2.77s
  Iter 03/15 | Best Z =   78.811 mΩ | IterTime =   2.76s
  Iter 04/15 | Best Z =   78.811 mΩ | IterTime =   2.76s
  Iter 05/15 | Best Z =   78.811 mΩ | IterTime =   2.76s
  Iter 06/15 | Best Z =   78.811 mΩ | IterTime =   2.76s
  Iter 07/15 | Best Z =   78.811 mΩ | IterTime =   2.76s
  Iter 08/15 | Best Z =   78.811 mΩ | IterTime =   2.76s
  Iter 09/15 | Best Z =   78.811 mΩ | IterTime =   2.76s
  Iter 10/15 | Best Z =   78.811 mΩ | IterTime =   2.76s
  Iter 11/15 | Best Z =   78.811 mΩ | IterTime =   2.76s
  Iter 12/15 | Best Z =   78.811 mΩ | IterTime =   2.77s
  Iter 13/15 | Best Z =   78.811 mΩ | IterTime =   2.76s
  Iter 14/15 | Best Z =   78.811 mΩ | IterTime =   2.77s
  Iter 15/15 | Best Z =   78.811 mΩ | IterTime =   2.77s
[Stage Complete] n_caps=2 | Best Z = 78.811 mΩ | Ports = [2, 0] | Time = 41.44s

[Stage] n_caps = 3
  Iter 01/15 | Best Z =   70.784 mΩ | IterTime =   2.80s
  Iter 02/15 | Best Z =   70.784 mΩ | IterTime =   2.88s
  Iter 03/15 | Best Z =   70.784 mΩ | IterTime =   2.88s
  Iter 04/15 | Best Z =   70.784 mΩ | IterTime =   2.83s
  Iter 05/15 | Best Z =   70.784 mΩ | IterTime =   2.59s
  Iter 06/15 | Best Z =   70.784 mΩ | IterTime =   2.58s
  Iter 07/15 | Best Z =   70.784 mΩ | IterTime =   2.59s
  Iter 08/15 | Best Z =   70.784 mΩ | IterTime =   2.58s
  Iter 09/15 | Best Z =   70.784 mΩ | IterTime =   2.58s
  Iter 10/15 | Best Z =   70.784 mΩ | IterTime =   2.58s
  Iter 11/15 | Best Z =   70.784 mΩ | IterTime =   2.59s
  Iter 12/15 | Best Z =   70.784 mΩ | IterTime =   2.59s
  Iter 13/15 | Best Z =   70.784 mΩ | IterTime =   2.58s
  Iter 14/15 | Best Z =   70.784 mΩ | IterTime =   2.57s
  Iter 15/15 | Best Z =   70.784 mΩ | IterTime =   2.58s
[Stage Complete] n_caps=3 | Best Z = 70.784 mΩ | Ports = [0, 0, 7] | Time = 39.81s

[Stage] n_caps = 4
  Iter 01/15 | Best Z =   77.071 mΩ | IterTime =   2.43s
  Iter 02/15 | Best Z =   77.071 mΩ | IterTime =   2.53s
  Iter 03/15 | Best Z =   77.071 mΩ | IterTime =   2.42s
  Iter 04/15 | Best Z =   77.071 mΩ | IterTime =   2.52s
  Iter 05/15 | Best Z =   77.071 mΩ | IterTime =   2.44s
  Iter 06/15 | Best Z =   77.071 mΩ | IterTime =   2.52s
  Iter 07/15 | Best Z =   77.071 mΩ | IterTime =   2.41s
  Iter 08/15 | Best Z =   77.071 mΩ | IterTime =   2.52s
  Iter 09/15 | Best Z =   77.071 mΩ | IterTime =   2.42s
  Iter 10/15 | Best Z =   77.071 mΩ | IterTime =   2.51s
  Iter 11/15 | Best Z =   77.071 mΩ | IterTime =   2.42s
  Iter 12/15 | Best Z =   77.071 mΩ | IterTime =   2.52s
  Iter 13/15 | Best Z =   77.071 mΩ | IterTime =   2.43s
  Iter 14/15 | Best Z =   77.071 mΩ | IterTime =   2.52s
  Iter 15/15 | Best Z =   77.071 mΩ | IterTime =   2.42s
[Stage Complete] n_caps=4 | Best Z = 77.071 mΩ | Ports = [0, 7, 9, 0] | Time = 37.05s

[Stage] n_caps = 5
  Iter 01/15 | Best Z =   66.582 mΩ | IterTime =   2.56s
  Iter 02/15 | Best Z =   66.582 mΩ | IterTime =   2.56s
  Iter 03/15 | Best Z =   66.582 mΩ | IterTime =   2.55s
  Iter 04/15 | Best Z =   66.582 mΩ | IterTime =   2.47s
  Iter 05/15 | Best Z =   66.582 mΩ | IterTime =   2.55s
  Iter 06/15 | Best Z =   66.582 mΩ | IterTime =   2.46s
  Iter 07/15 | Best Z =   66.582 mΩ | IterTime =   2.56s
  Iter 08/15 | Best Z =   66.582 mΩ | IterTime =   2.45s
  Iter 09/15 | Best Z =   66.582 mΩ | IterTime =   2.56s
  Iter 10/15 | Best Z =   66.582 mΩ | IterTime =   2.46s
  Iter 11/15 | Best Z =   66.582 mΩ | IterTime =   2.56s
  Iter 12/15 | Best Z =   66.582 mΩ | IterTime =   2.46s
  Iter 13/15 | Best Z =   66.582 mΩ | IterTime =   2.55s
  Iter 14/15 | Best Z =   66.582 mΩ | IterTime =   2.47s
  Iter 15/15 | Best Z =   66.582 mΩ | IterTime =   2.55s
[Stage Complete] n_caps=5 | Best Z = 66.582 mΩ | Ports = [7, 9, 0, 0, 5] | Time = 37.76s

[Stage] n_caps = 6
  Iter 01/15 | Best Z =   50.568 mΩ | IterTime =   2.59s
  Iter 02/15 | Best Z =   50.568 mΩ | IterTime =   2.59s
  Iter 03/15 | Best Z =   50.568 mΩ | IterTime =   2.59s
  Iter 04/15 | Best Z =   50.568 mΩ | IterTime =   2.59s
  Iter 05/15 | Best Z =   50.568 mΩ | IterTime =   2.58s
  Iter 06/15 | Best Z =   50.568 mΩ | IterTime =   2.59s
  Iter 07/15 | Best Z =   50.568 mΩ | IterTime =   2.58s
  Iter 08/15 | Best Z =   50.568 mΩ | IterTime =   2.59s
  Iter 09/15 | Best Z =   50.568 mΩ | IterTime =   2.58s
  Iter 10/15 | Best Z =   50.568 mΩ | IterTime =   2.59s
  Iter 11/15 | Best Z =   50.568 mΩ | IterTime =   2.58s
  Iter 12/15 | Best Z =   50.568 mΩ | IterTime =   2.59s
  Iter 13/15 | Best Z =   50.568 mΩ | IterTime =   2.59s
  Iter 14/15 | Best Z =   50.568 mΩ | IterTime =   2.59s
  Iter 15/15 | Best Z =   50.568 mΩ | IterTime =   2.60s
[Stage Complete] n_caps=6 | Best Z = 50.568 mΩ | Ports = [9, 0, 0, 5, 10, 0] | Time = 38.81s
Threshold reached — stopping stage growth.

[Run Complete] Total Time = 230.16s
------------------------------------------------------------
numpy | Run 10 | n_caps=6 | Z=0.050568 | Time=230.37s

============================================================
RUN 11 | METHOD = NUMPY
============================================================

[Stage] n_caps = 1
  Iter 01/15 | Best Z =  109.497 mΩ | IterTime =   2.32s
  Iter 02/15 | Best Z =  109.497 mΩ | IterTime =   2.32s
  Iter 03/15 | Best Z =  109.497 mΩ | IterTime =   2.32s
  Iter 04/15 | Best Z =  109.497 mΩ | IterTime =   2.32s
  Iter 05/15 | Best Z =  109.497 mΩ | IterTime =   2.32s
  Iter 06/15 | Best Z =  109.497 mΩ | IterTime =   2.32s
  Iter 07/15 | Best Z =  109.497 mΩ | IterTime =   2.32s
  Iter 08/15 | Best Z =  109.497 mΩ | IterTime =   2.31s
  Iter 09/15 | Best Z =  109.497 mΩ | IterTime =   2.32s
  Iter 10/15 | Best Z =  109.497 mΩ | IterTime =   2.32s
  Iter 11/15 | Best Z =  109.497 mΩ | IterTime =   2.32s
  Iter 12/15 | Best Z =  109.497 mΩ | IterTime =   2.32s
  Iter 13/15 | Best Z =  109.497 mΩ | IterTime =   2.32s
  Iter 14/15 | Best Z =  109.497 mΩ | IterTime =   2.31s
  Iter 15/15 | Best Z =  109.497 mΩ | IterTime =   2.31s
[Stage Complete] n_caps=1 | Best Z = 109.497 mΩ | Ports = [14] | Time = 34.75s

[Stage] n_caps = 2
  Iter 01/15 | Best Z =   96.501 mΩ | IterTime =   2.35s
  Iter 02/15 | Best Z =   96.501 mΩ | IterTime =   2.73s
  Iter 03/15 | Best Z =   96.501 mΩ | IterTime =   2.77s
  Iter 04/15 | Best Z =   96.501 mΩ | IterTime =   2.74s
  Iter 05/15 | Best Z =   96.501 mΩ | IterTime =   2.76s
  Iter 06/15 | Best Z =   96.501 mΩ | IterTime =   2.76s
  Iter 07/15 | Best Z =   96.501 mΩ | IterTime =   2.72s
  Iter 08/15 | Best Z =   96.501 mΩ | IterTime =   2.76s
  Iter 09/15 | Best Z =   96.501 mΩ | IterTime =   2.76s
  Iter 10/15 | Best Z =   96.501 mΩ | IterTime =   2.74s
  Iter 11/15 | Best Z =   96.501 mΩ | IterTime =   2.74s
  Iter 12/15 | Best Z =   96.501 mΩ | IterTime =   2.77s
  Iter 13/15 | Best Z =   96.501 mΩ | IterTime =   2.79s
  Iter 14/15 | Best Z =   96.501 mΩ | IterTime =   2.74s
  Iter 15/15 | Best Z =   96.501 mΩ | IterTime =   2.78s
[Stage Complete] n_caps=2 | Best Z = 96.501 mΩ | Ports = [9, 0] | Time = 40.93s

[Stage] n_caps = 3
  Iter 01/15 | Best Z =   76.521 mΩ | IterTime =   2.79s
  Iter 02/15 | Best Z =   76.521 mΩ | IterTime =   2.78s
  Iter 03/15 | Best Z =   76.521 mΩ | IterTime =   2.77s
  Iter 04/15 | Best Z =   76.521 mΩ | IterTime =   2.81s
  Iter 05/15 | Best Z =   76.521 mΩ | IterTime =   2.80s
  Iter 06/15 | Best Z =   76.521 mΩ | IterTime =   2.78s
  Iter 07/15 | Best Z =   76.521 mΩ | IterTime =   2.79s
  Iter 08/15 | Best Z =   76.521 mΩ | IterTime =   2.82s
  Iter 09/15 | Best Z =   76.521 mΩ | IterTime =   2.80s
  Iter 10/15 | Best Z =   76.521 mΩ | IterTime =   2.80s
  Iter 11/15 | Best Z =   76.521 mΩ | IterTime =   2.79s
  Iter 12/15 | Best Z =   76.521 mΩ | IterTime =   2.80s
  Iter 13/15 | Best Z =   76.521 mΩ | IterTime =   2.83s
  Iter 14/15 | Best Z =   76.521 mΩ | IterTime =   2.82s
  Iter 15/15 | Best Z =   76.521 mΩ | IterTime =   2.79s
[Stage Complete] n_caps=3 | Best Z = 76.521 mΩ | Ports = [0, 1, 0] | Time = 41.96s

[Stage] n_caps = 4
  Iter 01/15 | Best Z =   82.995 mΩ | IterTime =   2.83s
  Iter 02/15 | Best Z =   82.995 mΩ | IterTime =   2.84s
  Iter 03/15 | Best Z =   82.995 mΩ | IterTime =   2.78s
  Iter 04/15 | Best Z =   82.995 mΩ | IterTime =   2.82s
  Iter 05/15 | Best Z =   82.995 mΩ | IterTime =   2.80s
  Iter 06/15 | Best Z =   82.995 mΩ | IterTime =   2.78s
  Iter 07/15 | Best Z =   82.995 mΩ | IterTime =   2.82s
  Iter 08/15 | Best Z =   82.995 mΩ | IterTime =   2.81s
  Iter 09/15 | Best Z =   82.995 mΩ | IterTime =   2.77s
  Iter 10/15 | Best Z =   82.995 mΩ | IterTime =   2.81s
  Iter 11/15 | Best Z =   82.995 mΩ | IterTime =   2.81s
  Iter 12/15 | Best Z =   82.995 mΩ | IterTime =   2.78s
  Iter 13/15 | Best Z =   82.995 mΩ | IterTime =   2.81s
  Iter 14/15 | Best Z =   82.995 mΩ | IterTime =   2.78s
  Iter 15/15 | Best Z =   82.995 mΩ | IterTime =   2.77s
[Stage Complete] n_caps=4 | Best Z = 82.995 mΩ | Ports = [0, 15, 9, 14] | Time = 42.02s

[Stage] n_caps = 5
  Iter 01/15 | Best Z =   68.334 mΩ | IterTime =   2.85s
  Iter 02/15 | Best Z =   68.334 mΩ | IterTime =   2.82s
  Iter 03/15 | Best Z =   68.334 mΩ | IterTime =   2.83s
  Iter 04/15 | Best Z =   68.334 mΩ | IterTime =   2.87s
  Iter 05/15 | Best Z =   68.334 mΩ | IterTime =   2.78s
  Iter 06/15 | Best Z =   68.334 mΩ | IterTime =   2.85s
  Iter 07/15 | Best Z =   68.334 mΩ | IterTime =   2.86s
  Iter 08/15 | Best Z =   68.334 mΩ | IterTime =   2.88s
  Iter 09/15 | Best Z =   68.334 mΩ | IterTime =   2.85s
  Iter 10/15 | Best Z =   68.334 mΩ | IterTime =   2.85s
  Iter 11/15 | Best Z =   68.334 mΩ | IterTime =   2.86s
  Iter 12/15 | Best Z =   68.334 mΩ | IterTime =   2.80s
  Iter 13/15 | Best Z =   68.334 mΩ | IterTime =   2.83s
  Iter 14/15 | Best Z =   68.334 mΩ | IterTime =   2.84s
  Iter 15/15 | Best Z =   68.334 mΩ | IterTime =   2.83s
[Stage Complete] n_caps=5 | Best Z = 68.334 mΩ | Ports = [15, 9, 14, 0, 17] | Time = 42.61s

[Stage] n_caps = 6
  Iter 01/15 | Best Z =   73.703 mΩ | IterTime =   2.82s
  Iter 02/15 | Best Z =   73.703 mΩ | IterTime =   2.83s
  Iter 03/15 | Best Z =   73.703 mΩ | IterTime =   2.86s
  Iter 04/15 | Best Z =   73.703 mΩ | IterTime =   2.87s
  Iter 05/15 | Best Z =   73.703 mΩ | IterTime =   2.82s
  Iter 06/15 | Best Z =   73.703 mΩ | IterTime =   2.83s
  Iter 07/15 | Best Z =   73.703 mΩ | IterTime =   2.83s
  Iter 08/15 | Best Z =   73.703 mΩ | IterTime =   2.80s
  Iter 09/15 | Best Z =   73.703 mΩ | IterTime =   2.82s
  Iter 10/15 | Best Z =   73.703 mΩ | IterTime =   2.88s
  Iter 11/15 | Best Z =   73.703 mΩ | IterTime =   2.81s
  Iter 12/15 | Best Z =   73.703 mΩ | IterTime =   2.84s
  Iter 13/15 | Best Z =   73.703 mΩ | IterTime =   2.87s
  Iter 14/15 | Best Z =   73.703 mΩ | IterTime =   2.82s
  Iter 15/15 | Best Z =   73.703 mΩ | IterTime =   2.83s
[Stage Complete] n_caps=6 | Best Z = 73.703 mΩ | Ports = [9, 14, 0, 17, 12, 0] | Time = 42.53s

[Stage] n_caps = 7
  Iter 01/15 | Best Z =   68.558 mΩ | IterTime =   2.87s
  Iter 02/15 | Best Z =   68.558 mΩ | IterTime =   2.89s
  Iter 03/15 | Best Z =   68.558 mΩ | IterTime =   2.84s
  Iter 04/15 | Best Z =   68.558 mΩ | IterTime =   2.85s
  Iter 05/15 | Best Z =   68.558 mΩ | IterTime =   2.87s
  Iter 06/15 | Best Z =   68.558 mΩ | IterTime =   2.85s
  Iter 07/15 | Best Z =   68.558 mΩ | IterTime =   2.85s
  Iter 08/15 | Best Z =   68.558 mΩ | IterTime =   2.89s
  Iter 09/15 | Best Z =   68.558 mΩ | IterTime =   2.85s
  Iter 10/15 | Best Z =   68.558 mΩ | IterTime =   2.85s
  Iter 11/15 | Best Z =   68.558 mΩ | IterTime =   2.87s
  Iter 12/15 | Best Z =   68.558 mΩ | IterTime =   2.86s
  Iter 13/15 | Best Z =   68.558 mΩ | IterTime =   2.87s
  Iter 14/15 | Best Z =   68.558 mΩ | IterTime =   2.87s
  Iter 15/15 | Best Z =   68.558 mΩ | IterTime =   2.86s
[Stage Complete] n_caps=7 | Best Z = 68.558 mΩ | Ports = [6, 15, 7, 6, 0, 13, 9] | Time = 42.93s

[Stage] n_caps = 8
  Iter 01/15 | Best Z =   56.931 mΩ | IterTime =   2.88s
  Iter 02/15 | Best Z =   56.931 mΩ | IterTime =   2.94s
  Iter 03/15 | Best Z =   56.931 mΩ | IterTime =   2.91s
  Iter 04/15 | Best Z =   56.931 mΩ | IterTime =   2.92s
  Iter 05/15 | Best Z =   56.931 mΩ | IterTime =   2.96s
  Iter 06/15 | Best Z =   56.931 mΩ | IterTime =   2.83s
  Iter 07/15 | Best Z =   56.931 mΩ | IterTime =   2.90s
  Iter 08/15 | Best Z =   56.931 mΩ | IterTime =   2.97s
  Iter 09/15 | Best Z =   56.931 mΩ | IterTime =   2.89s
  Iter 10/15 | Best Z =   56.931 mΩ | IterTime =   2.92s
  Iter 11/15 | Best Z =   56.931 mΩ | IterTime =   2.94s
  Iter 12/15 | Best Z =   56.931 mΩ | IterTime =   2.82s
  Iter 13/15 | Best Z =   56.931 mΩ | IterTime =   2.86s
  Iter 14/15 | Best Z =   56.931 mΩ | IterTime =   2.94s
  Iter 15/15 | Best Z =   56.931 mΩ | IterTime =   2.86s
[Stage Complete] n_caps=8 | Best Z = 56.931 mΩ | Ports = [15, 7, 6, 0, 13, 9, 0, 0] | Time = 43.53s
Threshold reached — stopping stage growth.

[Run Complete] Total Time = 331.26s
------------------------------------------------------------
numpy | Run 11 | n_caps=8 | Z=0.056931 | Time=331.48s

============================================================
RUN 12 | METHOD = NUMPY
============================================================

[Stage] n_caps = 1
  Iter 01/15 | Best Z =  120.340 mΩ | IterTime =   2.41s
  Iter 02/15 | Best Z =  120.340 mΩ | IterTime =   2.40s
  Iter 03/15 | Best Z =  120.340 mΩ | IterTime =   2.40s
  Iter 04/15 | Best Z =  120.340 mΩ | IterTime =   2.39s
  Iter 05/15 | Best Z =  120.340 mΩ | IterTime =   2.39s
  Iter 06/15 | Best Z =  120.340 mΩ | IterTime =   2.40s
  Iter 07/15 | Best Z =  120.340 mΩ | IterTime =   2.40s
  Iter 08/15 | Best Z =  120.340 mΩ | IterTime =   2.40s
  Iter 09/15 | Best Z =  120.340 mΩ | IterTime =   2.40s
  Iter 10/15 | Best Z =  120.340 mΩ | IterTime =   2.39s
  Iter 11/15 | Best Z =  120.340 mΩ | IterTime =   2.39s
  Iter 12/15 | Best Z =  120.340 mΩ | IterTime =   2.39s
  Iter 13/15 | Best Z =  120.340 mΩ | IterTime =   2.39s
  Iter 14/15 | Best Z =  120.340 mΩ | IterTime =   2.39s
  Iter 15/15 | Best Z =  120.340 mΩ | IterTime =   2.40s
[Stage Complete] n_caps=1 | Best Z = 120.340 mΩ | Ports = [0] | Time = 35.94s

[Stage] n_caps = 2
  Iter 01/15 | Best Z =   96.479 mΩ | IterTime =   2.43s
  Iter 02/15 | Best Z =   96.479 mΩ | IterTime =   2.43s
  Iter 03/15 | Best Z =   96.479 mΩ | IterTime =   2.43s
  Iter 04/15 | Best Z =   96.479 mΩ | IterTime =   2.42s
  Iter 05/15 | Best Z =   96.479 mΩ | IterTime =   2.42s
  Iter 06/15 | Best Z =   96.479 mΩ | IterTime =   2.42s
  Iter 07/15 | Best Z =   96.479 mΩ | IterTime =   2.42s
  Iter 08/15 | Best Z =   96.479 mΩ | IterTime =   2.41s
  Iter 09/15 | Best Z =   96.479 mΩ | IterTime =   2.42s
  Iter 10/15 | Best Z =   96.479 mΩ | IterTime =   2.42s
  Iter 11/15 | Best Z =   96.479 mΩ | IterTime =   2.42s
  Iter 12/15 | Best Z =   96.479 mΩ | IterTime =   2.50s
  Iter 13/15 | Best Z =   96.479 mΩ | IterTime =   2.53s
  Iter 14/15 | Best Z =   96.479 mΩ | IterTime =   2.51s
  Iter 15/15 | Best Z =   96.479 mΩ | IterTime =   2.50s
[Stage Complete] n_caps=2 | Best Z = 96.479 mΩ | Ports = [4, 0] | Time = 36.69s

[Stage] n_caps = 3
  Iter 01/15 | Best Z =   97.562 mΩ | IterTime =   2.87s
  Iter 02/15 | Best Z =   97.562 mΩ | IterTime =   3.11s
  Iter 03/15 | Best Z =   97.562 mΩ | IterTime =   2.85s
  Iter 04/15 | Best Z =   97.562 mΩ | IterTime =   2.86s
  Iter 05/15 | Best Z =   97.562 mΩ | IterTime =   2.86s
  Iter 06/15 | Best Z =   97.562 mΩ | IterTime =   2.86s
  Iter 07/15 | Best Z =   97.562 mΩ | IterTime =   2.86s
  Iter 08/15 | Best Z =   97.562 mΩ | IterTime =   2.87s
  Iter 09/15 | Best Z =   97.562 mΩ | IterTime =   2.86s
  Iter 10/15 | Best Z =   97.562 mΩ | IterTime =   2.85s
  Iter 11/15 | Best Z =   97.562 mΩ | IterTime =   2.87s
  Iter 12/15 | Best Z =   97.562 mΩ | IterTime =   2.85s
  Iter 13/15 | Best Z =   97.562 mΩ | IterTime =   2.85s
  Iter 14/15 | Best Z =   97.562 mΩ | IterTime =   2.86s
  Iter 15/15 | Best Z =   97.562 mΩ | IterTime =   2.86s
[Stage Complete] n_caps=3 | Best Z = 97.562 mΩ | Ports = [0, 10, 14] | Time = 43.14s

[Stage] n_caps = 4
  Iter 01/15 | Best Z =   82.530 mΩ | IterTime =   3.14s
  Iter 02/15 | Best Z =   82.530 mΩ | IterTime =   3.13s
  Iter 03/15 | Best Z =   82.530 mΩ | IterTime =   3.04s
  Iter 04/15 | Best Z =   82.530 mΩ | IterTime =   3.12s
  Iter 05/15 | Best Z =   82.530 mΩ | IterTime =   3.13s
  Iter 06/15 | Best Z =   82.530 mΩ | IterTime =   3.04s
  Iter 07/15 | Best Z =   82.530 mΩ | IterTime =   3.13s
  Iter 08/15 | Best Z =   82.530 mΩ | IterTime =   3.14s
  Iter 09/15 | Best Z =   82.530 mΩ | IterTime =   3.13s
  Iter 10/15 | Best Z =   82.530 mΩ | IterTime =   2.88s
  Iter 11/15 | Best Z =   82.530 mΩ | IterTime =   3.14s
  Iter 12/15 | Best Z =   82.530 mΩ | IterTime =   2.89s
  Iter 13/15 | Best Z =   82.530 mΩ | IterTime =   3.15s
  Iter 14/15 | Best Z =   82.530 mΩ | IterTime =   2.90s
  Iter 15/15 | Best Z =   82.530 mΩ | IterTime =   3.15s
[Stage Complete] n_caps=4 | Best Z = 82.530 mΩ | Ports = [0, 10, 9, 9] | Time = 46.10s

[Stage] n_caps = 5
  Iter 01/15 | Best Z =   71.020 mΩ | IterTime =   2.93s
  Iter 02/15 | Best Z =   71.020 mΩ | IterTime =   3.14s
  Iter 03/15 | Best Z =   71.020 mΩ | IterTime =   3.11s
  Iter 04/15 | Best Z =   71.020 mΩ | IterTime =   3.17s
  Iter 05/15 | Best Z =   71.020 mΩ | IterTime =   3.17s
  Iter 06/15 | Best Z =   71.020 mΩ | IterTime =   3.09s
  Iter 07/15 | Best Z =   71.020 mΩ | IterTime =   3.17s
  Iter 08/15 | Best Z =   71.020 mΩ | IterTime =   3.17s
  Iter 09/15 | Best Z =   71.020 mΩ | IterTime =   3.09s
  Iter 10/15 | Best Z =   71.020 mΩ | IterTime =   3.17s
  Iter 11/15 | Best Z =   71.020 mΩ | IterTime =   3.17s
  Iter 12/15 | Best Z =   71.020 mΩ | IterTime =   3.10s
  Iter 13/15 | Best Z =   71.020 mΩ | IterTime =   3.16s
  Iter 14/15 | Best Z =   71.020 mΩ | IterTime =   3.18s
  Iter 15/15 | Best Z =   71.020 mΩ | IterTime =   3.09s
[Stage Complete] n_caps=5 | Best Z = 71.020 mΩ | Ports = [10, 9, 9, 0, 9] | Time = 46.92s

[Stage] n_caps = 6
  Iter 01/15 | Best Z =   66.952 mΩ | IterTime =   3.21s
  Iter 02/15 | Best Z =   66.952 mΩ | IterTime =   3.21s
  Iter 03/15 | Best Z =   66.952 mΩ | IterTime =   3.12s
  Iter 04/15 | Best Z =   66.952 mΩ | IterTime =   3.21s
  Iter 05/15 | Best Z =   66.952 mΩ | IterTime =   3.12s
  Iter 06/15 | Best Z =   66.952 mΩ | IterTime =   3.20s
  Iter 07/15 | Best Z =   66.952 mΩ | IterTime =   3.14s
  Iter 08/15 | Best Z =   66.952 mΩ | IterTime =   3.21s
  Iter 09/15 | Best Z =   66.952 mΩ | IterTime =   3.12s
  Iter 10/15 | Best Z =   66.952 mΩ | IterTime =   3.19s
  Iter 11/15 | Best Z =   66.952 mΩ | IterTime =   3.12s
  Iter 12/15 | Best Z =   66.952 mΩ | IterTime =   3.19s
  Iter 13/15 | Best Z =   66.952 mΩ | IterTime =   3.12s
  Iter 14/15 | Best Z =   66.952 mΩ | IterTime =   3.19s
  Iter 15/15 | Best Z =   66.952 mΩ | IterTime =   3.12s
[Stage Complete] n_caps=6 | Best Z = 66.952 mΩ | Ports = [4, 10, 5, 1, 0, 7] | Time = 47.46s

[Stage] n_caps = 7
  Iter 01/15 | Best Z =   59.946 mΩ | IterTime =   3.27s
  Iter 02/15 | Best Z =   59.946 mΩ | IterTime =   2.95s
  Iter 03/15 | Best Z =   59.946 mΩ | IterTime =   3.23s
  Iter 04/15 | Best Z =   59.946 mΩ | IterTime =   3.28s
  Iter 05/15 | Best Z =   59.946 mΩ | IterTime =   3.26s
  Iter 06/15 | Best Z =   59.946 mΩ | IterTime =   3.27s
  Iter 07/15 | Best Z =   59.946 mΩ | IterTime =   3.29s
  Iter 08/15 | Best Z =   59.946 mΩ | IterTime =   3.26s
  Iter 09/15 | Best Z =   59.946 mΩ | IterTime =   3.29s
  Iter 10/15 | Best Z =   59.946 mΩ | IterTime =   3.28s
  Iter 11/15 | Best Z =   59.946 mΩ | IterTime =   3.28s
  Iter 12/15 | Best Z =   59.946 mΩ | IterTime =   3.27s
  Iter 13/15 | Best Z =   59.946 mΩ | IterTime =   3.29s
  Iter 14/15 | Best Z =   59.946 mΩ | IterTime =   3.27s
  Iter 15/15 | Best Z =   59.946 mΩ | IterTime =   3.26s
[Stage Complete] n_caps=7 | Best Z = 59.946 mΩ | Ports = [3, 2, 5, 1, 0, 9, 0] | Time = 48.75s
Threshold reached — stopping stage growth.

[Run Complete] Total Time = 305.00s
------------------------------------------------------------
numpy | Run 12 | n_caps=7 | Z=0.059946 | Time=305.22s

============================================================
RUN 13 | METHOD = NUMPY
============================================================

[Stage] n_caps = 1
  Iter 01/15 | Best Z =  113.655 mΩ | IterTime =   2.73s
  Iter 02/15 | Best Z =  113.655 mΩ | IterTime =   2.73s
  Iter 03/15 | Best Z =  113.655 mΩ | IterTime =   2.72s
  Iter 04/15 | Best Z =  113.655 mΩ | IterTime =   2.72s
  Iter 05/15 | Best Z =  113.655 mΩ | IterTime =   2.72s
  Iter 06/15 | Best Z =  113.655 mΩ | IterTime =   2.72s
  Iter 07/15 | Best Z =  113.655 mΩ | IterTime =   2.71s
  Iter 08/15 | Best Z =  113.655 mΩ | IterTime =   2.71s
  Iter 09/15 | Best Z =  113.655 mΩ | IterTime =   2.72s
  Iter 10/15 | Best Z =  113.655 mΩ | IterTime =   2.71s
  Iter 11/15 | Best Z =  113.655 mΩ | IterTime =   2.72s
  Iter 12/15 | Best Z =  113.655 mΩ | IterTime =   2.71s
  Iter 13/15 | Best Z =  113.655 mΩ | IterTime =   2.72s
  Iter 14/15 | Best Z =  113.655 mΩ | IterTime =   2.72s
  Iter 15/15 | Best Z =  113.655 mΩ | IterTime =   2.72s
[Stage Complete] n_caps=1 | Best Z = 113.655 mΩ | Ports = [0] | Time = 40.76s

[Stage] n_caps = 2
  Iter 01/15 | Best Z =  112.903 mΩ | IterTime =   2.76s
  Iter 02/15 | Best Z =  112.903 mΩ | IterTime =   2.75s
  Iter 03/15 | Best Z =  112.903 mΩ | IterTime =   2.75s
  Iter 04/15 | Best Z =  112.903 mΩ | IterTime =   2.74s
  Iter 05/15 | Best Z =  112.903 mΩ | IterTime =   2.74s
  Iter 06/15 | Best Z =  112.903 mΩ | IterTime =   2.75s
  Iter 07/15 | Best Z =  112.903 mΩ | IterTime =   2.74s
  Iter 08/15 | Best Z =  112.903 mΩ | IterTime =   2.75s
  Iter 09/15 | Best Z =  112.903 mΩ | IterTime =   2.74s
  Iter 10/15 | Best Z =  112.903 mΩ | IterTime =   2.74s
  Iter 11/15 | Best Z =  112.903 mΩ | IterTime =   2.75s
  Iter 12/15 | Best Z =  112.903 mΩ | IterTime =   2.73s
  Iter 13/15 | Best Z =  112.903 mΩ | IterTime =   2.74s
  Iter 14/15 | Best Z =  112.903 mΩ | IterTime =   2.74s
  Iter 15/15 | Best Z =  112.903 mΩ | IterTime =   2.74s
[Stage Complete] n_caps=2 | Best Z = 112.903 mΩ | Ports = [0, 17] | Time = 41.15s

[Stage] n_caps = 3
  Iter 01/15 | Best Z =   95.444 mΩ | IterTime =   2.78s
  Iter 02/15 | Best Z =   95.444 mΩ | IterTime =   2.79s
  Iter 03/15 | Best Z =   95.444 mΩ | IterTime =   3.13s
  Iter 04/15 | Best Z =   95.444 mΩ | IterTime =   2.78s
  Iter 05/15 | Best Z =   95.444 mΩ | IterTime =   2.79s
  Iter 06/15 | Best Z =   95.444 mΩ | IterTime =   3.11s
  Iter 07/15 | Best Z =   95.444 mΩ | IterTime =   2.77s
  Iter 08/15 | Best Z =   95.444 mΩ | IterTime =   2.78s
  Iter 09/15 | Best Z =   95.444 mΩ | IterTime =   3.14s
  Iter 10/15 | Best Z =   95.444 mΩ | IterTime =   2.78s
  Iter 11/15 | Best Z =   95.444 mΩ | IterTime =   2.77s
  Iter 12/15 | Best Z =   95.444 mΩ | IterTime =   3.13s
  Iter 13/15 | Best Z =   95.444 mΩ | IterTime =   2.77s
  Iter 14/15 | Best Z =   95.444 mΩ | IterTime =   2.77s
  Iter 15/15 | Best Z =   95.444 mΩ | IterTime =   3.12s
[Stage Complete] n_caps=3 | Best Z = 95.444 mΩ | Ports = [6, 0, 19] | Time = 43.42s

[Stage] n_caps = 4
  Iter 01/15 | Best Z =   78.395 mΩ | IterTime =   3.17s
  Iter 02/15 | Best Z =   78.395 mΩ | IterTime =   3.18s
  Iter 03/15 | Best Z =   78.395 mΩ | IterTime =   3.19s
  Iter 04/15 | Best Z =   78.395 mΩ | IterTime =   3.17s
  Iter 05/15 | Best Z =   78.395 mΩ | IterTime =   3.17s
  Iter 06/15 | Best Z =   78.395 mΩ | IterTime =   3.19s
  Iter 07/15 | Best Z =   78.395 mΩ | IterTime =   3.17s
  Iter 08/15 | Best Z =   78.395 mΩ | IterTime =   3.17s
  Iter 09/15 | Best Z =   78.395 mΩ | IterTime =   3.18s
  Iter 10/15 | Best Z =   78.395 mΩ | IterTime =   3.16s
  Iter 11/15 | Best Z =   78.395 mΩ | IterTime =   3.17s
  Iter 12/15 | Best Z =   78.395 mΩ | IterTime =   3.16s
  Iter 13/15 | Best Z =   78.395 mΩ | IterTime =   3.18s
  Iter 14/15 | Best Z =   78.395 mΩ | IterTime =   3.18s
  Iter 15/15 | Best Z =   78.395 mΩ | IterTime =   3.16s
[Stage Complete] n_caps=4 | Best Z = 78.395 mΩ | Ports = [0, 19, 0, 14] | Time = 47.56s

[Stage] n_caps = 5
  Iter 01/15 | Best Z =   76.212 mΩ | IterTime =   3.16s
  Iter 02/15 | Best Z =   76.212 mΩ | IterTime =   3.18s
  Iter 03/15 | Best Z =   76.212 mΩ | IterTime =   3.15s
  Iter 04/15 | Best Z =   76.212 mΩ | IterTime =   3.18s
  Iter 05/15 | Best Z =   76.212 mΩ | IterTime =   3.15s
  Iter 06/15 | Best Z =   76.212 mΩ | IterTime =   3.19s
  Iter 07/15 | Best Z =   76.212 mΩ | IterTime =   3.17s
  Iter 08/15 | Best Z =   76.212 mΩ | IterTime =   3.25s
  Iter 09/15 | Best Z =   76.212 mΩ | IterTime =   3.18s
  Iter 10/15 | Best Z =   76.212 mΩ | IterTime =   3.22s
  Iter 11/15 | Best Z =   76.212 mΩ | IterTime =   3.18s
  Iter 12/15 | Best Z =   76.212 mΩ | IterTime =   3.21s
  Iter 13/15 | Best Z =   76.212 mΩ | IterTime =   3.19s
  Iter 14/15 | Best Z =   76.212 mΩ | IterTime =   3.21s
  Iter 15/15 | Best Z =   76.212 mΩ | IterTime =   3.19s
[Stage Complete] n_caps=5 | Best Z = 76.212 mΩ | Ports = [19, 0, 14, 0, 11] | Time = 47.83s

[Stage] n_caps = 6
  Iter 01/15 | Best Z =   68.370 mΩ | IterTime =   3.20s
  Iter 02/15 | Best Z =   68.370 mΩ | IterTime =   2.89s
  Iter 03/15 | Best Z =   68.370 mΩ | IterTime =   3.22s
  Iter 04/15 | Best Z =   68.370 mΩ | IterTime =   3.23s
  Iter 05/15 | Best Z =   68.370 mΩ | IterTime =   3.23s
  Iter 06/15 | Best Z =   68.370 mΩ | IterTime =   3.22s
  Iter 07/15 | Best Z =   68.370 mΩ | IterTime =   3.19s
  Iter 08/15 | Best Z =   68.370 mΩ | IterTime =   3.26s
  Iter 09/15 | Best Z =   68.370 mΩ | IterTime =   3.21s
  Iter 10/15 | Best Z =   68.370 mΩ | IterTime =   3.25s
  Iter 11/15 | Best Z =   68.370 mΩ | IterTime =   3.22s
  Iter 12/15 | Best Z =   68.370 mΩ | IterTime =   3.26s
  Iter 13/15 | Best Z =   68.370 mΩ | IterTime =   3.23s
  Iter 14/15 | Best Z =   68.370 mΩ | IterTime =   3.24s
  Iter 15/15 | Best Z =   68.370 mΩ | IterTime =   3.21s
[Stage Complete] n_caps=6 | Best Z = 68.370 mΩ | Ports = [0, 14, 0, 11, 11, 0] | Time = 48.07s

[Stage] n_caps = 7
  Iter 01/15 | Best Z =   72.134 mΩ | IterTime =   3.23s
  Iter 02/15 | Best Z =   72.134 mΩ | IterTime =   3.27s
  Iter 03/15 | Best Z =   72.134 mΩ | IterTime =   3.29s
  Iter 04/15 | Best Z =   72.134 mΩ | IterTime =   3.24s
  Iter 05/15 | Best Z =   72.134 mΩ | IterTime =   3.25s
  Iter 06/15 | Best Z =   72.134 mΩ | IterTime =   3.26s
  Iter 07/15 | Best Z =   72.134 mΩ | IterTime =   3.24s
  Iter 08/15 | Best Z =   72.134 mΩ | IterTime =   3.25s
  Iter 09/15 | Best Z =   72.134 mΩ | IterTime =   3.25s
  Iter 10/15 | Best Z =   72.134 mΩ | IterTime =   3.21s
  Iter 11/15 | Best Z =   72.134 mΩ | IterTime =   3.24s
  Iter 12/15 | Best Z =   72.134 mΩ | IterTime =   3.25s
  Iter 13/15 | Best Z =   72.134 mΩ | IterTime =   3.22s
  Iter 14/15 | Best Z =   72.134 mΩ | IterTime =   3.21s
  Iter 15/15 | Best Z =   72.134 mΩ | IterTime =   3.24s
[Stage Complete] n_caps=7 | Best Z = 72.134 mΩ | Ports = [14, 0, 11, 11, 0, 0, 0] | Time = 48.65s

[Stage] n_caps = 8
  Iter 01/15 | Best Z =   57.895 mΩ | IterTime =   3.26s
  Iter 02/15 | Best Z =   57.895 mΩ | IterTime =   3.26s
  Iter 03/15 | Best Z =   57.895 mΩ | IterTime =   2.98s
  Iter 04/15 | Best Z =   57.895 mΩ | IterTime =   3.25s
  Iter 05/15 | Best Z =   57.895 mΩ | IterTime =   3.19s
  Iter 06/15 | Best Z =   57.895 mΩ | IterTime =   3.19s
  Iter 07/15 | Best Z =   57.895 mΩ | IterTime =   3.27s
  Iter 08/15 | Best Z =   57.895 mΩ | IterTime =   3.25s
  Iter 09/15 | Best Z =   57.895 mΩ | IterTime =   2.98s
  Iter 10/15 | Best Z =   57.895 mΩ | IterTime =   3.29s
  Iter 11/15 | Best Z =   57.895 mΩ | IterTime =   3.19s
  Iter 12/15 | Best Z =   57.895 mΩ | IterTime =   3.19s
  Iter 13/15 | Best Z =   57.895 mΩ | IterTime =   3.25s
  Iter 14/15 | Best Z =   57.895 mΩ | IterTime =   3.30s
  Iter 15/15 | Best Z =   57.895 mΩ | IterTime =   2.99s
[Stage Complete] n_caps=8 | Best Z = 57.895 mΩ | Ports = [0, 11, 11, 0, 0, 0, 15, 0] | Time = 47.85s
Threshold reached — stopping stage growth.

[Run Complete] Total Time = 365.29s
------------------------------------------------------------
numpy | Run 13 | n_caps=8 | Z=0.057895 | Time=365.50s

============================================================
RUN 14 | METHOD = NUMPY
============================================================

[Stage] n_caps = 1
  Iter 01/15 | Best Z =  125.171 mΩ | IterTime =   2.80s
  Iter 02/15 | Best Z =  125.171 mΩ | IterTime =   2.79s
  Iter 03/15 | Best Z =  125.171 mΩ | IterTime =   2.79s
  Iter 04/15 | Best Z =  125.171 mΩ | IterTime =   2.79s
  Iter 05/15 | Best Z =  125.171 mΩ | IterTime =   2.79s
  Iter 06/15 | Best Z =  125.171 mΩ | IterTime =   2.78s
  Iter 07/15 | Best Z =  125.171 mΩ | IterTime =   2.79s
  Iter 08/15 | Best Z =  125.171 mΩ | IterTime =   2.78s
  Iter 09/15 | Best Z =  125.171 mΩ | IterTime =   2.79s
  Iter 10/15 | Best Z =  125.171 mΩ | IterTime =   2.78s
  Iter 11/15 | Best Z =  125.171 mΩ | IterTime =   2.78s
  Iter 12/15 | Best Z =  125.171 mΩ | IterTime =   2.79s
  Iter 13/15 | Best Z =  125.171 mΩ | IterTime =   2.78s
  Iter 14/15 | Best Z =  125.171 mΩ | IterTime =   2.79s
  Iter 15/15 | Best Z =  125.171 mΩ | IterTime =   2.78s
[Stage Complete] n_caps=1 | Best Z = 125.171 mΩ | Ports = [0] | Time = 41.80s

[Stage] n_caps = 2
  Iter 01/15 | Best Z =   92.424 mΩ | IterTime =   2.82s
  Iter 02/15 | Best Z =   92.424 mΩ | IterTime =   2.81s
  Iter 03/15 | Best Z =   92.424 mΩ | IterTime =   2.82s
  Iter 04/15 | Best Z =   92.424 mΩ | IterTime =   2.82s
  Iter 05/15 | Best Z =   92.424 mΩ | IterTime =   2.82s
  Iter 06/15 | Best Z =   92.424 mΩ | IterTime =   2.81s
  Iter 07/15 | Best Z =   92.424 mΩ | IterTime =   2.81s
  Iter 08/15 | Best Z =   92.424 mΩ | IterTime =   2.82s
  Iter 09/15 | Best Z =   92.424 mΩ | IterTime =   2.81s
  Iter 10/15 | Best Z =   92.424 mΩ | IterTime =   2.82s
  Iter 11/15 | Best Z =   92.424 mΩ | IterTime =   2.81s
  Iter 12/15 | Best Z =   92.424 mΩ | IterTime =   2.81s
  Iter 13/15 | Best Z =   92.424 mΩ | IterTime =   2.82s
  Iter 14/15 | Best Z =   92.424 mΩ | IterTime =   2.81s
  Iter 15/15 | Best Z =   92.424 mΩ | IterTime =   2.81s
[Stage Complete] n_caps=2 | Best Z = 92.424 mΩ | Ports = [6, 15] | Time = 42.23s

[Stage] n_caps = 3
  Iter 01/15 | Best Z =   79.994 mΩ | IterTime =   2.87s
  Iter 02/15 | Best Z =   79.994 mΩ | IterTime =   2.86s
  Iter 03/15 | Best Z =   79.994 mΩ | IterTime =   2.85s
  Iter 04/15 | Best Z =   79.994 mΩ | IterTime =   2.86s
  Iter 05/15 | Best Z =   79.994 mΩ | IterTime =   2.85s
  Iter 06/15 | Best Z =   79.994 mΩ | IterTime =   2.85s
  Iter 07/15 | Best Z =   79.994 mΩ | IterTime =   2.85s
  Iter 08/15 | Best Z =   79.994 mΩ | IterTime =   2.86s
  Iter 09/15 | Best Z =   79.994 mΩ | IterTime =   2.86s
  Iter 10/15 | Best Z =   79.994 mΩ | IterTime =   2.86s
  Iter 11/15 | Best Z =   79.994 mΩ | IterTime =   2.85s
  Iter 12/15 | Best Z =   79.994 mΩ | IterTime =   2.86s
  Iter 13/15 | Best Z =   79.994 mΩ | IterTime =   2.85s
  Iter 14/15 | Best Z =   79.994 mΩ | IterTime =   2.86s
  Iter 15/15 | Best Z =   79.994 mΩ | IterTime =   2.85s
[Stage Complete] n_caps=3 | Best Z = 79.994 mΩ | Ports = [15, 0, 2] | Time = 42.84s

[Stage] n_caps = 4
  Iter 01/15 | Best Z =   81.925 mΩ | IterTime =   2.89s
  Iter 02/15 | Best Z =   81.925 mΩ | IterTime =   2.88s
  Iter 03/15 | Best Z =   81.925 mΩ | IterTime =   2.89s
  Iter 04/15 | Best Z =   81.925 mΩ | IterTime =   2.88s
  Iter 05/15 | Best Z =   81.925 mΩ | IterTime =   2.89s
  Iter 06/15 | Best Z =   81.925 mΩ | IterTime =   2.89s
  Iter 07/15 | Best Z =   81.925 mΩ | IterTime =   2.89s
  Iter 08/15 | Best Z =   81.925 mΩ | IterTime =   2.89s
  Iter 09/15 | Best Z =   81.925 mΩ | IterTime =   2.88s
  Iter 10/15 | Best Z =   81.925 mΩ | IterTime =   2.88s
  Iter 11/15 | Best Z =   81.925 mΩ | IterTime =   2.89s
  Iter 12/15 | Best Z =   81.925 mΩ | IterTime =   2.88s
  Iter 13/15 | Best Z =   81.925 mΩ | IterTime =   2.89s
  Iter 14/15 | Best Z =   81.925 mΩ | IterTime =   2.88s
  Iter 15/15 | Best Z =   81.925 mΩ | IterTime =   2.89s
[Stage Complete] n_caps=4 | Best Z = 81.925 mΩ | Ports = [0, 2, 5, 9] | Time = 43.29s

[Stage] n_caps = 5
  Iter 01/15 | Best Z =   61.378 mΩ | IterTime =   2.92s
  Iter 02/15 | Best Z =   61.378 mΩ | IterTime =   3.23s
  Iter 03/15 | Best Z =   61.378 mΩ | IterTime =   3.26s
  Iter 04/15 | Best Z =   61.378 mΩ | IterTime =   3.23s
  Iter 05/15 | Best Z =   61.378 mΩ | IterTime =   3.27s
  Iter 06/15 | Best Z =   61.378 mΩ | IterTime =   3.25s
  Iter 07/15 | Best Z =   61.378 mΩ | IterTime =   3.29s
  Iter 08/15 | Best Z =   61.378 mΩ | IterTime =   3.27s
  Iter 09/15 | Best Z =   61.378 mΩ | IterTime =   3.29s
  Iter 10/15 | Best Z =   61.378 mΩ | IterTime =   3.24s
  Iter 11/15 | Best Z =   61.378 mΩ | IterTime =   3.26s
  Iter 12/15 | Best Z =   61.378 mΩ | IterTime =   3.26s
  Iter 13/15 | Best Z =   61.378 mΩ | IterTime =   3.27s
  Iter 14/15 | Best Z =   61.378 mΩ | IterTime =   3.25s
  Iter 15/15 | Best Z =   61.378 mΩ | IterTime =   3.26s
[Stage Complete] n_caps=5 | Best Z = 61.378 mΩ | Ports = [5, 14, 10, 0, 9] | Time = 48.54s

[Stage] n_caps = 6
  Iter 01/15 | Best Z =   55.853 mΩ | IterTime =   3.28s
  Iter 02/15 | Best Z =   55.853 mΩ | IterTime =   3.27s
  Iter 03/15 | Best Z =   55.853 mΩ | IterTime =   3.31s
  Iter 04/15 | Best Z =   55.853 mΩ | IterTime =   3.28s
  Iter 05/15 | Best Z =   55.853 mΩ | IterTime =   3.26s
  Iter 06/15 | Best Z =   55.853 mΩ | IterTime =   3.26s
  Iter 07/15 | Best Z =   55.853 mΩ | IterTime =   3.29s
  Iter 08/15 | Best Z =   55.853 mΩ | IterTime =   3.31s
  Iter 09/15 | Best Z =   55.853 mΩ | IterTime =   3.28s
  Iter 10/15 | Best Z =   55.853 mΩ | IterTime =   3.30s
  Iter 11/15 | Best Z =   55.853 mΩ | IterTime =   3.29s
  Iter 12/15 | Best Z =   55.853 mΩ | IterTime =   3.29s
  Iter 13/15 | Best Z =   55.853 mΩ | IterTime =   3.28s
  Iter 14/15 | Best Z =   55.853 mΩ | IterTime =   3.29s
  Iter 15/15 | Best Z =   55.853 mΩ | IterTime =   3.29s
[Stage Complete] n_caps=6 | Best Z = 55.853 mΩ | Ports = [14, 10, 0, 9, 5, 0] | Time = 49.29s
Threshold reached — stopping stage growth.

[Run Complete] Total Time = 268.00s
------------------------------------------------------------
numpy | Run 14 | n_caps=6 | Z=0.055853 | Time=268.22s

============================================================
RUN 15 | METHOD = NUMPY
============================================================

[Stage] n_caps = 1
  Iter 01/15 | Best Z =  129.746 mΩ | IterTime =   2.72s
  Iter 02/15 | Best Z =  129.746 mΩ | IterTime =   2.71s
  Iter 03/15 | Best Z =  129.746 mΩ | IterTime =   2.72s
  Iter 04/15 | Best Z =  129.746 mΩ | IterTime =   2.72s
  Iter 05/15 | Best Z =  129.746 mΩ | IterTime =   2.71s
  Iter 06/15 | Best Z =  129.746 mΩ | IterTime =   2.72s
  Iter 07/15 | Best Z =  129.746 mΩ | IterTime =   2.71s
  Iter 08/15 | Best Z =  129.746 mΩ | IterTime =   2.71s
  Iter 09/15 | Best Z =  129.746 mΩ | IterTime =   2.72s
  Iter 10/15 | Best Z =  129.746 mΩ | IterTime =   2.72s
  Iter 11/15 | Best Z =  129.746 mΩ | IterTime =   2.72s
  Iter 12/15 | Best Z =  129.746 mΩ | IterTime =   2.71s
  Iter 13/15 | Best Z =  129.746 mΩ | IterTime =   2.71s
  Iter 14/15 | Best Z =  129.746 mΩ | IterTime =   2.71s
  Iter 15/15 | Best Z =  129.746 mΩ | IterTime =   2.71s
[Stage Complete] n_caps=1 | Best Z = 129.746 mΩ | Ports = [6] | Time = 40.72s

[Stage] n_caps = 2
  Iter 01/15 | Best Z =   98.501 mΩ | IterTime =   2.75s
  Iter 02/15 | Best Z =   98.501 mΩ | IterTime =   2.75s
  Iter 03/15 | Best Z =   98.501 mΩ | IterTime =   2.76s
  Iter 04/15 | Best Z =   98.501 mΩ | IterTime =   2.75s
  Iter 05/15 | Best Z =   98.501 mΩ | IterTime =   2.75s
  Iter 06/15 | Best Z =   98.501 mΩ | IterTime =   2.74s
  Iter 07/15 | Best Z =   98.501 mΩ | IterTime =   2.75s
  Iter 08/15 | Best Z =   98.501 mΩ | IterTime =   2.73s
  Iter 09/15 | Best Z =   98.501 mΩ | IterTime =   2.74s
  Iter 10/15 | Best Z =   98.501 mΩ | IterTime =   2.74s
  Iter 11/15 | Best Z =   98.501 mΩ | IterTime =   2.74s
  Iter 12/15 | Best Z =   98.501 mΩ | IterTime =   2.74s
  Iter 13/15 | Best Z =   98.501 mΩ | IterTime =   2.74s
  Iter 14/15 | Best Z =   98.501 mΩ | IterTime =   2.74s
  Iter 15/15 | Best Z =   98.501 mΩ | IterTime =   2.74s
[Stage Complete] n_caps=2 | Best Z = 98.501 mΩ | Ports = [10, 14] | Time = 41.15s

[Stage] n_caps = 3
  Iter 01/15 | Best Z =   89.082 mΩ | IterTime =   2.80s
  Iter 02/15 | Best Z =   89.082 mΩ | IterTime =   3.10s
  Iter 03/15 | Best Z =   89.082 mΩ | IterTime =   3.12s
  Iter 04/15 | Best Z =   89.082 mΩ | IterTime =   2.78s
  Iter 05/15 | Best Z =   89.082 mΩ | IterTime =   3.10s
  Iter 06/15 | Best Z =   89.082 mΩ | IterTime =   3.09s
  Iter 07/15 | Best Z =   89.082 mΩ | IterTime =   2.78s
  Iter 08/15 | Best Z =   89.082 mΩ | IterTime =   3.15s
  Iter 09/15 | Best Z =   89.082 mΩ | IterTime =   3.13s
  Iter 10/15 | Best Z =   89.082 mΩ | IterTime =   2.77s
  Iter 11/15 | Best Z =   89.082 mΩ | IterTime =   3.11s
  Iter 12/15 | Best Z =   89.082 mΩ | IterTime =   3.09s
  Iter 13/15 | Best Z =   89.082 mΩ | IterTime =   2.77s
  Iter 14/15 | Best Z =   89.082 mΩ | IterTime =   3.11s
  Iter 15/15 | Best Z =   89.082 mΩ | IterTime =   3.09s
[Stage Complete] n_caps=3 | Best Z = 89.082 mΩ | Ports = [14, 10, 16] | Time = 44.98s

[Stage] n_caps = 4
  Iter 01/15 | Best Z =   77.050 mΩ | IterTime =   3.12s
  Iter 02/15 | Best Z =   77.050 mΩ | IterTime =   3.15s
  Iter 03/15 | Best Z =   77.050 mΩ | IterTime =   3.23s
  Iter 04/15 | Best Z =   77.050 mΩ | IterTime =   3.15s
  Iter 05/15 | Best Z =   77.050 mΩ | IterTime =   2.82s
  Iter 06/15 | Best Z =   77.050 mΩ | IterTime =   3.10s
  Iter 07/15 | Best Z =   77.050 mΩ | IterTime =   3.14s
  Iter 08/15 | Best Z =   77.050 mΩ | IterTime =   3.13s
  Iter 09/15 | Best Z =   77.050 mΩ | IterTime =   3.12s
  Iter 10/15 | Best Z =   77.050 mΩ | IterTime =   3.13s
  Iter 11/15 | Best Z =   77.050 mΩ | IterTime =   3.12s
  Iter 12/15 | Best Z =   77.050 mΩ | IterTime =   3.16s
  Iter 13/15 | Best Z =   77.050 mΩ | IterTime =   3.13s
  Iter 14/15 | Best Z =   77.050 mΩ | IterTime =   3.16s
  Iter 15/15 | Best Z =   77.050 mΩ | IterTime =   3.14s
[Stage Complete] n_caps=4 | Best Z = 77.050 mΩ | Ports = [10, 16, 0, 16] | Time = 46.80s

[Stage] n_caps = 5
  Iter 01/15 | Best Z =   82.496 mΩ | IterTime =   3.18s
  Iter 02/15 | Best Z =   82.496 mΩ | IterTime =   3.22s
  Iter 03/15 | Best Z =   82.496 mΩ | IterTime =   3.18s
  Iter 04/15 | Best Z =   82.496 mΩ | IterTime =   3.22s
  Iter 05/15 | Best Z =   82.496 mΩ | IterTime =   3.19s
  Iter 06/15 | Best Z =   82.496 mΩ | IterTime =   3.19s
  Iter 07/15 | Best Z =   82.496 mΩ | IterTime =   3.15s
  Iter 08/15 | Best Z =   82.496 mΩ | IterTime =   3.19s
  Iter 09/15 | Best Z =   82.496 mΩ | IterTime =   3.18s
  Iter 10/15 | Best Z =   82.496 mΩ | IterTime =   3.20s
  Iter 11/15 | Best Z =   82.496 mΩ | IterTime =   3.18s
  Iter 12/15 | Best Z =   82.496 mΩ | IterTime =   3.21s
  Iter 13/15 | Best Z =   82.496 mΩ | IterTime =   3.14s
  Iter 14/15 | Best Z =   82.496 mΩ | IterTime =   3.22s
  Iter 15/15 | Best Z =   82.496 mΩ | IterTime =   3.15s
[Stage Complete] n_caps=5 | Best Z = 82.496 mΩ | Ports = [10, 19, 1, 0, 15] | Time = 47.81s

[Stage] n_caps = 6
  Iter 01/15 | Best Z =   67.851 mΩ | IterTime =   3.21s
  Iter 02/15 | Best Z =   67.851 mΩ | IterTime =   3.19s
  Iter 03/15 | Best Z =   67.851 mΩ | IterTime =   3.19s
  Iter 04/15 | Best Z =   67.851 mΩ | IterTime =   3.20s
  Iter 05/15 | Best Z =   67.851 mΩ | IterTime =   3.22s
  Iter 06/15 | Best Z =   67.851 mΩ | IterTime =   3.18s
  Iter 07/15 | Best Z =   67.851 mΩ | IterTime =   3.22s
  Iter 08/15 | Best Z =   67.851 mΩ | IterTime =   3.20s
  Iter 09/15 | Best Z =   67.851 mΩ | IterTime =   3.19s
  Iter 10/15 | Best Z =   67.851 mΩ | IterTime =   3.21s
  Iter 11/15 | Best Z =   67.851 mΩ | IterTime =   3.21s
  Iter 12/15 | Best Z =   67.851 mΩ | IterTime =   3.23s
  Iter 13/15 | Best Z =   67.851 mΩ | IterTime =   3.20s
  Iter 14/15 | Best Z =   67.851 mΩ | IterTime =   3.20s
  Iter 15/15 | Best Z =   67.851 mΩ | IterTime =   3.19s
[Stage Complete] n_caps=6 | Best Z = 67.851 mΩ | Ports = [7, 19, 0, 0, 15, 10] | Time = 48.04s

[Stage] n_caps = 7
  Iter 01/15 | Best Z =   57.017 mΩ | IterTime =   3.26s
  Iter 02/15 | Best Z =   57.017 mΩ | IterTime =   3.27s
  Iter 03/15 | Best Z =   57.017 mΩ | IterTime =   2.91s
  Iter 04/15 | Best Z =   57.017 mΩ | IterTime =   3.26s
  Iter 05/15 | Best Z =   57.017 mΩ | IterTime =   3.18s
  Iter 06/15 | Best Z =   57.017 mΩ | IterTime =   3.27s
  Iter 07/15 | Best Z =   57.017 mΩ | IterTime =   3.26s
  Iter 08/15 | Best Z =   57.017 mΩ | IterTime =   3.26s
  Iter 09/15 | Best Z =   57.017 mΩ | IterTime =   2.94s
  Iter 10/15 | Best Z =   57.017 mΩ | IterTime =   3.26s
  Iter 11/15 | Best Z =   57.017 mΩ | IterTime =   3.19s
  Iter 12/15 | Best Z =   57.017 mΩ | IterTime =   3.28s
  Iter 13/15 | Best Z =   57.017 mΩ | IterTime =   3.26s
  Iter 14/15 | Best Z =   57.017 mΩ | IterTime =   3.26s
  Iter 15/15 | Best Z =   57.017 mΩ | IterTime =   2.92s
[Stage Complete] n_caps=7 | Best Z = 57.017 mΩ | Ports = [19, 0, 0, 15, 10, 9, 14] | Time = 47.79s
Threshold reached — stopping stage growth.

[Run Complete] Total Time = 317.29s
------------------------------------------------------------
numpy | Run 15 | n_caps=7 | Z=0.057017 | Time=317.53s

============================================================
RUN 16 | METHOD = NUMPY
============================================================

[Stage] n_caps = 1
  Iter 01/15 | Best Z =  117.880 mΩ | IterTime =   2.83s
  Iter 02/15 | Best Z =  117.880 mΩ | IterTime =   2.82s
  Iter 03/15 | Best Z =  117.880 mΩ | IterTime =   2.85s
  Iter 04/15 | Best Z =  117.880 mΩ | IterTime =   2.84s
  Iter 05/15 | Best Z =  117.880 mΩ | IterTime =   2.84s
  Iter 06/15 | Best Z =  117.880 mΩ | IterTime =   2.84s
  Iter 07/15 | Best Z =  117.880 mΩ | IterTime =   2.83s
  Iter 08/15 | Best Z =  117.880 mΩ | IterTime =   2.84s
  Iter 09/15 | Best Z =  117.880 mΩ | IterTime =   2.84s
  Iter 10/15 | Best Z =  117.880 mΩ | IterTime =   2.84s
  Iter 11/15 | Best Z =  117.880 mΩ | IterTime =   2.83s
  Iter 12/15 | Best Z =  117.880 mΩ | IterTime =   2.84s
  Iter 13/15 | Best Z =  117.880 mΩ | IterTime =   2.84s
  Iter 14/15 | Best Z =  117.880 mΩ | IterTime =   2.83s
  Iter 15/15 | Best Z =  117.880 mΩ | IterTime =   2.81s
[Stage Complete] n_caps=1 | Best Z = 117.880 mΩ | Ports = [0] | Time = 42.52s

[Stage] n_caps = 2
  Iter 01/15 | Best Z =  118.036 mΩ | IterTime =   2.85s
  Iter 02/15 | Best Z =  118.036 mΩ | IterTime =   2.85s
  Iter 03/15 | Best Z =  118.036 mΩ | IterTime =   2.85s
  Iter 04/15 | Best Z =  118.036 mΩ | IterTime =   2.85s
  Iter 05/15 | Best Z =  118.036 mΩ | IterTime =   2.84s
  Iter 06/15 | Best Z =  118.036 mΩ | IterTime =   2.85s
  Iter 07/15 | Best Z =  118.036 mΩ | IterTime =   2.85s
  Iter 08/15 | Best Z =  118.036 mΩ | IterTime =   2.85s
  Iter 09/15 | Best Z =  118.036 mΩ | IterTime =   2.85s
  Iter 10/15 | Best Z =  118.036 mΩ | IterTime =   2.85s
  Iter 11/15 | Best Z =  118.036 mΩ | IterTime =   2.85s
  Iter 12/15 | Best Z =  118.036 mΩ | IterTime =   2.85s
  Iter 13/15 | Best Z =  118.036 mΩ | IterTime =   2.85s
  Iter 14/15 | Best Z =  118.036 mΩ | IterTime =   2.85s
  Iter 15/15 | Best Z =  118.036 mΩ | IterTime =   2.85s
[Stage Complete] n_caps=2 | Best Z = 118.036 mΩ | Ports = [7, 16] | Time = 42.74s

[Stage] n_caps = 3
  Iter 01/15 | Best Z =   77.421 mΩ | IterTime =   2.88s
  Iter 02/15 | Best Z =   77.421 mΩ | IterTime =   3.16s
  Iter 03/15 | Best Z =   77.421 mΩ | IterTime =   3.18s
  Iter 04/15 | Best Z =   77.421 mΩ | IterTime =   2.88s
  Iter 05/15 | Best Z =   77.421 mΩ | IterTime =   3.15s
  Iter 06/15 | Best Z =   77.421 mΩ | IterTime =   3.14s
  Iter 07/15 | Best Z =   77.421 mΩ | IterTime =   2.89s
  Iter 08/15 | Best Z =   77.421 mΩ | IterTime =   3.13s
  Iter 09/15 | Best Z =   77.421 mΩ | IterTime =   3.13s
  Iter 10/15 | Best Z =   77.421 mΩ | IterTime =   2.88s
  Iter 11/15 | Best Z =   77.421 mΩ | IterTime =   3.18s
  Iter 12/15 | Best Z =   77.421 mΩ | IterTime =   3.14s
  Iter 13/15 | Best Z =   77.421 mΩ | IterTime =   2.88s
  Iter 14/15 | Best Z =   77.421 mΩ | IterTime =   3.16s
  Iter 15/15 | Best Z =   77.421 mΩ | IterTime =   3.17s
[Stage Complete] n_caps=3 | Best Z = 77.421 mΩ | Ports = [16, 9, 0] | Time = 45.95s

[Stage] n_caps = 4
  Iter 01/15 | Best Z =   60.347 mΩ | IterTime =   3.16s
  Iter 02/15 | Best Z =   60.347 mΩ | IterTime =   2.92s
  Iter 03/15 | Best Z =   60.347 mΩ | IterTime =   3.17s
  Iter 04/15 | Best Z =   60.347 mΩ | IterTime =   2.92s
  Iter 05/15 | Best Z =   60.347 mΩ | IterTime =   3.21s
  Iter 06/15 | Best Z =   60.347 mΩ | IterTime =   2.91s
  Iter 07/15 | Best Z =   60.347 mΩ | IterTime =   3.17s
  Iter 08/15 | Best Z =   60.347 mΩ | IterTime =   2.91s
  Iter 09/15 | Best Z =   60.347 mΩ | IterTime =   3.19s
  Iter 10/15 | Best Z =   60.347 mΩ | IterTime =   2.92s
  Iter 11/15 | Best Z =   60.347 mΩ | IterTime =   3.20s
  Iter 12/15 | Best Z =   60.347 mΩ | IterTime =   2.92s
  Iter 13/15 | Best Z =   60.347 mΩ | IterTime =   3.20s
  Iter 14/15 | Best Z =   60.347 mΩ | IterTime =   2.92s
  Iter 15/15 | Best Z =   60.347 mΩ | IterTime =   3.19s
[Stage Complete] n_caps=4 | Best Z = 60.347 mΩ | Ports = [9, 0, 0, 5] | Time = 45.91s

[Stage] n_caps = 5
  Iter 01/15 | Best Z =   55.525 mΩ | IterTime =   3.22s
  Iter 02/15 | Best Z =   55.525 mΩ | IterTime =   3.22s
  Iter 03/15 | Best Z =   55.525 mΩ | IterTime =   3.22s
  Iter 04/15 | Best Z =   55.525 mΩ | IterTime =   3.23s
  Iter 05/15 | Best Z =   55.525 mΩ | IterTime =   3.19s
  Iter 06/15 | Best Z =   55.525 mΩ | IterTime =   3.24s
  Iter 07/15 | Best Z =   55.525 mΩ | IterTime =   3.21s
  Iter 08/15 | Best Z =   55.525 mΩ | IterTime =   3.22s
  Iter 09/15 | Best Z =   55.525 mΩ | IterTime =   3.22s
  Iter 10/15 | Best Z =   55.525 mΩ | IterTime =   3.24s
  Iter 11/15 | Best Z =   55.525 mΩ | IterTime =   3.20s
  Iter 12/15 | Best Z =   55.525 mΩ | IterTime =   3.21s
  Iter 13/15 | Best Z =   55.525 mΩ | IterTime =   3.19s
  Iter 14/15 | Best Z =   55.525 mΩ | IterTime =   3.19s
  Iter 15/15 | Best Z =   55.525 mΩ | IterTime =   3.21s
[Stage Complete] n_caps=5 | Best Z = 55.525 mΩ | Ports = [0, 0, 5, 0, 13] | Time = 48.22s
Threshold reached — stopping stage growth.

[Run Complete] Total Time = 225.34s
------------------------------------------------------------
numpy | Run 16 | n_caps=5 | Z=0.055525 | Time=225.54s

============================================================
RUN 17 | METHOD = NUMPY
============================================================

[Stage] n_caps = 1
  Iter 01/15 | Best Z =  142.313 mΩ | IterTime =   2.96s
  Iter 02/15 | Best Z =  142.313 mΩ | IterTime =   2.97s
  Iter 03/15 | Best Z =  142.313 mΩ | IterTime =   3.01s
  Iter 04/15 | Best Z =  142.313 mΩ | IterTime =   3.00s
  Iter 05/15 | Best Z =  142.313 mΩ | IterTime =   3.02s
  Iter 06/15 | Best Z =  142.313 mΩ | IterTime =   3.01s
  Iter 07/15 | Best Z =  142.313 mΩ | IterTime =   3.00s
  Iter 08/15 | Best Z =  142.313 mΩ | IterTime =   2.98s
  Iter 09/15 | Best Z =  142.313 mΩ | IterTime =   2.99s
  Iter 10/15 | Best Z =  142.313 mΩ | IterTime =   2.99s
  Iter 11/15 | Best Z =  142.313 mΩ | IterTime =   3.00s
  Iter 12/15 | Best Z =  142.313 mΩ | IterTime =   3.00s
  Iter 13/15 | Best Z =  142.313 mΩ | IterTime =   3.01s
  Iter 14/15 | Best Z =  142.313 mΩ | IterTime =   3.02s
  Iter 15/15 | Best Z =  142.313 mΩ | IterTime =   3.01s
[Stage Complete] n_caps=1 | Best Z = 142.313 mΩ | Ports = [14] | Time = 44.98s

[Stage] n_caps = 2
  Iter 01/15 | Best Z =   98.754 mΩ | IterTime =   3.12s
  Iter 02/15 | Best Z =   98.754 mΩ | IterTime =   3.03s
  Iter 03/15 | Best Z =   98.754 mΩ | IterTime =   3.11s
  Iter 04/15 | Best Z =   98.754 mΩ | IterTime =   3.01s
  Iter 05/15 | Best Z =   98.754 mΩ | IterTime =   3.13s
  Iter 06/15 | Best Z =   98.754 mΩ | IterTime =   3.04s
  Iter 07/15 | Best Z =   98.754 mΩ | IterTime =   3.12s
  Iter 08/15 | Best Z =   98.754 mΩ | IterTime =   3.00s
  Iter 09/15 | Best Z =   98.754 mΩ | IterTime =   3.12s
  Iter 10/15 | Best Z =   98.754 mΩ | IterTime =   3.00s
  Iter 11/15 | Best Z =   98.754 mΩ | IterTime =   3.14s
  Iter 12/15 | Best Z =   98.754 mΩ | IterTime =   3.01s
  Iter 13/15 | Best Z =   98.754 mΩ | IterTime =   3.11s
  Iter 14/15 | Best Z =   98.754 mΩ | IterTime =   2.99s
  Iter 15/15 | Best Z =   98.754 mΩ | IterTime =   3.13s
[Stage Complete] n_caps=2 | Best Z = 98.754 mΩ | Ports = [0, 15] | Time = 46.07s

[Stage] n_caps = 3
  Iter 01/15 | Best Z =   89.927 mΩ | IterTime =   3.12s
  Iter 02/15 | Best Z =   89.927 mΩ | IterTime =   3.18s
  Iter 03/15 | Best Z =   89.927 mΩ | IterTime =   3.15s
  Iter 04/15 | Best Z =   89.927 mΩ | IterTime =   3.14s
  Iter 05/15 | Best Z =   89.927 mΩ | IterTime =   3.03s
  Iter 06/15 | Best Z =   89.927 mΩ | IterTime =   3.13s
  Iter 07/15 | Best Z =   89.927 mΩ | IterTime =   3.04s
  Iter 08/15 | Best Z =   89.927 mΩ | IterTime =   3.10s
  Iter 09/15 | Best Z =   89.927 mΩ | IterTime =   3.05s
  Iter 10/15 | Best Z =   89.927 mΩ | IterTime =   3.09s
  Iter 11/15 | Best Z =   89.927 mΩ | IterTime =   3.07s
  Iter 12/15 | Best Z =   89.927 mΩ | IterTime =   3.13s
  Iter 13/15 | Best Z =   89.927 mΩ | IterTime =   3.05s
  Iter 14/15 | Best Z =   89.927 mΩ | IterTime =   3.11s
  Iter 15/15 | Best Z =   89.927 mΩ | IterTime =   3.04s
[Stage Complete] n_caps=3 | Best Z = 89.927 mΩ | Ports = [7, 13, 0] | Time = 46.43s

[Stage] n_caps = 4
  Iter 01/15 | Best Z =   78.365 mΩ | IterTime =   3.16s
  Iter 02/15 | Best Z =   78.365 mΩ | IterTime =   3.06s
  Iter 03/15 | Best Z =   78.365 mΩ | IterTime =   3.21s
  Iter 04/15 | Best Z =   78.365 mΩ | IterTime =   3.15s
  Iter 05/15 | Best Z =   78.365 mΩ | IterTime =   3.06s
  Iter 06/15 | Best Z =   78.365 mΩ | IterTime =   3.08s
  Iter 07/15 | Best Z =   78.365 mΩ | IterTime =   3.16s
  Iter 08/15 | Best Z =   78.365 mΩ | IterTime =   3.07s
  Iter 09/15 | Best Z =   78.365 mΩ | IterTime =   3.25s
  Iter 10/15 | Best Z =   78.365 mΩ | IterTime =   3.17s
  Iter 11/15 | Best Z =   78.365 mΩ | IterTime =   3.04s
  Iter 12/15 | Best Z =   78.365 mΩ | IterTime =   3.07s
  Iter 13/15 | Best Z =   78.365 mΩ | IterTime =   3.18s
  Iter 14/15 | Best Z =   78.365 mΩ | IterTime =   3.07s
  Iter 15/15 | Best Z =   78.365 mΩ | IterTime =   3.24s
[Stage Complete] n_caps=4 | Best Z = 78.365 mΩ | Ports = [16, 15, 0, 3] | Time = 46.97s

[Stage] n_caps = 5
  Iter 01/15 | Best Z =   63.956 mΩ | IterTime =   3.24s
  Iter 02/15 | Best Z =   63.956 mΩ | IterTime =   3.24s
  Iter 03/15 | Best Z =   63.956 mΩ | IterTime =   3.22s
  Iter 04/15 | Best Z =   63.956 mΩ | IterTime =   3.20s
  Iter 05/15 | Best Z =   63.956 mΩ | IterTime =   3.18s
  Iter 06/15 | Best Z =   63.956 mΩ | IterTime =   3.15s
  Iter 07/15 | Best Z =   63.956 mΩ | IterTime =   3.17s
  Iter 08/15 | Best Z =   63.956 mΩ | IterTime =   3.19s
  Iter 09/15 | Best Z =   63.956 mΩ | IterTime =   3.21s
  Iter 10/15 | Best Z =   63.956 mΩ | IterTime =   3.18s
  Iter 11/15 | Best Z =   63.956 mΩ | IterTime =   3.19s
  Iter 12/15 | Best Z =   63.956 mΩ | IterTime =   3.20s
  Iter 13/15 | Best Z =   63.956 mΩ | IterTime =   3.18s
  Iter 14/15 | Best Z =   63.956 mΩ | IterTime =   3.21s
  Iter 15/15 | Best Z =   63.956 mΩ | IterTime =   3.24s
[Stage Complete] n_caps=5 | Best Z = 63.956 mΩ | Ports = [15, 0, 3, 16, 10] | Time = 48.03s

[Stage] n_caps = 6
  Iter 01/15 | Best Z =   54.973 mΩ | IterTime =   3.26s
  Iter 02/15 | Best Z =   54.973 mΩ | IterTime =   3.24s
  Iter 03/15 | Best Z =   54.973 mΩ | IterTime =   3.20s
  Iter 04/15 | Best Z =   54.973 mΩ | IterTime =   3.15s
  Iter 05/15 | Best Z =   54.973 mΩ | IterTime =   3.23s
  Iter 06/15 | Best Z =   54.973 mΩ | IterTime =   3.12s
  Iter 07/15 | Best Z =   54.973 mΩ | IterTime =   3.20s
  Iter 08/15 | Best Z =   54.973 mΩ | IterTime =   3.24s
  Iter 09/15 | Best Z =   54.973 mΩ | IterTime =   3.15s
  Iter 10/15 | Best Z =   54.973 mΩ | IterTime =   3.25s
  Iter 11/15 | Best Z =   54.973 mΩ | IterTime =   3.21s
  Iter 12/15 | Best Z =   54.973 mΩ | IterTime =   3.12s
  Iter 13/15 | Best Z =   54.973 mΩ | IterTime =   3.22s
  Iter 14/15 | Best Z =   54.973 mΩ | IterTime =   3.24s
  Iter 15/15 | Best Z =   54.973 mΩ | IterTime =   3.15s
[Stage Complete] n_caps=6 | Best Z = 54.973 mΩ | Ports = [0, 3, 16, 10, 0, 5] | Time = 47.98s
Threshold reached — stopping stage growth.

[Run Complete] Total Time = 280.47s
------------------------------------------------------------
numpy | Run 17 | n_caps=6 | Z=0.054973 | Time=280.68s

============================================================
RUN 18 | METHOD = NUMPY
============================================================

[Stage] n_caps = 1
  Iter 01/15 | Best Z =  137.884 mΩ | IterTime =   2.74s
  Iter 02/15 | Best Z =  137.884 mΩ | IterTime =   2.74s
  Iter 03/15 | Best Z =  137.884 mΩ | IterTime =   2.74s
  Iter 04/15 | Best Z =  137.884 mΩ | IterTime =   2.73s
  Iter 05/15 | Best Z =  137.884 mΩ | IterTime =   2.74s
  Iter 06/15 | Best Z =  137.884 mΩ | IterTime =   2.74s
  Iter 07/15 | Best Z =  137.884 mΩ | IterTime =   2.72s
  Iter 08/15 | Best Z =  137.884 mΩ | IterTime =   2.74s
  Iter 09/15 | Best Z =  137.884 mΩ | IterTime =   2.74s
  Iter 10/15 | Best Z =  137.884 mΩ | IterTime =   2.74s
  Iter 11/15 | Best Z =  137.884 mΩ | IterTime =   2.74s
  Iter 12/15 | Best Z =  137.884 mΩ | IterTime =   2.73s
  Iter 13/15 | Best Z =  137.884 mΩ | IterTime =   2.74s
  Iter 14/15 | Best Z =  137.884 mΩ | IterTime =   2.73s
  Iter 15/15 | Best Z =  137.884 mΩ | IterTime =   2.74s
[Stage Complete] n_caps=1 | Best Z = 137.884 mΩ | Ports = [5] | Time = 41.07s

[Stage] n_caps = 2
  Iter 01/15 | Best Z =   76.616 mΩ | IterTime =   2.77s
  Iter 02/15 | Best Z =   76.616 mΩ | IterTime =   2.77s
  Iter 03/15 | Best Z =   76.616 mΩ | IterTime =   2.77s
  Iter 04/15 | Best Z =   76.616 mΩ | IterTime =   2.76s
  Iter 05/15 | Best Z =   76.616 mΩ | IterTime =   2.76s
  Iter 06/15 | Best Z =   76.616 mΩ | IterTime =   2.76s
  Iter 07/15 | Best Z =   76.616 mΩ | IterTime =   2.76s
  Iter 08/15 | Best Z =   76.616 mΩ | IterTime =   2.76s
  Iter 09/15 | Best Z =   76.616 mΩ | IterTime =   2.76s
  Iter 10/15 | Best Z =   76.616 mΩ | IterTime =   2.75s
  Iter 11/15 | Best Z =   76.616 mΩ | IterTime =   2.76s
  Iter 12/15 | Best Z =   76.616 mΩ | IterTime =   2.76s
  Iter 13/15 | Best Z =   76.616 mΩ | IterTime =   2.76s
  Iter 14/15 | Best Z =   76.616 mΩ | IterTime =   2.76s
  Iter 15/15 | Best Z =   76.616 mΩ | IterTime =   2.77s
[Stage Complete] n_caps=2 | Best Z = 76.616 mΩ | Ports = [0, 14] | Time = 41.42s

[Stage] n_caps = 3
  Iter 01/15 | Best Z =   68.169 mΩ | IterTime =   2.80s
  Iter 02/15 | Best Z =   68.169 mΩ | IterTime =   2.79s
  Iter 03/15 | Best Z =   68.169 mΩ | IterTime =   2.79s
  Iter 04/15 | Best Z =   68.169 mΩ | IterTime =   2.81s
  Iter 05/15 | Best Z =   68.169 mΩ | IterTime =   2.80s
  Iter 06/15 | Best Z =   68.169 mΩ | IterTime =   2.79s
  Iter 07/15 | Best Z =   68.169 mΩ | IterTime =   2.82s
  Iter 08/15 | Best Z =   68.169 mΩ | IterTime =   2.82s
  Iter 09/15 | Best Z =   68.169 mΩ | IterTime =   2.83s
  Iter 10/15 | Best Z =   68.169 mΩ | IterTime =   2.84s
  Iter 11/15 | Best Z =   68.169 mΩ | IterTime =   2.84s
  Iter 12/15 | Best Z =   68.169 mΩ | IterTime =   2.82s
  Iter 13/15 | Best Z =   68.169 mΩ | IterTime =   2.83s
  Iter 14/15 | Best Z =   68.169 mΩ | IterTime =   2.82s
  Iter 15/15 | Best Z =   68.169 mΩ | IterTime =   2.84s
[Stage Complete] n_caps=3 | Best Z = 68.169 mΩ | Ports = [14, 0, 7] | Time = 42.25s

[Stage] n_caps = 4
  Iter 01/15 | Best Z =   75.134 mΩ | IterTime =   2.87s
  Iter 02/15 | Best Z =   75.134 mΩ | IterTime =   2.85s
  Iter 03/15 | Best Z =   75.134 mΩ | IterTime =   2.85s
  Iter 04/15 | Best Z =   75.134 mΩ | IterTime =   3.22s
  Iter 05/15 | Best Z =   75.134 mΩ | IterTime =   2.83s
  Iter 06/15 | Best Z =   75.134 mΩ | IterTime =   3.24s
  Iter 07/15 | Best Z =   75.134 mΩ | IterTime =   2.83s
  Iter 08/15 | Best Z =   75.134 mΩ | IterTime =   3.24s
  Iter 09/15 | Best Z =   75.134 mΩ | IterTime =   2.83s
  Iter 10/15 | Best Z =   75.134 mΩ | IterTime =   3.22s
  Iter 11/15 | Best Z =   75.134 mΩ | IterTime =   2.83s
  Iter 12/15 | Best Z =   75.134 mΩ | IterTime =   3.23s
  Iter 13/15 | Best Z =   75.134 mΩ | IterTime =   2.83s
  Iter 14/15 | Best Z =   75.134 mΩ | IterTime =   3.24s
  Iter 15/15 | Best Z =   75.134 mΩ | IterTime =   2.83s
[Stage Complete] n_caps=4 | Best Z = 75.134 mΩ | Ports = [0, 7, 16, 0] | Time = 44.94s

[Stage] n_caps = 5
  Iter 01/15 | Best Z =   81.412 mΩ | IterTime =   2.88s
  Iter 02/15 | Best Z =   81.412 mΩ | IterTime =   2.88s
  Iter 03/15 | Best Z =   81.412 mΩ | IterTime =   2.88s
  Iter 04/15 | Best Z =   81.412 mΩ | IterTime =   2.89s
  Iter 05/15 | Best Z =   81.412 mΩ | IterTime =   2.87s
  Iter 06/15 | Best Z =   81.412 mΩ | IterTime =   2.88s
  Iter 07/15 | Best Z =   81.412 mΩ | IterTime =   2.87s
  Iter 08/15 | Best Z =   81.412 mΩ | IterTime =   2.89s
  Iter 09/15 | Best Z =   81.412 mΩ | IterTime =   2.86s
  Iter 10/15 | Best Z =   81.412 mΩ | IterTime =   2.88s
  Iter 11/15 | Best Z =   81.412 mΩ | IterTime =   2.87s
  Iter 12/15 | Best Z =   81.412 mΩ | IterTime =   2.88s
  Iter 13/15 | Best Z =   81.412 mΩ | IterTime =   2.88s
  Iter 14/15 | Best Z =   81.412 mΩ | IterTime =   2.89s
  Iter 15/15 | Best Z =   81.412 mΩ | IterTime =   2.87s
[Stage Complete] n_caps=5 | Best Z = 81.412 mΩ | Ports = [7, 9, 15, 9, 3] | Time = 43.18s

[Stage] n_caps = 6
  Iter 01/15 | Best Z =   62.338 mΩ | IterTime =   2.91s
  Iter 02/15 | Best Z =   62.338 mΩ | IterTime =   3.28s
  Iter 03/15 | Best Z =   62.338 mΩ | IterTime =   3.28s
  Iter 04/15 | Best Z =   62.338 mΩ | IterTime =   3.29s
  Iter 05/15 | Best Z =   62.338 mΩ | IterTime =   2.90s
  Iter 06/15 | Best Z =   62.338 mΩ | IterTime =   3.29s
  Iter 07/15 | Best Z =   62.338 mΩ | IterTime =   3.28s
  Iter 08/15 | Best Z =   62.338 mΩ | IterTime =   3.26s
  Iter 09/15 | Best Z =   62.338 mΩ | IterTime =   2.90s
  Iter 10/15 | Best Z =   62.338 mΩ | IterTime =   3.26s
  Iter 11/15 | Best Z =   62.338 mΩ | IterTime =   3.28s
  Iter 12/15 | Best Z =   62.338 mΩ | IterTime =   3.28s
  Iter 13/15 | Best Z =   62.338 mΩ | IterTime =   2.90s
  Iter 14/15 | Best Z =   62.338 mΩ | IterTime =   3.29s
  Iter 15/15 | Best Z =   62.338 mΩ | IterTime =   3.31s
[Stage Complete] n_caps=6 | Best Z = 62.338 mΩ | Ports = [9, 15, 9, 3, 7, 0] | Time = 47.72s

[Stage] n_caps = 7
  Iter 01/15 | Best Z =   60.656 mΩ | IterTime =   3.35s
  Iter 02/15 | Best Z =   60.656 mΩ | IterTime =   3.23s
  Iter 03/15 | Best Z =   60.656 mΩ | IterTime =   3.29s
  Iter 04/15 | Best Z =   60.656 mΩ | IterTime =   2.95s
  Iter 05/15 | Best Z =   60.656 mΩ | IterTime =   3.34s
  Iter 06/15 | Best Z =   60.656 mΩ | IterTime =   2.95s
  Iter 07/15 | Best Z =   60.656 mΩ | IterTime =   3.29s
  Iter 08/15 | Best Z =   60.656 mΩ | IterTime =   2.96s
  Iter 09/15 | Best Z =   60.656 mΩ | IterTime =   3.34s
  Iter 10/15 | Best Z =   60.656 mΩ | IterTime =   2.96s
  Iter 11/15 | Best Z =   60.656 mΩ | IterTime =   3.33s
  Iter 12/15 | Best Z =   60.656 mΩ | IterTime =   2.95s
  Iter 13/15 | Best Z =   60.656 mΩ | IterTime =   3.32s
  Iter 14/15 | Best Z =   60.656 mΩ | IterTime =   2.96s
  Iter 15/15 | Best Z =   60.656 mΩ | IterTime =   3.32s
[Stage Complete] n_caps=7 | Best Z = 60.656 mΩ | Ports = [15, 9, 3, 7, 0, 0, 12] | Time = 47.56s

[Stage] n_caps = 8
  Iter 01/15 | Best Z =   65.272 mΩ | IterTime =   3.30s
  Iter 02/15 | Best Z =   65.272 mΩ | IterTime =   3.04s
  Iter 03/15 | Best Z =   65.272 mΩ | IterTime =   3.22s
  Iter 04/15 | Best Z =   65.272 mΩ | IterTime =   3.28s
  Iter 05/15 | Best Z =   65.272 mΩ | IterTime =   3.35s
  Iter 06/15 | Best Z =   65.272 mΩ | IterTime =   3.19s
  Iter 07/15 | Best Z =   65.272 mΩ | IterTime =   3.24s
  Iter 08/15 | Best Z =   65.272 mΩ | IterTime =   3.36s
  Iter 09/15 | Best Z =   65.272 mΩ | IterTime =   3.17s
  Iter 10/15 | Best Z =   65.272 mΩ | IterTime =   3.21s
  Iter 11/15 | Best Z =   65.272 mΩ | IterTime =   3.33s
  Iter 12/15 | Best Z =   65.272 mΩ | IterTime =   3.19s
  Iter 13/15 | Best Z =   65.272 mΩ | IterTime =   3.26s
  Iter 14/15 | Best Z =   65.272 mΩ | IterTime =   3.39s
  Iter 15/15 | Best Z =   65.272 mΩ | IterTime =   3.20s
[Stage Complete] n_caps=8 | Best Z = 65.272 mΩ | Ports = [9, 3, 7, 0, 0, 12, 10, 6] | Time = 48.73s

[Stage] n_caps = 9
  Iter 01/15 | Best Z =   56.703 mΩ | IterTime =   3.37s
  Iter 02/15 | Best Z =   56.703 mΩ | IterTime =   3.07s
  Iter 03/15 | Best Z =   56.703 mΩ | IterTime =   3.37s
  Iter 04/15 | Best Z =   56.703 mΩ | IterTime =   3.08s
  Iter 05/15 | Best Z =   56.703 mΩ | IterTime =   3.33s
  Iter 06/15 | Best Z =   56.703 mΩ | IterTime =   3.06s
  Iter 07/15 | Best Z =   56.703 mΩ | IterTime =   3.34s
  Iter 08/15 | Best Z =   56.703 mΩ | IterTime =   3.08s
  Iter 09/15 | Best Z =   56.703 mΩ | IterTime =   3.35s
  Iter 10/15 | Best Z =   56.703 mΩ | IterTime =   3.08s
  Iter 11/15 | Best Z =   56.703 mΩ | IterTime =   3.35s
  Iter 12/15 | Best Z =   56.703 mΩ | IterTime =   3.09s
  Iter 13/15 | Best Z =   56.703 mΩ | IterTime =   3.35s
  Iter 14/15 | Best Z =   56.703 mΩ | IterTime =   3.07s
  Iter 15/15 | Best Z =   56.703 mΩ | IterTime =   3.35s
[Stage Complete] n_caps=9 | Best Z = 56.703 mΩ | Ports = [3, 7, 0, 0, 12, 10, 6, 14, 9] | Time = 48.32s
Threshold reached — stopping stage growth.

[Run Complete] Total Time = 405.20s
------------------------------------------------------------
numpy | Run 18 | n_caps=9 | Z=0.056703 | Time=405.44s

============================================================
RUN 19 | METHOD = NUMPY
============================================================

[Stage] n_caps = 1
  Iter 01/15 | Best Z =  127.288 mΩ | IterTime =   3.12s
  Iter 02/15 | Best Z =  127.288 mΩ | IterTime =   3.12s
  Iter 03/15 | Best Z =  127.288 mΩ | IterTime =   3.14s
  Iter 04/15 | Best Z =  127.288 mΩ | IterTime =   3.14s
  Iter 05/15 | Best Z =  127.288 mΩ | IterTime =   3.17s
  Iter 06/15 | Best Z =  127.288 mΩ | IterTime =   3.14s
  Iter 07/15 | Best Z =  127.288 mΩ | IterTime =   3.14s
  Iter 08/15 | Best Z =  127.288 mΩ | IterTime =   3.15s
  Iter 09/15 | Best Z =  127.288 mΩ | IterTime =   3.13s
  Iter 10/15 | Best Z =  127.288 mΩ | IterTime =   3.16s
  Iter 11/15 | Best Z =  127.288 mΩ | IterTime =   3.16s
  Iter 12/15 | Best Z =  127.288 mΩ | IterTime =   3.15s
  Iter 13/15 | Best Z =  127.288 mΩ | IterTime =   3.13s
  Iter 14/15 | Best Z =  127.288 mΩ | IterTime =   3.13s
  Iter 15/15 | Best Z =  127.288 mΩ | IterTime =   3.13s
[Stage Complete] n_caps=1 | Best Z = 127.288 mΩ | Ports = [0] | Time = 47.10s

[Stage] n_caps = 2
  Iter 01/15 | Best Z =  111.872 mΩ | IterTime =   3.15s
  Iter 02/15 | Best Z =  111.872 mΩ | IterTime =   2.75s
  Iter 03/15 | Best Z =  111.872 mΩ | IterTime =   2.76s
  Iter 04/15 | Best Z =  111.872 mΩ | IterTime =   3.16s
  Iter 05/15 | Best Z =  111.872 mΩ | IterTime =   2.75s
  Iter 06/15 | Best Z =  111.872 mΩ | IterTime =   2.75s
  Iter 07/15 | Best Z =  111.872 mΩ | IterTime =   3.14s
  Iter 08/15 | Best Z =  111.872 mΩ | IterTime =   2.75s
  Iter 09/15 | Best Z =  111.872 mΩ | IterTime =   2.76s
  Iter 10/15 | Best Z =  111.872 mΩ | IterTime =   3.17s
  Iter 11/15 | Best Z =  111.872 mΩ | IterTime =   2.76s
  Iter 12/15 | Best Z =  111.872 mΩ | IterTime =   2.75s
  Iter 13/15 | Best Z =  111.872 mΩ | IterTime =   3.20s
  Iter 14/15 | Best Z =  111.872 mΩ | IterTime =   2.76s
  Iter 15/15 | Best Z =  111.872 mΩ | IterTime =   2.75s
[Stage Complete] n_caps=2 | Best Z = 111.872 mΩ | Ports = [9, 10] | Time = 43.34s

[Stage] n_caps = 3
  Iter 01/15 | Best Z =   86.654 mΩ | IterTime =   2.79s
  Iter 02/15 | Best Z =   86.654 mΩ | IterTime =   2.79s
  Iter 03/15 | Best Z =   86.654 mΩ | IterTime =   2.79s
  Iter 04/15 | Best Z =   86.654 mΩ | IterTime =   2.79s
  Iter 05/15 | Best Z =   86.654 mΩ | IterTime =   2.79s
  Iter 06/15 | Best Z =   86.654 mΩ | IterTime =   2.77s
  Iter 07/15 | Best Z =   86.654 mΩ | IterTime =   2.79s
  Iter 08/15 | Best Z =   86.654 mΩ | IterTime =   2.78s
  Iter 09/15 | Best Z =   86.654 mΩ | IterTime =   2.79s
  Iter 10/15 | Best Z =   86.654 mΩ | IterTime =   2.78s
  Iter 11/15 | Best Z =   86.654 mΩ | IterTime =   2.79s
  Iter 12/15 | Best Z =   86.654 mΩ | IterTime =   2.79s
  Iter 13/15 | Best Z =   86.654 mΩ | IterTime =   2.79s
  Iter 14/15 | Best Z =   86.654 mΩ | IterTime =   2.78s
  Iter 15/15 | Best Z =   86.654 mΩ | IterTime =   2.79s
[Stage Complete] n_caps=3 | Best Z = 86.654 mΩ | Ports = [10, 7, 0] | Time = 41.81s

[Stage] n_caps = 4
  Iter 01/15 | Best Z =   61.988 mΩ | IterTime =   2.82s
  Iter 02/15 | Best Z =   61.988 mΩ | IterTime =   3.09s
  Iter 03/15 | Best Z =   61.988 mΩ | IterTime =   2.82s
  Iter 04/15 | Best Z =   61.988 mΩ | IterTime =   2.83s
  Iter 05/15 | Best Z =   61.988 mΩ | IterTime =   3.07s
  Iter 06/15 | Best Z =   61.988 mΩ | IterTime =   2.82s
  Iter 07/15 | Best Z =   61.988 mΩ | IterTime =   2.82s
  Iter 08/15 | Best Z =   61.988 mΩ | IterTime =   3.07s
  Iter 09/15 | Best Z =   61.988 mΩ | IterTime =   2.82s
  Iter 10/15 | Best Z =   61.988 mΩ | IterTime =   2.82s
  Iter 11/15 | Best Z =   61.988 mΩ | IterTime =   3.08s
  Iter 12/15 | Best Z =   61.988 mΩ | IterTime =   2.82s
  Iter 13/15 | Best Z =   61.988 mΩ | IterTime =   2.82s
  Iter 14/15 | Best Z =   61.988 mΩ | IterTime =   3.09s
  Iter 15/15 | Best Z =   61.988 mΩ | IterTime =   2.83s
[Stage Complete] n_caps=4 | Best Z = 61.988 mΩ | Ports = [7, 0, 5, 0] | Time = 43.62s

[Stage] n_caps = 5
  Iter 01/15 | Best Z =   55.379 mΩ | IterTime =   2.87s
  Iter 02/15 | Best Z =   55.379 mΩ | IterTime =   2.87s
  Iter 03/15 | Best Z =   55.379 mΩ | IterTime =   3.10s
  Iter 04/15 | Best Z =   55.379 mΩ | IterTime =   2.87s
  Iter 05/15 | Best Z =   55.379 mΩ | IterTime =   3.14s
  Iter 06/15 | Best Z =   55.379 mΩ | IterTime =   2.86s
  Iter 07/15 | Best Z =   55.379 mΩ | IterTime =   3.13s
  Iter 08/15 | Best Z =   55.379 mΩ | IterTime =   2.86s
  Iter 09/15 | Best Z =   55.379 mΩ | IterTime =   3.11s
  Iter 10/15 | Best Z =   55.379 mΩ | IterTime =   2.86s
  Iter 11/15 | Best Z =   55.379 mΩ | IterTime =   3.09s
  Iter 12/15 | Best Z =   55.379 mΩ | IterTime =   2.86s
  Iter 13/15 | Best Z =   55.379 mΩ | IterTime =   3.10s
  Iter 14/15 | Best Z =   55.379 mΩ | IterTime =   2.86s
  Iter 15/15 | Best Z =   55.379 mΩ | IterTime =   3.11s
[Stage Complete] n_caps=5 | Best Z = 55.379 mΩ | Ports = [0, 5, 0, 9, 14] | Time = 44.70s
Threshold reached — stopping stage growth.

[Run Complete] Total Time = 220.58s
------------------------------------------------------------
numpy | Run 19 | n_caps=5 | Z=0.055379 | Time=220.84s

============================================================
RUN 20 | METHOD = NUMPY
============================================================

[Stage] n_caps = 1
  Iter 01/15 | Best Z =  119.632 mΩ | IterTime =   2.80s
  Iter 02/15 | Best Z =  119.632 mΩ | IterTime =   2.80s
  Iter 03/15 | Best Z =  119.632 mΩ | IterTime =   2.80s
  Iter 04/15 | Best Z =  119.632 mΩ | IterTime =   2.79s
  Iter 05/15 | Best Z =  119.632 mΩ | IterTime =   2.79s
  Iter 06/15 | Best Z =  119.632 mΩ | IterTime =   2.83s
  Iter 07/15 | Best Z =  119.632 mΩ | IterTime =   2.82s
  Iter 08/15 | Best Z =  119.632 mΩ | IterTime =   2.97s
  Iter 09/15 | Best Z =  119.632 mΩ | IterTime =   2.86s
  Iter 10/15 | Best Z =  119.632 mΩ | IterTime =   2.79s
  Iter 11/15 | Best Z =  119.632 mΩ | IterTime =   2.80s
  Iter 12/15 | Best Z =  119.632 mΩ | IterTime =   2.80s
  Iter 13/15 | Best Z =  119.632 mΩ | IterTime =   2.82s
  Iter 14/15 | Best Z =  119.632 mΩ | IterTime =   2.81s
  Iter 15/15 | Best Z =  119.632 mΩ | IterTime =   2.80s
[Stage Complete] n_caps=1 | Best Z = 119.632 mΩ | Ports = [15] | Time = 42.27s

[Stage] n_caps = 2
  Iter 01/15 | Best Z =   86.229 mΩ | IterTime =   2.84s
  Iter 02/15 | Best Z =   86.229 mΩ | IterTime =   2.83s
  Iter 03/15 | Best Z =   86.229 mΩ | IterTime =   2.83s
  Iter 04/15 | Best Z =   86.229 mΩ | IterTime =   2.83s
  Iter 05/15 | Best Z =   86.229 mΩ | IterTime =   2.82s
  Iter 06/15 | Best Z =   86.229 mΩ | IterTime =   2.83s
  Iter 07/15 | Best Z =   86.229 mΩ | IterTime =   2.82s
  Iter 08/15 | Best Z =   86.229 mΩ | IterTime =   2.82s
  Iter 09/15 | Best Z =   86.229 mΩ | IterTime =   2.82s
  Iter 10/15 | Best Z =   86.229 mΩ | IterTime =   2.82s
  Iter 11/15 | Best Z =   86.229 mΩ | IterTime =   2.82s
  Iter 12/15 | Best Z =   86.229 mΩ | IterTime =   2.85s
  Iter 13/15 | Best Z =   86.229 mΩ | IterTime =   2.83s
  Iter 14/15 | Best Z =   86.229 mΩ | IterTime =   2.83s
  Iter 15/15 | Best Z =   86.229 mΩ | IterTime =   2.82s
[Stage Complete] n_caps=2 | Best Z = 86.229 mΩ | Ports = [0, 15] | Time = 42.39s

[Stage] n_caps = 3
  Iter 01/15 | Best Z =   91.390 mΩ | IterTime =   2.85s
  Iter 02/15 | Best Z =   91.390 mΩ | IterTime =   2.86s
  Iter 03/15 | Best Z =   91.390 mΩ | IterTime =   2.85s
  Iter 04/15 | Best Z =   91.390 mΩ | IterTime =   2.86s
  Iter 05/15 | Best Z =   91.390 mΩ | IterTime =   2.86s
  Iter 06/15 | Best Z =   91.390 mΩ | IterTime =   2.86s
  Iter 07/15 | Best Z =   91.390 mΩ | IterTime =   2.86s
  Iter 08/15 | Best Z =   91.390 mΩ | IterTime =   2.86s
  Iter 09/15 | Best Z =   91.390 mΩ | IterTime =   2.87s
  Iter 10/15 | Best Z =   91.390 mΩ | IterTime =   2.87s
  Iter 11/15 | Best Z =   91.390 mΩ | IterTime =   2.86s
  Iter 12/15 | Best Z =   91.390 mΩ | IterTime =   2.87s
  Iter 13/15 | Best Z =   91.390 mΩ | IterTime =   2.86s
  Iter 14/15 | Best Z =   91.390 mΩ | IterTime =   2.86s
  Iter 15/15 | Best Z =   91.390 mΩ | IterTime =   2.85s
[Stage Complete] n_caps=3 | Best Z = 91.390 mΩ | Ports = [0, 9, 17] | Time = 42.90s

[Stage] n_caps = 4
  Iter 01/15 | Best Z =   95.151 mΩ | IterTime =   2.91s
  Iter 02/15 | Best Z =   95.151 mΩ | IterTime =   2.89s
  Iter 03/15 | Best Z =   95.151 mΩ | IterTime =   2.90s
  Iter 04/15 | Best Z =   95.151 mΩ | IterTime =   2.89s
  Iter 05/15 | Best Z =   95.151 mΩ | IterTime =   2.90s
  Iter 06/15 | Best Z =   95.151 mΩ | IterTime =   2.89s
  Iter 07/15 | Best Z =   95.151 mΩ | IterTime =   2.89s
  Iter 08/15 | Best Z =   95.151 mΩ | IterTime =   2.89s
  Iter 09/15 | Best Z =   95.151 mΩ | IterTime =   2.89s
  Iter 10/15 | Best Z =   95.151 mΩ | IterTime =   2.89s
  Iter 11/15 | Best Z =   95.151 mΩ | IterTime =   2.90s
  Iter 12/15 | Best Z =   95.151 mΩ | IterTime =   2.89s
  Iter 13/15 | Best Z =   95.151 mΩ | IterTime =   2.89s
  Iter 14/15 | Best Z =   95.151 mΩ | IterTime =   2.90s
  Iter 15/15 | Best Z =   95.151 mΩ | IterTime =   2.89s
[Stage Complete] n_caps=4 | Best Z = 95.151 mΩ | Ports = [12, 3, 14, 0] | Time = 43.42s

[Stage] n_caps = 5
  Iter 01/15 | Best Z =   63.540 mΩ | IterTime =   2.94s
  Iter 02/15 | Best Z =   63.540 mΩ | IterTime =   2.96s
  Iter 03/15 | Best Z =   63.540 mΩ | IterTime =   2.94s
  Iter 04/15 | Best Z =   63.540 mΩ | IterTime =   2.93s
  Iter 05/15 | Best Z =   63.540 mΩ | IterTime =   2.93s
  Iter 06/15 | Best Z =   63.540 mΩ | IterTime =   2.93s
  Iter 07/15 | Best Z =   63.540 mΩ | IterTime =   2.93s
  Iter 08/15 | Best Z =   63.540 mΩ | IterTime =   2.93s
  Iter 09/15 | Best Z =   63.540 mΩ | IterTime =   2.92s
  Iter 10/15 | Best Z =   63.540 mΩ | IterTime =   2.92s
  Iter 11/15 | Best Z =   63.540 mΩ | IterTime =   2.93s
  Iter 12/15 | Best Z =   63.540 mΩ | IterTime =   2.93s
  Iter 13/15 | Best Z =   63.540 mΩ | IterTime =   2.92s
  Iter 14/15 | Best Z =   63.540 mΩ | IterTime =   2.93s
  Iter 15/15 | Best Z =   63.540 mΩ | IterTime =   2.93s
[Stage Complete] n_caps=5 | Best Z = 63.540 mΩ | Ports = [3, 14, 0, 15, 0] | Time = 44.00s

[Stage] n_caps = 6
  Iter 01/15 | Best Z =   49.345 mΩ | IterTime =   2.97s
  Iter 02/15 | Best Z =   49.345 mΩ | IterTime =   2.97s
  Iter 03/15 | Best Z =   49.345 mΩ | IterTime =   2.97s
  Iter 04/15 | Best Z =   49.345 mΩ | IterTime =   3.00s
  Iter 05/15 | Best Z =   49.345 mΩ | IterTime =   2.66s
  Iter 06/15 | Best Z =   49.345 mΩ | IterTime =   2.56s
  Iter 07/15 | Best Z =   49.345 mΩ | IterTime =   2.57s
  Iter 08/15 | Best Z =   49.345 mΩ | IterTime =   2.56s
  Iter 09/15 | Best Z =   49.345 mΩ | IterTime =   2.56s
  Iter 10/15 | Best Z =   49.345 mΩ | IterTime =   2.56s
  Iter 11/15 | Best Z =   49.345 mΩ | IterTime =   2.56s
  Iter 12/15 | Best Z =   49.345 mΩ | IterTime =   2.56s
  Iter 13/15 | Best Z =   49.345 mΩ | IterTime =   2.56s
  Iter 14/15 | Best Z =   49.345 mΩ | IterTime =   2.55s
  Iter 15/15 | Best Z =   49.345 mΩ | IterTime =   2.56s
[Stage Complete] n_caps=6 | Best Z = 49.345 mΩ | Ports = [14, 0, 15, 0, 0, 3] | Time = 40.19s
Threshold reached — stopping stage growth.

[Run Complete] Total Time = 255.17s
------------------------------------------------------------
numpy | Run 20 | n_caps=6 | Z=0.049345 | Time=255.38s

===== METHOD: solve =====

============================================================
RUN 01 | METHOD = SOLVE
============================================================

[Stage] n_caps = 1
  Iter 01/15 | Best Z =  115.153 mΩ | IterTime =   1.16s
  Iter 02/15 | Best Z =  115.153 mΩ | IterTime =   1.13s
  Iter 03/15 | Best Z =  115.153 mΩ | IterTime =   1.14s
  Iter 04/15 | Best Z =  115.153 mΩ | IterTime =   1.13s
  Iter 05/15 | Best Z =  115.153 mΩ | IterTime =   1.13s
  Iter 06/15 | Best Z =  115.153 mΩ | IterTime =   1.13s
  Iter 07/15 | Best Z =  115.153 mΩ | IterTime =   1.13s
  Iter 08/15 | Best Z =  115.153 mΩ | IterTime =   1.14s
  Iter 09/15 | Best Z =  115.153 mΩ | IterTime =   1.13s
  Iter 10/15 | Best Z =  115.153 mΩ | IterTime =   1.13s
  Iter 11/15 | Best Z =  115.153 mΩ | IterTime =   1.13s
  Iter 12/15 | Best Z =  115.153 mΩ | IterTime =   1.13s
  Iter 13/15 | Best Z =  115.153 mΩ | IterTime =   1.13s
  Iter 14/15 | Best Z =  115.153 mΩ | IterTime =   1.13s
  Iter 15/15 | Best Z =  115.153 mΩ | IterTime =   1.13s
[Stage Complete] n_caps=1 | Best Z = 115.153 mΩ | Ports = [6] | Time = 17.00s

[Stage] n_caps = 2
  Iter 01/15 | Best Z =   78.677 mΩ | IterTime =   1.17s
  Iter 02/15 | Best Z =   78.677 mΩ | IterTime =   1.17s
  Iter 03/15 | Best Z =   78.677 mΩ | IterTime =   1.17s
  Iter 04/15 | Best Z =   78.677 mΩ | IterTime =   1.17s
  Iter 05/15 | Best Z =   78.677 mΩ | IterTime =   1.17s
  Iter 06/15 | Best Z =   78.677 mΩ | IterTime =   1.16s
  Iter 07/15 | Best Z =   78.677 mΩ | IterTime =   1.16s
  Iter 08/15 | Best Z =   78.677 mΩ | IterTime =   1.16s
  Iter 09/15 | Best Z =   78.677 mΩ | IterTime =   1.17s
  Iter 10/15 | Best Z =   78.677 mΩ | IterTime =   1.17s
  Iter 11/15 | Best Z =   78.677 mΩ | IterTime =   1.17s
  Iter 12/15 | Best Z =   78.677 mΩ | IterTime =   1.17s
  Iter 13/15 | Best Z =   78.677 mΩ | IterTime =   1.17s
  Iter 14/15 | Best Z =   78.677 mΩ | IterTime =   1.17s
  Iter 15/15 | Best Z =   78.677 mΩ | IterTime =   1.17s
[Stage Complete] n_caps=2 | Best Z = 78.677 mΩ | Ports = [0, 0] | Time = 17.52s

[Stage] n_caps = 3
  Iter 01/15 | Best Z =   67.791 mΩ | IterTime =   1.20s
  Iter 02/15 | Best Z =   67.791 mΩ | IterTime =   1.21s
  Iter 03/15 | Best Z =   67.791 mΩ | IterTime =   1.20s
  Iter 04/15 | Best Z =   67.791 mΩ | IterTime =   1.20s
  Iter 05/15 | Best Z =   67.791 mΩ | IterTime =   1.20s
  Iter 06/15 | Best Z =   67.791 mΩ | IterTime =   1.20s
  Iter 07/15 | Best Z =   67.791 mΩ | IterTime =   1.20s
  Iter 08/15 | Best Z =   67.791 mΩ | IterTime =   1.20s
  Iter 09/15 | Best Z =   67.791 mΩ | IterTime =   1.20s
  Iter 10/15 | Best Z =   67.791 mΩ | IterTime =   1.19s
  Iter 11/15 | Best Z =   67.791 mΩ | IterTime =   1.20s
  Iter 12/15 | Best Z =   67.791 mΩ | IterTime =   1.19s
  Iter 13/15 | Best Z =   67.791 mΩ | IterTime =   1.20s
  Iter 14/15 | Best Z =   67.791 mΩ | IterTime =   1.20s
  Iter 15/15 | Best Z =   67.791 mΩ | IterTime =   1.20s
[Stage Complete] n_caps=3 | Best Z = 67.791 mΩ | Ports = [9, 0, 0] | Time = 17.96s

[Stage] n_caps = 4
  Iter 01/15 | Best Z =   61.107 mΩ | IterTime =   1.23s
  Iter 02/15 | Best Z =   61.107 mΩ | IterTime =   1.23s
  Iter 03/15 | Best Z =   61.107 mΩ | IterTime =   1.23s
  Iter 04/15 | Best Z =   61.107 mΩ | IterTime =   1.23s
  Iter 05/15 | Best Z =   61.107 mΩ | IterTime =   1.23s
  Iter 06/15 | Best Z =   61.107 mΩ | IterTime =   1.22s
  Iter 07/15 | Best Z =   61.107 mΩ | IterTime =   1.22s
  Iter 08/15 | Best Z =   61.107 mΩ | IterTime =   1.23s
  Iter 09/15 | Best Z =   61.107 mΩ | IterTime =   1.23s
  Iter 10/15 | Best Z =   61.107 mΩ | IterTime =   1.23s
  Iter 11/15 | Best Z =   61.107 mΩ | IterTime =   1.23s
  Iter 12/15 | Best Z =   61.107 mΩ | IterTime =   1.22s
  Iter 13/15 | Best Z =   61.107 mΩ | IterTime =   1.23s
  Iter 14/15 | Best Z =   61.107 mΩ | IterTime =   1.23s
  Iter 15/15 | Best Z =   61.107 mΩ | IterTime =   1.23s
[Stage Complete] n_caps=4 | Best Z = 61.107 mΩ | Ports = [0, 0, 0, 14] | Time = 18.41s

[Stage] n_caps = 5
  Iter 01/15 | Best Z =   60.245 mΩ | IterTime =   1.26s
  Iter 02/15 | Best Z =   60.245 mΩ | IterTime =   1.26s
  Iter 03/15 | Best Z =   60.245 mΩ | IterTime =   1.26s
  Iter 04/15 | Best Z =   60.245 mΩ | IterTime =   1.26s
  Iter 05/15 | Best Z =   60.245 mΩ | IterTime =   1.25s
  Iter 06/15 | Best Z =   60.245 mΩ | IterTime =   1.25s
  Iter 07/15 | Best Z =   60.245 mΩ | IterTime =   1.25s
  Iter 08/15 | Best Z =   60.245 mΩ | IterTime =   1.25s
  Iter 09/15 | Best Z =   60.245 mΩ | IterTime =   1.25s
  Iter 10/15 | Best Z =   60.245 mΩ | IterTime =   1.25s
  Iter 11/15 | Best Z =   60.245 mΩ | IterTime =   1.25s
  Iter 12/15 | Best Z =   60.245 mΩ | IterTime =   1.25s
  Iter 13/15 | Best Z =   60.245 mΩ | IterTime =   1.25s
  Iter 14/15 | Best Z =   60.245 mΩ | IterTime =   1.26s
  Iter 15/15 | Best Z =   60.245 mΩ | IterTime =   1.25s
[Stage Complete] n_caps=5 | Best Z = 60.245 mΩ | Ports = [0, 0, 14, 0, 0] | Time = 18.81s

[Stage] n_caps = 6
  Iter 01/15 | Best Z =   53.773 mΩ | IterTime =   1.29s
  Iter 02/15 | Best Z =   53.773 mΩ | IterTime =   1.28s
  Iter 03/15 | Best Z =   53.773 mΩ | IterTime =   1.28s
  Iter 04/15 | Best Z =   53.773 mΩ | IterTime =   1.28s
  Iter 05/15 | Best Z =   53.773 mΩ | IterTime =   1.28s
  Iter 06/15 | Best Z =   53.773 mΩ | IterTime =   1.28s
  Iter 07/15 | Best Z =   53.773 mΩ | IterTime =   1.28s
  Iter 08/15 | Best Z =   53.773 mΩ | IterTime =   1.28s
  Iter 09/15 | Best Z =   53.773 mΩ | IterTime =   1.28s
  Iter 10/15 | Best Z =   53.773 mΩ | IterTime =   1.28s
  Iter 11/15 | Best Z =   53.773 mΩ | IterTime =   1.28s
  Iter 12/15 | Best Z =   53.773 mΩ | IterTime =   1.28s
  Iter 13/15 | Best Z =   53.773 mΩ | IterTime =   1.27s
  Iter 14/15 | Best Z =   53.773 mΩ | IterTime =   1.28s
  Iter 15/15 | Best Z =   53.773 mΩ | IterTime =   1.28s
[Stage Complete] n_caps=6 | Best Z = 53.773 mΩ | Ports = [0, 14, 0, 0, 9, 9] | Time = 19.21s
Threshold reached — stopping stage growth.

[Run Complete] Total Time = 108.92s
------------------------------------------------------------
solve | Run 01 | n_caps=6 | Z=0.053773 | Time=109.10s

============================================================
RUN 02 | METHOD = SOLVE
============================================================

[Stage] n_caps = 1
  Iter 01/15 | Best Z =  109.321 mΩ | IterTime =   1.14s
  Iter 02/15 | Best Z =  109.321 mΩ | IterTime =   1.13s
  Iter 03/15 | Best Z =  109.321 mΩ | IterTime =   1.14s
  Iter 04/15 | Best Z =  109.321 mΩ | IterTime =   1.14s
  Iter 05/15 | Best Z =  109.321 mΩ | IterTime =   1.67s
  Iter 06/15 | Best Z =  109.321 mΩ | IterTime =   1.50s
  Iter 07/15 | Best Z =  109.321 mΩ | IterTime =   1.48s
  Iter 08/15 | Best Z =  109.321 mΩ | IterTime =   1.48s
  Iter 09/15 | Best Z =  109.321 mΩ | IterTime =   1.48s
  Iter 10/15 | Best Z =  109.321 mΩ | IterTime =   1.47s
  Iter 11/15 | Best Z =  109.321 mΩ | IterTime =   1.47s
  Iter 12/15 | Best Z =  109.321 mΩ | IterTime =   1.47s
  Iter 13/15 | Best Z =  109.321 mΩ | IterTime =   1.48s
  Iter 14/15 | Best Z =  109.321 mΩ | IterTime =   1.47s
  Iter 15/15 | Best Z =  109.321 mΩ | IterTime =   1.47s
[Stage Complete] n_caps=1 | Best Z = 109.321 mΩ | Ports = [0] | Time = 20.99s

[Stage] n_caps = 2
  Iter 01/15 | Best Z =  104.800 mΩ | IterTime =   1.50s
  Iter 02/15 | Best Z =  104.800 mΩ | IterTime =   1.49s
  Iter 03/15 | Best Z =  104.800 mΩ | IterTime =   1.50s
  Iter 04/15 | Best Z =  104.800 mΩ | IterTime =   1.49s
  Iter 05/15 | Best Z =  104.800 mΩ | IterTime =   1.50s
  Iter 06/15 | Best Z =  104.800 mΩ | IterTime =   1.50s
  Iter 07/15 | Best Z =  104.800 mΩ | IterTime =   1.50s
  Iter 08/15 | Best Z =  104.800 mΩ | IterTime =   1.50s
  Iter 09/15 | Best Z =  104.800 mΩ | IterTime =   1.50s
  Iter 10/15 | Best Z =  104.800 mΩ | IterTime =   1.50s
  Iter 11/15 | Best Z =  104.800 mΩ | IterTime =   1.50s
  Iter 12/15 | Best Z =  104.800 mΩ | IterTime =   1.49s
  Iter 13/15 | Best Z =  104.800 mΩ | IterTime =   1.49s
  Iter 14/15 | Best Z =  104.800 mΩ | IterTime =   1.49s
  Iter 15/15 | Best Z =  104.800 mΩ | IterTime =   1.50s
[Stage Complete] n_caps=2 | Best Z = 104.800 mΩ | Ports = [0, 6] | Time = 22.44s

[Stage] n_caps = 3
  Iter 01/15 | Best Z =   99.704 mΩ | IterTime =   1.54s
  Iter 02/15 | Best Z =   99.704 mΩ | IterTime =   1.53s
  Iter 03/15 | Best Z =   99.704 mΩ | IterTime =   1.53s
  Iter 04/15 | Best Z =   99.704 mΩ | IterTime =   1.53s
  Iter 05/15 | Best Z =   99.704 mΩ | IterTime =   1.53s
  Iter 06/15 | Best Z =   99.704 mΩ | IterTime =   1.53s
  Iter 07/15 | Best Z =   99.704 mΩ | IterTime =   1.53s
  Iter 08/15 | Best Z =   99.704 mΩ | IterTime =   1.54s
  Iter 09/15 | Best Z =   99.704 mΩ | IterTime =   1.53s
  Iter 10/15 | Best Z =   99.704 mΩ | IterTime =   1.53s
  Iter 11/15 | Best Z =   99.704 mΩ | IterTime =   1.58s
  Iter 12/15 | Best Z =   99.704 mΩ | IterTime =   1.51s
  Iter 13/15 | Best Z =   99.704 mΩ | IterTime =   1.30s
  Iter 14/15 | Best Z =   99.704 mΩ | IterTime =   1.20s
  Iter 15/15 | Best Z =   99.704 mΩ | IterTime =   1.20s
[Stage Complete] n_caps=3 | Best Z = 99.704 mΩ | Ports = [1, 16, 0] | Time = 22.11s

[Stage] n_caps = 4
  Iter 01/15 | Best Z =   74.192 mΩ | IterTime =   1.23s
  Iter 02/15 | Best Z =   74.192 mΩ | IterTime =   1.23s
  Iter 03/15 | Best Z =   74.192 mΩ | IterTime =   1.23s
  Iter 04/15 | Best Z =   74.192 mΩ | IterTime =   1.23s
  Iter 05/15 | Best Z =   74.192 mΩ | IterTime =   1.23s
  Iter 06/15 | Best Z =   74.192 mΩ | IterTime =   1.22s
  Iter 07/15 | Best Z =   74.192 mΩ | IterTime =   1.23s
  Iter 08/15 | Best Z =   74.192 mΩ | IterTime =   1.23s
  Iter 09/15 | Best Z =   74.192 mΩ | IterTime =   1.23s
  Iter 10/15 | Best Z =   74.192 mΩ | IterTime =   1.23s
  Iter 11/15 | Best Z =   74.192 mΩ | IterTime =   1.80s
  Iter 12/15 | Best Z =   74.192 mΩ | IterTime =   1.38s
  Iter 13/15 | Best Z =   74.192 mΩ | IterTime =   1.69s
  Iter 14/15 | Best Z =   74.192 mΩ | IterTime =   1.56s
  Iter 15/15 | Best Z =   74.192 mΩ | IterTime =   1.56s
[Stage Complete] n_caps=4 | Best Z = 74.192 mΩ | Ports = [16, 0, 0, 8] | Time = 20.28s

[Stage] n_caps = 5
  Iter 01/15 | Best Z =   74.867 mΩ | IterTime =   1.59s
  Iter 02/15 | Best Z =   74.867 mΩ | IterTime =   1.59s
  Iter 03/15 | Best Z =   74.867 mΩ | IterTime =   1.58s
  Iter 04/15 | Best Z =   74.867 mΩ | IterTime =   1.58s
  Iter 05/15 | Best Z =   74.867 mΩ | IterTime =   1.59s
  Iter 06/15 | Best Z =   74.867 mΩ | IterTime =   1.59s
  Iter 07/15 | Best Z =   74.867 mΩ | IterTime =   1.59s
  Iter 08/15 | Best Z =   74.867 mΩ | IterTime =   1.58s
  Iter 09/15 | Best Z =   74.867 mΩ | IterTime =   1.58s
  Iter 10/15 | Best Z =   74.867 mΩ | IterTime =   1.58s
  Iter 11/15 | Best Z =   74.867 mΩ | IterTime =   1.58s
  Iter 12/15 | Best Z =   74.867 mΩ | IterTime =   1.58s
  Iter 13/15 | Best Z =   74.867 mΩ | IterTime =   1.58s
  Iter 14/15 | Best Z =   74.867 mΩ | IterTime =   1.58s
  Iter 15/15 | Best Z =   74.867 mΩ | IterTime =   1.58s
[Stage Complete] n_caps=5 | Best Z = 74.867 mΩ | Ports = [0, 0, 8, 0, 10] | Time = 23.75s

[Stage] n_caps = 6
  Iter 01/15 | Best Z =   53.427 mΩ | IterTime =   1.62s
  Iter 02/15 | Best Z =   53.427 mΩ | IterTime =   1.62s
  Iter 03/15 | Best Z =   53.427 mΩ | IterTime =   1.62s
  Iter 04/15 | Best Z =   53.427 mΩ | IterTime =   1.62s
  Iter 05/15 | Best Z =   53.427 mΩ | IterTime =   1.62s
  Iter 06/15 | Best Z =   53.427 mΩ | IterTime =   1.62s
  Iter 07/15 | Best Z =   53.427 mΩ | IterTime =   1.62s
  Iter 08/15 | Best Z =   53.427 mΩ | IterTime =   1.61s
  Iter 09/15 | Best Z =   53.427 mΩ | IterTime =   1.62s
  Iter 10/15 | Best Z =   53.427 mΩ | IterTime =   1.62s
  Iter 11/15 | Best Z =   53.427 mΩ | IterTime =   1.62s
  Iter 12/15 | Best Z =   53.427 mΩ | IterTime =   1.62s
  Iter 13/15 | Best Z =   53.427 mΩ | IterTime =   1.62s
  Iter 14/15 | Best Z =   53.427 mΩ | IterTime =   1.61s
  Iter 15/15 | Best Z =   53.427 mΩ | IterTime =   1.61s
[Stage Complete] n_caps=6 | Best Z = 53.427 mΩ | Ports = [5, 5, 0, 9, 0, 10] | Time = 24.26s
Threshold reached — stopping stage growth.

[Run Complete] Total Time = 133.84s
------------------------------------------------------------
solve | Run 02 | n_caps=6 | Z=0.053427 | Time=134.04s

============================================================
RUN 03 | METHOD = SOLVE
============================================================

[Stage] n_caps = 1
  Iter 01/15 | Best Z =  131.415 mΩ | IterTime =   1.50s
  Iter 02/15 | Best Z =  131.415 mΩ | IterTime =   1.49s
  Iter 03/15 | Best Z =  131.415 mΩ | IterTime =   1.49s
  Iter 04/15 | Best Z =  131.415 mΩ | IterTime =   1.48s
  Iter 05/15 | Best Z =  131.415 mΩ | IterTime =   1.48s
  Iter 06/15 | Best Z =  131.415 mΩ | IterTime =   1.47s
  Iter 07/15 | Best Z =  131.415 mΩ | IterTime =   1.47s
  Iter 08/15 | Best Z =  131.415 mΩ | IterTime =   1.47s
  Iter 09/15 | Best Z =  131.415 mΩ | IterTime =   1.48s
  Iter 10/15 | Best Z =  131.415 mΩ | IterTime =   1.48s
  Iter 11/15 | Best Z =  131.415 mΩ | IterTime =   1.48s
  Iter 12/15 | Best Z =  131.415 mΩ | IterTime =   1.48s
  Iter 13/15 | Best Z =  131.415 mΩ | IterTime =   1.47s
  Iter 14/15 | Best Z =  131.415 mΩ | IterTime =   1.48s
  Iter 15/15 | Best Z =  131.415 mΩ | IterTime =   1.47s
[Stage Complete] n_caps=1 | Best Z = 131.415 mΩ | Ports = [7] | Time = 22.20s

[Stage] n_caps = 2
  Iter 01/15 | Best Z =  121.932 mΩ | IterTime =   1.51s
  Iter 02/15 | Best Z =  121.932 mΩ | IterTime =   1.51s
  Iter 03/15 | Best Z =  121.932 mΩ | IterTime =   1.51s
  Iter 04/15 | Best Z =  121.932 mΩ | IterTime =   1.51s
  Iter 05/15 | Best Z =  121.932 mΩ | IterTime =   1.51s
  Iter 06/15 | Best Z =  121.932 mΩ | IterTime =   1.51s
  Iter 07/15 | Best Z =  121.932 mΩ | IterTime =   1.51s
  Iter 08/15 | Best Z =  121.932 mΩ | IterTime =   1.51s
  Iter 09/15 | Best Z =  121.932 mΩ | IterTime =   1.51s
  Iter 10/15 | Best Z =  121.932 mΩ | IterTime =   1.51s
  Iter 11/15 | Best Z =  121.932 mΩ | IterTime =   1.51s
  Iter 12/15 | Best Z =  121.932 mΩ | IterTime =   1.52s
  Iter 13/15 | Best Z =  121.932 mΩ | IterTime =   1.51s
  Iter 14/15 | Best Z =  121.932 mΩ | IterTime =   1.51s
  Iter 15/15 | Best Z =  121.932 mΩ | IterTime =   1.51s
[Stage Complete] n_caps=2 | Best Z = 121.932 mΩ | Ports = [5, 13] | Time = 22.66s

[Stage] n_caps = 3
  Iter 01/15 | Best Z =   90.827 mΩ | IterTime =   1.54s
  Iter 02/15 | Best Z =   90.827 mΩ | IterTime =   1.54s
  Iter 03/15 | Best Z =   90.827 mΩ | IterTime =   1.54s
  Iter 04/15 | Best Z =   90.827 mΩ | IterTime =   1.53s
  Iter 05/15 | Best Z =   90.827 mΩ | IterTime =   1.54s
  Iter 06/15 | Best Z =   90.827 mΩ | IterTime =   1.54s
  Iter 07/15 | Best Z =   90.827 mΩ | IterTime =   1.54s
  Iter 08/15 | Best Z =   90.827 mΩ | IterTime =   1.54s
  Iter 09/15 | Best Z =   90.827 mΩ | IterTime =   1.53s
  Iter 10/15 | Best Z =   90.827 mΩ | IterTime =   1.53s
  Iter 11/15 | Best Z =   90.827 mΩ | IterTime =   1.54s
  Iter 12/15 | Best Z =   90.827 mΩ | IterTime =   1.54s
  Iter 13/15 | Best Z =   90.827 mΩ | IterTime =   1.53s
  Iter 14/15 | Best Z =   90.827 mΩ | IterTime =   1.54s
  Iter 15/15 | Best Z =   90.827 mΩ | IterTime =   1.53s
[Stage Complete] n_caps=3 | Best Z = 90.827 mΩ | Ports = [10, 0, 8] | Time = 23.05s

[Stage] n_caps = 4
  Iter 01/15 | Best Z =   86.870 mΩ | IterTime =   1.57s
  Iter 02/15 | Best Z =   86.870 mΩ | IterTime =   1.57s
  Iter 03/15 | Best Z =   86.870 mΩ | IterTime =   1.57s
  Iter 04/15 | Best Z =   86.870 mΩ | IterTime =   1.57s
  Iter 05/15 | Best Z =   86.870 mΩ | IterTime =   1.56s
  Iter 06/15 | Best Z =   86.870 mΩ | IterTime =   1.56s
  Iter 07/15 | Best Z =   86.870 mΩ | IterTime =   1.56s
  Iter 08/15 | Best Z =   86.870 mΩ | IterTime =   1.57s
  Iter 09/15 | Best Z =   86.870 mΩ | IterTime =   1.57s
  Iter 10/15 | Best Z =   86.870 mΩ | IterTime =   1.57s
  Iter 11/15 | Best Z =   86.870 mΩ | IterTime =   1.56s
  Iter 12/15 | Best Z =   86.870 mΩ | IterTime =   1.57s
  Iter 13/15 | Best Z =   86.870 mΩ | IterTime =   1.57s
  Iter 14/15 | Best Z =   86.870 mΩ | IterTime =   1.57s
  Iter 15/15 | Best Z =   86.870 mΩ | IterTime =   1.56s
[Stage Complete] n_caps=4 | Best Z = 86.870 mΩ | Ports = [0, 8, 13, 0] | Time = 23.48s

[Stage] n_caps = 5
  Iter 01/15 | Best Z =   74.541 mΩ | IterTime =   1.60s
  Iter 02/15 | Best Z =   74.541 mΩ | IterTime =   1.60s
  Iter 03/15 | Best Z =   74.541 mΩ | IterTime =   1.61s
  Iter 04/15 | Best Z =   74.541 mΩ | IterTime =   1.60s
  Iter 05/15 | Best Z =   74.541 mΩ | IterTime =   1.61s
  Iter 06/15 | Best Z =   74.541 mΩ | IterTime =   1.61s
  Iter 07/15 | Best Z =   74.541 mΩ | IterTime =   1.61s
  Iter 08/15 | Best Z =   74.541 mΩ | IterTime =   1.60s
  Iter 09/15 | Best Z =   74.541 mΩ | IterTime =   1.61s
  Iter 10/15 | Best Z =   74.541 mΩ | IterTime =   1.60s
  Iter 11/15 | Best Z =   74.541 mΩ | IterTime =   1.61s
  Iter 12/15 | Best Z =   74.541 mΩ | IterTime =   1.60s
  Iter 13/15 | Best Z =   74.541 mΩ | IterTime =   1.61s
  Iter 14/15 | Best Z =   74.541 mΩ | IterTime =   1.60s
  Iter 15/15 | Best Z =   74.541 mΩ | IterTime =   1.61s
[Stage Complete] n_caps=5 | Best Z = 74.541 mΩ | Ports = [0, 9, 13, 4, 5] | Time = 24.08s

[Stage] n_caps = 6
  Iter 01/15 | Best Z =   81.826 mΩ | IterTime =   1.63s
  Iter 02/15 | Best Z =   81.826 mΩ | IterTime =   1.64s
  Iter 03/15 | Best Z =   81.826 mΩ | IterTime =   1.64s
  Iter 04/15 | Best Z =   81.826 mΩ | IterTime =   1.64s
  Iter 05/15 | Best Z =   81.826 mΩ | IterTime =   1.63s
  Iter 06/15 | Best Z =   81.826 mΩ | IterTime =   1.64s
  Iter 07/15 | Best Z =   81.826 mΩ | IterTime =   1.64s
  Iter 08/15 | Best Z =   81.826 mΩ | IterTime =   1.63s
  Iter 09/15 | Best Z =   81.826 mΩ | IterTime =   1.63s
  Iter 10/15 | Best Z =   81.826 mΩ | IterTime =   1.63s
  Iter 11/15 | Best Z =   81.826 mΩ | IterTime =   1.63s
  Iter 12/15 | Best Z =   81.826 mΩ | IterTime =   1.63s
  Iter 13/15 | Best Z =   81.826 mΩ | IterTime =   1.63s
  Iter 14/15 | Best Z =   81.826 mΩ | IterTime =   1.64s
  Iter 15/15 | Best Z =   81.826 mΩ | IterTime =   1.64s
[Stage Complete] n_caps=6 | Best Z = 81.826 mΩ | Ports = [6, 9, 3, 9, 7, 14] | Time = 24.52s

[Stage] n_caps = 7
  Iter 01/15 | Best Z =   74.208 mΩ | IterTime =   1.67s
  Iter 02/15 | Best Z =   74.208 mΩ | IterTime =   1.66s
  Iter 03/15 | Best Z =   74.208 mΩ | IterTime =   1.66s
  Iter 04/15 | Best Z =   74.208 mΩ | IterTime =   1.66s
  Iter 05/15 | Best Z =   74.208 mΩ | IterTime =   1.66s
  Iter 06/15 | Best Z =   74.208 mΩ | IterTime =   1.67s
  Iter 07/15 | Best Z =   74.208 mΩ | IterTime =   1.67s
  Iter 08/15 | Best Z =   74.208 mΩ | IterTime =   1.67s
  Iter 09/15 | Best Z =   74.208 mΩ | IterTime =   1.66s
  Iter 10/15 | Best Z =   74.208 mΩ | IterTime =   1.66s
  Iter 11/15 | Best Z =   74.208 mΩ | IterTime =   1.67s
  Iter 12/15 | Best Z =   74.208 mΩ | IterTime =   1.66s
  Iter 13/15 | Best Z =   74.208 mΩ | IterTime =   1.67s
  Iter 14/15 | Best Z =   74.208 mΩ | IterTime =   1.66s
  Iter 15/15 | Best Z =   74.208 mΩ | IterTime =   1.66s
[Stage Complete] n_caps=7 | Best Z = 74.208 mΩ | Ports = [9, 3, 9, 7, 14, 5, 0] | Time = 24.97s

[Stage] n_caps = 8
  Iter 01/15 | Best Z =   56.156 mΩ | IterTime =   1.69s
  Iter 02/15 | Best Z =   56.156 mΩ | IterTime =   1.68s
  Iter 03/15 | Best Z =   56.156 mΩ | IterTime =   1.68s
  Iter 04/15 | Best Z =   56.156 mΩ | IterTime =   1.68s
  Iter 05/15 | Best Z =   56.156 mΩ | IterTime =   1.68s
  Iter 06/15 | Best Z =   56.156 mΩ | IterTime =   1.69s
  Iter 07/15 | Best Z =   56.156 mΩ | IterTime =   1.71s
  Iter 08/15 | Best Z =   56.156 mΩ | IterTime =   1.69s
  Iter 09/15 | Best Z =   56.156 mΩ | IterTime =   1.72s
  Iter 10/15 | Best Z =   56.156 mΩ | IterTime =   1.69s
  Iter 11/15 | Best Z =   56.156 mΩ | IterTime =   1.69s
  Iter 12/15 | Best Z =   56.156 mΩ | IterTime =   1.69s
  Iter 13/15 | Best Z =   56.156 mΩ | IterTime =   1.70s
  Iter 14/15 | Best Z =   56.156 mΩ | IterTime =   1.69s
  Iter 15/15 | Best Z =   56.156 mΩ | IterTime =   1.69s
[Stage Complete] n_caps=8 | Best Z = 56.156 mΩ | Ports = [3, 9, 7, 14, 5, 0, 7, 0] | Time = 25.38s
Threshold reached — stopping stage growth.

[Run Complete] Total Time = 190.34s
------------------------------------------------------------
solve | Run 03 | n_caps=8 | Z=0.056156 | Time=190.57s

============================================================
RUN 04 | METHOD = SOLVE
============================================================

[Stage] n_caps = 1
  Iter 01/15 | Best Z =  146.203 mΩ | IterTime =   1.48s
  Iter 02/15 | Best Z =  146.203 mΩ | IterTime =   1.49s
  Iter 03/15 | Best Z =  146.203 mΩ | IterTime =   1.48s
  Iter 04/15 | Best Z =  146.203 mΩ | IterTime =   1.47s
  Iter 05/15 | Best Z =  146.203 mΩ | IterTime =   1.47s
  Iter 06/15 | Best Z =  146.203 mΩ | IterTime =   1.47s
  Iter 07/15 | Best Z =  146.203 mΩ | IterTime =   1.47s
  Iter 08/15 | Best Z =  146.203 mΩ | IterTime =   1.47s
  Iter 09/15 | Best Z =  146.203 mΩ | IterTime =   1.47s
  Iter 10/15 | Best Z =  146.203 mΩ | IterTime =   1.47s
  Iter 11/15 | Best Z =  146.203 mΩ | IterTime =   1.47s
  Iter 12/15 | Best Z =  146.203 mΩ | IterTime =   1.47s
  Iter 13/15 | Best Z =  146.203 mΩ | IterTime =   1.47s
  Iter 14/15 | Best Z =  146.203 mΩ | IterTime =   1.47s
  Iter 15/15 | Best Z =  146.203 mΩ | IterTime =   1.65s
[Stage Complete] n_caps=1 | Best Z = 146.203 mΩ | Ports = [9] | Time = 22.28s

[Stage] n_caps = 2
  Iter 01/15 | Best Z =   96.957 mΩ | IterTime =   1.59s
  Iter 02/15 | Best Z =   96.957 mΩ | IterTime =   1.50s
  Iter 03/15 | Best Z =   96.957 mΩ | IterTime =   1.50s
  Iter 04/15 | Best Z =   96.957 mΩ | IterTime =   1.50s
  Iter 05/15 | Best Z =   96.957 mΩ | IterTime =   1.50s
  Iter 06/15 | Best Z =   96.957 mΩ | IterTime =   1.50s
  Iter 07/15 | Best Z =   96.957 mΩ | IterTime =   1.50s
  Iter 08/15 | Best Z =   96.957 mΩ | IterTime =   1.52s
  Iter 09/15 | Best Z =   96.957 mΩ | IterTime =   1.61s
  Iter 10/15 | Best Z =   96.957 mΩ | IterTime =   1.50s
  Iter 11/15 | Best Z =   96.957 mΩ | IterTime =   1.50s
  Iter 12/15 | Best Z =   96.957 mΩ | IterTime =   1.50s
  Iter 13/15 | Best Z =   96.957 mΩ | IterTime =   1.50s
  Iter 14/15 | Best Z =   96.957 mΩ | IterTime =   1.50s
  Iter 15/15 | Best Z =   96.957 mΩ | IterTime =   1.50s
[Stage Complete] n_caps=2 | Best Z = 96.957 mΩ | Ports = [0, 7] | Time = 22.70s

[Stage] n_caps = 3
  Iter 01/15 | Best Z =   86.094 mΩ | IterTime =   1.59s
  Iter 02/15 | Best Z =   86.094 mΩ | IterTime =   1.24s
  Iter 03/15 | Best Z =   86.094 mΩ | IterTime =   1.22s
  Iter 04/15 | Best Z =   86.094 mΩ | IterTime =   1.22s
  Iter 05/15 | Best Z =   86.094 mΩ | IterTime =   1.21s
  Iter 06/15 | Best Z =   86.094 mΩ | IterTime =   1.21s
  Iter 07/15 | Best Z =   86.094 mΩ | IterTime =   1.21s
  Iter 08/15 | Best Z =   86.094 mΩ | IterTime =   1.21s
  Iter 09/15 | Best Z =   86.094 mΩ | IterTime =   1.21s
  Iter 10/15 | Best Z =   86.094 mΩ | IterTime =   1.21s
  Iter 11/15 | Best Z =   86.094 mΩ | IterTime =   1.20s
  Iter 12/15 | Best Z =   86.094 mΩ | IterTime =   1.21s
  Iter 13/15 | Best Z =   86.094 mΩ | IterTime =   1.21s
  Iter 14/15 | Best Z =   86.094 mΩ | IterTime =   1.20s
  Iter 15/15 | Best Z =   86.094 mΩ | IterTime =   1.21s
[Stage Complete] n_caps=3 | Best Z = 86.094 mΩ | Ports = [4, 5, 0] | Time = 18.56s

[Stage] n_caps = 4
  Iter 01/15 | Best Z =   67.333 mΩ | IterTime =   1.25s
  Iter 02/15 | Best Z =   67.333 mΩ | IterTime =   1.25s
  Iter 03/15 | Best Z =   67.333 mΩ | IterTime =   1.24s
  Iter 04/15 | Best Z =   67.333 mΩ | IterTime =   1.24s
  Iter 05/15 | Best Z =   67.333 mΩ | IterTime =   1.24s
  Iter 06/15 | Best Z =   67.333 mΩ | IterTime =   1.25s
  Iter 07/15 | Best Z =   67.333 mΩ | IterTime =   1.24s
  Iter 08/15 | Best Z =   67.333 mΩ | IterTime =   1.25s
  Iter 09/15 | Best Z =   67.333 mΩ | IterTime =   1.25s
  Iter 10/15 | Best Z =   67.333 mΩ | IterTime =   1.24s
  Iter 11/15 | Best Z =   67.333 mΩ | IterTime =   1.24s
  Iter 12/15 | Best Z =   67.333 mΩ | IterTime =   1.25s
  Iter 13/15 | Best Z =   67.333 mΩ | IterTime =   1.25s
  Iter 14/15 | Best Z =   67.333 mΩ | IterTime =   1.25s
  Iter 15/15 | Best Z =   67.333 mΩ | IterTime =   1.25s
[Stage Complete] n_caps=4 | Best Z = 67.333 mΩ | Ports = [5, 0, 16, 14] | Time = 18.69s

[Stage] n_caps = 5
  Iter 01/15 | Best Z =   67.003 mΩ | IterTime =   1.28s
  Iter 02/15 | Best Z =   67.003 mΩ | IterTime =   1.28s
  Iter 03/15 | Best Z =   67.003 mΩ | IterTime =   1.28s
  Iter 04/15 | Best Z =   67.003 mΩ | IterTime =   1.28s
  Iter 05/15 | Best Z =   67.003 mΩ | IterTime =   1.28s
  Iter 06/15 | Best Z =   67.003 mΩ | IterTime =   1.28s
  Iter 07/15 | Best Z =   67.003 mΩ | IterTime =   1.29s
  Iter 08/15 | Best Z =   67.003 mΩ | IterTime =   1.28s
  Iter 09/15 | Best Z =   67.003 mΩ | IterTime =   1.28s
  Iter 10/15 | Best Z =   67.003 mΩ | IterTime =   1.28s
  Iter 11/15 | Best Z =   67.003 mΩ | IterTime =   1.28s
  Iter 12/15 | Best Z =   67.003 mΩ | IterTime =   1.28s
  Iter 13/15 | Best Z =   67.003 mΩ | IterTime =   1.28s
  Iter 14/15 | Best Z =   67.003 mΩ | IterTime =   1.28s
  Iter 15/15 | Best Z =   67.003 mΩ | IterTime =   1.28s
[Stage Complete] n_caps=5 | Best Z = 67.003 mΩ | Ports = [0, 16, 14, 0, 10] | Time = 19.19s

[Stage] n_caps = 6
  Iter 01/15 | Best Z =   58.417 mΩ | IterTime =   1.32s
  Iter 02/15 | Best Z =   58.417 mΩ | IterTime =   1.31s
  Iter 03/15 | Best Z =   58.417 mΩ | IterTime =   1.32s
  Iter 04/15 | Best Z =   58.417 mΩ | IterTime =   1.31s
  Iter 05/15 | Best Z =   58.417 mΩ | IterTime =   1.31s
  Iter 06/15 | Best Z =   58.417 mΩ | IterTime =   1.31s
  Iter 07/15 | Best Z =   58.417 mΩ | IterTime =   1.31s
  Iter 08/15 | Best Z =   58.417 mΩ | IterTime =   1.32s
  Iter 09/15 | Best Z =   58.417 mΩ | IterTime =   1.31s
  Iter 10/15 | Best Z =   58.417 mΩ | IterTime =   1.31s
  Iter 11/15 | Best Z =   58.417 mΩ | IterTime =   1.31s
  Iter 12/15 | Best Z =   58.417 mΩ | IterTime =   1.31s
  Iter 13/15 | Best Z =   58.417 mΩ | IterTime =   1.31s
  Iter 14/15 | Best Z =   58.417 mΩ | IterTime =   1.31s
  Iter 15/15 | Best Z =   58.417 mΩ | IterTime =   1.31s
[Stage Complete] n_caps=6 | Best Z = 58.417 mΩ | Ports = [16, 14, 0, 10, 0, 14] | Time = 19.68s
Threshold reached — stopping stage growth.

[Run Complete] Total Time = 121.10s
------------------------------------------------------------
solve | Run 04 | n_caps=6 | Z=0.058417 | Time=121.29s

============================================================
RUN 05 | METHOD = SOLVE
============================================================

[Stage] n_caps = 1
  Iter 01/15 | Best Z =  130.655 mΩ | IterTime =   1.15s
  Iter 02/15 | Best Z =  130.655 mΩ | IterTime =   1.14s
  Iter 03/15 | Best Z =  130.655 mΩ | IterTime =   1.15s
  Iter 04/15 | Best Z =  130.655 mΩ | IterTime =   1.15s
  Iter 05/15 | Best Z =  130.655 mΩ | IterTime =   1.14s
  Iter 06/15 | Best Z =  130.655 mΩ | IterTime =   1.14s
  Iter 07/15 | Best Z =  130.655 mΩ | IterTime =   1.14s
  Iter 08/15 | Best Z =  130.655 mΩ | IterTime =   1.18s
  Iter 09/15 | Best Z =  130.655 mΩ | IterTime =   1.14s
  Iter 10/15 | Best Z =  130.655 mΩ | IterTime =   1.14s
  Iter 11/15 | Best Z =  130.655 mΩ | IterTime =   1.14s
  Iter 12/15 | Best Z =  130.655 mΩ | IterTime =   1.14s
  Iter 13/15 | Best Z =  130.655 mΩ | IterTime =   1.14s
  Iter 14/15 | Best Z =  130.655 mΩ | IterTime =   1.14s
  Iter 15/15 | Best Z =  130.655 mΩ | IterTime =   1.14s
[Stage Complete] n_caps=1 | Best Z = 130.655 mΩ | Ports = [10] | Time = 17.16s

[Stage] n_caps = 2
  Iter 01/15 | Best Z =   83.347 mΩ | IterTime =   1.18s
  Iter 02/15 | Best Z =   83.347 mΩ | IterTime =   1.18s
  Iter 03/15 | Best Z =   83.347 mΩ | IterTime =   1.18s
  Iter 04/15 | Best Z =   83.347 mΩ | IterTime =   1.18s
  Iter 05/15 | Best Z =   83.347 mΩ | IterTime =   1.18s
  Iter 06/15 | Best Z =   83.347 mΩ | IterTime =   1.18s
  Iter 07/15 | Best Z =   83.347 mΩ | IterTime =   1.18s
  Iter 08/15 | Best Z =   83.347 mΩ | IterTime =   1.18s
  Iter 09/15 | Best Z =   83.347 mΩ | IterTime =   1.17s
  Iter 10/15 | Best Z =   83.347 mΩ | IterTime =   1.18s
  Iter 11/15 | Best Z =   83.347 mΩ | IterTime =   1.18s
  Iter 12/15 | Best Z =   83.347 mΩ | IterTime =   1.18s
  Iter 13/15 | Best Z =   83.347 mΩ | IterTime =   1.18s
  Iter 14/15 | Best Z =   83.347 mΩ | IterTime =   1.17s
  Iter 15/15 | Best Z =   83.347 mΩ | IterTime =   1.18s
[Stage Complete] n_caps=2 | Best Z = 83.347 mΩ | Ports = [14, 0] | Time = 17.66s

[Stage] n_caps = 3
  Iter 01/15 | Best Z =   66.397 mΩ | IterTime =   1.21s
  Iter 02/15 | Best Z =   66.397 mΩ | IterTime =   1.21s
  Iter 03/15 | Best Z =   66.397 mΩ | IterTime =   1.21s
  Iter 04/15 | Best Z =   66.397 mΩ | IterTime =   1.21s
  Iter 05/15 | Best Z =   66.397 mΩ | IterTime =   1.21s
  Iter 06/15 | Best Z =   66.397 mΩ | IterTime =   1.20s
  Iter 07/15 | Best Z =   66.397 mΩ | IterTime =   1.20s
  Iter 08/15 | Best Z =   66.397 mΩ | IterTime =   1.21s
  Iter 09/15 | Best Z =   66.397 mΩ | IterTime =   1.21s
  Iter 10/15 | Best Z =   66.397 mΩ | IterTime =   1.21s
  Iter 11/15 | Best Z =   66.397 mΩ | IterTime =   1.21s
  Iter 12/15 | Best Z =   66.397 mΩ | IterTime =   1.20s
  Iter 13/15 | Best Z =   66.397 mΩ | IterTime =   1.21s
  Iter 14/15 | Best Z =   66.397 mΩ | IterTime =   1.21s
  Iter 15/15 | Best Z =   66.397 mΩ | IterTime =   1.21s
[Stage Complete] n_caps=3 | Best Z = 66.397 mΩ | Ports = [0, 15, 9] | Time = 18.12s

[Stage] n_caps = 4
  Iter 01/15 | Best Z =   79.884 mΩ | IterTime =   1.24s
  Iter 02/15 | Best Z =   79.884 mΩ | IterTime =   1.24s
  Iter 03/15 | Best Z =   79.884 mΩ | IterTime =   1.23s
  Iter 04/15 | Best Z =   79.884 mΩ | IterTime =   1.24s
  Iter 05/15 | Best Z =   79.884 mΩ | IterTime =   1.24s
  Iter 06/15 | Best Z =   79.884 mΩ | IterTime =   1.24s
  Iter 07/15 | Best Z =   79.884 mΩ | IterTime =   1.24s
  Iter 08/15 | Best Z =   79.884 mΩ | IterTime =   1.24s
  Iter 09/15 | Best Z =   79.884 mΩ | IterTime =   1.24s
  Iter 10/15 | Best Z =   79.884 mΩ | IterTime =   1.24s
  Iter 11/15 | Best Z =   79.884 mΩ | IterTime =   1.24s
  Iter 12/15 | Best Z =   79.884 mΩ | IterTime =   1.24s
  Iter 13/15 | Best Z =   79.884 mΩ | IterTime =   1.24s
  Iter 14/15 | Best Z =   79.884 mΩ | IterTime =   1.24s
  Iter 15/15 | Best Z =   79.884 mΩ | IterTime =   1.24s
[Stage Complete] n_caps=4 | Best Z = 79.884 mΩ | Ports = [15, 9, 6, 5] | Time = 18.58s

[Stage] n_caps = 5
  Iter 01/15 | Best Z =   72.650 mΩ | IterTime =   1.28s
  Iter 02/15 | Best Z =   72.650 mΩ | IterTime =   1.27s
  Iter 03/15 | Best Z =   72.650 mΩ | IterTime =   1.27s
  Iter 04/15 | Best Z =   72.650 mΩ | IterTime =   1.27s
  Iter 05/15 | Best Z =   72.650 mΩ | IterTime =   1.28s
  Iter 06/15 | Best Z =   72.650 mΩ | IterTime =   1.27s
  Iter 07/15 | Best Z =   72.650 mΩ | IterTime =   1.27s
  Iter 08/15 | Best Z =   72.650 mΩ | IterTime =   1.27s
  Iter 09/15 | Best Z =   72.650 mΩ | IterTime =   1.27s
  Iter 10/15 | Best Z =   72.650 mΩ | IterTime =   1.27s
  Iter 11/15 | Best Z =   72.650 mΩ | IterTime =   1.27s
  Iter 12/15 | Best Z =   72.650 mΩ | IterTime =   1.27s
  Iter 13/15 | Best Z =   72.650 mΩ | IterTime =   1.27s
  Iter 14/15 | Best Z =   72.650 mΩ | IterTime =   1.28s
  Iter 15/15 | Best Z =   72.650 mΩ | IterTime =   1.27s
[Stage Complete] n_caps=5 | Best Z = 72.650 mΩ | Ports = [9, 6, 5, 11, 0] | Time = 19.09s

[Stage] n_caps = 6
  Iter 01/15 | Best Z =   63.597 mΩ | IterTime =   1.30s
  Iter 02/15 | Best Z =   63.597 mΩ | IterTime =   1.30s
  Iter 03/15 | Best Z =   63.597 mΩ | IterTime =   1.30s
  Iter 04/15 | Best Z =   63.597 mΩ | IterTime =   1.30s
  Iter 05/15 | Best Z =   63.597 mΩ | IterTime =   1.30s
  Iter 06/15 | Best Z =   63.597 mΩ | IterTime =   1.31s
  Iter 07/15 | Best Z =   63.597 mΩ | IterTime =   1.30s
  Iter 08/15 | Best Z =   63.597 mΩ | IterTime =   1.30s
  Iter 09/15 | Best Z =   63.597 mΩ | IterTime =   1.30s
  Iter 10/15 | Best Z =   63.597 mΩ | IterTime =   1.30s
  Iter 11/15 | Best Z =   63.597 mΩ | IterTime =   1.30s
  Iter 12/15 | Best Z =   63.597 mΩ | IterTime =   1.31s
  Iter 13/15 | Best Z =   63.597 mΩ | IterTime =   1.31s
  Iter 14/15 | Best Z =   63.597 mΩ | IterTime =   1.31s
  Iter 15/15 | Best Z =   63.597 mΩ | IterTime =   1.30s
[Stage Complete] n_caps=6 | Best Z = 63.597 mΩ | Ports = [6, 18, 11, 0, 7, 5] | Time = 19.54s

[Stage] n_caps = 7
  Iter 01/15 | Best Z =   52.409 mΩ | IterTime =   1.34s
  Iter 02/15 | Best Z =   52.409 mΩ | IterTime =   1.33s
  Iter 03/15 | Best Z =   52.409 mΩ | IterTime =   1.33s
  Iter 04/15 | Best Z =   52.409 mΩ | IterTime =   1.33s
  Iter 05/15 | Best Z =   52.409 mΩ | IterTime =   1.33s
  Iter 06/15 | Best Z =   52.409 mΩ | IterTime =   1.33s
  Iter 07/15 | Best Z =   52.409 mΩ | IterTime =   1.33s
  Iter 08/15 | Best Z =   52.409 mΩ | IterTime =   1.33s
  Iter 09/15 | Best Z =   52.409 mΩ | IterTime =   1.33s
  Iter 10/15 | Best Z =   52.409 mΩ | IterTime =   1.33s
  Iter 11/15 | Best Z =   52.409 mΩ | IterTime =   1.32s
  Iter 12/15 | Best Z =   52.409 mΩ | IterTime =   1.33s
  Iter 13/15 | Best Z =   52.409 mΩ | IterTime =   1.33s
  Iter 14/15 | Best Z =   52.409 mΩ | IterTime =   1.33s
  Iter 15/15 | Best Z =   52.409 mΩ | IterTime =   1.33s
[Stage Complete] n_caps=7 | Best Z = 52.409 mΩ | Ports = [18, 11, 0, 7, 5, 9, 0] | Time = 19.95s
Threshold reached — stopping stage growth.

[Run Complete] Total Time = 130.11s
------------------------------------------------------------
solve | Run 05 | n_caps=7 | Z=0.052409 | Time=130.33s

============================================================
RUN 06 | METHOD = SOLVE
============================================================

[Stage] n_caps = 1
  Iter 01/15 | Best Z =  127.435 mΩ | IterTime =   1.15s
  Iter 02/15 | Best Z =  127.435 mΩ | IterTime =   1.14s
  Iter 03/15 | Best Z =  127.435 mΩ | IterTime =   1.14s
  Iter 04/15 | Best Z =  127.435 mΩ | IterTime =   1.14s
  Iter 05/15 | Best Z =  127.435 mΩ | IterTime =   1.14s
  Iter 06/15 | Best Z =  127.435 mΩ | IterTime =   1.14s
  Iter 07/15 | Best Z =  127.435 mΩ | IterTime =   1.14s
  Iter 08/15 | Best Z =  127.435 mΩ | IterTime =   1.14s
  Iter 09/15 | Best Z =  127.435 mΩ | IterTime =   1.14s
  Iter 10/15 | Best Z =  127.435 mΩ | IterTime =   1.14s
  Iter 11/15 | Best Z =  127.435 mΩ | IterTime =   1.14s
  Iter 12/15 | Best Z =  127.435 mΩ | IterTime =   1.14s
  Iter 13/15 | Best Z =  127.435 mΩ | IterTime =   1.14s
  Iter 14/15 | Best Z =  127.435 mΩ | IterTime =   1.15s
  Iter 15/15 | Best Z =  127.435 mΩ | IterTime =   1.14s
[Stage Complete] n_caps=1 | Best Z = 127.435 mΩ | Ports = [9] | Time = 17.11s

[Stage] n_caps = 2
  Iter 01/15 | Best Z =  104.324 mΩ | IterTime =   1.18s
  Iter 02/15 | Best Z =  104.324 mΩ | IterTime =   1.18s
  Iter 03/15 | Best Z =  104.324 mΩ | IterTime =   1.18s
  Iter 04/15 | Best Z =  104.324 mΩ | IterTime =   1.18s
  Iter 05/15 | Best Z =  104.324 mΩ | IterTime =   1.17s
  Iter 06/15 | Best Z =  104.324 mΩ | IterTime =   1.17s
  Iter 07/15 | Best Z =  104.324 mΩ | IterTime =   1.17s
  Iter 08/15 | Best Z =  104.324 mΩ | IterTime =   1.17s
  Iter 09/15 | Best Z =  104.324 mΩ | IterTime =   1.17s
  Iter 10/15 | Best Z =  104.324 mΩ | IterTime =   1.17s
  Iter 11/15 | Best Z =  104.324 mΩ | IterTime =   1.17s
  Iter 12/15 | Best Z =  104.324 mΩ | IterTime =   1.17s
  Iter 13/15 | Best Z =  104.324 mΩ | IterTime =   1.17s
  Iter 14/15 | Best Z =  104.324 mΩ | IterTime =   1.17s
  Iter 15/15 | Best Z =  104.324 mΩ | IterTime =   1.17s
[Stage Complete] n_caps=2 | Best Z = 104.324 mΩ | Ports = [14, 10] | Time = 17.58s

[Stage] n_caps = 3
  Iter 01/15 | Best Z =   97.068 mΩ | IterTime =   1.21s
  Iter 02/15 | Best Z =   97.068 mΩ | IterTime =   1.21s
  Iter 03/15 | Best Z =   97.068 mΩ | IterTime =   1.21s
  Iter 04/15 | Best Z =   97.068 mΩ | IterTime =   1.20s
  Iter 05/15 | Best Z =   97.068 mΩ | IterTime =   1.21s
  Iter 06/15 | Best Z =   97.068 mΩ | IterTime =   1.21s
  Iter 07/15 | Best Z =   97.068 mΩ | IterTime =   1.21s
  Iter 08/15 | Best Z =   97.068 mΩ | IterTime =   1.20s
  Iter 09/15 | Best Z =   97.068 mΩ | IterTime =   1.20s
  Iter 10/15 | Best Z =   97.068 mΩ | IterTime =   1.20s
  Iter 11/15 | Best Z =   97.068 mΩ | IterTime =   1.20s
  Iter 12/15 | Best Z =   97.068 mΩ | IterTime =   1.21s
  Iter 13/15 | Best Z =   97.068 mΩ | IterTime =   1.20s
  Iter 14/15 | Best Z =   97.068 mΩ | IterTime =   1.21s
  Iter 15/15 | Best Z =   97.068 mΩ | IterTime =   1.21s
[Stage Complete] n_caps=3 | Best Z = 97.068 mΩ | Ports = [15, 17, 6] | Time = 18.09s

[Stage] n_caps = 4
  Iter 01/15 | Best Z =   79.812 mΩ | IterTime =   1.24s
  Iter 02/15 | Best Z =   79.812 mΩ | IterTime =   1.24s
  Iter 03/15 | Best Z =   79.812 mΩ | IterTime =   1.24s
  Iter 04/15 | Best Z =   79.812 mΩ | IterTime =   1.23s
  Iter 05/15 | Best Z =   79.812 mΩ | IterTime =   1.24s
  Iter 06/15 | Best Z =   79.812 mΩ | IterTime =   1.23s
  Iter 07/15 | Best Z =   79.812 mΩ | IterTime =   1.24s
  Iter 08/15 | Best Z =   79.812 mΩ | IterTime =   1.24s
  Iter 09/15 | Best Z =   79.812 mΩ | IterTime =   1.24s
  Iter 10/15 | Best Z =   79.812 mΩ | IterTime =   1.23s
  Iter 11/15 | Best Z =   79.812 mΩ | IterTime =   1.24s
  Iter 12/15 | Best Z =   79.812 mΩ | IterTime =   1.24s
  Iter 13/15 | Best Z =   79.812 mΩ | IterTime =   1.24s
  Iter 14/15 | Best Z =   79.812 mΩ | IterTime =   1.24s
  Iter 15/15 | Best Z =   79.812 mΩ | IterTime =   1.23s
[Stage Complete] n_caps=4 | Best Z = 79.812 mΩ | Ports = [10, 7, 0, 7] | Time = 18.56s

[Stage] n_caps = 5
  Iter 01/15 | Best Z =   70.577 mΩ | IterTime =   1.27s
  Iter 02/15 | Best Z =   70.577 mΩ | IterTime =   1.27s
  Iter 03/15 | Best Z =   70.577 mΩ | IterTime =   1.27s
  Iter 04/15 | Best Z =   70.577 mΩ | IterTime =   1.27s
  Iter 05/15 | Best Z =   70.577 mΩ | IterTime =   1.27s
  Iter 06/15 | Best Z =   70.577 mΩ | IterTime =   1.28s
  Iter 07/15 | Best Z =   70.577 mΩ | IterTime =   1.27s
  Iter 08/15 | Best Z =   70.577 mΩ | IterTime =   1.27s
  Iter 09/15 | Best Z =   70.577 mΩ | IterTime =   1.27s
  Iter 10/15 | Best Z =   70.577 mΩ | IterTime =   1.26s
  Iter 11/15 | Best Z =   70.577 mΩ | IterTime =   1.27s
  Iter 12/15 | Best Z =   70.577 mΩ | IterTime =   1.26s
  Iter 13/15 | Best Z =   70.577 mΩ | IterTime =   1.26s
  Iter 14/15 | Best Z =   70.577 mΩ | IterTime =   1.26s
  Iter 15/15 | Best Z =   70.577 mΩ | IterTime =   1.27s
[Stage Complete] n_caps=5 | Best Z = 70.577 mΩ | Ports = [7, 0, 7, 15, 14] | Time = 19.03s

[Stage] n_caps = 6
  Iter 01/15 | Best Z =   58.052 mΩ | IterTime =   1.30s
  Iter 02/15 | Best Z =   58.052 mΩ | IterTime =   1.30s
  Iter 03/15 | Best Z =   58.052 mΩ | IterTime =   1.30s
  Iter 04/15 | Best Z =   58.052 mΩ | IterTime =   1.30s
  Iter 05/15 | Best Z =   58.052 mΩ | IterTime =   1.30s
  Iter 06/15 | Best Z =   58.052 mΩ | IterTime =   1.30s
  Iter 07/15 | Best Z =   58.052 mΩ | IterTime =   1.30s
  Iter 08/15 | Best Z =   58.052 mΩ | IterTime =   1.30s
  Iter 09/15 | Best Z =   58.052 mΩ | IterTime =   1.30s
  Iter 10/15 | Best Z =   58.052 mΩ | IterTime =   1.29s
  Iter 11/15 | Best Z =   58.052 mΩ | IterTime =   1.30s
  Iter 12/15 | Best Z =   58.052 mΩ | IterTime =   1.30s
  Iter 13/15 | Best Z =   58.052 mΩ | IterTime =   1.30s
  Iter 14/15 | Best Z =   58.052 mΩ | IterTime =   1.30s
  Iter 15/15 | Best Z =   58.052 mΩ | IterTime =   1.30s
[Stage Complete] n_caps=6 | Best Z = 58.052 mΩ | Ports = [0, 7, 15, 14, 0, 17] | Time = 19.48s
Threshold reached — stopping stage growth.

[Run Complete] Total Time = 109.85s
------------------------------------------------------------
solve | Run 06 | n_caps=6 | Z=0.058052 | Time=110.05s

============================================================
RUN 07 | METHOD = SOLVE
============================================================

[Stage] n_caps = 1
  Iter 01/15 | Best Z =   94.622 mΩ | IterTime =   1.15s
  Iter 02/15 | Best Z =   94.622 mΩ | IterTime =   1.14s
  Iter 03/15 | Best Z =   94.622 mΩ | IterTime =   1.14s
  Iter 04/15 | Best Z =   94.622 mΩ | IterTime =   1.14s
  Iter 05/15 | Best Z =   94.622 mΩ | IterTime =   1.13s
  Iter 06/15 | Best Z =   94.622 mΩ | IterTime =   1.14s
  Iter 07/15 | Best Z =   94.622 mΩ | IterTime =   1.15s
  Iter 08/15 | Best Z =   94.622 mΩ | IterTime =   1.14s
  Iter 09/15 | Best Z =   94.622 mΩ | IterTime =   1.14s
  Iter 10/15 | Best Z =   94.622 mΩ | IterTime =   1.14s
  Iter 11/15 | Best Z =   94.622 mΩ | IterTime =   1.14s
  Iter 12/15 | Best Z =   94.622 mΩ | IterTime =   1.15s
  Iter 13/15 | Best Z =   94.622 mΩ | IterTime =   1.15s
  Iter 14/15 | Best Z =   94.622 mΩ | IterTime =   1.15s
  Iter 15/15 | Best Z =   94.622 mΩ | IterTime =   1.15s
[Stage Complete] n_caps=1 | Best Z = 94.622 mΩ | Ports = [16] | Time = 17.14s

[Stage] n_caps = 2
  Iter 01/15 | Best Z =   56.801 mΩ | IterTime =   1.18s
  Iter 02/15 | Best Z =   56.801 mΩ | IterTime =   1.18s
  Iter 03/15 | Best Z =   56.801 mΩ | IterTime =   1.17s
  Iter 04/15 | Best Z =   56.801 mΩ | IterTime =   1.17s
  Iter 05/15 | Best Z =   56.801 mΩ | IterTime =   1.17s
  Iter 06/15 | Best Z =   56.801 mΩ | IterTime =   1.17s
  Iter 07/15 | Best Z =   56.801 mΩ | IterTime =   1.17s
  Iter 08/15 | Best Z =   56.801 mΩ | IterTime =   1.18s
  Iter 09/15 | Best Z =   56.801 mΩ | IterTime =   1.17s
  Iter 10/15 | Best Z =   56.801 mΩ | IterTime =   1.18s
  Iter 11/15 | Best Z =   56.801 mΩ | IterTime =   1.17s
  Iter 12/15 | Best Z =   56.801 mΩ | IterTime =   1.17s
  Iter 13/15 | Best Z =   56.801 mΩ | IterTime =   1.17s
  Iter 14/15 | Best Z =   56.801 mΩ | IterTime =   1.17s
  Iter 15/15 | Best Z =   56.801 mΩ | IterTime =   1.17s
[Stage Complete] n_caps=2 | Best Z = 56.801 mΩ | Ports = [0, 15] | Time = 17.61s
Threshold reached — stopping stage growth.

[Run Complete] Total Time = 34.75s
------------------------------------------------------------
solve | Run 07 | n_caps=2 | Z=0.056801 | Time=34.93s

============================================================
RUN 08 | METHOD = SOLVE
============================================================

[Stage] n_caps = 1
  Iter 01/15 | Best Z =  132.491 mΩ | IterTime =   1.15s
  Iter 02/15 | Best Z =  132.491 mΩ | IterTime =   1.15s
  Iter 03/15 | Best Z =  132.491 mΩ | IterTime =   1.15s
  Iter 04/15 | Best Z =  132.491 mΩ | IterTime =   1.15s
  Iter 05/15 | Best Z =  132.491 mΩ | IterTime =   1.14s
  Iter 06/15 | Best Z =  132.491 mΩ | IterTime =   1.14s
  Iter 07/15 | Best Z =  132.491 mΩ | IterTime =   1.14s
  Iter 08/15 | Best Z =  132.491 mΩ | IterTime =   1.14s
  Iter 09/15 | Best Z =  132.491 mΩ | IterTime =   1.15s
  Iter 10/15 | Best Z =  132.491 mΩ | IterTime =   1.15s
  Iter 11/15 | Best Z =  132.491 mΩ | IterTime =   1.14s
  Iter 12/15 | Best Z =  132.491 mΩ | IterTime =   1.15s
  Iter 13/15 | Best Z =  132.491 mΩ | IterTime =   1.14s
  Iter 14/15 | Best Z =  132.491 mΩ | IterTime =   1.14s
  Iter 15/15 | Best Z =  132.491 mΩ | IterTime =   1.14s
[Stage Complete] n_caps=1 | Best Z = 132.491 mΩ | Ports = [15] | Time = 17.17s

[Stage] n_caps = 2
  Iter 01/15 | Best Z =   73.926 mΩ | IterTime =   1.18s
  Iter 02/15 | Best Z =   73.926 mΩ | IterTime =   1.17s
  Iter 03/15 | Best Z =   73.926 mΩ | IterTime =   1.17s
  Iter 04/15 | Best Z =   73.926 mΩ | IterTime =   1.17s
  Iter 05/15 | Best Z =   73.926 mΩ | IterTime =   1.17s
  Iter 06/15 | Best Z =   73.926 mΩ | IterTime =   1.17s
  Iter 07/15 | Best Z =   73.926 mΩ | IterTime =   1.18s
  Iter 08/15 | Best Z =   73.926 mΩ | IterTime =   1.17s
  Iter 09/15 | Best Z =   73.926 mΩ | IterTime =   1.17s
  Iter 10/15 | Best Z =   73.926 mΩ | IterTime =   1.18s
  Iter 11/15 | Best Z =   73.926 mΩ | IterTime =   1.18s
  Iter 12/15 | Best Z =   73.926 mΩ | IterTime =   1.18s
  Iter 13/15 | Best Z =   73.926 mΩ | IterTime =   1.17s
  Iter 14/15 | Best Z =   73.926 mΩ | IterTime =   1.17s
  Iter 15/15 | Best Z =   73.926 mΩ | IterTime =   1.17s
[Stage Complete] n_caps=2 | Best Z = 73.926 mΩ | Ports = [0, 0] | Time = 17.62s

[Stage] n_caps = 3
  Iter 01/15 | Best Z =   69.847 mΩ | IterTime =   1.22s
  Iter 02/15 | Best Z =   69.847 mΩ | IterTime =   1.21s
  Iter 03/15 | Best Z =   69.847 mΩ | IterTime =   1.22s
  Iter 04/15 | Best Z =   69.847 mΩ | IterTime =   1.22s
  Iter 05/15 | Best Z =   69.847 mΩ | IterTime =   1.21s
  Iter 06/15 | Best Z =   69.847 mΩ | IterTime =   1.21s
  Iter 07/15 | Best Z =   69.847 mΩ | IterTime =   1.21s
  Iter 08/15 | Best Z =   69.847 mΩ | IterTime =   1.21s
  Iter 09/15 | Best Z =   69.847 mΩ | IterTime =   1.21s
  Iter 10/15 | Best Z =   69.847 mΩ | IterTime =   1.21s
  Iter 11/15 | Best Z =   69.847 mΩ | IterTime =   1.20s
  Iter 12/15 | Best Z =   69.847 mΩ | IterTime =   1.21s
  Iter 13/15 | Best Z =   69.847 mΩ | IterTime =   1.21s
  Iter 14/15 | Best Z =   69.847 mΩ | IterTime =   1.21s
  Iter 15/15 | Best Z =   69.847 mΩ | IterTime =   1.21s
[Stage Complete] n_caps=3 | Best Z = 69.847 mΩ | Ports = [0, 0, 15] | Time = 18.18s

[Stage] n_caps = 4
  Iter 01/15 | Best Z =   77.938 mΩ | IterTime =   1.25s
  Iter 02/15 | Best Z =   77.938 mΩ | IterTime =   1.24s
  Iter 03/15 | Best Z =   77.938 mΩ | IterTime =   1.24s
  Iter 04/15 | Best Z =   77.938 mΩ | IterTime =   1.24s
  Iter 05/15 | Best Z =   77.938 mΩ | IterTime =   1.24s
  Iter 06/15 | Best Z =   77.938 mΩ | IterTime =   1.23s
  Iter 07/15 | Best Z =   77.938 mΩ | IterTime =   1.24s
  Iter 08/15 | Best Z =   77.938 mΩ | IterTime =   1.23s
  Iter 09/15 | Best Z =   77.938 mΩ | IterTime =   1.23s
  Iter 10/15 | Best Z =   77.938 mΩ | IterTime =   1.23s
  Iter 11/15 | Best Z =   77.938 mΩ | IterTime =   1.24s
  Iter 12/15 | Best Z =   77.938 mΩ | IterTime =   1.23s
  Iter 13/15 | Best Z =   77.938 mΩ | IterTime =   1.24s
  Iter 14/15 | Best Z =   77.938 mΩ | IterTime =   1.24s
  Iter 15/15 | Best Z =   77.938 mΩ | IterTime =   1.24s
[Stage Complete] n_caps=4 | Best Z = 77.938 mΩ | Ports = [0, 15, 14, 5] | Time = 18.56s

[Stage] n_caps = 5
  Iter 01/15 | Best Z =   73.395 mΩ | IterTime =   1.27s
  Iter 02/15 | Best Z =   73.395 mΩ | IterTime =   1.27s
  Iter 03/15 | Best Z =   73.395 mΩ | IterTime =   1.27s
  Iter 04/15 | Best Z =   73.395 mΩ | IterTime =   1.28s
  Iter 05/15 | Best Z =   73.395 mΩ | IterTime =   1.27s
  Iter 06/15 | Best Z =   73.395 mΩ | IterTime =   1.27s
  Iter 07/15 | Best Z =   73.395 mΩ | IterTime =   1.28s
  Iter 08/15 | Best Z =   73.395 mΩ | IterTime =   1.28s
  Iter 09/15 | Best Z =   73.395 mΩ | IterTime =   1.27s
  Iter 10/15 | Best Z =   73.395 mΩ | IterTime =   1.27s
  Iter 11/15 | Best Z =   73.395 mΩ | IterTime =   1.28s
  Iter 12/15 | Best Z =   73.395 mΩ | IterTime =   1.27s
  Iter 13/15 | Best Z =   73.395 mΩ | IterTime =   1.28s
  Iter 14/15 | Best Z =   73.395 mΩ | IterTime =   1.28s
  Iter 15/15 | Best Z =   73.395 mΩ | IterTime =   1.28s
[Stage Complete] n_caps=5 | Best Z = 73.395 mΩ | Ports = [0, 0, 14, 4, 0] | Time = 19.12s

[Stage] n_caps = 6
  Iter 01/15 | Best Z =   73.355 mΩ | IterTime =   1.30s
  Iter 02/15 | Best Z =   73.355 mΩ | IterTime =   1.30s
  Iter 03/15 | Best Z =   73.355 mΩ | IterTime =   1.30s
  Iter 04/15 | Best Z =   73.355 mΩ | IterTime =   1.29s
  Iter 05/15 | Best Z =   73.355 mΩ | IterTime =   1.30s
  Iter 06/15 | Best Z =   73.355 mΩ | IterTime =   1.29s
  Iter 07/15 | Best Z =   73.355 mΩ | IterTime =   1.30s
  Iter 08/15 | Best Z =   73.355 mΩ | IterTime =   1.29s
  Iter 09/15 | Best Z =   73.355 mΩ | IterTime =   1.30s
  Iter 10/15 | Best Z =   73.355 mΩ | IterTime =   1.29s
  Iter 11/15 | Best Z =   73.355 mΩ | IterTime =   1.30s
  Iter 12/15 | Best Z =   73.355 mΩ | IterTime =   1.29s
  Iter 13/15 | Best Z =   73.355 mΩ | IterTime =   1.30s
  Iter 14/15 | Best Z =   73.355 mΩ | IterTime =   1.29s
  Iter 15/15 | Best Z =   73.355 mΩ | IterTime =   1.30s
[Stage Complete] n_caps=6 | Best Z = 73.355 mΩ | Ports = [0, 14, 4, 0, 9, 14] | Time = 19.45s

[Stage] n_caps = 7
  Iter 01/15 | Best Z =   76.795 mΩ | IterTime =   1.33s
  Iter 02/15 | Best Z =   76.795 mΩ | IterTime =   1.33s
  Iter 03/15 | Best Z =   76.795 mΩ | IterTime =   1.33s
  Iter 04/15 | Best Z =   76.795 mΩ | IterTime =   1.32s
  Iter 05/15 | Best Z =   76.795 mΩ | IterTime =   1.32s
  Iter 06/15 | Best Z =   76.795 mΩ | IterTime =   1.33s
  Iter 07/15 | Best Z =   76.795 mΩ | IterTime =   1.32s
  Iter 08/15 | Best Z =   76.795 mΩ | IterTime =   1.33s
  Iter 09/15 | Best Z =   76.795 mΩ | IterTime =   1.33s
  Iter 10/15 | Best Z =   76.795 mΩ | IterTime =   1.32s
  Iter 11/15 | Best Z =   76.795 mΩ | IterTime =   1.33s
  Iter 12/15 | Best Z =   76.795 mΩ | IterTime =   1.33s
  Iter 13/15 | Best Z =   76.795 mΩ | IterTime =   1.32s
  Iter 14/15 | Best Z =   76.795 mΩ | IterTime =   1.33s
  Iter 15/15 | Best Z =   76.795 mΩ | IterTime =   1.33s
[Stage Complete] n_caps=7 | Best Z = 76.795 mΩ | Ports = [1, 14, 1, 16, 9, 10, 8] | Time = 19.89s

[Stage] n_caps = 8
  Iter 01/15 | Best Z =   63.081 mΩ | IterTime =   1.36s
  Iter 02/15 | Best Z =   63.081 mΩ | IterTime =   1.35s
  Iter 03/15 | Best Z =   63.081 mΩ | IterTime =   1.36s
  Iter 04/15 | Best Z =   63.081 mΩ | IterTime =   1.35s
  Iter 05/15 | Best Z =   63.081 mΩ | IterTime =   1.36s
  Iter 06/15 | Best Z =   63.081 mΩ | IterTime =   1.36s
  Iter 07/15 | Best Z =   63.081 mΩ | IterTime =   1.35s
  Iter 08/15 | Best Z =   63.081 mΩ | IterTime =   1.36s
  Iter 09/15 | Best Z =   63.081 mΩ | IterTime =   1.36s
  Iter 10/15 | Best Z =   63.081 mΩ | IterTime =   1.36s
  Iter 11/15 | Best Z =   63.081 mΩ | IterTime =   1.36s
  Iter 12/15 | Best Z =   63.081 mΩ | IterTime =   1.36s
  Iter 13/15 | Best Z =   63.081 mΩ | IterTime =   1.35s
  Iter 14/15 | Best Z =   63.081 mΩ | IterTime =   1.35s
  Iter 15/15 | Best Z =   63.081 mΩ | IterTime =   1.36s
[Stage Complete] n_caps=8 | Best Z = 63.081 mΩ | Ports = [14, 1, 16, 9, 10, 8, 0, 15] | Time = 20.35s

[Stage] n_caps = 9
  Iter 01/15 | Best Z =   57.629 mΩ | IterTime =   1.39s
  Iter 02/15 | Best Z =   57.629 mΩ | IterTime =   1.39s
  Iter 03/15 | Best Z =   57.629 mΩ | IterTime =   1.37s
  Iter 04/15 | Best Z =   57.629 mΩ | IterTime =   1.39s
  Iter 05/15 | Best Z =   57.629 mΩ | IterTime =   1.39s
  Iter 06/15 | Best Z =   57.629 mΩ | IterTime =   1.39s
  Iter 07/15 | Best Z =   57.629 mΩ | IterTime =   1.39s
  Iter 08/15 | Best Z =   57.629 mΩ | IterTime =   1.39s
  Iter 09/15 | Best Z =   57.629 mΩ | IterTime =   1.38s
  Iter 10/15 | Best Z =   57.629 mΩ | IterTime =   1.39s
  Iter 11/15 | Best Z =   57.629 mΩ | IterTime =   1.39s
  Iter 12/15 | Best Z =   57.629 mΩ | IterTime =   1.39s
  Iter 13/15 | Best Z =   57.629 mΩ | IterTime =   1.39s
  Iter 14/15 | Best Z =   57.629 mΩ | IterTime =   1.39s
  Iter 15/15 | Best Z =   57.629 mΩ | IterTime =   1.39s
[Stage Complete] n_caps=9 | Best Z = 57.629 mΩ | Ports = [7, 18, 0, 0, 0, 13, 7, 0, 13] | Time = 20.82s
Threshold reached — stopping stage growth.

[Run Complete] Total Time = 171.17s
------------------------------------------------------------
solve | Run 08 | n_caps=9 | Z=0.057629 | Time=171.38s

============================================================
RUN 09 | METHOD = SOLVE
============================================================

[Stage] n_caps = 1
  Iter 01/15 | Best Z =  119.334 mΩ | IterTime =   1.14s
  Iter 02/15 | Best Z =  119.334 mΩ | IterTime =   1.14s
  Iter 03/15 | Best Z =  119.334 mΩ | IterTime =   1.15s
  Iter 04/15 | Best Z =  119.334 mΩ | IterTime =   1.14s
  Iter 05/15 | Best Z =  119.334 mΩ | IterTime =   1.14s
  Iter 06/15 | Best Z =  119.334 mΩ | IterTime =   1.14s
  Iter 07/15 | Best Z =  119.334 mΩ | IterTime =   1.14s
  Iter 08/15 | Best Z =  119.334 mΩ | IterTime =   1.14s
  Iter 09/15 | Best Z =  119.334 mΩ | IterTime =   1.14s
  Iter 10/15 | Best Z =  119.334 mΩ | IterTime =   1.14s
  Iter 11/15 | Best Z =  119.334 mΩ | IterTime =   1.15s
  Iter 12/15 | Best Z =  119.334 mΩ | IterTime =   1.18s
  Iter 13/15 | Best Z =  119.334 mΩ | IterTime =   1.14s
  Iter 14/15 | Best Z =  119.334 mΩ | IterTime =   1.14s
  Iter 15/15 | Best Z =  119.334 mΩ | IterTime =   1.14s
[Stage Complete] n_caps=1 | Best Z = 119.334 mΩ | Ports = [0] | Time = 17.18s

[Stage] n_caps = 2
  Iter 01/15 | Best Z =  102.966 mΩ | IterTime =   1.22s
  Iter 02/15 | Best Z =  102.966 mΩ | IterTime =   1.18s
  Iter 03/15 | Best Z =  102.966 mΩ | IterTime =   1.17s
  Iter 04/15 | Best Z =  102.966 mΩ | IterTime =   1.18s
  Iter 05/15 | Best Z =  102.966 mΩ | IterTime =   1.17s
  Iter 06/15 | Best Z =  102.966 mΩ | IterTime =   1.17s
  Iter 07/15 | Best Z =  102.966 mΩ | IterTime =   1.18s
  Iter 08/15 | Best Z =  102.966 mΩ | IterTime =   1.17s
  Iter 09/15 | Best Z =  102.966 mΩ | IterTime =   1.17s
  Iter 10/15 | Best Z =  102.966 mΩ | IterTime =   1.17s
  Iter 11/15 | Best Z =  102.966 mΩ | IterTime =   1.18s
  Iter 12/15 | Best Z =  102.966 mΩ | IterTime =   1.17s
  Iter 13/15 | Best Z =  102.966 mΩ | IterTime =   1.17s
  Iter 14/15 | Best Z =  102.966 mΩ | IterTime =   1.18s
  Iter 15/15 | Best Z =  102.966 mΩ | IterTime =   1.17s
[Stage Complete] n_caps=2 | Best Z = 102.966 mΩ | Ports = [15, 5] | Time = 17.65s

[Stage] n_caps = 3
  Iter 01/15 | Best Z =   90.576 mΩ | IterTime =   1.21s
  Iter 02/15 | Best Z =   90.576 mΩ | IterTime =   1.21s
  Iter 03/15 | Best Z =   90.576 mΩ | IterTime =   1.20s
  Iter 04/15 | Best Z =   90.576 mΩ | IterTime =   1.20s
  Iter 05/15 | Best Z =   90.576 mΩ | IterTime =   1.20s
  Iter 06/15 | Best Z =   90.576 mΩ | IterTime =   1.21s
  Iter 07/15 | Best Z =   90.576 mΩ | IterTime =   1.21s
  Iter 08/15 | Best Z =   90.576 mΩ | IterTime =   1.21s
  Iter 09/15 | Best Z =   90.576 mΩ | IterTime =   1.20s
  Iter 10/15 | Best Z =   90.576 mΩ | IterTime =   1.21s
  Iter 11/15 | Best Z =   90.576 mΩ | IterTime =   1.20s
  Iter 12/15 | Best Z =   90.576 mΩ | IterTime =   1.21s
  Iter 13/15 | Best Z =   90.576 mΩ | IterTime =   1.20s
  Iter 14/15 | Best Z =   90.576 mΩ | IterTime =   1.20s
  Iter 15/15 | Best Z =   90.576 mΩ | IterTime =   1.20s
[Stage Complete] n_caps=3 | Best Z = 90.576 mΩ | Ports = [5, 13, 0] | Time = 18.07s

[Stage] n_caps = 4
  Iter 01/15 | Best Z =   69.577 mΩ | IterTime =   1.23s
  Iter 02/15 | Best Z =   69.577 mΩ | IterTime =   1.23s
  Iter 03/15 | Best Z =   69.577 mΩ | IterTime =   1.23s
  Iter 04/15 | Best Z =   69.577 mΩ | IterTime =   1.22s
  Iter 05/15 | Best Z =   69.577 mΩ | IterTime =   1.23s
  Iter 06/15 | Best Z =   69.577 mΩ | IterTime =   1.22s
  Iter 07/15 | Best Z =   69.577 mΩ | IterTime =   1.23s
  Iter 08/15 | Best Z =   69.577 mΩ | IterTime =   1.24s
  Iter 09/15 | Best Z =   69.577 mΩ | IterTime =   1.23s
  Iter 10/15 | Best Z =   69.577 mΩ | IterTime =   1.23s
  Iter 11/15 | Best Z =   69.577 mΩ | IterTime =   1.23s
  Iter 12/15 | Best Z =   69.577 mΩ | IterTime =   1.23s
  Iter 13/15 | Best Z =   69.577 mΩ | IterTime =   1.23s
  Iter 14/15 | Best Z =   69.577 mΩ | IterTime =   1.23s
  Iter 15/15 | Best Z =   69.577 mΩ | IterTime =   1.23s
[Stage Complete] n_caps=4 | Best Z = 69.577 mΩ | Ports = [0, 15, 2, 0] | Time = 18.43s

[Stage] n_caps = 5
  Iter 01/15 | Best Z =   81.443 mΩ | IterTime =   1.26s
  Iter 02/15 | Best Z =   81.443 mΩ | IterTime =   1.26s
  Iter 03/15 | Best Z =   81.443 mΩ | IterTime =   1.26s
  Iter 04/15 | Best Z =   81.443 mΩ | IterTime =   1.25s
  Iter 05/15 | Best Z =   81.443 mΩ | IterTime =   1.25s
  Iter 06/15 | Best Z =   81.443 mΩ | IterTime =   1.25s
  Iter 07/15 | Best Z =   81.443 mΩ | IterTime =   1.26s
  Iter 08/15 | Best Z =   81.443 mΩ | IterTime =   1.25s
  Iter 09/15 | Best Z =   81.443 mΩ | IterTime =   1.26s
  Iter 10/15 | Best Z =   81.443 mΩ | IterTime =   1.26s
  Iter 11/15 | Best Z =   81.443 mΩ | IterTime =   1.27s
  Iter 12/15 | Best Z =   81.443 mΩ | IterTime =   1.26s
  Iter 13/15 | Best Z =   81.443 mΩ | IterTime =   1.26s
  Iter 14/15 | Best Z =   81.443 mΩ | IterTime =   1.26s
  Iter 15/15 | Best Z =   81.443 mΩ | IterTime =   1.27s
[Stage Complete] n_caps=5 | Best Z = 81.443 mΩ | Ports = [9, 15, 17, 13, 10] | Time = 18.86s

[Stage] n_caps = 6
  Iter 01/15 | Best Z =   71.783 mΩ | IterTime =   1.29s
  Iter 02/15 | Best Z =   71.783 mΩ | IterTime =   1.29s
  Iter 03/15 | Best Z =   71.783 mΩ | IterTime =   1.29s
  Iter 04/15 | Best Z =   71.783 mΩ | IterTime =   1.29s
  Iter 05/15 | Best Z =   71.783 mΩ | IterTime =   1.30s
  Iter 06/15 | Best Z =   71.783 mΩ | IterTime =   1.29s
  Iter 07/15 | Best Z =   71.783 mΩ | IterTime =   1.30s
  Iter 08/15 | Best Z =   71.783 mΩ | IterTime =   1.29s
  Iter 09/15 | Best Z =   71.783 mΩ | IterTime =   1.30s
  Iter 10/15 | Best Z =   71.783 mΩ | IterTime =   1.30s
  Iter 11/15 | Best Z =   71.783 mΩ | IterTime =   1.30s
  Iter 12/15 | Best Z =   71.783 mΩ | IterTime =   1.30s
  Iter 13/15 | Best Z =   71.783 mΩ | IterTime =   1.31s
  Iter 14/15 | Best Z =   71.783 mΩ | IterTime =   1.29s
  Iter 15/15 | Best Z =   71.783 mΩ | IterTime =   1.31s
[Stage Complete] n_caps=6 | Best Z = 71.783 mΩ | Ports = [15, 17, 13, 10, 0, 9] | Time = 19.44s

[Stage] n_caps = 7
  Iter 01/15 | Best Z =   65.975 mΩ | IterTime =   1.33s
  Iter 02/15 | Best Z =   65.975 mΩ | IterTime =   1.32s
  Iter 03/15 | Best Z =   65.975 mΩ | IterTime =   1.32s
  Iter 04/15 | Best Z =   65.975 mΩ | IterTime =   1.32s
  Iter 05/15 | Best Z =   65.975 mΩ | IterTime =   1.33s
  Iter 06/15 | Best Z =   65.975 mΩ | IterTime =   1.33s
  Iter 07/15 | Best Z =   65.975 mΩ | IterTime =   1.32s
  Iter 08/15 | Best Z =   65.975 mΩ | IterTime =   1.32s
  Iter 09/15 | Best Z =   65.975 mΩ | IterTime =   1.32s
  Iter 10/15 | Best Z =   65.975 mΩ | IterTime =   1.32s
  Iter 11/15 | Best Z =   65.975 mΩ | IterTime =   1.32s
  Iter 12/15 | Best Z =   65.975 mΩ | IterTime =   1.32s
  Iter 13/15 | Best Z =   65.975 mΩ | IterTime =   1.32s
  Iter 14/15 | Best Z =   65.975 mΩ | IterTime =   1.32s
  Iter 15/15 | Best Z =   65.975 mΩ | IterTime =   1.32s
[Stage Complete] n_caps=7 | Best Z = 65.975 mΩ | Ports = [7, 4, 19, 10, 3, 16, 0] | Time = 19.83s

[Stage] n_caps = 8
  Iter 01/15 | Best Z =   58.710 mΩ | IterTime =   1.36s
  Iter 02/15 | Best Z =   58.710 mΩ | IterTime =   1.35s
  Iter 03/15 | Best Z =   58.710 mΩ | IterTime =   1.36s
  Iter 04/15 | Best Z =   58.710 mΩ | IterTime =   1.35s
  Iter 05/15 | Best Z =   58.710 mΩ | IterTime =   1.36s
  Iter 06/15 | Best Z =   58.710 mΩ | IterTime =   1.36s
  Iter 07/15 | Best Z =   58.710 mΩ | IterTime =   1.36s
  Iter 08/15 | Best Z =   58.710 mΩ | IterTime =   1.36s
  Iter 09/15 | Best Z =   58.710 mΩ | IterTime =   1.35s
  Iter 10/15 | Best Z =   58.710 mΩ | IterTime =   1.35s
  Iter 11/15 | Best Z =   58.710 mΩ | IterTime =   1.36s
  Iter 12/15 | Best Z =   58.710 mΩ | IterTime =   1.35s
  Iter 13/15 | Best Z =   58.710 mΩ | IterTime =   1.35s
  Iter 14/15 | Best Z =   58.710 mΩ | IterTime =   1.36s
  Iter 15/15 | Best Z =   58.710 mΩ | IterTime =   1.35s
[Stage Complete] n_caps=8 | Best Z = 58.710 mΩ | Ports = [4, 19, 10, 3, 16, 0, 0, 13] | Time = 20.33s
Threshold reached — stopping stage growth.

[Run Complete] Total Time = 149.81s
------------------------------------------------------------
solve | Run 09 | n_caps=8 | Z=0.058710 | Time=150.02s

============================================================
RUN 10 | METHOD = SOLVE
============================================================

[Stage] n_caps = 1
  Iter 01/15 | Best Z =  133.127 mΩ | IterTime =   1.15s
  Iter 02/15 | Best Z =  133.127 mΩ | IterTime =   1.14s
  Iter 03/15 | Best Z =  133.127 mΩ | IterTime =   1.14s
  Iter 04/15 | Best Z =  133.127 mΩ | IterTime =   1.14s
  Iter 05/15 | Best Z =  133.127 mΩ | IterTime =   1.14s
  Iter 06/15 | Best Z =  133.127 mΩ | IterTime =   1.14s
  Iter 07/15 | Best Z =  133.127 mΩ | IterTime =   1.14s
  Iter 08/15 | Best Z =  133.127 mΩ | IterTime =   1.14s
  Iter 09/15 | Best Z =  133.127 mΩ | IterTime =   1.14s
  Iter 10/15 | Best Z =  133.127 mΩ | IterTime =   1.14s
  Iter 11/15 | Best Z =  133.127 mΩ | IterTime =   1.14s
  Iter 12/15 | Best Z =  133.127 mΩ | IterTime =   1.14s
  Iter 13/15 | Best Z =  133.127 mΩ | IterTime =   1.14s
  Iter 14/15 | Best Z =  133.127 mΩ | IterTime =   1.14s
  Iter 15/15 | Best Z =  133.127 mΩ | IterTime =   1.14s
[Stage Complete] n_caps=1 | Best Z = 133.127 mΩ | Ports = [15] | Time = 17.10s

[Stage] n_caps = 2
  Iter 01/15 | Best Z =   85.839 mΩ | IterTime =   1.17s
  Iter 02/15 | Best Z =   85.839 mΩ | IterTime =   1.17s
  Iter 03/15 | Best Z =   85.839 mΩ | IterTime =   1.17s
  Iter 04/15 | Best Z =   85.839 mΩ | IterTime =   1.17s
  Iter 05/15 | Best Z =   85.839 mΩ | IterTime =   1.17s
  Iter 06/15 | Best Z =   85.839 mΩ | IterTime =   1.17s
  Iter 07/15 | Best Z =   85.839 mΩ | IterTime =   1.17s
  Iter 08/15 | Best Z =   85.839 mΩ | IterTime =   1.17s
  Iter 09/15 | Best Z =   85.839 mΩ | IterTime =   1.17s
  Iter 10/15 | Best Z =   85.839 mΩ | IterTime =   1.17s
  Iter 11/15 | Best Z =   85.839 mΩ | IterTime =   1.17s
  Iter 12/15 | Best Z =   85.839 mΩ | IterTime =   1.17s
  Iter 13/15 | Best Z =   85.839 mΩ | IterTime =   1.17s
  Iter 14/15 | Best Z =   85.839 mΩ | IterTime =   1.17s
  Iter 15/15 | Best Z =   85.839 mΩ | IterTime =   1.17s
[Stage Complete] n_caps=2 | Best Z = 85.839 mΩ | Ports = [0, 6] | Time = 17.55s

[Stage] n_caps = 3
  Iter 01/15 | Best Z =   84.563 mΩ | IterTime =   1.20s
  Iter 02/15 | Best Z =   84.563 mΩ | IterTime =   1.20s
  Iter 03/15 | Best Z =   84.563 mΩ | IterTime =   1.20s
  Iter 04/15 | Best Z =   84.563 mΩ | IterTime =   1.19s
  Iter 05/15 | Best Z =   84.563 mΩ | IterTime =   1.20s
  Iter 06/15 | Best Z =   84.563 mΩ | IterTime =   1.20s
  Iter 07/15 | Best Z =   84.563 mΩ | IterTime =   1.20s
  Iter 08/15 | Best Z =   84.563 mΩ | IterTime =   1.20s
  Iter 09/15 | Best Z =   84.563 mΩ | IterTime =   1.20s
  Iter 10/15 | Best Z =   84.563 mΩ | IterTime =   1.20s
  Iter 11/15 | Best Z =   84.563 mΩ | IterTime =   1.20s
  Iter 12/15 | Best Z =   84.563 mΩ | IterTime =   1.20s
  Iter 13/15 | Best Z =   84.563 mΩ | IterTime =   1.20s
  Iter 14/15 | Best Z =   84.563 mΩ | IterTime =   1.20s
  Iter 15/15 | Best Z =   84.563 mΩ | IterTime =   1.20s
[Stage Complete] n_caps=3 | Best Z = 84.563 mΩ | Ports = [3, 0, 0] | Time = 18.00s

[Stage] n_caps = 4
  Iter 01/15 | Best Z =   66.432 mΩ | IterTime =   1.24s
  Iter 02/15 | Best Z =   66.432 mΩ | IterTime =   1.23s
  Iter 03/15 | Best Z =   66.432 mΩ | IterTime =   1.22s
  Iter 04/15 | Best Z =   66.432 mΩ | IterTime =   1.23s
  Iter 05/15 | Best Z =   66.432 mΩ | IterTime =   1.23s
  Iter 06/15 | Best Z =   66.432 mΩ | IterTime =   1.23s
  Iter 07/15 | Best Z =   66.432 mΩ | IterTime =   1.23s
  Iter 08/15 | Best Z =   66.432 mΩ | IterTime =   1.23s
  Iter 09/15 | Best Z =   66.432 mΩ | IterTime =   1.24s
  Iter 10/15 | Best Z =   66.432 mΩ | IterTime =   1.24s
  Iter 11/15 | Best Z =   66.432 mΩ | IterTime =   1.23s
  Iter 12/15 | Best Z =   66.432 mΩ | IterTime =   1.23s
  Iter 13/15 | Best Z =   66.432 mΩ | IterTime =   1.23s
  Iter 14/15 | Best Z =   66.432 mΩ | IterTime =   1.23s
  Iter 15/15 | Best Z =   66.432 mΩ | IterTime =   1.23s
[Stage Complete] n_caps=4 | Best Z = 66.432 mΩ | Ports = [0, 0, 0, 5] | Time = 18.47s

[Stage] n_caps = 5
  Iter 01/15 | Best Z =   66.556 mΩ | IterTime =   1.26s
  Iter 02/15 | Best Z =   66.556 mΩ | IterTime =   1.27s
  Iter 03/15 | Best Z =   66.556 mΩ | IterTime =   1.26s
  Iter 04/15 | Best Z =   66.556 mΩ | IterTime =   1.27s
  Iter 05/15 | Best Z =   66.556 mΩ | IterTime =   1.26s
  Iter 06/15 | Best Z =   66.556 mΩ | IterTime =   1.26s
  Iter 07/15 | Best Z =   66.556 mΩ | IterTime =   1.27s
  Iter 08/15 | Best Z =   66.556 mΩ | IterTime =   1.26s
  Iter 09/15 | Best Z =   66.556 mΩ | IterTime =   1.26s
  Iter 10/15 | Best Z =   66.556 mΩ | IterTime =   1.26s
  Iter 11/15 | Best Z =   66.556 mΩ | IterTime =   1.26s
  Iter 12/15 | Best Z =   66.556 mΩ | IterTime =   1.26s
  Iter 13/15 | Best Z =   66.556 mΩ | IterTime =   1.26s
  Iter 14/15 | Best Z =   66.556 mΩ | IterTime =   1.26s
  Iter 15/15 | Best Z =   66.556 mΩ | IterTime =   1.26s
[Stage Complete] n_caps=5 | Best Z = 66.556 mΩ | Ports = [0, 0, 5, 0, 11] | Time = 18.96s

[Stage] n_caps = 6
  Iter 01/15 | Best Z =   68.943 mΩ | IterTime =   1.30s
  Iter 02/15 | Best Z =   68.943 mΩ | IterTime =   1.30s
  Iter 03/15 | Best Z =   68.943 mΩ | IterTime =   1.30s
  Iter 04/15 | Best Z =   68.943 mΩ | IterTime =   1.30s
  Iter 05/15 | Best Z =   68.943 mΩ | IterTime =   1.30s
  Iter 06/15 | Best Z =   68.943 mΩ | IterTime =   1.30s
  Iter 07/15 | Best Z =   68.943 mΩ | IterTime =   1.30s
  Iter 08/15 | Best Z =   68.943 mΩ | IterTime =   1.30s
  Iter 09/15 | Best Z =   68.943 mΩ | IterTime =   1.30s
  Iter 10/15 | Best Z =   68.943 mΩ | IterTime =   1.30s
  Iter 11/15 | Best Z =   68.943 mΩ | IterTime =   1.30s
  Iter 12/15 | Best Z =   68.943 mΩ | IterTime =   1.30s
  Iter 13/15 | Best Z =   68.943 mΩ | IterTime =   1.30s
  Iter 14/15 | Best Z =   68.943 mΩ | IterTime =   1.30s
  Iter 15/15 | Best Z =   68.943 mΩ | IterTime =   1.30s
[Stage Complete] n_caps=6 | Best Z = 68.943 mΩ | Ports = [0, 19, 0, 5, 19, 6] | Time = 19.49s

[Stage] n_caps = 7
  Iter 01/15 | Best Z =   70.405 mΩ | IterTime =   1.32s
  Iter 02/15 | Best Z =   70.405 mΩ | IterTime =   1.32s
  Iter 03/15 | Best Z =   70.405 mΩ | IterTime =   1.32s
  Iter 04/15 | Best Z =   70.405 mΩ | IterTime =   1.32s
  Iter 05/15 | Best Z =   70.405 mΩ | IterTime =   1.32s
  Iter 06/15 | Best Z =   70.405 mΩ | IterTime =   1.33s
  Iter 07/15 | Best Z =   70.405 mΩ | IterTime =   1.33s
  Iter 08/15 | Best Z =   70.405 mΩ | IterTime =   1.33s
  Iter 09/15 | Best Z =   70.405 mΩ | IterTime =   1.32s
  Iter 10/15 | Best Z =   70.405 mΩ | IterTime =   1.32s
  Iter 11/15 | Best Z =   70.405 mΩ | IterTime =   1.32s
  Iter 12/15 | Best Z =   70.405 mΩ | IterTime =   1.32s
  Iter 13/15 | Best Z =   70.405 mΩ | IterTime =   1.32s
  Iter 14/15 | Best Z =   70.405 mΩ | IterTime =   1.32s
  Iter 15/15 | Best Z =   70.405 mΩ | IterTime =   1.32s
[Stage Complete] n_caps=7 | Best Z = 70.405 mΩ | Ports = [14, 16, 6, 18, 2, 6, 0] | Time = 19.84s

[Stage] n_caps = 8
  Iter 01/15 | Best Z =   70.802 mΩ | IterTime =   1.36s
  Iter 02/15 | Best Z =   70.802 mΩ | IterTime =   1.36s
  Iter 03/15 | Best Z =   70.802 mΩ | IterTime =   1.36s
  Iter 04/15 | Best Z =   70.802 mΩ | IterTime =   1.36s
  Iter 05/15 | Best Z =   70.802 mΩ | IterTime =   1.36s
  Iter 06/15 | Best Z =   70.802 mΩ | IterTime =   1.35s
  Iter 07/15 | Best Z =   70.802 mΩ | IterTime =   1.35s
  Iter 08/15 | Best Z =   70.802 mΩ | IterTime =   1.36s
  Iter 09/15 | Best Z =   70.802 mΩ | IterTime =   1.36s
  Iter 10/15 | Best Z =   70.802 mΩ | IterTime =   1.35s
  Iter 11/15 | Best Z =   70.802 mΩ | IterTime =   1.36s
  Iter 12/15 | Best Z =   70.802 mΩ | IterTime =   1.36s
  Iter 13/15 | Best Z =   70.802 mΩ | IterTime =   1.36s
  Iter 14/15 | Best Z =   70.802 mΩ | IterTime =   1.36s
  Iter 15/15 | Best Z =   70.802 mΩ | IterTime =   1.35s
[Stage Complete] n_caps=8 | Best Z = 70.802 mΩ | Ports = [18, 15, 16, 0, 10, 12, 0, 16] | Time = 20.35s

[Stage] n_caps = 9
  Iter 01/15 | Best Z =   60.687 mΩ | IterTime =   1.39s
  Iter 02/15 | Best Z =   60.687 mΩ | IterTime =   1.38s
  Iter 03/15 | Best Z =   60.687 mΩ | IterTime =   1.39s
  Iter 04/15 | Best Z =   60.687 mΩ | IterTime =   1.37s
  Iter 05/15 | Best Z =   60.687 mΩ | IterTime =   1.38s
  Iter 06/15 | Best Z =   60.687 mΩ | IterTime =   1.39s
  Iter 07/15 | Best Z =   60.687 mΩ | IterTime =   1.38s
  Iter 08/15 | Best Z =   60.687 mΩ | IterTime =   1.39s
  Iter 09/15 | Best Z =   60.687 mΩ | IterTime =   1.39s
  Iter 10/15 | Best Z =   60.687 mΩ | IterTime =   1.38s
  Iter 11/15 | Best Z =   60.687 mΩ | IterTime =   1.38s
  Iter 12/15 | Best Z =   60.687 mΩ | IterTime =   1.39s
  Iter 13/15 | Best Z =   60.687 mΩ | IterTime =   1.39s
  Iter 14/15 | Best Z =   60.687 mΩ | IterTime =   1.39s
  Iter 15/15 | Best Z =   60.687 mΩ | IterTime =   1.39s
[Stage Complete] n_caps=9 | Best Z = 60.687 mΩ | Ports = [8, 0, 1, 18, 0, 7, 16, 4, 6] | Time = 20.78s

[Stage] n_caps = 10
  Iter 01/15 | Best Z =   50.470 mΩ | IterTime =   1.41s
  Iter 02/15 | Best Z =   50.470 mΩ | IterTime =   1.41s
  Iter 03/15 | Best Z =   50.470 mΩ | IterTime =   1.40s
  Iter 04/15 | Best Z =   50.470 mΩ | IterTime =   1.41s
  Iter 05/15 | Best Z =   50.470 mΩ | IterTime =   1.41s
  Iter 06/15 | Best Z =   50.470 mΩ | IterTime =   1.41s
  Iter 07/15 | Best Z =   50.470 mΩ | IterTime =   1.41s
  Iter 08/15 | Best Z =   50.470 mΩ | IterTime =   1.41s
  Iter 09/15 | Best Z =   50.470 mΩ | IterTime =   1.41s
  Iter 10/15 | Best Z =   50.470 mΩ | IterTime =   1.41s
  Iter 11/15 | Best Z =   50.470 mΩ | IterTime =   1.41s
  Iter 12/15 | Best Z =   50.470 mΩ | IterTime =   1.41s
  Iter 13/15 | Best Z =   50.470 mΩ | IterTime =   1.41s
  Iter 14/15 | Best Z =   50.470 mΩ | IterTime =   1.41s
  Iter 15/15 | Best Z =   50.470 mΩ | IterTime =   1.41s
[Stage Complete] n_caps=10 | Best Z = 50.470 mΩ | Ports = [0, 1, 18, 0, 7, 16, 4, 6, 8, 0] | Time = 21.12s
Threshold reached — stopping stage growth.

[Run Complete] Total Time = 191.67s
------------------------------------------------------------
solve | Run 10 | n_caps=10 | Z=0.050470 | Time=191.88s

============================================================
RUN 11 | METHOD = SOLVE
============================================================

[Stage] n_caps = 1
  Iter 01/15 | Best Z =  116.554 mΩ | IterTime =   1.14s
  Iter 02/15 | Best Z =  116.554 mΩ | IterTime =   1.14s
  Iter 03/15 | Best Z =  116.554 mΩ | IterTime =   1.14s
  Iter 04/15 | Best Z =  116.554 mΩ | IterTime =   1.14s
  Iter 05/15 | Best Z =  116.554 mΩ | IterTime =   1.13s
  Iter 06/15 | Best Z =  116.554 mΩ | IterTime =   1.14s
  Iter 07/15 | Best Z =  116.554 mΩ | IterTime =   1.14s
  Iter 08/15 | Best Z =  116.554 mΩ | IterTime =   1.14s
  Iter 09/15 | Best Z =  116.554 mΩ | IterTime =   1.13s
  Iter 10/15 | Best Z =  116.554 mΩ | IterTime =   1.13s
  Iter 11/15 | Best Z =  116.554 mΩ | IterTime =   1.13s
  Iter 12/15 | Best Z =  116.554 mΩ | IterTime =   1.14s
  Iter 13/15 | Best Z =  116.554 mΩ | IterTime =   1.13s
  Iter 14/15 | Best Z =  116.554 mΩ | IterTime =   1.14s
  Iter 15/15 | Best Z =  116.554 mΩ | IterTime =   1.14s
[Stage Complete] n_caps=1 | Best Z = 116.554 mΩ | Ports = [7] | Time = 17.04s

[Stage] n_caps = 2
  Iter 01/15 | Best Z =   91.774 mΩ | IterTime =   1.17s
  Iter 02/15 | Best Z =   91.774 mΩ | IterTime =   1.18s
  Iter 03/15 | Best Z =   91.774 mΩ | IterTime =   1.17s
  Iter 04/15 | Best Z =   91.774 mΩ | IterTime =   1.18s
  Iter 05/15 | Best Z =   91.774 mΩ | IterTime =   1.17s
  Iter 06/15 | Best Z =   91.774 mΩ | IterTime =   1.17s
  Iter 07/15 | Best Z =   91.774 mΩ | IterTime =   1.17s
  Iter 08/15 | Best Z =   91.774 mΩ | IterTime =   1.18s
  Iter 09/15 | Best Z =   91.774 mΩ | IterTime =   1.17s
  Iter 10/15 | Best Z =   91.774 mΩ | IterTime =   1.18s
  Iter 11/15 | Best Z =   91.774 mΩ | IterTime =   1.17s
  Iter 12/15 | Best Z =   91.774 mΩ | IterTime =   1.17s
  Iter 13/15 | Best Z =   91.774 mΩ | IterTime =   1.17s
  Iter 14/15 | Best Z =   91.774 mΩ | IterTime =   1.17s
  Iter 15/15 | Best Z =   91.774 mΩ | IterTime =   1.16s
[Stage Complete] n_caps=2 | Best Z = 91.774 mΩ | Ports = [5, 15] | Time = 17.58s

[Stage] n_caps = 3
  Iter 01/15 | Best Z =   81.713 mΩ | IterTime =   1.22s
  Iter 02/15 | Best Z =   81.713 mΩ | IterTime =   1.21s
  Iter 03/15 | Best Z =   81.713 mΩ | IterTime =   1.21s
  Iter 04/15 | Best Z =   81.713 mΩ | IterTime =   1.21s
  Iter 05/15 | Best Z =   81.713 mΩ | IterTime =   1.20s
  Iter 06/15 | Best Z =   81.713 mΩ | IterTime =   1.20s
  Iter 07/15 | Best Z =   81.713 mΩ | IterTime =   1.20s
  Iter 08/15 | Best Z =   81.713 mΩ | IterTime =   1.20s
  Iter 09/15 | Best Z =   81.713 mΩ | IterTime =   1.20s
  Iter 10/15 | Best Z =   81.713 mΩ | IterTime =   1.21s
  Iter 11/15 | Best Z =   81.713 mΩ | IterTime =   1.20s
  Iter 12/15 | Best Z =   81.713 mΩ | IterTime =   1.20s
  Iter 13/15 | Best Z =   81.713 mΩ | IterTime =   1.20s
  Iter 14/15 | Best Z =   81.713 mΩ | IterTime =   1.20s
  Iter 15/15 | Best Z =   81.713 mΩ | IterTime =   1.21s
[Stage Complete] n_caps=3 | Best Z = 81.713 mΩ | Ports = [15, 5, 10] | Time = 18.08s

[Stage] n_caps = 4
  Iter 01/15 | Best Z =   75.140 mΩ | IterTime =   1.24s
  Iter 02/15 | Best Z =   75.140 mΩ | IterTime =   1.23s
  Iter 03/15 | Best Z =   75.140 mΩ | IterTime =   1.24s
  Iter 04/15 | Best Z =   75.140 mΩ | IterTime =   1.23s
  Iter 05/15 | Best Z =   75.140 mΩ | IterTime =   1.24s
  Iter 06/15 | Best Z =   75.140 mΩ | IterTime =   1.24s
  Iter 07/15 | Best Z =   75.140 mΩ | IterTime =   1.24s
  Iter 08/15 | Best Z =   75.140 mΩ | IterTime =   1.24s
  Iter 09/15 | Best Z =   75.140 mΩ | IterTime =   1.24s
  Iter 10/15 | Best Z =   75.140 mΩ | IterTime =   1.24s
  Iter 11/15 | Best Z =   75.140 mΩ | IterTime =   1.24s
  Iter 12/15 | Best Z =   75.140 mΩ | IterTime =   1.24s
  Iter 13/15 | Best Z =   75.140 mΩ | IterTime =   1.25s
  Iter 14/15 | Best Z =   75.140 mΩ | IterTime =   1.24s
  Iter 15/15 | Best Z =   75.140 mΩ | IterTime =   1.24s
[Stage Complete] n_caps=4 | Best Z = 75.140 mΩ | Ports = [10, 7, 0, 14] | Time = 18.60s

[Stage] n_caps = 5
  Iter 01/15 | Best Z =   74.213 mΩ | IterTime =   1.27s
  Iter 02/15 | Best Z =   74.213 mΩ | IterTime =   1.27s
  Iter 03/15 | Best Z =   74.213 mΩ | IterTime =   1.26s
  Iter 04/15 | Best Z =   74.213 mΩ | IterTime =   1.26s
  Iter 05/15 | Best Z =   74.213 mΩ | IterTime =   1.26s
  Iter 06/15 | Best Z =   74.213 mΩ | IterTime =   1.26s
  Iter 07/15 | Best Z =   74.213 mΩ | IterTime =   1.27s
  Iter 08/15 | Best Z =   74.213 mΩ | IterTime =   1.28s
  Iter 09/15 | Best Z =   74.213 mΩ | IterTime =   1.27s
  Iter 10/15 | Best Z =   74.213 mΩ | IterTime =   1.27s
  Iter 11/15 | Best Z =   74.213 mΩ | IterTime =   1.27s
  Iter 12/15 | Best Z =   74.213 mΩ | IterTime =   1.27s
  Iter 13/15 | Best Z =   74.213 mΩ | IterTime =   1.27s
  Iter 14/15 | Best Z =   74.213 mΩ | IterTime =   1.27s
  Iter 15/15 | Best Z =   74.213 mΩ | IterTime =   1.27s
[Stage Complete] n_caps=5 | Best Z = 74.213 mΩ | Ports = [7, 0, 14, 9, 15] | Time = 19.02s

[Stage] n_caps = 6
  Iter 01/15 | Best Z =   60.510 mΩ | IterTime =   1.31s
  Iter 02/15 | Best Z =   60.510 mΩ | IterTime =   1.30s
  Iter 03/15 | Best Z =   60.510 mΩ | IterTime =   1.29s
  Iter 04/15 | Best Z =   60.510 mΩ | IterTime =   1.29s
  Iter 05/15 | Best Z =   60.510 mΩ | IterTime =   1.29s
  Iter 06/15 | Best Z =   60.510 mΩ | IterTime =   1.31s
  Iter 07/15 | Best Z =   60.510 mΩ | IterTime =   1.30s
  Iter 08/15 | Best Z =   60.510 mΩ | IterTime =   1.30s
  Iter 09/15 | Best Z =   60.510 mΩ | IterTime =   1.30s
  Iter 10/15 | Best Z =   60.510 mΩ | IterTime =   1.30s
  Iter 11/15 | Best Z =   60.510 mΩ | IterTime =   1.30s
  Iter 12/15 | Best Z =   60.510 mΩ | IterTime =   1.30s
  Iter 13/15 | Best Z =   60.510 mΩ | IterTime =   1.29s
  Iter 14/15 | Best Z =   60.510 mΩ | IterTime =   1.30s
  Iter 15/15 | Best Z =   60.510 mΩ | IterTime =   1.30s
[Stage Complete] n_caps=6 | Best Z = 60.510 mΩ | Ports = [0, 14, 9, 15, 2, 0] | Time = 19.48s

[Stage] n_caps = 7
  Iter 01/15 | Best Z =   63.508 mΩ | IterTime =   1.33s
  Iter 02/15 | Best Z =   63.508 mΩ | IterTime =   1.33s
  Iter 03/15 | Best Z =   63.508 mΩ | IterTime =   1.32s
  Iter 04/15 | Best Z =   63.508 mΩ | IterTime =   1.32s
  Iter 05/15 | Best Z =   63.508 mΩ | IterTime =   1.32s
  Iter 06/15 | Best Z =   63.508 mΩ | IterTime =   1.32s
  Iter 07/15 | Best Z =   63.508 mΩ | IterTime =   1.32s
  Iter 08/15 | Best Z =   63.508 mΩ | IterTime =   1.32s
  Iter 09/15 | Best Z =   63.508 mΩ | IterTime =   1.32s
  Iter 10/15 | Best Z =   63.508 mΩ | IterTime =   1.32s
  Iter 11/15 | Best Z =   63.508 mΩ | IterTime =   1.32s
  Iter 12/15 | Best Z =   63.508 mΩ | IterTime =   1.32s
  Iter 13/15 | Best Z =   63.508 mΩ | IterTime =   1.33s
  Iter 14/15 | Best Z =   63.508 mΩ | IterTime =   1.33s
  Iter 15/15 | Best Z =   63.508 mΩ | IterTime =   1.32s
[Stage Complete] n_caps=7 | Best Z = 63.508 mΩ | Ports = [9, 3, 12, 10, 2, 0, 9] | Time = 19.83s

[Stage] n_caps = 8
  Iter 01/15 | Best Z =   61.123 mΩ | IterTime =   1.37s
  Iter 02/15 | Best Z =   61.123 mΩ | IterTime =   1.36s
  Iter 03/15 | Best Z =   61.123 mΩ | IterTime =   1.36s
  Iter 04/15 | Best Z =   61.123 mΩ | IterTime =   1.36s
  Iter 05/15 | Best Z =   61.123 mΩ | IterTime =   1.36s
  Iter 06/15 | Best Z =   61.123 mΩ | IterTime =   1.36s
  Iter 07/15 | Best Z =   61.123 mΩ | IterTime =   1.36s
  Iter 08/15 | Best Z =   61.123 mΩ | IterTime =   1.36s
  Iter 09/15 | Best Z =   61.123 mΩ | IterTime =   1.37s
  Iter 10/15 | Best Z =   61.123 mΩ | IterTime =   1.36s
  Iter 11/15 | Best Z =   61.123 mΩ | IterTime =   1.36s
  Iter 12/15 | Best Z =   61.123 mΩ | IterTime =   1.36s
  Iter 13/15 | Best Z =   61.123 mΩ | IterTime =   1.36s
  Iter 14/15 | Best Z =   61.123 mΩ | IterTime =   1.36s
  Iter 15/15 | Best Z =   61.123 mΩ | IterTime =   1.36s
[Stage Complete] n_caps=8 | Best Z = 61.123 mΩ | Ports = [4, 6, 0, 9, 2, 0, 0, 7] | Time = 20.44s

[Stage] n_caps = 9
  Iter 01/15 | Best Z =   49.976 mΩ | IterTime =   1.40s
  Iter 02/15 | Best Z =   49.976 mΩ | IterTime =   1.40s
  Iter 03/15 | Best Z =   49.976 mΩ | IterTime =   1.40s
  Iter 04/15 | Best Z =   49.976 mΩ | IterTime =   1.39s
  Iter 05/15 | Best Z =   49.976 mΩ | IterTime =   1.40s
  Iter 06/15 | Best Z =   49.976 mΩ | IterTime =   1.40s
  Iter 07/15 | Best Z =   49.976 mΩ | IterTime =   1.39s
  Iter 08/15 | Best Z =   49.976 mΩ | IterTime =   1.40s
  Iter 09/15 | Best Z =   49.976 mΩ | IterTime =   1.39s
  Iter 10/15 | Best Z =   49.976 mΩ | IterTime =   1.39s
  Iter 11/15 | Best Z =   49.976 mΩ | IterTime =   1.39s
  Iter 12/15 | Best Z =   49.976 mΩ | IterTime =   1.40s
  Iter 13/15 | Best Z =   49.976 mΩ | IterTime =   1.40s
  Iter 14/15 | Best Z =   49.976 mΩ | IterTime =   1.40s
  Iter 15/15 | Best Z =   49.976 mΩ | IterTime =   1.40s
[Stage Complete] n_caps=9 | Best Z = 49.976 mΩ | Ports = [6, 0, 9, 2, 0, 0, 7, 10, 0] | Time = 20.94s
Threshold reached — stopping stage growth.

[Run Complete] Total Time = 171.01s
------------------------------------------------------------
solve | Run 11 | n_caps=9 | Z=0.049976 | Time=171.28s

============================================================
RUN 12 | METHOD = SOLVE
============================================================

[Stage] n_caps = 1
  Iter 01/15 | Best Z =  139.123 mΩ | IterTime =   1.13s
  Iter 02/15 | Best Z =  139.123 mΩ | IterTime =   1.13s
  Iter 03/15 | Best Z =  139.123 mΩ | IterTime =   1.13s
  Iter 04/15 | Best Z =  139.123 mΩ | IterTime =   1.13s
  Iter 05/15 | Best Z =  139.123 mΩ | IterTime =   1.13s
  Iter 06/15 | Best Z =  139.123 mΩ | IterTime =   1.13s
  Iter 07/15 | Best Z =  139.123 mΩ | IterTime =   1.14s
  Iter 08/15 | Best Z =  139.123 mΩ | IterTime =   1.13s
  Iter 09/15 | Best Z =  139.123 mΩ | IterTime =   1.14s
  Iter 10/15 | Best Z =  139.123 mΩ | IterTime =   1.13s
  Iter 11/15 | Best Z =  139.123 mΩ | IterTime =   1.14s
  Iter 12/15 | Best Z =  139.123 mΩ | IterTime =   1.14s
  Iter 13/15 | Best Z =  139.123 mΩ | IterTime =   1.14s
  Iter 14/15 | Best Z =  139.123 mΩ | IterTime =   1.14s
  Iter 15/15 | Best Z =  139.123 mΩ | IterTime =   1.14s
[Stage Complete] n_caps=1 | Best Z = 139.123 mΩ | Ports = [9] | Time = 17.03s

[Stage] n_caps = 2
  Iter 01/15 | Best Z =   94.087 mΩ | IterTime =   1.17s
  Iter 02/15 | Best Z =   94.087 mΩ | IterTime =   1.17s
  Iter 03/15 | Best Z =   94.087 mΩ | IterTime =   1.17s
  Iter 04/15 | Best Z =   94.087 mΩ | IterTime =   1.16s
  Iter 05/15 | Best Z =   94.087 mΩ | IterTime =   1.16s
  Iter 06/15 | Best Z =   94.087 mΩ | IterTime =   1.16s
  Iter 07/15 | Best Z =   94.087 mΩ | IterTime =   1.16s
  Iter 08/15 | Best Z =   94.087 mΩ | IterTime =   1.17s
  Iter 09/15 | Best Z =   94.087 mΩ | IterTime =   1.16s
  Iter 10/15 | Best Z =   94.087 mΩ | IterTime =   1.16s
  Iter 11/15 | Best Z =   94.087 mΩ | IterTime =   1.17s
  Iter 12/15 | Best Z =   94.087 mΩ | IterTime =   1.17s
  Iter 13/15 | Best Z =   94.087 mΩ | IterTime =   1.16s
  Iter 14/15 | Best Z =   94.087 mΩ | IterTime =   1.16s
  Iter 15/15 | Best Z =   94.087 mΩ | IterTime =   1.16s
[Stage Complete] n_caps=2 | Best Z = 94.087 mΩ | Ports = [16, 0] | Time = 17.49s

[Stage] n_caps = 3
  Iter 01/15 | Best Z =   70.749 mΩ | IterTime =   1.20s
  Iter 02/15 | Best Z =   70.749 mΩ | IterTime =   1.20s
  Iter 03/15 | Best Z =   70.749 mΩ | IterTime =   1.20s
  Iter 04/15 | Best Z =   70.749 mΩ | IterTime =   1.19s
  Iter 05/15 | Best Z =   70.749 mΩ | IterTime =   1.19s
  Iter 06/15 | Best Z =   70.749 mΩ | IterTime =   1.19s
  Iter 07/15 | Best Z =   70.749 mΩ | IterTime =   1.19s
  Iter 08/15 | Best Z =   70.749 mΩ | IterTime =   1.19s
  Iter 09/15 | Best Z =   70.749 mΩ | IterTime =   1.20s
  Iter 10/15 | Best Z =   70.749 mΩ | IterTime =   1.19s
  Iter 11/15 | Best Z =   70.749 mΩ | IterTime =   1.20s
  Iter 12/15 | Best Z =   70.749 mΩ | IterTime =   1.19s
  Iter 13/15 | Best Z =   70.749 mΩ | IterTime =   1.19s
  Iter 14/15 | Best Z =   70.749 mΩ | IterTime =   1.19s
  Iter 15/15 | Best Z =   70.749 mΩ | IterTime =   1.19s
[Stage Complete] n_caps=3 | Best Z = 70.749 mΩ | Ports = [0, 10, 0] | Time = 17.91s

[Stage] n_caps = 4
  Iter 01/15 | Best Z =   78.305 mΩ | IterTime =   1.23s
  Iter 02/15 | Best Z =   78.305 mΩ | IterTime =   1.23s
  Iter 03/15 | Best Z =   78.305 mΩ | IterTime =   1.22s
  Iter 04/15 | Best Z =   78.305 mΩ | IterTime =   1.23s
  Iter 05/15 | Best Z =   78.305 mΩ | IterTime =   1.23s
  Iter 06/15 | Best Z =   78.305 mΩ | IterTime =   1.23s
  Iter 07/15 | Best Z =   78.305 mΩ | IterTime =   1.22s
  Iter 08/15 | Best Z =   78.305 mΩ | IterTime =   1.22s
  Iter 09/15 | Best Z =   78.305 mΩ | IterTime =   1.22s
  Iter 10/15 | Best Z =   78.305 mΩ | IterTime =   1.22s
  Iter 11/15 | Best Z =   78.305 mΩ | IterTime =   1.22s
  Iter 12/15 | Best Z =   78.305 mΩ | IterTime =   1.23s
  Iter 13/15 | Best Z =   78.305 mΩ | IterTime =   1.22s
  Iter 14/15 | Best Z =   78.305 mΩ | IterTime =   1.23s
  Iter 15/15 | Best Z =   78.305 mΩ | IterTime =   1.23s
[Stage Complete] n_caps=4 | Best Z = 78.305 mΩ | Ports = [0, 8, 10, 6] | Time = 18.39s

[Stage] n_caps = 5
  Iter 01/15 | Best Z =   78.901 mΩ | IterTime =   1.26s
  Iter 02/15 | Best Z =   78.901 mΩ | IterTime =   1.26s
  Iter 03/15 | Best Z =   78.901 mΩ | IterTime =   1.26s
  Iter 04/15 | Best Z =   78.901 mΩ | IterTime =   1.26s
  Iter 05/15 | Best Z =   78.901 mΩ | IterTime =   1.26s
  Iter 06/15 | Best Z =   78.901 mΩ | IterTime =   1.25s
  Iter 07/15 | Best Z =   78.901 mΩ | IterTime =   1.25s
  Iter 08/15 | Best Z =   78.901 mΩ | IterTime =   1.25s
  Iter 09/15 | Best Z =   78.901 mΩ | IterTime =   1.25s
  Iter 10/15 | Best Z =   78.901 mΩ | IterTime =   1.25s
  Iter 11/15 | Best Z =   78.901 mΩ | IterTime =   1.25s
  Iter 12/15 | Best Z =   78.901 mΩ | IterTime =   1.25s
  Iter 13/15 | Best Z =   78.901 mΩ | IterTime =   1.25s
  Iter 14/15 | Best Z =   78.901 mΩ | IterTime =   1.25s
  Iter 15/15 | Best Z =   78.901 mΩ | IterTime =   1.25s
[Stage Complete] n_caps=5 | Best Z = 78.901 mΩ | Ports = [7, 4, 0, 6, 18] | Time = 18.82s

[Stage] n_caps = 6
  Iter 01/15 | Best Z =   69.347 mΩ | IterTime =   1.31s
  Iter 02/15 | Best Z =   69.347 mΩ | IterTime =   1.29s
  Iter 03/15 | Best Z =   69.347 mΩ | IterTime =   1.29s
  Iter 04/15 | Best Z =   69.347 mΩ | IterTime =   1.29s
  Iter 05/15 | Best Z =   69.347 mΩ | IterTime =   1.30s
  Iter 06/15 | Best Z =   69.347 mΩ | IterTime =   1.29s
  Iter 07/15 | Best Z =   69.347 mΩ | IterTime =   1.29s
  Iter 08/15 | Best Z =   69.347 mΩ | IterTime =   1.29s
  Iter 09/15 | Best Z =   69.347 mΩ | IterTime =   1.29s
  Iter 10/15 | Best Z =   69.347 mΩ | IterTime =   1.29s
  Iter 11/15 | Best Z =   69.347 mΩ | IterTime =   1.29s
  Iter 12/15 | Best Z =   69.347 mΩ | IterTime =   1.34s
  Iter 13/15 | Best Z =   69.347 mΩ | IterTime =   1.30s
  Iter 14/15 | Best Z =   69.347 mΩ | IterTime =   1.29s
  Iter 15/15 | Best Z =   69.347 mΩ | IterTime =   1.30s
[Stage Complete] n_caps=6 | Best Z = 69.347 mΩ | Ports = [2, 12, 3, 16, 19, 0] | Time = 19.46s

[Stage] n_caps = 7
  Iter 01/15 | Best Z =   61.795 mΩ | IterTime =   1.32s
  Iter 02/15 | Best Z =   61.795 mΩ | IterTime =   1.31s
  Iter 03/15 | Best Z =   61.795 mΩ | IterTime =   1.32s
  Iter 04/15 | Best Z =   61.795 mΩ | IterTime =   1.31s
  Iter 05/15 | Best Z =   61.795 mΩ | IterTime =   1.32s
  Iter 06/15 | Best Z =   61.795 mΩ | IterTime =   1.32s
  Iter 07/15 | Best Z =   61.795 mΩ | IterTime =   1.32s
  Iter 08/15 | Best Z =   61.795 mΩ | IterTime =   1.32s
  Iter 09/15 | Best Z =   61.795 mΩ | IterTime =   1.33s
  Iter 10/15 | Best Z =   61.795 mΩ | IterTime =   1.32s
  Iter 11/15 | Best Z =   61.795 mΩ | IterTime =   1.32s
  Iter 12/15 | Best Z =   61.795 mΩ | IterTime =   1.31s
  Iter 13/15 | Best Z =   61.795 mΩ | IterTime =   1.32s
  Iter 14/15 | Best Z =   61.795 mΩ | IterTime =   1.31s
  Iter 15/15 | Best Z =   61.795 mΩ | IterTime =   1.32s
[Stage Complete] n_caps=7 | Best Z = 61.795 mΩ | Ports = [15, 8, 0, 12, 0, 0, 9] | Time = 19.77s

[Stage] n_caps = 8
  Iter 01/15 | Best Z =   49.113 mΩ | IterTime =   1.35s
  Iter 02/15 | Best Z =   49.113 mΩ | IterTime =   1.34s
  Iter 03/15 | Best Z =   49.113 mΩ | IterTime =   1.34s
  Iter 04/15 | Best Z =   49.113 mΩ | IterTime =   1.34s
  Iter 05/15 | Best Z =   49.113 mΩ | IterTime =   1.35s
  Iter 06/15 | Best Z =   49.113 mΩ | IterTime =   1.34s
  Iter 07/15 | Best Z =   49.113 mΩ | IterTime =   1.34s
  Iter 08/15 | Best Z =   49.113 mΩ | IterTime =   1.34s
  Iter 09/15 | Best Z =   49.113 mΩ | IterTime =   1.34s
  Iter 10/15 | Best Z =   49.113 mΩ | IterTime =   1.34s
  Iter 11/15 | Best Z =   49.113 mΩ | IterTime =   1.34s
  Iter 12/15 | Best Z =   49.113 mΩ | IterTime =   1.34s
  Iter 13/15 | Best Z =   49.113 mΩ | IterTime =   1.35s
  Iter 14/15 | Best Z =   49.113 mΩ | IterTime =   1.34s
  Iter 15/15 | Best Z =   49.113 mΩ | IterTime =   1.34s
[Stage Complete] n_caps=8 | Best Z = 49.113 mΩ | Ports = [8, 0, 12, 0, 0, 9, 0, 11] | Time = 20.14s
Threshold reached — stopping stage growth.

[Run Complete] Total Time = 149.00s
------------------------------------------------------------
solve | Run 12 | n_caps=8 | Z=0.049113 | Time=149.20s

============================================================
RUN 13 | METHOD = SOLVE
============================================================

[Stage] n_caps = 1
  Iter 01/15 | Best Z =  103.677 mΩ | IterTime =   1.14s
  Iter 02/15 | Best Z =  103.677 mΩ | IterTime =   1.14s
  Iter 03/15 | Best Z =  103.677 mΩ | IterTime =   1.14s
  Iter 04/15 | Best Z =  103.677 mΩ | IterTime =   1.14s
  Iter 05/15 | Best Z =  103.677 mΩ | IterTime =   1.14s
  Iter 06/15 | Best Z =  103.677 mΩ | IterTime =   1.14s
  Iter 07/15 | Best Z =  103.677 mΩ | IterTime =   1.13s
  Iter 08/15 | Best Z =  103.677 mΩ | IterTime =   1.14s
  Iter 09/15 | Best Z =  103.677 mΩ | IterTime =   1.14s
  Iter 10/15 | Best Z =  103.677 mΩ | IterTime =   1.13s
  Iter 11/15 | Best Z =  103.677 mΩ | IterTime =   1.13s
  Iter 12/15 | Best Z =  103.677 mΩ | IterTime =   1.13s
  Iter 13/15 | Best Z =  103.677 mΩ | IterTime =   1.13s
  Iter 14/15 | Best Z =  103.677 mΩ | IterTime =   1.13s
  Iter 15/15 | Best Z =  103.677 mΩ | IterTime =   1.13s
[Stage Complete] n_caps=1 | Best Z = 103.677 mΩ | Ports = [0] | Time = 17.04s

[Stage] n_caps = 2
  Iter 01/15 | Best Z =   99.950 mΩ | IterTime =   1.17s
  Iter 02/15 | Best Z =   99.950 mΩ | IterTime =   1.16s
  Iter 03/15 | Best Z =   99.950 mΩ | IterTime =   1.16s
  Iter 04/15 | Best Z =   99.950 mΩ | IterTime =   1.16s
  Iter 05/15 | Best Z =   99.950 mΩ | IterTime =   1.16s
  Iter 06/15 | Best Z =   99.950 mΩ | IterTime =   1.17s
  Iter 07/15 | Best Z =   99.950 mΩ | IterTime =   1.16s
  Iter 08/15 | Best Z =   99.950 mΩ | IterTime =   1.16s
  Iter 09/15 | Best Z =   99.950 mΩ | IterTime =   1.16s
  Iter 10/15 | Best Z =   99.950 mΩ | IterTime =   1.16s
  Iter 11/15 | Best Z =   99.950 mΩ | IterTime =   1.16s
  Iter 12/15 | Best Z =   99.950 mΩ | IterTime =   1.16s
  Iter 13/15 | Best Z =   99.950 mΩ | IterTime =   1.16s
  Iter 14/15 | Best Z =   99.950 mΩ | IterTime =   1.17s
  Iter 15/15 | Best Z =   99.950 mΩ | IterTime =   1.16s
[Stage Complete] n_caps=2 | Best Z = 99.950 mΩ | Ports = [0, 5] | Time = 17.44s

[Stage] n_caps = 3
  Iter 01/15 | Best Z =   74.038 mΩ | IterTime =   1.19s
  Iter 02/15 | Best Z =   74.038 mΩ | IterTime =   1.20s
  Iter 03/15 | Best Z =   74.038 mΩ | IterTime =   1.20s
  Iter 04/15 | Best Z =   74.038 mΩ | IterTime =   1.19s
  Iter 05/15 | Best Z =   74.038 mΩ | IterTime =   1.19s
  Iter 06/15 | Best Z =   74.038 mΩ | IterTime =   1.19s
  Iter 07/15 | Best Z =   74.038 mΩ | IterTime =   1.19s
  Iter 08/15 | Best Z =   74.038 mΩ | IterTime =   1.19s
  Iter 09/15 | Best Z =   74.038 mΩ | IterTime =   1.19s
  Iter 10/15 | Best Z =   74.038 mΩ | IterTime =   1.19s
  Iter 11/15 | Best Z =   74.038 mΩ | IterTime =   1.19s
  Iter 12/15 | Best Z =   74.038 mΩ | IterTime =   1.19s
  Iter 13/15 | Best Z =   74.038 mΩ | IterTime =   1.19s
  Iter 14/15 | Best Z =   74.038 mΩ | IterTime =   1.19s
  Iter 15/15 | Best Z =   74.038 mΩ | IterTime =   1.19s
[Stage Complete] n_caps=3 | Best Z = 74.038 mΩ | Ports = [15, 3, 0] | Time = 17.88s

[Stage] n_caps = 4
  Iter 01/15 | Best Z =   73.593 mΩ | IterTime =   1.23s
  Iter 02/15 | Best Z =   73.593 mΩ | IterTime =   1.23s
  Iter 03/15 | Best Z =   73.593 mΩ | IterTime =   1.23s
  Iter 04/15 | Best Z =   73.593 mΩ | IterTime =   1.22s
  Iter 05/15 | Best Z =   73.593 mΩ | IterTime =   1.23s
  Iter 06/15 | Best Z =   73.593 mΩ | IterTime =   1.23s
  Iter 07/15 | Best Z =   73.593 mΩ | IterTime =   1.23s
  Iter 08/15 | Best Z =   73.593 mΩ | IterTime =   1.23s
  Iter 09/15 | Best Z =   73.593 mΩ | IterTime =   1.22s
  Iter 10/15 | Best Z =   73.593 mΩ | IterTime =   1.23s
  Iter 11/15 | Best Z =   73.593 mΩ | IterTime =   1.22s
  Iter 12/15 | Best Z =   73.593 mΩ | IterTime =   1.22s
  Iter 13/15 | Best Z =   73.593 mΩ | IterTime =   1.22s
  Iter 14/15 | Best Z =   73.593 mΩ | IterTime =   1.22s
  Iter 15/15 | Best Z =   73.593 mΩ | IterTime =   1.22s
[Stage Complete] n_caps=4 | Best Z = 73.593 mΩ | Ports = [17, 0, 5, 14] | Time = 18.39s

[Stage] n_caps = 5
  Iter 01/15 | Best Z =   63.112 mΩ | IterTime =   1.26s
  Iter 02/15 | Best Z =   63.112 mΩ | IterTime =   1.26s
  Iter 03/15 | Best Z =   63.112 mΩ | IterTime =   1.26s
  Iter 04/15 | Best Z =   63.112 mΩ | IterTime =   1.26s
  Iter 05/15 | Best Z =   63.112 mΩ | IterTime =   1.26s
  Iter 06/15 | Best Z =   63.112 mΩ | IterTime =   1.25s
  Iter 07/15 | Best Z =   63.112 mΩ | IterTime =   1.25s
  Iter 08/15 | Best Z =   63.112 mΩ | IterTime =   1.25s
  Iter 09/15 | Best Z =   63.112 mΩ | IterTime =   1.25s
  Iter 10/15 | Best Z =   63.112 mΩ | IterTime =   1.25s
  Iter 11/15 | Best Z =   63.112 mΩ | IterTime =   1.25s
  Iter 12/15 | Best Z =   63.112 mΩ | IterTime =   1.25s
  Iter 13/15 | Best Z =   63.112 mΩ | IterTime =   1.25s
  Iter 14/15 | Best Z =   63.112 mΩ | IterTime =   1.25s
  Iter 15/15 | Best Z =   63.112 mΩ | IterTime =   1.25s
[Stage Complete] n_caps=5 | Best Z = 63.112 mΩ | Ports = [0, 5, 14, 0, 13] | Time = 18.82s

[Stage] n_caps = 6
  Iter 01/15 | Best Z =   56.864 mΩ | IterTime =   1.29s
  Iter 02/15 | Best Z =   56.864 mΩ | IterTime =   1.29s
  Iter 03/15 | Best Z =   56.864 mΩ | IterTime =   1.29s
  Iter 04/15 | Best Z =   56.864 mΩ | IterTime =   1.29s
  Iter 05/15 | Best Z =   56.864 mΩ | IterTime =   1.29s
  Iter 06/15 | Best Z =   56.864 mΩ | IterTime =   1.29s
  Iter 07/15 | Best Z =   56.864 mΩ | IterTime =   1.28s
  Iter 08/15 | Best Z =   56.864 mΩ | IterTime =   1.29s
  Iter 09/15 | Best Z =   56.864 mΩ | IterTime =   1.28s
  Iter 10/15 | Best Z =   56.864 mΩ | IterTime =   1.29s
  Iter 11/15 | Best Z =   56.864 mΩ | IterTime =   1.29s
  Iter 12/15 | Best Z =   56.864 mΩ | IterTime =   1.29s
  Iter 13/15 | Best Z =   56.864 mΩ | IterTime =   1.29s
  Iter 14/15 | Best Z =   56.864 mΩ | IterTime =   1.30s
  Iter 15/15 | Best Z =   56.864 mΩ | IterTime =   1.29s
[Stage Complete] n_caps=6 | Best Z = 56.864 mΩ | Ports = [5, 14, 0, 13, 7, 0] | Time = 19.33s
Threshold reached — stopping stage growth.

[Run Complete] Total Time = 108.91s
------------------------------------------------------------
solve | Run 13 | n_caps=6 | Z=0.056864 | Time=109.08s

============================================================
RUN 14 | METHOD = SOLVE
============================================================

[Stage] n_caps = 1
  Iter 01/15 | Best Z =  134.666 mΩ | IterTime =   1.15s
  Iter 02/15 | Best Z =  134.666 mΩ | IterTime =   1.14s
  Iter 03/15 | Best Z =  134.666 mΩ | IterTime =   1.14s
  Iter 04/15 | Best Z =  134.666 mΩ | IterTime =   1.14s
  Iter 05/15 | Best Z =  134.666 mΩ | IterTime =   1.14s
  Iter 06/15 | Best Z =  134.666 mΩ | IterTime =   1.14s
  Iter 07/15 | Best Z =  134.666 mΩ | IterTime =   1.14s
  Iter 08/15 | Best Z =  134.666 mΩ | IterTime =   1.14s
  Iter 09/15 | Best Z =  134.666 mΩ | IterTime =   1.14s
  Iter 10/15 | Best Z =  134.666 mΩ | IterTime =   1.14s
  Iter 11/15 | Best Z =  134.666 mΩ | IterTime =   1.14s
  Iter 12/15 | Best Z =  134.666 mΩ | IterTime =   1.14s
  Iter 13/15 | Best Z =  134.666 mΩ | IterTime =   1.14s
  Iter 14/15 | Best Z =  134.666 mΩ | IterTime =   1.14s
  Iter 15/15 | Best Z =  134.666 mΩ | IterTime =   1.14s
[Stage Complete] n_caps=1 | Best Z = 134.666 mΩ | Ports = [14] | Time = 17.10s

[Stage] n_caps = 2
  Iter 01/15 | Best Z =   90.624 mΩ | IterTime =   1.18s
  Iter 02/15 | Best Z =   90.624 mΩ | IterTime =   1.18s
  Iter 03/15 | Best Z =   90.624 mΩ | IterTime =   1.17s
  Iter 04/15 | Best Z =   90.624 mΩ | IterTime =   1.17s
  Iter 05/15 | Best Z =   90.624 mΩ | IterTime =   1.17s
  Iter 06/15 | Best Z =   90.624 mΩ | IterTime =   1.17s
  Iter 07/15 | Best Z =   90.624 mΩ | IterTime =   1.18s
  Iter 08/15 | Best Z =   90.624 mΩ | IterTime =   1.18s
  Iter 09/15 | Best Z =   90.624 mΩ | IterTime =   1.18s
  Iter 10/15 | Best Z =   90.624 mΩ | IterTime =   1.17s
  Iter 11/15 | Best Z =   90.624 mΩ | IterTime =   1.17s
  Iter 12/15 | Best Z =   90.624 mΩ | IterTime =   1.17s
  Iter 13/15 | Best Z =   90.624 mΩ | IterTime =   1.17s
  Iter 14/15 | Best Z =   90.624 mΩ | IterTime =   1.17s
  Iter 15/15 | Best Z =   90.624 mΩ | IterTime =   1.17s
[Stage Complete] n_caps=2 | Best Z = 90.624 mΩ | Ports = [0, 6] | Time = 17.61s

[Stage] n_caps = 3
  Iter 01/15 | Best Z =   96.971 mΩ | IterTime =   1.21s
  Iter 02/15 | Best Z =   96.971 mΩ | IterTime =   1.20s
  Iter 03/15 | Best Z =   96.971 mΩ | IterTime =   1.20s
  Iter 04/15 | Best Z =   96.971 mΩ | IterTime =   1.20s
  Iter 05/15 | Best Z =   96.971 mΩ | IterTime =   1.20s
  Iter 06/15 | Best Z =   96.971 mΩ | IterTime =   1.20s
  Iter 07/15 | Best Z =   96.971 mΩ | IterTime =   1.20s
  Iter 08/15 | Best Z =   96.971 mΩ | IterTime =   1.20s
  Iter 09/15 | Best Z =   96.971 mΩ | IterTime =   1.19s
  Iter 10/15 | Best Z =   96.971 mΩ | IterTime =   1.20s
  Iter 11/15 | Best Z =   96.971 mΩ | IterTime =   1.19s
  Iter 12/15 | Best Z =   96.971 mΩ | IterTime =   1.19s
  Iter 13/15 | Best Z =   96.971 mΩ | IterTime =   1.20s
  Iter 14/15 | Best Z =   96.971 mΩ | IterTime =   1.19s
  Iter 15/15 | Best Z =   96.971 mΩ | IterTime =   1.19s
[Stage Complete] n_caps=3 | Best Z = 96.971 mΩ | Ports = [0, 10, 5] | Time = 17.96s

[Stage] n_caps = 4
  Iter 01/15 | Best Z =   86.195 mΩ | IterTime =   1.24s
  Iter 02/15 | Best Z =   86.195 mΩ | IterTime =   1.23s
  Iter 03/15 | Best Z =   86.195 mΩ | IterTime =   1.23s
  Iter 04/15 | Best Z =   86.195 mΩ | IterTime =   1.23s
  Iter 05/15 | Best Z =   86.195 mΩ | IterTime =   1.23s
  Iter 06/15 | Best Z =   86.195 mΩ | IterTime =   1.23s
  Iter 07/15 | Best Z =   86.195 mΩ | IterTime =   1.23s
  Iter 08/15 | Best Z =   86.195 mΩ | IterTime =   1.23s
  Iter 09/15 | Best Z =   86.195 mΩ | IterTime =   1.23s
  Iter 10/15 | Best Z =   86.195 mΩ | IterTime =   1.23s
  Iter 11/15 | Best Z =   86.195 mΩ | IterTime =   1.23s
  Iter 12/15 | Best Z =   86.195 mΩ | IterTime =   1.23s
  Iter 13/15 | Best Z =   86.195 mΩ | IterTime =   1.23s
  Iter 14/15 | Best Z =   86.195 mΩ | IterTime =   1.23s
  Iter 15/15 | Best Z =   86.195 mΩ | IterTime =   1.23s
[Stage Complete] n_caps=4 | Best Z = 86.195 mΩ | Ports = [14, 18, 0, 10] | Time = 18.49s

[Stage] n_caps = 5
  Iter 01/15 | Best Z =   75.072 mΩ | IterTime =   1.27s
  Iter 02/15 | Best Z =   75.072 mΩ | IterTime =   1.26s
  Iter 03/15 | Best Z =   75.072 mΩ | IterTime =   1.27s
  Iter 04/15 | Best Z =   75.072 mΩ | IterTime =   1.27s
  Iter 05/15 | Best Z =   75.072 mΩ | IterTime =   1.27s
  Iter 06/15 | Best Z =   75.072 mΩ | IterTime =   1.27s
  Iter 07/15 | Best Z =   75.072 mΩ | IterTime =   1.27s
  Iter 08/15 | Best Z =   75.072 mΩ | IterTime =   1.26s
  Iter 09/15 | Best Z =   75.072 mΩ | IterTime =   1.27s
  Iter 10/15 | Best Z =   75.072 mΩ | IterTime =   1.27s
  Iter 11/15 | Best Z =   75.072 mΩ | IterTime =   1.27s
  Iter 12/15 | Best Z =   75.072 mΩ | IterTime =   1.27s
  Iter 13/15 | Best Z =   75.072 mΩ | IterTime =   1.27s
  Iter 14/15 | Best Z =   75.072 mΩ | IterTime =   1.27s
  Iter 15/15 | Best Z =   75.072 mΩ | IterTime =   1.27s
[Stage Complete] n_caps=5 | Best Z = 75.072 mΩ | Ports = [18, 14, 11, 0, 9] | Time = 19.03s

[Stage] n_caps = 6
  Iter 01/15 | Best Z =   45.069 mΩ | IterTime =   1.30s
  Iter 02/15 | Best Z =   45.069 mΩ | IterTime =   1.30s
  Iter 03/15 | Best Z =   45.069 mΩ | IterTime =   1.30s
  Iter 04/15 | Best Z =   45.069 mΩ | IterTime =   1.30s
  Iter 05/15 | Best Z =   45.069 mΩ | IterTime =   1.30s
  Iter 06/15 | Best Z =   45.069 mΩ | IterTime =   1.30s
  Iter 07/15 | Best Z =   45.069 mΩ | IterTime =   1.31s
  Iter 08/15 | Best Z =   45.069 mΩ | IterTime =   1.31s
  Iter 09/15 | Best Z =   45.069 mΩ | IterTime =   1.30s
  Iter 10/15 | Best Z =   45.069 mΩ | IterTime =   1.30s
  Iter 11/15 | Best Z =   45.069 mΩ | IterTime =   1.30s
  Iter 12/15 | Best Z =   45.069 mΩ | IterTime =   1.30s
  Iter 13/15 | Best Z =   45.069 mΩ | IterTime =   1.31s
  Iter 14/15 | Best Z =   45.069 mΩ | IterTime =   1.31s
  Iter 15/15 | Best Z =   45.069 mΩ | IterTime =   1.30s
[Stage Complete] n_caps=6 | Best Z = 45.069 mΩ | Ports = [14, 11, 0, 9, 0, 2] | Time = 19.53s
Threshold reached — stopping stage growth.

[Run Complete] Total Time = 109.72s
------------------------------------------------------------
solve | Run 14 | n_caps=6 | Z=0.045069 | Time=109.90s

============================================================
RUN 15 | METHOD = SOLVE
============================================================

[Stage] n_caps = 1
  Iter 01/15 | Best Z =  108.189 mΩ | IterTime =   1.15s
  Iter 02/15 | Best Z =  108.189 mΩ | IterTime =   1.14s
  Iter 03/15 | Best Z =  108.189 mΩ | IterTime =   1.14s
  Iter 04/15 | Best Z =  108.189 mΩ | IterTime =   1.14s
  Iter 05/15 | Best Z =  108.189 mΩ | IterTime =   1.13s
  Iter 06/15 | Best Z =  108.189 mΩ | IterTime =   1.13s
  Iter 07/15 | Best Z =  108.189 mΩ | IterTime =   1.13s
  Iter 08/15 | Best Z =  108.189 mΩ | IterTime =   1.14s
  Iter 09/15 | Best Z =  108.189 mΩ | IterTime =   1.13s
  Iter 10/15 | Best Z =  108.189 mΩ | IterTime =   1.13s
  Iter 11/15 | Best Z =  108.189 mΩ | IterTime =   1.13s
  Iter 12/15 | Best Z =  108.189 mΩ | IterTime =   1.14s
  Iter 13/15 | Best Z =  108.189 mΩ | IterTime =   1.14s
  Iter 14/15 | Best Z =  108.189 mΩ | IterTime =   1.14s
  Iter 15/15 | Best Z =  108.189 mΩ | IterTime =   1.14s
[Stage Complete] n_caps=1 | Best Z = 108.189 mΩ | Ports = [0] | Time = 17.02s

[Stage] n_caps = 2
  Iter 01/15 | Best Z =  100.601 mΩ | IterTime =   1.18s
  Iter 02/15 | Best Z =  100.601 mΩ | IterTime =   1.17s
  Iter 03/15 | Best Z =  100.601 mΩ | IterTime =   1.17s
  Iter 04/15 | Best Z =  100.601 mΩ | IterTime =   1.16s
  Iter 05/15 | Best Z =  100.601 mΩ | IterTime =   1.17s
  Iter 06/15 | Best Z =  100.601 mΩ | IterTime =   1.16s
  Iter 07/15 | Best Z =  100.601 mΩ | IterTime =   1.17s
  Iter 08/15 | Best Z =  100.601 mΩ | IterTime =   1.17s
  Iter 09/15 | Best Z =  100.601 mΩ | IterTime =   1.17s
  Iter 10/15 | Best Z =  100.601 mΩ | IterTime =   1.17s
  Iter 11/15 | Best Z =  100.601 mΩ | IterTime =   1.16s
  Iter 12/15 | Best Z =  100.601 mΩ | IterTime =   1.16s
  Iter 13/15 | Best Z =  100.601 mΩ | IterTime =   1.16s
  Iter 14/15 | Best Z =  100.601 mΩ | IterTime =   1.17s
  Iter 15/15 | Best Z =  100.601 mΩ | IterTime =   1.17s
[Stage Complete] n_caps=2 | Best Z = 100.601 mΩ | Ports = [6, 0] | Time = 17.51s

[Stage] n_caps = 3
  Iter 01/15 | Best Z =   90.007 mΩ | IterTime =   1.20s
  Iter 02/15 | Best Z =   90.007 mΩ | IterTime =   1.20s
  Iter 03/15 | Best Z =   90.007 mΩ | IterTime =   1.20s
  Iter 04/15 | Best Z =   90.007 mΩ | IterTime =   1.20s
  Iter 05/15 | Best Z =   90.007 mΩ | IterTime =   1.20s
  Iter 06/15 | Best Z =   90.007 mΩ | IterTime =   1.20s
  Iter 07/15 | Best Z =   90.007 mΩ | IterTime =   1.20s
  Iter 08/15 | Best Z =   90.007 mΩ | IterTime =   1.20s
  Iter 09/15 | Best Z =   90.007 mΩ | IterTime =   1.19s
  Iter 10/15 | Best Z =   90.007 mΩ | IterTime =   1.19s
  Iter 11/15 | Best Z =   90.007 mΩ | IterTime =   1.20s
  Iter 12/15 | Best Z =   90.007 mΩ | IterTime =   1.20s
  Iter 13/15 | Best Z =   90.007 mΩ | IterTime =   1.19s
  Iter 14/15 | Best Z =   90.007 mΩ | IterTime =   1.20s
  Iter 15/15 | Best Z =   90.007 mΩ | IterTime =   1.20s
[Stage Complete] n_caps=3 | Best Z = 90.007 mΩ | Ports = [10, 7, 9] | Time = 17.97s

[Stage] n_caps = 4
  Iter 01/15 | Best Z =   53.549 mΩ | IterTime =   1.24s
  Iter 02/15 | Best Z =   53.549 mΩ | IterTime =   1.23s
  Iter 03/15 | Best Z =   53.549 mΩ | IterTime =   1.23s
  Iter 04/15 | Best Z =   53.549 mΩ | IterTime =   1.23s
  Iter 05/15 | Best Z =   53.549 mΩ | IterTime =   1.23s
  Iter 06/15 | Best Z =   53.549 mΩ | IterTime =   1.23s
  Iter 07/15 | Best Z =   53.549 mΩ | IterTime =   1.23s
  Iter 08/15 | Best Z =   53.549 mΩ | IterTime =   1.23s
  Iter 09/15 | Best Z =   53.549 mΩ | IterTime =   1.23s
  Iter 10/15 | Best Z =   53.549 mΩ | IterTime =   1.23s
  Iter 11/15 | Best Z =   53.549 mΩ | IterTime =   1.23s
  Iter 12/15 | Best Z =   53.549 mΩ | IterTime =   1.23s
  Iter 13/15 | Best Z =   53.549 mΩ | IterTime =   1.24s
  Iter 14/15 | Best Z =   53.549 mΩ | IterTime =   1.23s
  Iter 15/15 | Best Z =   53.549 mΩ | IterTime =   1.24s
[Stage Complete] n_caps=4 | Best Z = 53.549 mΩ | Ports = [7, 9, 10, 0] | Time = 18.49s
Threshold reached — stopping stage growth.

[Run Complete] Total Time = 70.99s
------------------------------------------------------------
solve | Run 15 | n_caps=4 | Z=0.053549 | Time=71.17s

============================================================
RUN 16 | METHOD = SOLVE
============================================================

[Stage] n_caps = 1
  Iter 01/15 | Best Z =  105.075 mΩ | IterTime =   1.14s
  Iter 02/15 | Best Z =  105.075 mΩ | IterTime =   1.13s
  Iter 03/15 | Best Z =  105.075 mΩ | IterTime =   1.13s
  Iter 04/15 | Best Z =  105.075 mΩ | IterTime =   1.13s
  Iter 05/15 | Best Z =  105.075 mΩ | IterTime =   1.14s
  Iter 06/15 | Best Z =  105.075 mΩ | IterTime =   1.13s
  Iter 07/15 | Best Z =  105.075 mΩ | IterTime =   1.13s
  Iter 08/15 | Best Z =  105.075 mΩ | IterTime =   1.13s
  Iter 09/15 | Best Z =  105.075 mΩ | IterTime =   1.13s
  Iter 10/15 | Best Z =  105.075 mΩ | IterTime =   1.14s
  Iter 11/15 | Best Z =  105.075 mΩ | IterTime =   1.13s
  Iter 12/15 | Best Z =  105.075 mΩ | IterTime =   1.13s
  Iter 13/15 | Best Z =  105.075 mΩ | IterTime =   1.13s
  Iter 14/15 | Best Z =  105.075 mΩ | IterTime =   1.13s
  Iter 15/15 | Best Z =  105.075 mΩ | IterTime =   1.13s
[Stage Complete] n_caps=1 | Best Z = 105.075 mΩ | Ports = [0] | Time = 17.01s

[Stage] n_caps = 2
  Iter 01/15 | Best Z =  104.657 mΩ | IterTime =   1.18s
  Iter 02/15 | Best Z =  104.657 mΩ | IterTime =   1.17s
  Iter 03/15 | Best Z =  104.657 mΩ | IterTime =   1.17s
  Iter 04/15 | Best Z =  104.657 mΩ | IterTime =   1.17s
  Iter 05/15 | Best Z =  104.657 mΩ | IterTime =   1.17s
  Iter 06/15 | Best Z =  104.657 mΩ | IterTime =   1.16s
  Iter 07/15 | Best Z =  104.657 mΩ | IterTime =   1.16s
  Iter 08/15 | Best Z =  104.657 mΩ | IterTime =   1.17s
  Iter 09/15 | Best Z =  104.657 mΩ | IterTime =   1.16s
  Iter 10/15 | Best Z =  104.657 mΩ | IterTime =   1.17s
  Iter 11/15 | Best Z =  104.657 mΩ | IterTime =   1.17s
  Iter 12/15 | Best Z =  104.657 mΩ | IterTime =   1.16s
  Iter 13/15 | Best Z =  104.657 mΩ | IterTime =   1.17s
  Iter 14/15 | Best Z =  104.657 mΩ | IterTime =   1.17s
  Iter 15/15 | Best Z =  104.657 mΩ | IterTime =   1.17s
[Stage Complete] n_caps=2 | Best Z = 104.657 mΩ | Ports = [0, 11] | Time = 17.51s

[Stage] n_caps = 3
  Iter 01/15 | Best Z =   96.916 mΩ | IterTime =   1.20s
  Iter 02/15 | Best Z =   96.916 mΩ | IterTime =   1.20s
  Iter 03/15 | Best Z =   96.916 mΩ | IterTime =   1.20s
  Iter 04/15 | Best Z =   96.916 mΩ | IterTime =   1.20s
  Iter 05/15 | Best Z =   96.916 mΩ | IterTime =   1.20s
  Iter 06/15 | Best Z =   96.916 mΩ | IterTime =   1.19s
  Iter 07/15 | Best Z =   96.916 mΩ | IterTime =   1.21s
  Iter 08/15 | Best Z =   96.916 mΩ | IterTime =   1.20s
  Iter 09/15 | Best Z =   96.916 mΩ | IterTime =   1.20s
  Iter 10/15 | Best Z =   96.916 mΩ | IterTime =   1.20s
  Iter 11/15 | Best Z =   96.916 mΩ | IterTime =   1.20s
  Iter 12/15 | Best Z =   96.916 mΩ | IterTime =   1.20s
  Iter 13/15 | Best Z =   96.916 mΩ | IterTime =   1.20s
  Iter 14/15 | Best Z =   96.916 mΩ | IterTime =   1.20s
  Iter 15/15 | Best Z =   96.916 mΩ | IterTime =   1.20s
[Stage Complete] n_caps=3 | Best Z = 96.916 mΩ | Ports = [9, 11, 16] | Time = 17.99s

[Stage] n_caps = 4
  Iter 01/15 | Best Z =   79.955 mΩ | IterTime =   1.24s
  Iter 02/15 | Best Z =   79.955 mΩ | IterTime =   1.24s
  Iter 03/15 | Best Z =   79.955 mΩ | IterTime =   1.23s
  Iter 04/15 | Best Z =   79.955 mΩ | IterTime =   1.24s
  Iter 05/15 | Best Z =   79.955 mΩ | IterTime =   1.23s
  Iter 06/15 | Best Z =   79.955 mΩ | IterTime =   1.23s
  Iter 07/15 | Best Z =   79.955 mΩ | IterTime =   1.23s
  Iter 08/15 | Best Z =   79.955 mΩ | IterTime =   1.23s
  Iter 09/15 | Best Z =   79.955 mΩ | IterTime =   1.23s
  Iter 10/15 | Best Z =   79.955 mΩ | IterTime =   1.23s
  Iter 11/15 | Best Z =   79.955 mΩ | IterTime =   1.23s
  Iter 12/15 | Best Z =   79.955 mΩ | IterTime =   1.23s
  Iter 13/15 | Best Z =   79.955 mΩ | IterTime =   1.23s
  Iter 14/15 | Best Z =   79.955 mΩ | IterTime =   1.23s
  Iter 15/15 | Best Z =   79.955 mΩ | IterTime =   1.23s
[Stage Complete] n_caps=4 | Best Z = 79.955 mΩ | Ports = [7, 3, 0, 19] | Time = 18.46s

[Stage] n_caps = 5
  Iter 01/15 | Best Z =   82.978 mΩ | IterTime =   1.28s
  Iter 02/15 | Best Z =   82.978 mΩ | IterTime =   1.27s
  Iter 03/15 | Best Z =   82.978 mΩ | IterTime =   1.26s
  Iter 04/15 | Best Z =   82.978 mΩ | IterTime =   1.26s
  Iter 05/15 | Best Z =   82.978 mΩ | IterTime =   1.26s
  Iter 06/15 | Best Z =   82.978 mΩ | IterTime =   1.27s
  Iter 07/15 | Best Z =   82.978 mΩ | IterTime =   1.26s
  Iter 08/15 | Best Z =   82.978 mΩ | IterTime =   1.27s
  Iter 09/15 | Best Z =   82.978 mΩ | IterTime =   1.26s
  Iter 10/15 | Best Z =   82.978 mΩ | IterTime =   1.27s
  Iter 11/15 | Best Z =   82.978 mΩ | IterTime =   1.26s
  Iter 12/15 | Best Z =   82.978 mΩ | IterTime =   1.26s
  Iter 13/15 | Best Z =   82.978 mΩ | IterTime =   1.26s
  Iter 14/15 | Best Z =   82.978 mΩ | IterTime =   1.26s
  Iter 15/15 | Best Z =   82.978 mΩ | IterTime =   1.26s
[Stage Complete] n_caps=5 | Best Z = 82.978 mΩ | Ports = [3, 0, 19, 14, 9] | Time = 18.97s

[Stage] n_caps = 6
  Iter 01/15 | Best Z =   61.886 mΩ | IterTime =   1.29s
  Iter 02/15 | Best Z =   61.886 mΩ | IterTime =   1.29s
  Iter 03/15 | Best Z =   61.886 mΩ | IterTime =   1.29s
  Iter 04/15 | Best Z =   61.886 mΩ | IterTime =   1.29s
  Iter 05/15 | Best Z =   61.886 mΩ | IterTime =   1.29s
  Iter 06/15 | Best Z =   61.886 mΩ | IterTime =   1.29s
  Iter 07/15 | Best Z =   61.886 mΩ | IterTime =   1.29s
  Iter 08/15 | Best Z =   61.886 mΩ | IterTime =   1.29s
  Iter 09/15 | Best Z =   61.886 mΩ | IterTime =   1.29s
  Iter 10/15 | Best Z =   61.886 mΩ | IterTime =   1.29s
  Iter 11/15 | Best Z =   61.886 mΩ | IterTime =   1.29s
  Iter 12/15 | Best Z =   61.886 mΩ | IterTime =   1.29s
  Iter 13/15 | Best Z =   61.886 mΩ | IterTime =   1.29s
  Iter 14/15 | Best Z =   61.886 mΩ | IterTime =   1.29s
  Iter 15/15 | Best Z =   61.886 mΩ | IterTime =   1.29s
[Stage Complete] n_caps=6 | Best Z = 61.886 mΩ | Ports = [0, 19, 14, 9, 10, 5] | Time = 19.34s

[Stage] n_caps = 7
  Iter 01/15 | Best Z =   56.749 mΩ | IterTime =   1.33s
  Iter 02/15 | Best Z =   56.749 mΩ | IterTime =   1.32s
  Iter 03/15 | Best Z =   56.749 mΩ | IterTime =   1.33s
  Iter 04/15 | Best Z =   56.749 mΩ | IterTime =   1.32s
  Iter 05/15 | Best Z =   56.749 mΩ | IterTime =   1.33s
  Iter 06/15 | Best Z =   56.749 mΩ | IterTime =   1.32s
  Iter 07/15 | Best Z =   56.749 mΩ | IterTime =   1.33s
  Iter 08/15 | Best Z =   56.749 mΩ | IterTime =   1.32s
  Iter 09/15 | Best Z =   56.749 mΩ | IterTime =   1.32s
  Iter 10/15 | Best Z =   56.749 mΩ | IterTime =   1.32s
  Iter 11/15 | Best Z =   56.749 mΩ | IterTime =   1.32s
  Iter 12/15 | Best Z =   56.749 mΩ | IterTime =   1.32s
  Iter 13/15 | Best Z =   56.749 mΩ | IterTime =   1.32s
  Iter 14/15 | Best Z =   56.749 mΩ | IterTime =   1.32s
  Iter 15/15 | Best Z =   56.749 mΩ | IterTime =   1.32s
[Stage Complete] n_caps=7 | Best Z = 56.749 mΩ | Ports = [15, 11, 0, 5, 5, 11, 0] | Time = 19.85s
Threshold reached — stopping stage growth.

[Run Complete] Total Time = 129.13s
------------------------------------------------------------
solve | Run 16 | n_caps=7 | Z=0.056749 | Time=129.32s

============================================================
RUN 17 | METHOD = SOLVE
============================================================

[Stage] n_caps = 1
  Iter 01/15 | Best Z =  100.402 mΩ | IterTime =   1.14s
  Iter 02/15 | Best Z =  100.402 mΩ | IterTime =   1.14s
  Iter 03/15 | Best Z =  100.402 mΩ | IterTime =   1.14s
  Iter 04/15 | Best Z =  100.402 mΩ | IterTime =   1.13s
  Iter 05/15 | Best Z =  100.402 mΩ | IterTime =   1.13s
  Iter 06/15 | Best Z =  100.402 mΩ | IterTime =   1.13s
  Iter 07/15 | Best Z =  100.402 mΩ | IterTime =   1.13s
  Iter 08/15 | Best Z =  100.402 mΩ | IterTime =   1.13s
  Iter 09/15 | Best Z =  100.402 mΩ | IterTime =   1.13s
  Iter 10/15 | Best Z =  100.402 mΩ | IterTime =   1.13s
  Iter 11/15 | Best Z =  100.402 mΩ | IterTime =   1.13s
  Iter 12/15 | Best Z =  100.402 mΩ | IterTime =   1.13s
  Iter 13/15 | Best Z =  100.402 mΩ | IterTime =   1.13s
  Iter 14/15 | Best Z =  100.402 mΩ | IterTime =   1.13s
  Iter 15/15 | Best Z =  100.402 mΩ | IterTime =   1.13s
[Stage Complete] n_caps=1 | Best Z = 100.402 mΩ | Ports = [0] | Time = 16.96s

[Stage] n_caps = 2
  Iter 01/15 | Best Z =  104.213 mΩ | IterTime =   1.17s
  Iter 02/15 | Best Z =  104.213 mΩ | IterTime =   1.16s
  Iter 03/15 | Best Z =  104.213 mΩ | IterTime =   1.16s
  Iter 04/15 | Best Z =  104.213 mΩ | IterTime =   1.15s
  Iter 05/15 | Best Z =  104.213 mΩ | IterTime =   1.16s
  Iter 06/15 | Best Z =  104.213 mΩ | IterTime =   1.16s
  Iter 07/15 | Best Z =  104.213 mΩ | IterTime =   1.16s
  Iter 08/15 | Best Z =  104.213 mΩ | IterTime =   1.16s
  Iter 09/15 | Best Z =  104.213 mΩ | IterTime =   1.15s
  Iter 10/15 | Best Z =  104.213 mΩ | IterTime =   1.16s
  Iter 11/15 | Best Z =  104.213 mΩ | IterTime =   1.16s
  Iter 12/15 | Best Z =  104.213 mΩ | IterTime =   1.16s
  Iter 13/15 | Best Z =  104.213 mΩ | IterTime =   1.16s
  Iter 14/15 | Best Z =  104.213 mΩ | IterTime =   1.16s
  Iter 15/15 | Best Z =  104.213 mΩ | IterTime =   1.16s
[Stage Complete] n_caps=2 | Best Z = 104.213 mΩ | Ports = [5, 9] | Time = 17.39s

[Stage] n_caps = 3
  Iter 01/15 | Best Z =   90.076 mΩ | IterTime =   1.20s
  Iter 02/15 | Best Z =   90.076 mΩ | IterTime =   1.21s
  Iter 03/15 | Best Z =   90.076 mΩ | IterTime =   1.20s
  Iter 04/15 | Best Z =   90.076 mΩ | IterTime =   1.20s
  Iter 05/15 | Best Z =   90.076 mΩ | IterTime =   1.20s
  Iter 06/15 | Best Z =   90.076 mΩ | IterTime =   1.21s
  Iter 07/15 | Best Z =   90.076 mΩ | IterTime =   1.20s
  Iter 08/15 | Best Z =   90.076 mΩ | IterTime =   1.20s
  Iter 09/15 | Best Z =   90.076 mΩ | IterTime =   1.20s
  Iter 10/15 | Best Z =   90.076 mΩ | IterTime =   1.20s
  Iter 11/15 | Best Z =   90.076 mΩ | IterTime =   1.21s
  Iter 12/15 | Best Z =   90.076 mΩ | IterTime =   1.20s
  Iter 13/15 | Best Z =   90.076 mΩ | IterTime =   1.20s
  Iter 14/15 | Best Z =   90.076 mΩ | IterTime =   1.20s
  Iter 15/15 | Best Z =   90.076 mΩ | IterTime =   1.20s
[Stage Complete] n_caps=3 | Best Z = 90.076 mΩ | Ports = [9, 16, 0] | Time = 18.03s

[Stage] n_caps = 4
  Iter 01/15 | Best Z =   73.334 mΩ | IterTime =   1.24s
  Iter 02/15 | Best Z =   73.334 mΩ | IterTime =   1.23s
  Iter 03/15 | Best Z =   73.334 mΩ | IterTime =   1.23s
  Iter 04/15 | Best Z =   73.334 mΩ | IterTime =   1.24s
  Iter 05/15 | Best Z =   73.334 mΩ | IterTime =   1.23s
  Iter 06/15 | Best Z =   73.334 mΩ | IterTime =   1.23s
  Iter 07/15 | Best Z =   73.334 mΩ | IterTime =   1.23s
  Iter 08/15 | Best Z =   73.334 mΩ | IterTime =   1.24s
  Iter 09/15 | Best Z =   73.334 mΩ | IterTime =   1.23s
  Iter 10/15 | Best Z =   73.334 mΩ | IterTime =   1.23s
  Iter 11/15 | Best Z =   73.334 mΩ | IterTime =   1.23s
  Iter 12/15 | Best Z =   73.334 mΩ | IterTime =   1.23s
  Iter 13/15 | Best Z =   73.334 mΩ | IterTime =   1.23s
  Iter 14/15 | Best Z =   73.334 mΩ | IterTime =   1.22s
  Iter 15/15 | Best Z =   73.334 mΩ | IterTime =   1.23s
[Stage Complete] n_caps=4 | Best Z = 73.334 mΩ | Ports = [16, 0, 8, 0] | Time = 18.47s

[Stage] n_caps = 5
  Iter 01/15 | Best Z =   58.847 mΩ | IterTime =   1.27s
  Iter 02/15 | Best Z =   58.847 mΩ | IterTime =   1.28s
  Iter 03/15 | Best Z =   58.847 mΩ | IterTime =   1.27s
  Iter 04/15 | Best Z =   58.847 mΩ | IterTime =   1.28s
  Iter 05/15 | Best Z =   58.847 mΩ | IterTime =   1.28s
  Iter 06/15 | Best Z =   58.847 mΩ | IterTime =   1.27s
  Iter 07/15 | Best Z =   58.847 mΩ | IterTime =   1.27s
  Iter 08/15 | Best Z =   58.847 mΩ | IterTime =   1.28s
  Iter 09/15 | Best Z =   58.847 mΩ | IterTime =   1.27s
  Iter 10/15 | Best Z =   58.847 mΩ | IterTime =   1.27s
  Iter 11/15 | Best Z =   58.847 mΩ | IterTime =   1.27s
  Iter 12/15 | Best Z =   58.847 mΩ | IterTime =   1.27s
  Iter 13/15 | Best Z =   58.847 mΩ | IterTime =   1.27s
  Iter 14/15 | Best Z =   58.847 mΩ | IterTime =   1.27s
  Iter 15/15 | Best Z =   58.847 mΩ | IterTime =   1.27s
[Stage Complete] n_caps=5 | Best Z = 58.847 mΩ | Ports = [0, 8, 0, 0, 10] | Time = 19.08s
Threshold reached — stopping stage growth.

[Run Complete] Total Time = 89.93s
------------------------------------------------------------
solve | Run 17 | n_caps=5 | Z=0.058847 | Time=90.10s

============================================================
RUN 18 | METHOD = SOLVE
============================================================

[Stage] n_caps = 1
  Iter 01/15 | Best Z =  123.186 mΩ | IterTime =   1.13s
  Iter 02/15 | Best Z =  123.186 mΩ | IterTime =   1.13s
  Iter 03/15 | Best Z =  123.186 mΩ | IterTime =   1.13s
  Iter 04/15 | Best Z =  123.186 mΩ | IterTime =   1.13s
  Iter 05/15 | Best Z =  123.186 mΩ | IterTime =   1.13s
  Iter 06/15 | Best Z =  123.186 mΩ | IterTime =   1.13s
  Iter 07/15 | Best Z =  123.186 mΩ | IterTime =   1.13s
  Iter 08/15 | Best Z =  123.186 mΩ | IterTime =   1.13s
  Iter 09/15 | Best Z =  123.186 mΩ | IterTime =   1.13s
  Iter 10/15 | Best Z =  123.186 mΩ | IterTime =   1.13s
  Iter 11/15 | Best Z =  123.186 mΩ | IterTime =   1.13s
  Iter 12/15 | Best Z =  123.186 mΩ | IterTime =   1.13s
  Iter 13/15 | Best Z =  123.186 mΩ | IterTime =   1.13s
  Iter 14/15 | Best Z =  123.186 mΩ | IterTime =   1.13s
  Iter 15/15 | Best Z =  123.186 mΩ | IterTime =   1.13s
[Stage Complete] n_caps=1 | Best Z = 123.186 mΩ | Ports = [10] | Time = 16.91s

[Stage] n_caps = 2
  Iter 01/15 | Best Z =   73.502 mΩ | IterTime =   1.17s
  Iter 02/15 | Best Z =   73.502 mΩ | IterTime =   1.17s
  Iter 03/15 | Best Z =   73.502 mΩ | IterTime =   1.17s
  Iter 04/15 | Best Z =   73.502 mΩ | IterTime =   1.17s
  Iter 05/15 | Best Z =   73.502 mΩ | IterTime =   1.16s
  Iter 06/15 | Best Z =   73.502 mΩ | IterTime =   1.17s
  Iter 07/15 | Best Z =   73.502 mΩ | IterTime =   1.16s
  Iter 08/15 | Best Z =   73.502 mΩ | IterTime =   1.17s
  Iter 09/15 | Best Z =   73.502 mΩ | IterTime =   1.16s
  Iter 10/15 | Best Z =   73.502 mΩ | IterTime =   1.17s
  Iter 11/15 | Best Z =   73.502 mΩ | IterTime =   1.16s
  Iter 12/15 | Best Z =   73.502 mΩ | IterTime =   1.17s
  Iter 13/15 | Best Z =   73.502 mΩ | IterTime =   1.17s
  Iter 14/15 | Best Z =   73.502 mΩ | IterTime =   1.17s
  Iter 15/15 | Best Z =   73.502 mΩ | IterTime =   1.16s
[Stage Complete] n_caps=2 | Best Z = 73.502 mΩ | Ports = [0, 10] | Time = 17.50s

[Stage] n_caps = 3
  Iter 01/15 | Best Z =   77.566 mΩ | IterTime =   1.21s
  Iter 02/15 | Best Z =   77.566 mΩ | IterTime =   1.20s
  Iter 03/15 | Best Z =   77.566 mΩ | IterTime =   1.20s
  Iter 04/15 | Best Z =   77.566 mΩ | IterTime =   1.20s
  Iter 05/15 | Best Z =   77.566 mΩ | IterTime =   1.21s
  Iter 06/15 | Best Z =   77.566 mΩ | IterTime =   1.20s
  Iter 07/15 | Best Z =   77.566 mΩ | IterTime =   1.20s
  Iter 08/15 | Best Z =   77.566 mΩ | IterTime =   1.20s
  Iter 09/15 | Best Z =   77.566 mΩ | IterTime =   1.20s
  Iter 10/15 | Best Z =   77.566 mΩ | IterTime =   1.24s
  Iter 11/15 | Best Z =   77.566 mΩ | IterTime =   1.20s
  Iter 12/15 | Best Z =   77.566 mΩ | IterTime =   1.20s
  Iter 13/15 | Best Z =   77.566 mΩ | IterTime =   1.20s
  Iter 14/15 | Best Z =   77.566 mΩ | IterTime =   1.19s
  Iter 15/15 | Best Z =   77.566 mΩ | IterTime =   1.20s
[Stage Complete] n_caps=3 | Best Z = 77.566 mΩ | Ports = [10, 0, 1] | Time = 18.05s

[Stage] n_caps = 4
  Iter 01/15 | Best Z =   74.032 mΩ | IterTime =   1.23s
  Iter 02/15 | Best Z =   74.032 mΩ | IterTime =   1.23s
  Iter 03/15 | Best Z =   74.032 mΩ | IterTime =   1.22s
  Iter 04/15 | Best Z =   74.032 mΩ | IterTime =   1.23s
  Iter 05/15 | Best Z =   74.032 mΩ | IterTime =   1.23s
  Iter 06/15 | Best Z =   74.032 mΩ | IterTime =   1.22s
  Iter 07/15 | Best Z =   74.032 mΩ | IterTime =   1.23s
  Iter 08/15 | Best Z =   74.032 mΩ | IterTime =   1.23s
  Iter 09/15 | Best Z =   74.032 mΩ | IterTime =   1.22s
  Iter 10/15 | Best Z =   74.032 mΩ | IterTime =   1.24s
  Iter 11/15 | Best Z =   74.032 mΩ | IterTime =   1.23s
  Iter 12/15 | Best Z =   74.032 mΩ | IterTime =   1.22s
  Iter 13/15 | Best Z =   74.032 mΩ | IterTime =   1.23s
  Iter 14/15 | Best Z =   74.032 mΩ | IterTime =   1.23s
  Iter 15/15 | Best Z =   74.032 mΩ | IterTime =   1.23s
[Stage Complete] n_caps=4 | Best Z = 74.032 mΩ | Ports = [0, 1, 6, 9] | Time = 18.41s

[Stage] n_caps = 5
  Iter 01/15 | Best Z =   66.799 mΩ | IterTime =   1.27s
  Iter 02/15 | Best Z =   66.799 mΩ | IterTime =   1.26s
  Iter 03/15 | Best Z =   66.799 mΩ | IterTime =   1.26s
  Iter 04/15 | Best Z =   66.799 mΩ | IterTime =   1.26s
  Iter 05/15 | Best Z =   66.799 mΩ | IterTime =   1.26s
  Iter 06/15 | Best Z =   66.799 mΩ | IterTime =   1.27s
  Iter 07/15 | Best Z =   66.799 mΩ | IterTime =   1.26s
  Iter 08/15 | Best Z =   66.799 mΩ | IterTime =   1.26s
  Iter 09/15 | Best Z =   66.799 mΩ | IterTime =   1.26s
  Iter 10/15 | Best Z =   66.799 mΩ | IterTime =   1.26s
  Iter 11/15 | Best Z =   66.799 mΩ | IterTime =   1.26s
  Iter 12/15 | Best Z =   66.799 mΩ | IterTime =   1.27s
  Iter 13/15 | Best Z =   66.799 mΩ | IterTime =   1.27s
  Iter 14/15 | Best Z =   66.799 mΩ | IterTime =   1.26s
  Iter 15/15 | Best Z =   66.799 mΩ | IterTime =   1.26s
[Stage Complete] n_caps=5 | Best Z = 66.799 mΩ | Ports = [0, 9, 6, 10, 11] | Time = 18.96s

[Stage] n_caps = 6
  Iter 01/15 | Best Z =   62.789 mΩ | IterTime =   1.30s
  Iter 02/15 | Best Z =   62.789 mΩ | IterTime =   1.30s
  Iter 03/15 | Best Z =   62.789 mΩ | IterTime =   1.29s
  Iter 04/15 | Best Z =   62.789 mΩ | IterTime =   1.29s
  Iter 05/15 | Best Z =   62.789 mΩ | IterTime =   1.29s
  Iter 06/15 | Best Z =   62.789 mΩ | IterTime =   1.29s
  Iter 07/15 | Best Z =   62.789 mΩ | IterTime =   1.29s
  Iter 08/15 | Best Z =   62.789 mΩ | IterTime =   1.29s
  Iter 09/15 | Best Z =   62.789 mΩ | IterTime =   1.28s
  Iter 10/15 | Best Z =   62.789 mΩ | IterTime =   1.29s
  Iter 11/15 | Best Z =   62.789 mΩ | IterTime =   1.28s
  Iter 12/15 | Best Z =   62.789 mΩ | IterTime =   1.29s
  Iter 13/15 | Best Z =   62.789 mΩ | IterTime =   1.29s
  Iter 14/15 | Best Z =   62.789 mΩ | IterTime =   1.30s
  Iter 15/15 | Best Z =   62.789 mΩ | IterTime =   1.29s
[Stage Complete] n_caps=6 | Best Z = 62.789 mΩ | Ports = [0, 3, 16, 5, 11, 6] | Time = 19.37s

[Stage] n_caps = 7
  Iter 01/15 | Best Z =   58.171 mΩ | IterTime =   1.33s
  Iter 02/15 | Best Z =   58.171 mΩ | IterTime =   1.32s
  Iter 03/15 | Best Z =   58.171 mΩ | IterTime =   1.32s
  Iter 04/15 | Best Z =   58.171 mΩ | IterTime =   1.32s
  Iter 05/15 | Best Z =   58.171 mΩ | IterTime =   1.31s
  Iter 06/15 | Best Z =   58.171 mΩ | IterTime =   1.32s
  Iter 07/15 | Best Z =   58.171 mΩ | IterTime =   1.31s
  Iter 08/15 | Best Z =   58.171 mΩ | IterTime =   1.32s
  Iter 09/15 | Best Z =   58.171 mΩ | IterTime =   1.32s
  Iter 10/15 | Best Z =   58.171 mΩ | IterTime =   1.32s
  Iter 11/15 | Best Z =   58.171 mΩ | IterTime =   1.32s
  Iter 12/15 | Best Z =   58.171 mΩ | IterTime =   1.32s
  Iter 13/15 | Best Z =   58.171 mΩ | IterTime =   1.32s
  Iter 14/15 | Best Z =   58.171 mΩ | IterTime =   1.32s
  Iter 15/15 | Best Z =   58.171 mΩ | IterTime =   1.32s
[Stage Complete] n_caps=7 | Best Z = 58.171 mΩ | Ports = [17, 1, 5, 0, 6, 8, 14] | Time = 19.78s
Threshold reached — stopping stage growth.

[Run Complete] Total Time = 128.97s
------------------------------------------------------------
solve | Run 18 | n_caps=7 | Z=0.058171 | Time=129.17s

============================================================
RUN 19 | METHOD = SOLVE
============================================================

[Stage] n_caps = 1
  Iter 01/15 | Best Z =  110.373 mΩ | IterTime =   1.15s
  Iter 02/15 | Best Z =  110.373 mΩ | IterTime =   1.15s
  Iter 03/15 | Best Z =  110.373 mΩ | IterTime =   1.14s
  Iter 04/15 | Best Z =  110.373 mΩ | IterTime =   1.14s
  Iter 05/15 | Best Z =  110.373 mΩ | IterTime =   1.14s
  Iter 06/15 | Best Z =  110.373 mΩ | IterTime =   1.15s
  Iter 07/15 | Best Z =  110.373 mΩ | IterTime =   1.15s
  Iter 08/15 | Best Z =  110.373 mΩ | IterTime =   1.14s
  Iter 09/15 | Best Z =  110.373 mΩ | IterTime =   1.14s
  Iter 10/15 | Best Z =  110.373 mΩ | IterTime =   1.14s
  Iter 11/15 | Best Z =  110.373 mΩ | IterTime =   1.15s
  Iter 12/15 | Best Z =  110.373 mΩ | IterTime =   1.15s
  Iter 13/15 | Best Z =  110.373 mΩ | IterTime =   1.14s
  Iter 14/15 | Best Z =  110.373 mΩ | IterTime =   1.14s
  Iter 15/15 | Best Z =  110.373 mΩ | IterTime =   1.15s
[Stage Complete] n_caps=1 | Best Z = 110.373 mΩ | Ports = [15] | Time = 17.18s

[Stage] n_caps = 2
  Iter 01/15 | Best Z =  102.888 mΩ | IterTime =   1.18s
  Iter 02/15 | Best Z =  102.888 mΩ | IterTime =   1.18s
  Iter 03/15 | Best Z =  102.888 mΩ | IterTime =   1.18s
  Iter 04/15 | Best Z =  102.888 mΩ | IterTime =   1.18s
  Iter 05/15 | Best Z =  102.888 mΩ | IterTime =   1.18s
  Iter 06/15 | Best Z =  102.888 mΩ | IterTime =   1.18s
  Iter 07/15 | Best Z =  102.888 mΩ | IterTime =   1.18s
  Iter 08/15 | Best Z =  102.888 mΩ | IterTime =   1.18s
  Iter 09/15 | Best Z =  102.888 mΩ | IterTime =   1.17s
  Iter 10/15 | Best Z =  102.888 mΩ | IterTime =   1.17s
  Iter 11/15 | Best Z =  102.888 mΩ | IterTime =   1.17s
  Iter 12/15 | Best Z =  102.888 mΩ | IterTime =   1.17s
  Iter 13/15 | Best Z =  102.888 mΩ | IterTime =   1.17s
  Iter 14/15 | Best Z =  102.888 mΩ | IterTime =   1.17s
  Iter 15/15 | Best Z =  102.888 mΩ | IterTime =   1.17s
[Stage Complete] n_caps=2 | Best Z = 102.888 mΩ | Ports = [0, 18] | Time = 17.64s

[Stage] n_caps = 3
  Iter 01/15 | Best Z =   99.369 mΩ | IterTime =   1.22s
  Iter 02/15 | Best Z =   99.369 mΩ | IterTime =   1.22s
  Iter 03/15 | Best Z =   99.369 mΩ | IterTime =   1.22s
  Iter 04/15 | Best Z =   99.369 mΩ | IterTime =   1.21s
  Iter 05/15 | Best Z =   99.369 mΩ | IterTime =   1.21s
  Iter 06/15 | Best Z =   99.369 mΩ | IterTime =   1.21s
  Iter 07/15 | Best Z =   99.369 mΩ | IterTime =   1.21s
  Iter 08/15 | Best Z =   99.369 mΩ | IterTime =   1.20s
  Iter 09/15 | Best Z =   99.369 mΩ | IterTime =   1.21s
  Iter 10/15 | Best Z =   99.369 mΩ | IterTime =   1.20s
  Iter 11/15 | Best Z =   99.369 mΩ | IterTime =   1.21s
  Iter 12/15 | Best Z =   99.369 mΩ | IterTime =   1.20s
  Iter 13/15 | Best Z =   99.369 mΩ | IterTime =   1.21s
  Iter 14/15 | Best Z =   99.369 mΩ | IterTime =   1.20s
  Iter 15/15 | Best Z =   99.369 mΩ | IterTime =   1.21s
[Stage Complete] n_caps=3 | Best Z = 99.369 mΩ | Ports = [14, 15, 9] | Time = 18.13s

[Stage] n_caps = 4
  Iter 01/15 | Best Z =   75.445 mΩ | IterTime =   1.24s
  Iter 02/15 | Best Z =   75.445 mΩ | IterTime =   1.24s
  Iter 03/15 | Best Z =   75.445 mΩ | IterTime =   1.24s
  Iter 04/15 | Best Z =   75.445 mΩ | IterTime =   1.24s
  Iter 05/15 | Best Z =   75.445 mΩ | IterTime =   1.24s
  Iter 06/15 | Best Z =   75.445 mΩ | IterTime =   1.24s
  Iter 07/15 | Best Z =   75.445 mΩ | IterTime =   1.24s
  Iter 08/15 | Best Z =   75.445 mΩ | IterTime =   1.24s
  Iter 09/15 | Best Z =   75.445 mΩ | IterTime =   1.24s
  Iter 10/15 | Best Z =   75.445 mΩ | IterTime =   1.24s
  Iter 11/15 | Best Z =   75.445 mΩ | IterTime =   1.24s
  Iter 12/15 | Best Z =   75.445 mΩ | IterTime =   1.24s
  Iter 13/15 | Best Z =   75.445 mΩ | IterTime =   1.24s
  Iter 14/15 | Best Z =   75.445 mΩ | IterTime =   1.24s
  Iter 15/15 | Best Z =   75.445 mΩ | IterTime =   1.24s
[Stage Complete] n_caps=4 | Best Z = 75.445 mΩ | Ports = [15, 9, 0, 5] | Time = 18.62s

[Stage] n_caps = 5
  Iter 01/15 | Best Z =   69.498 mΩ | IterTime =   1.28s
  Iter 02/15 | Best Z =   69.498 mΩ | IterTime =   1.27s
  Iter 03/15 | Best Z =   69.498 mΩ | IterTime =   1.28s
  Iter 04/15 | Best Z =   69.498 mΩ | IterTime =   1.27s
  Iter 05/15 | Best Z =   69.498 mΩ | IterTime =   1.27s
  Iter 06/15 | Best Z =   69.498 mΩ | IterTime =   1.27s
  Iter 07/15 | Best Z =   69.498 mΩ | IterTime =   1.28s
  Iter 08/15 | Best Z =   69.498 mΩ | IterTime =   1.28s
  Iter 09/15 | Best Z =   69.498 mΩ | IterTime =   1.28s
  Iter 10/15 | Best Z =   69.498 mΩ | IterTime =   1.28s
  Iter 11/15 | Best Z =   69.498 mΩ | IterTime =   1.28s
  Iter 12/15 | Best Z =   69.498 mΩ | IterTime =   1.28s
  Iter 13/15 | Best Z =   69.498 mΩ | IterTime =   1.28s
  Iter 14/15 | Best Z =   69.498 mΩ | IterTime =   1.28s
  Iter 15/15 | Best Z =   69.498 mΩ | IterTime =   1.27s
[Stage Complete] n_caps=5 | Best Z = 69.498 mΩ | Ports = [9, 0, 5, 0, 19] | Time = 19.15s

[Stage] n_caps = 6
  Iter 01/15 | Best Z =   70.344 mΩ | IterTime =   1.31s
  Iter 02/15 | Best Z =   70.344 mΩ | IterTime =   1.31s
  Iter 03/15 | Best Z =   70.344 mΩ | IterTime =   1.30s
  Iter 04/15 | Best Z =   70.344 mΩ | IterTime =   1.30s
  Iter 05/15 | Best Z =   70.344 mΩ | IterTime =   1.30s
  Iter 06/15 | Best Z =   70.344 mΩ | IterTime =   1.30s
  Iter 07/15 | Best Z =   70.344 mΩ | IterTime =   1.30s
  Iter 08/15 | Best Z =   70.344 mΩ | IterTime =   1.30s
  Iter 09/15 | Best Z =   70.344 mΩ | IterTime =   1.30s
  Iter 10/15 | Best Z =   70.344 mΩ | IterTime =   1.30s
  Iter 11/15 | Best Z =   70.344 mΩ | IterTime =   1.30s
  Iter 12/15 | Best Z =   70.344 mΩ | IterTime =   1.30s
  Iter 13/15 | Best Z =   70.344 mΩ | IterTime =   1.30s
  Iter 14/15 | Best Z =   70.344 mΩ | IterTime =   1.30s
  Iter 15/15 | Best Z =   70.344 mΩ | IterTime =   1.30s
[Stage Complete] n_caps=6 | Best Z = 70.344 mΩ | Ports = [0, 5, 0, 19, 14, 9] | Time = 19.54s

[Stage] n_caps = 7
  Iter 01/15 | Best Z =   57.829 mΩ | IterTime =   1.33s
  Iter 02/15 | Best Z =   57.829 mΩ | IterTime =   1.33s
  Iter 03/15 | Best Z =   57.829 mΩ | IterTime =   1.33s
  Iter 04/15 | Best Z =   57.829 mΩ | IterTime =   1.33s
  Iter 05/15 | Best Z =   57.829 mΩ | IterTime =   1.32s
  Iter 06/15 | Best Z =   57.829 mΩ | IterTime =   1.33s
  Iter 07/15 | Best Z =   57.829 mΩ | IterTime =   1.33s
  Iter 08/15 | Best Z =   57.829 mΩ | IterTime =   1.33s
  Iter 09/15 | Best Z =   57.829 mΩ | IterTime =   1.33s
  Iter 10/15 | Best Z =   57.829 mΩ | IterTime =   1.33s
  Iter 11/15 | Best Z =   57.829 mΩ | IterTime =   1.33s
  Iter 12/15 | Best Z =   57.829 mΩ | IterTime =   1.33s
  Iter 13/15 | Best Z =   57.829 mΩ | IterTime =   1.34s
  Iter 14/15 | Best Z =   57.829 mΩ | IterTime =   1.33s
  Iter 15/15 | Best Z =   57.829 mΩ | IterTime =   1.33s
[Stage Complete] n_caps=7 | Best Z = 57.829 mΩ | Ports = [0, 7, 10, 10, 0, 18, 9] | Time = 19.98s
Threshold reached — stopping stage growth.

[Run Complete] Total Time = 130.23s
------------------------------------------------------------
solve | Run 19 | n_caps=7 | Z=0.057829 | Time=130.42s

============================================================
RUN 20 | METHOD = SOLVE
============================================================

[Stage] n_caps = 1
  Iter 01/15 | Best Z =  108.948 mΩ | IterTime =   1.14s
  Iter 02/15 | Best Z =  108.948 mΩ | IterTime =   1.14s
  Iter 03/15 | Best Z =  108.948 mΩ | IterTime =   1.14s
  Iter 04/15 | Best Z =  108.948 mΩ | IterTime =   1.14s
  Iter 05/15 | Best Z =  108.948 mΩ | IterTime =   1.13s
  Iter 06/15 | Best Z =  108.948 mΩ | IterTime =   1.13s
  Iter 07/15 | Best Z =  108.948 mΩ | IterTime =   1.13s
  Iter 08/15 | Best Z =  108.948 mΩ | IterTime =   1.13s
  Iter 09/15 | Best Z =  108.948 mΩ | IterTime =   1.13s
  Iter 10/15 | Best Z =  108.948 mΩ | IterTime =   1.13s
  Iter 11/15 | Best Z =  108.948 mΩ | IterTime =   1.13s
  Iter 12/15 | Best Z =  108.948 mΩ | IterTime =   1.14s
  Iter 13/15 | Best Z =  108.948 mΩ | IterTime =   1.14s
  Iter 14/15 | Best Z =  108.948 mΩ | IterTime =   1.13s
  Iter 15/15 | Best Z =  108.948 mΩ | IterTime =   1.13s
[Stage Complete] n_caps=1 | Best Z = 108.948 mΩ | Ports = [0] | Time = 17.01s

[Stage] n_caps = 2
  Iter 01/15 | Best Z =  123.786 mΩ | IterTime =   1.18s
  Iter 02/15 | Best Z =  123.786 mΩ | IterTime =   1.17s
  Iter 03/15 | Best Z =  123.786 mΩ | IterTime =   1.16s
  Iter 04/15 | Best Z =  123.786 mΩ | IterTime =   1.17s
  Iter 05/15 | Best Z =  123.786 mΩ | IterTime =   1.16s
  Iter 06/15 | Best Z =  123.786 mΩ | IterTime =   1.17s
  Iter 07/15 | Best Z =  123.786 mΩ | IterTime =   1.16s
  Iter 08/15 | Best Z =  123.786 mΩ | IterTime =   1.17s
  Iter 09/15 | Best Z =  123.786 mΩ | IterTime =   1.17s
  Iter 10/15 | Best Z =  123.786 mΩ | IterTime =   1.17s
  Iter 11/15 | Best Z =  123.786 mΩ | IterTime =   1.17s
  Iter 12/15 | Best Z =  123.786 mΩ | IterTime =   1.17s
  Iter 13/15 | Best Z =  123.786 mΩ | IterTime =   1.17s
  Iter 14/15 | Best Z =  123.786 mΩ | IterTime =   1.18s
  Iter 15/15 | Best Z =  123.786 mΩ | IterTime =   1.17s
[Stage Complete] n_caps=2 | Best Z = 123.786 mΩ | Ports = [14, 4] | Time = 17.54s

[Stage] n_caps = 3
  Iter 01/15 | Best Z =   71.194 mΩ | IterTime =   1.20s
  Iter 02/15 | Best Z =   71.194 mΩ | IterTime =   1.20s
  Iter 03/15 | Best Z =   71.194 mΩ | IterTime =   1.20s
  Iter 04/15 | Best Z =   71.194 mΩ | IterTime =   1.20s
  Iter 05/15 | Best Z =   71.194 mΩ | IterTime =   1.20s
  Iter 06/15 | Best Z =   71.194 mΩ | IterTime =   1.19s
  Iter 07/15 | Best Z =   71.194 mΩ | IterTime =   1.20s
  Iter 08/15 | Best Z =   71.194 mΩ | IterTime =   1.20s
  Iter 09/15 | Best Z =   71.194 mΩ | IterTime =   1.20s
  Iter 10/15 | Best Z =   71.194 mΩ | IterTime =   1.20s
  Iter 11/15 | Best Z =   71.194 mΩ | IterTime =   1.20s
  Iter 12/15 | Best Z =   71.194 mΩ | IterTime =   1.20s
  Iter 13/15 | Best Z =   71.194 mΩ | IterTime =   1.20s
  Iter 14/15 | Best Z =   71.194 mΩ | IterTime =   1.19s
  Iter 15/15 | Best Z =   71.194 mΩ | IterTime =   1.20s
[Stage Complete] n_caps=3 | Best Z = 71.194 mΩ | Ports = [15, 0, 6] | Time = 17.99s

[Stage] n_caps = 4
  Iter 01/15 | Best Z =   70.298 mΩ | IterTime =   1.23s
  Iter 02/15 | Best Z =   70.298 mΩ | IterTime =   1.23s
  Iter 03/15 | Best Z =   70.298 mΩ | IterTime =   1.23s
  Iter 04/15 | Best Z =   70.298 mΩ | IterTime =   1.23s
  Iter 05/15 | Best Z =   70.298 mΩ | IterTime =   1.23s
  Iter 06/15 | Best Z =   70.298 mΩ | IterTime =   1.23s
  Iter 07/15 | Best Z =   70.298 mΩ | IterTime =   1.23s
  Iter 08/15 | Best Z =   70.298 mΩ | IterTime =   1.23s
  Iter 09/15 | Best Z =   70.298 mΩ | IterTime =   1.23s
  Iter 10/15 | Best Z =   70.298 mΩ | IterTime =   1.23s
  Iter 11/15 | Best Z =   70.298 mΩ | IterTime =   1.23s
  Iter 12/15 | Best Z =   70.298 mΩ | IterTime =   1.23s
  Iter 13/15 | Best Z =   70.298 mΩ | IterTime =   1.23s
  Iter 14/15 | Best Z =   70.298 mΩ | IterTime =   1.23s
  Iter 15/15 | Best Z =   70.298 mΩ | IterTime =   1.23s
[Stage Complete] n_caps=4 | Best Z = 70.298 mΩ | Ports = [13, 5, 0, 9] | Time = 18.46s

[Stage] n_caps = 5
  Iter 01/15 | Best Z =   65.752 mΩ | IterTime =   1.27s
  Iter 02/15 | Best Z =   65.752 mΩ | IterTime =   1.27s
  Iter 03/15 | Best Z =   65.752 mΩ | IterTime =   1.27s
  Iter 04/15 | Best Z =   65.752 mΩ | IterTime =   1.26s
  Iter 05/15 | Best Z =   65.752 mΩ | IterTime =   1.27s
  Iter 06/15 | Best Z =   65.752 mΩ | IterTime =   1.27s
  Iter 07/15 | Best Z =   65.752 mΩ | IterTime =   1.26s
  Iter 08/15 | Best Z =   65.752 mΩ | IterTime =   1.26s
  Iter 09/15 | Best Z =   65.752 mΩ | IterTime =   1.26s
  Iter 10/15 | Best Z =   65.752 mΩ | IterTime =   1.26s
  Iter 11/15 | Best Z =   65.752 mΩ | IterTime =   1.26s
  Iter 12/15 | Best Z =   65.752 mΩ | IterTime =   1.27s
  Iter 13/15 | Best Z =   65.752 mΩ | IterTime =   1.27s
  Iter 14/15 | Best Z =   65.752 mΩ | IterTime =   1.27s
  Iter 15/15 | Best Z =   65.752 mΩ | IterTime =   1.27s
[Stage Complete] n_caps=5 | Best Z = 65.752 mΩ | Ports = [5, 0, 9, 16, 0] | Time = 18.97s

[Stage] n_caps = 6
  Iter 01/15 | Best Z =   57.345 mΩ | IterTime =   1.30s
  Iter 02/15 | Best Z =   57.345 mΩ | IterTime =   1.30s
  Iter 03/15 | Best Z =   57.345 mΩ | IterTime =   1.29s
  Iter 04/15 | Best Z =   57.345 mΩ | IterTime =   1.30s
  Iter 05/15 | Best Z =   57.345 mΩ | IterTime =   1.29s
  Iter 06/15 | Best Z =   57.345 mΩ | IterTime =   1.30s
  Iter 07/15 | Best Z =   57.345 mΩ | IterTime =   1.30s
  Iter 08/15 | Best Z =   57.345 mΩ | IterTime =   1.31s
  Iter 09/15 | Best Z =   57.345 mΩ | IterTime =   1.30s
  Iter 10/15 | Best Z =   57.345 mΩ | IterTime =   1.30s
  Iter 11/15 | Best Z =   57.345 mΩ | IterTime =   1.30s
  Iter 12/15 | Best Z =   57.345 mΩ | IterTime =   1.30s
  Iter 13/15 | Best Z =   57.345 mΩ | IterTime =   1.30s
  Iter 14/15 | Best Z =   57.345 mΩ | IterTime =   1.30s
  Iter 15/15 | Best Z =   57.345 mΩ | IterTime =   1.30s
[Stage Complete] n_caps=6 | Best Z = 57.345 mΩ | Ports = [0, 9, 16, 0, 19, 10] | Time = 19.49s
Threshold reached — stopping stage growth.

[Run Complete] Total Time = 109.45s
------------------------------------------------------------
solve | Run 20 | n_caps=6 | Z=0.057345 | Time=109.64s

===== METHOD: sm =====

============================================================
RUN 01 | METHOD = SM
============================================================

[Stage] n_caps = 1
  Iter 01/15 | Best Z =  147.795 mΩ | IterTime =   1.14s
  Iter 02/15 | Best Z =  147.795 mΩ | IterTime =   1.09s
  Iter 03/15 | Best Z =  147.795 mΩ | IterTime =   1.09s
  Iter 04/15 | Best Z =  147.795 mΩ | IterTime =   1.09s
  Iter 05/15 | Best Z =  147.795 mΩ | IterTime =   1.09s
  Iter 06/15 | Best Z =  147.795 mΩ | IterTime =   1.09s
  Iter 07/15 | Best Z =  147.795 mΩ | IterTime =   1.09s
  Iter 08/15 | Best Z =  147.795 mΩ | IterTime =   1.09s
  Iter 09/15 | Best Z =  147.795 mΩ | IterTime =   1.08s
  Iter 10/15 | Best Z =  147.795 mΩ | IterTime =   1.08s
  Iter 11/15 | Best Z =  147.795 mΩ | IterTime =   1.08s
  Iter 12/15 | Best Z =  147.795 mΩ | IterTime =   1.08s
  Iter 13/15 | Best Z =  147.795 mΩ | IterTime =   1.08s
  Iter 14/15 | Best Z =  147.795 mΩ | IterTime =   1.08s
  Iter 15/15 | Best Z =  147.795 mΩ | IterTime =   1.08s
[Stage Complete] n_caps=1 | Best Z = 147.795 mΩ | Ports = [14] | Time = 16.33s

[Stage] n_caps = 2
  Iter 01/15 | Best Z =   97.299 mΩ | IterTime =   1.97s
  Iter 02/15 | Best Z =   97.299 mΩ | IterTime =   1.95s
  Iter 03/15 | Best Z =   97.299 mΩ | IterTime =   1.96s
  Iter 04/15 | Best Z =   97.299 mΩ | IterTime =   1.97s
  Iter 05/15 | Best Z =   97.299 mΩ | IterTime =   1.97s
  Iter 06/15 | Best Z =   97.299 mΩ | IterTime =   1.97s
  Iter 07/15 | Best Z =   97.299 mΩ | IterTime =   1.96s
  Iter 08/15 | Best Z =   97.299 mΩ | IterTime =   1.97s
  Iter 09/15 | Best Z =   97.299 mΩ | IterTime =   1.97s
  Iter 10/15 | Best Z =   97.299 mΩ | IterTime =   1.96s
  Iter 11/15 | Best Z =   97.299 mΩ | IterTime =   1.96s
  Iter 12/15 | Best Z =   97.299 mΩ | IterTime =   1.96s
  Iter 13/15 | Best Z =   97.299 mΩ | IterTime =   1.96s
  Iter 14/15 | Best Z =   97.299 mΩ | IterTime =   1.97s
  Iter 15/15 | Best Z =   97.299 mΩ | IterTime =   1.97s
[Stage Complete] n_caps=2 | Best Z = 97.299 mΩ | Ports = [0, 6] | Time = 29.47s

[Stage] n_caps = 3
  Iter 01/15 | Best Z =   92.129 mΩ | IterTime =   2.84s
  Iter 02/15 | Best Z =   92.129 mΩ | IterTime =   2.83s
  Iter 03/15 | Best Z =   92.129 mΩ | IterTime =   2.85s
  Iter 04/15 | Best Z =   92.129 mΩ | IterTime =   2.83s
  Iter 05/15 | Best Z =   92.129 mΩ | IterTime =   2.84s
  Iter 06/15 | Best Z =   92.129 mΩ | IterTime =   2.84s
  Iter 07/15 | Best Z =   92.129 mΩ | IterTime =   2.83s
  Iter 08/15 | Best Z =   92.129 mΩ | IterTime =   2.83s
  Iter 09/15 | Best Z =   92.129 mΩ | IterTime =   2.83s
  Iter 10/15 | Best Z =   92.129 mΩ | IterTime =   2.82s
  Iter 11/15 | Best Z =   92.129 mΩ | IterTime =   2.83s
  Iter 12/15 | Best Z =   92.129 mΩ | IterTime =   2.83s
  Iter 13/15 | Best Z =   92.129 mΩ | IterTime =   2.83s
  Iter 14/15 | Best Z =   92.129 mΩ | IterTime =   2.83s
  Iter 15/15 | Best Z =   92.129 mΩ | IterTime =   2.83s
[Stage Complete] n_caps=3 | Best Z = 92.129 mΩ | Ports = [6, 15, 14] | Time = 42.50s

[Stage] n_caps = 4
  Iter 01/15 | Best Z =   67.981 mΩ | IterTime =   3.67s
  Iter 02/15 | Best Z =   67.981 mΩ | IterTime =   3.70s
  Iter 03/15 | Best Z =   67.981 mΩ | IterTime =   3.68s
  Iter 04/15 | Best Z =   67.981 mΩ | IterTime =   3.66s
  Iter 05/15 | Best Z =   67.981 mΩ | IterTime =   3.70s
  Iter 06/15 | Best Z =   67.981 mΩ | IterTime =   3.67s
  Iter 07/15 | Best Z =   67.981 mΩ | IterTime =   3.69s
  Iter 08/15 | Best Z =   67.981 mΩ | IterTime =   3.70s
  Iter 09/15 | Best Z =   67.981 mΩ | IterTime =   3.69s
  Iter 10/15 | Best Z =   67.981 mΩ | IterTime =   3.67s
  Iter 11/15 | Best Z =   67.981 mΩ | IterTime =   3.71s
  Iter 12/15 | Best Z =   67.981 mΩ | IterTime =   3.68s
  Iter 13/15 | Best Z =   67.981 mΩ | IterTime =   3.68s
  Iter 14/15 | Best Z =   67.981 mΩ | IterTime =   3.70s
  Iter 15/15 | Best Z =   67.981 mΩ | IterTime =   3.67s
[Stage Complete] n_caps=4 | Best Z = 67.981 mΩ | Ports = [15, 14, 0, 10] | Time = 55.27s

[Stage] n_caps = 5
  Iter 01/15 | Best Z =   62.601 mΩ | IterTime =   4.52s
  Iter 02/15 | Best Z =   62.601 mΩ | IterTime =   4.55s
  Iter 03/15 | Best Z =   62.601 mΩ | IterTime =   4.54s
  Iter 04/15 | Best Z =   62.601 mΩ | IterTime =   4.53s
  Iter 05/15 | Best Z =   62.601 mΩ | IterTime =   4.51s
  Iter 06/15 | Best Z =   62.601 mΩ | IterTime =   4.50s
  Iter 07/15 | Best Z =   62.601 mΩ | IterTime =   4.53s
  Iter 08/15 | Best Z =   62.601 mΩ | IterTime =   4.53s
  Iter 09/15 | Best Z =   62.601 mΩ | IterTime =   4.52s
  Iter 10/15 | Best Z =   62.601 mΩ | IterTime =   4.52s
  Iter 11/15 | Best Z =   62.601 mΩ | IterTime =   4.54s
  Iter 12/15 | Best Z =   62.601 mΩ | IterTime =   4.53s
  Iter 13/15 | Best Z =   62.601 mΩ | IterTime =   4.54s
  Iter 14/15 | Best Z =   62.601 mΩ | IterTime =   4.54s
  Iter 15/15 | Best Z =   62.601 mΩ | IterTime =   4.50s
[Stage Complete] n_caps=5 | Best Z = 62.601 mΩ | Ports = [14, 0, 10, 15, 5] | Time = 67.89s

[Stage] n_caps = 6
  Iter 01/15 | Best Z =   58.024 mΩ | IterTime =   5.42s
  Iter 02/15 | Best Z =   58.024 mΩ | IterTime =   5.40s
  Iter 03/15 | Best Z =   58.024 mΩ | IterTime =   5.40s
  Iter 04/15 | Best Z =   58.024 mΩ | IterTime =   5.39s
  Iter 05/15 | Best Z =   58.024 mΩ | IterTime =   5.39s
  Iter 06/15 | Best Z =   58.024 mΩ | IterTime =   5.38s
  Iter 07/15 | Best Z =   58.024 mΩ | IterTime =   5.38s
  Iter 08/15 | Best Z =   58.024 mΩ | IterTime =   5.38s
  Iter 09/15 | Best Z =   58.024 mΩ | IterTime =   5.39s
  Iter 10/15 | Best Z =   58.024 mΩ | IterTime =   5.40s
  Iter 11/15 | Best Z =   58.024 mΩ | IterTime =   5.39s
  Iter 12/15 | Best Z =   58.024 mΩ | IterTime =   5.39s
  Iter 13/15 | Best Z =   58.024 mΩ | IterTime =   5.53s
  Iter 14/15 | Best Z =   58.024 mΩ | IterTime =   5.41s
  Iter 15/15 | Best Z =   58.024 mΩ | IterTime =   5.41s
[Stage Complete] n_caps=6 | Best Z = 58.024 mΩ | Ports = [0, 10, 6, 16, 0, 7] | Time = 81.05s
Threshold reached — stopping stage growth.

[Run Complete] Total Time = 292.51s
------------------------------------------------------------
sm | Run 01 | n_caps=6 | Z=0.058024 | Time=292.69s

============================================================
RUN 02 | METHOD = SM
============================================================

[Stage] n_caps = 1
  Iter 01/15 | Best Z =  121.234 mΩ | IterTime =   1.09s
  Iter 02/15 | Best Z =  121.234 mΩ | IterTime =   1.09s
  Iter 03/15 | Best Z =  121.234 mΩ | IterTime =   1.09s
  Iter 04/15 | Best Z =  121.234 mΩ | IterTime =   1.09s
  Iter 05/15 | Best Z =  121.234 mΩ | IterTime =   1.09s
  Iter 06/15 | Best Z =  121.234 mΩ | IterTime =   1.08s
  Iter 07/15 | Best Z =  121.234 mΩ | IterTime =   1.08s
  Iter 08/15 | Best Z =  121.234 mΩ | IterTime =   1.08s
  Iter 09/15 | Best Z =  121.234 mΩ | IterTime =   1.08s
  Iter 10/15 | Best Z =  121.234 mΩ | IterTime =   1.08s
  Iter 11/15 | Best Z =  121.234 mΩ | IterTime =   1.08s
  Iter 12/15 | Best Z =  121.234 mΩ | IterTime =   1.08s
  Iter 13/15 | Best Z =  121.234 mΩ | IterTime =   1.08s
  Iter 14/15 | Best Z =  121.234 mΩ | IterTime =   1.08s
  Iter 15/15 | Best Z =  121.234 mΩ | IterTime =   1.08s
[Stage Complete] n_caps=1 | Best Z = 121.234 mΩ | Ports = [10] | Time = 16.22s

[Stage] n_caps = 2
  Iter 01/15 | Best Z =   90.914 mΩ | IterTime =   1.95s
  Iter 02/15 | Best Z =   90.914 mΩ | IterTime =   1.95s
  Iter 03/15 | Best Z =   90.914 mΩ | IterTime =   1.95s
  Iter 04/15 | Best Z =   90.914 mΩ | IterTime =   1.95s
  Iter 05/15 | Best Z =   90.914 mΩ | IterTime =   1.96s
  Iter 06/15 | Best Z =   90.914 mΩ | IterTime =   1.96s
  Iter 07/15 | Best Z =   90.914 mΩ | IterTime =   1.96s
  Iter 08/15 | Best Z =   90.914 mΩ | IterTime =   1.96s
  Iter 09/15 | Best Z =   90.914 mΩ | IterTime =   1.95s
  Iter 10/15 | Best Z =   90.914 mΩ | IterTime =   1.95s
  Iter 11/15 | Best Z =   90.914 mΩ | IterTime =   1.95s
  Iter 12/15 | Best Z =   90.914 mΩ | IterTime =   1.94s
  Iter 13/15 | Best Z =   90.914 mΩ | IterTime =   1.95s
  Iter 14/15 | Best Z =   90.914 mΩ | IterTime =   1.95s
  Iter 15/15 | Best Z =   90.914 mΩ | IterTime =   1.97s
[Stage Complete] n_caps=2 | Best Z = 90.914 mΩ | Ports = [0, 7] | Time = 29.32s

[Stage] n_caps = 3
  Iter 01/15 | Best Z =   92.808 mΩ | IterTime =   2.83s
  Iter 02/15 | Best Z =   92.808 mΩ | IterTime =   2.82s
  Iter 03/15 | Best Z =   92.808 mΩ | IterTime =   2.83s
  Iter 04/15 | Best Z =   92.808 mΩ | IterTime =   2.83s
  Iter 05/15 | Best Z =   92.808 mΩ | IterTime =   2.82s
  Iter 06/15 | Best Z =   92.808 mΩ | IterTime =   2.83s
  Iter 07/15 | Best Z =   92.808 mΩ | IterTime =   2.83s
  Iter 08/15 | Best Z =   92.808 mΩ | IterTime =   2.84s
  Iter 09/15 | Best Z =   92.808 mΩ | IterTime =   2.83s
  Iter 10/15 | Best Z =   92.808 mΩ | IterTime =   2.84s
  Iter 11/15 | Best Z =   92.808 mΩ | IterTime =   2.83s
  Iter 12/15 | Best Z =   92.808 mΩ | IterTime =   2.83s
  Iter 13/15 | Best Z =   92.808 mΩ | IterTime =   2.84s
  Iter 14/15 | Best Z =   92.808 mΩ | IterTime =   2.84s
  Iter 15/15 | Best Z =   92.808 mΩ | IterTime =   2.82s
[Stage Complete] n_caps=3 | Best Z = 92.808 mΩ | Ports = [0, 0, 19] | Time = 42.45s

[Stage] n_caps = 4
  Iter 01/15 | Best Z =   68.611 mΩ | IterTime =   3.69s
  Iter 02/15 | Best Z =   68.611 mΩ | IterTime =   3.67s
  Iter 03/15 | Best Z =   68.611 mΩ | IterTime =   3.68s
  Iter 04/15 | Best Z =   68.611 mΩ | IterTime =   3.68s
  Iter 05/15 | Best Z =   68.611 mΩ | IterTime =   3.68s
  Iter 06/15 | Best Z =   68.611 mΩ | IterTime =   3.66s
  Iter 07/15 | Best Z =   68.611 mΩ | IterTime =   3.67s
  Iter 08/15 | Best Z =   68.611 mΩ | IterTime =   3.70s
  Iter 09/15 | Best Z =   68.611 mΩ | IterTime =   3.68s
  Iter 10/15 | Best Z =   68.611 mΩ | IterTime =   3.68s
  Iter 11/15 | Best Z =   68.611 mΩ | IterTime =   3.69s
  Iter 12/15 | Best Z =   68.611 mΩ | IterTime =   3.68s
  Iter 13/15 | Best Z =   68.611 mΩ | IterTime =   3.69s
  Iter 14/15 | Best Z =   68.611 mΩ | IterTime =   3.68s
  Iter 15/15 | Best Z =   68.611 mΩ | IterTime =   3.69s
[Stage Complete] n_caps=4 | Best Z = 68.611 mΩ | Ports = [16, 15, 0, 10] | Time = 55.23s

[Stage] n_caps = 5
  Iter 01/15 | Best Z =   55.594 mΩ | IterTime =   4.55s
  Iter 02/15 | Best Z =   55.594 mΩ | IterTime =   4.56s
  Iter 03/15 | Best Z =   55.594 mΩ | IterTime =   4.56s
  Iter 04/15 | Best Z =   55.594 mΩ | IterTime =   4.55s
  Iter 05/15 | Best Z =   55.594 mΩ | IterTime =   4.56s
  Iter 06/15 | Best Z =   55.594 mΩ | IterTime =   4.55s
  Iter 07/15 | Best Z =   55.594 mΩ | IterTime =   4.53s
  Iter 08/15 | Best Z =   55.594 mΩ | IterTime =   4.53s
  Iter 09/15 | Best Z =   55.594 mΩ | IterTime =   4.54s
  Iter 10/15 | Best Z =   55.594 mΩ | IterTime =   4.53s
  Iter 11/15 | Best Z =   55.594 mΩ | IterTime =   4.53s
  Iter 12/15 | Best Z =   55.594 mΩ | IterTime =   4.53s
  Iter 13/15 | Best Z =   55.594 mΩ | IterTime =   4.53s
  Iter 14/15 | Best Z =   55.594 mΩ | IterTime =   4.52s
  Iter 15/15 | Best Z =   55.594 mΩ | IterTime =   4.53s
[Stage Complete] n_caps=5 | Best Z = 55.594 mΩ | Ports = [15, 0, 10, 5, 0] | Time = 68.12s
Threshold reached — stopping stage growth.

[Run Complete] Total Time = 211.35s
------------------------------------------------------------
sm | Run 02 | n_caps=5 | Z=0.055594 | Time=211.54s

============================================================
RUN 03 | METHOD = SM
============================================================

[Stage] n_caps = 1
  Iter 01/15 | Best Z =  133.412 mΩ | IterTime =   1.09s
  Iter 02/15 | Best Z =  133.412 mΩ | IterTime =   1.09s
  Iter 03/15 | Best Z =  133.412 mΩ | IterTime =   1.09s
  Iter 04/15 | Best Z =  133.412 mΩ | IterTime =   1.09s
  Iter 05/15 | Best Z =  133.412 mΩ | IterTime =   1.09s
  Iter 06/15 | Best Z =  133.412 mΩ | IterTime =   1.08s
  Iter 07/15 | Best Z =  133.412 mΩ | IterTime =   1.08s
  Iter 08/15 | Best Z =  133.412 mΩ | IterTime =   1.08s
  Iter 09/15 | Best Z =  133.412 mΩ | IterTime =   1.08s
  Iter 10/15 | Best Z =  133.412 mΩ | IterTime =   1.09s
  Iter 11/15 | Best Z =  133.412 mΩ | IterTime =   1.08s
  Iter 12/15 | Best Z =  133.412 mΩ | IterTime =   1.09s
  Iter 13/15 | Best Z =  133.412 mΩ | IterTime =   1.09s
  Iter 14/15 | Best Z =  133.412 mΩ | IterTime =   1.08s
  Iter 15/15 | Best Z =  133.412 mΩ | IterTime =   1.09s
[Stage Complete] n_caps=1 | Best Z = 133.412 mΩ | Ports = [0] | Time = 16.30s

[Stage] n_caps = 2
  Iter 01/15 | Best Z =  123.095 mΩ | IterTime =   1.97s
  Iter 02/15 | Best Z =  123.095 mΩ | IterTime =   1.97s
  Iter 03/15 | Best Z =  123.095 mΩ | IterTime =   1.97s
  Iter 04/15 | Best Z =  123.095 mΩ | IterTime =   1.96s
  Iter 05/15 | Best Z =  123.095 mΩ | IterTime =   1.97s
  Iter 06/15 | Best Z =  123.095 mΩ | IterTime =   1.96s
  Iter 07/15 | Best Z =  123.095 mΩ | IterTime =   1.96s
  Iter 08/15 | Best Z =  123.095 mΩ | IterTime =   1.96s
  Iter 09/15 | Best Z =  123.095 mΩ | IterTime =   1.97s
  Iter 10/15 | Best Z =  123.095 mΩ | IterTime =   1.96s
  Iter 11/15 | Best Z =  123.095 mΩ | IterTime =   1.96s
  Iter 12/15 | Best Z =  123.095 mΩ | IterTime =   1.96s
  Iter 13/15 | Best Z =  123.095 mΩ | IterTime =   1.95s
  Iter 14/15 | Best Z =  123.095 mΩ | IterTime =   1.96s
  Iter 15/15 | Best Z =  123.095 mΩ | IterTime =   1.96s
[Stage Complete] n_caps=2 | Best Z = 123.095 mΩ | Ports = [5, 5] | Time = 29.43s

[Stage] n_caps = 3
  Iter 01/15 | Best Z =   75.070 mΩ | IterTime =   2.84s
  Iter 02/15 | Best Z =   75.070 mΩ | IterTime =   2.84s
  Iter 03/15 | Best Z =   75.070 mΩ | IterTime =   2.83s
  Iter 04/15 | Best Z =   75.070 mΩ | IterTime =   2.85s
  Iter 05/15 | Best Z =   75.070 mΩ | IterTime =   2.84s
  Iter 06/15 | Best Z =   75.070 mΩ | IterTime =   2.82s
  Iter 07/15 | Best Z =   75.070 mΩ | IterTime =   2.82s
  Iter 08/15 | Best Z =   75.070 mΩ | IterTime =   2.82s
  Iter 09/15 | Best Z =   75.070 mΩ | IterTime =   2.82s
  Iter 10/15 | Best Z =   75.070 mΩ | IterTime =   2.82s
  Iter 11/15 | Best Z =   75.070 mΩ | IterTime =   2.82s
  Iter 12/15 | Best Z =   75.070 mΩ | IterTime =   2.83s
  Iter 13/15 | Best Z =   75.070 mΩ | IterTime =   2.83s
  Iter 14/15 | Best Z =   75.070 mΩ | IterTime =   2.83s
  Iter 15/15 | Best Z =   75.070 mΩ | IterTime =   2.82s
[Stage Complete] n_caps=3 | Best Z = 75.070 mΩ | Ports = [5, 0, 8] | Time = 42.44s

[Stage] n_caps = 4
  Iter 01/15 | Best Z =   60.215 mΩ | IterTime =   3.69s
  Iter 02/15 | Best Z =   60.215 mΩ | IterTime =   3.69s
  Iter 03/15 | Best Z =   60.215 mΩ | IterTime =   3.66s
  Iter 04/15 | Best Z =   60.215 mΩ | IterTime =   3.69s
  Iter 05/15 | Best Z =   60.215 mΩ | IterTime =   3.69s
  Iter 06/15 | Best Z =   60.215 mΩ | IterTime =   3.69s
  Iter 07/15 | Best Z =   60.215 mΩ | IterTime =   3.69s
  Iter 08/15 | Best Z =   60.215 mΩ | IterTime =   3.69s
  Iter 09/15 | Best Z =   60.215 mΩ | IterTime =   3.68s
  Iter 10/15 | Best Z =   60.215 mΩ | IterTime =   3.68s
  Iter 11/15 | Best Z =   60.215 mΩ | IterTime =   3.68s
  Iter 12/15 | Best Z =   60.215 mΩ | IterTime =   3.69s
  Iter 13/15 | Best Z =   60.215 mΩ | IterTime =   3.68s
  Iter 14/15 | Best Z =   60.215 mΩ | IterTime =   3.68s
  Iter 15/15 | Best Z =   60.215 mΩ | IterTime =   3.69s
[Stage Complete] n_caps=4 | Best Z = 60.215 mΩ | Ports = [0, 8, 0, 16] | Time = 55.26s

[Stage] n_caps = 5
  Iter 01/15 | Best Z =   60.131 mΩ | IterTime =   4.55s
  Iter 02/15 | Best Z =   60.131 mΩ | IterTime =   4.55s
  Iter 03/15 | Best Z =   60.131 mΩ | IterTime =   4.54s
  Iter 04/15 | Best Z =   60.131 mΩ | IterTime =   4.54s
  Iter 05/15 | Best Z =   60.131 mΩ | IterTime =   4.56s
  Iter 06/15 | Best Z =   60.131 mΩ | IterTime =   4.55s
  Iter 07/15 | Best Z =   60.131 mΩ | IterTime =   4.55s
  Iter 08/15 | Best Z =   60.131 mΩ | IterTime =   4.56s
  Iter 09/15 | Best Z =   60.131 mΩ | IterTime =   4.55s
  Iter 10/15 | Best Z =   60.131 mΩ | IterTime =   4.53s
  Iter 11/15 | Best Z =   60.131 mΩ | IterTime =   4.54s
  Iter 12/15 | Best Z =   60.131 mΩ | IterTime =   4.55s
  Iter 13/15 | Best Z =   60.131 mΩ | IterTime =   4.55s
  Iter 14/15 | Best Z =   60.131 mΩ | IterTime =   4.55s
  Iter 15/15 | Best Z =   60.131 mΩ | IterTime =   4.53s
[Stage Complete] n_caps=5 | Best Z = 60.131 mΩ | Ports = [17, 12, 0, 0, 2] | Time = 68.22s

[Stage] n_caps = 6
  Iter 01/15 | Best Z =   43.243 mΩ | IterTime =   5.37s
  Iter 02/15 | Best Z =   43.243 mΩ | IterTime =   5.36s
  Iter 03/15 | Best Z =   43.243 mΩ | IterTime =   5.41s
  Iter 04/15 | Best Z =   43.243 mΩ | IterTime =   5.40s
  Iter 05/15 | Best Z =   43.243 mΩ | IterTime =   5.37s
  Iter 06/15 | Best Z =   43.243 mΩ | IterTime =   5.40s
  Iter 07/15 | Best Z =   43.243 mΩ | IterTime =   5.40s
  Iter 08/15 | Best Z =   43.243 mΩ | IterTime =   5.39s
  Iter 09/15 | Best Z =   43.243 mΩ | IterTime =   5.43s
  Iter 10/15 | Best Z =   43.243 mΩ | IterTime =   5.41s
  Iter 11/15 | Best Z =   43.243 mΩ | IterTime =   5.38s
  Iter 12/15 | Best Z =   43.243 mΩ | IterTime =   5.41s
  Iter 13/15 | Best Z =   43.243 mΩ | IterTime =   5.40s
  Iter 14/15 | Best Z =   43.243 mΩ | IterTime =   5.36s
  Iter 15/15 | Best Z =   43.243 mΩ | IterTime =   5.39s
[Stage Complete] n_caps=6 | Best Z = 43.243 mΩ | Ports = [12, 0, 0, 2, 9, 0] | Time = 80.87s
Threshold reached — stopping stage growth.

[Run Complete] Total Time = 292.52s
------------------------------------------------------------
sm | Run 03 | n_caps=6 | Z=0.043243 | Time=292.70s

============================================================
RUN 04 | METHOD = SM
============================================================

[Stage] n_caps = 1
  Iter 01/15 | Best Z =  136.577 mΩ | IterTime =   1.09s
  Iter 02/15 | Best Z =  136.577 mΩ | IterTime =   1.09s
  Iter 03/15 | Best Z =  136.577 mΩ | IterTime =   1.09s
  Iter 04/15 | Best Z =  136.577 mΩ | IterTime =   1.09s
  Iter 05/15 | Best Z =  136.577 mΩ | IterTime =   1.09s
  Iter 06/15 | Best Z =  136.577 mΩ | IterTime =   1.09s
  Iter 07/15 | Best Z =  136.577 mΩ | IterTime =   1.10s
  Iter 08/15 | Best Z =  136.577 mΩ | IterTime =   1.09s
  Iter 09/15 | Best Z =  136.577 mΩ | IterTime =   1.09s
  Iter 10/15 | Best Z =  136.577 mΩ | IterTime =   1.09s
  Iter 11/15 | Best Z =  136.577 mΩ | IterTime =   1.09s
  Iter 12/15 | Best Z =  136.577 mΩ | IterTime =   1.09s
  Iter 13/15 | Best Z =  136.577 mΩ | IterTime =   1.09s
  Iter 14/15 | Best Z =  136.577 mΩ | IterTime =   1.09s
  Iter 15/15 | Best Z =  136.577 mΩ | IterTime =   1.09s
[Stage Complete] n_caps=1 | Best Z = 136.577 mΩ | Ports = [0] | Time = 16.35s

[Stage] n_caps = 2
  Iter 01/15 | Best Z =  114.965 mΩ | IterTime =   1.97s
  Iter 02/15 | Best Z =  114.965 mΩ | IterTime =   1.96s
  Iter 03/15 | Best Z =  114.965 mΩ | IterTime =   1.97s
  Iter 04/15 | Best Z =  114.965 mΩ | IterTime =   1.96s
  Iter 05/15 | Best Z =  114.965 mΩ | IterTime =   1.96s
  Iter 06/15 | Best Z =  114.965 mΩ | IterTime =   1.97s
  Iter 07/15 | Best Z =  114.965 mΩ | IterTime =   1.97s
  Iter 08/15 | Best Z =  114.965 mΩ | IterTime =   1.96s
  Iter 09/15 | Best Z =  114.965 mΩ | IterTime =   1.98s
  Iter 10/15 | Best Z =  114.965 mΩ | IterTime =   1.96s
  Iter 11/15 | Best Z =  114.965 mΩ | IterTime =   1.97s
  Iter 12/15 | Best Z =  114.965 mΩ | IterTime =   1.97s
  Iter 13/15 | Best Z =  114.965 mΩ | IterTime =   1.97s
  Iter 14/15 | Best Z =  114.965 mΩ | IterTime =   1.97s
  Iter 15/15 | Best Z =  114.965 mΩ | IterTime =   1.98s
[Stage Complete] n_caps=2 | Best Z = 114.965 mΩ | Ports = [14, 9] | Time = 29.51s

[Stage] n_caps = 3
  Iter 01/15 | Best Z =   78.251 mΩ | IterTime =   2.83s
  Iter 02/15 | Best Z =   78.251 mΩ | IterTime =   2.83s
  Iter 03/15 | Best Z =   78.251 mΩ | IterTime =   2.83s
  Iter 04/15 | Best Z =   78.251 mΩ | IterTime =   2.83s
  Iter 05/15 | Best Z =   78.251 mΩ | IterTime =   2.83s
  Iter 06/15 | Best Z =   78.251 mΩ | IterTime =   2.84s
  Iter 07/15 | Best Z =   78.251 mΩ | IterTime =   2.83s
  Iter 08/15 | Best Z =   78.251 mΩ | IterTime =   2.84s
  Iter 09/15 | Best Z =   78.251 mΩ | IterTime =   2.82s
  Iter 10/15 | Best Z =   78.251 mΩ | IterTime =   2.82s
  Iter 11/15 | Best Z =   78.251 mΩ | IterTime =   2.82s
  Iter 12/15 | Best Z =   78.251 mΩ | IterTime =   2.82s
  Iter 13/15 | Best Z =   78.251 mΩ | IterTime =   2.90s
  Iter 14/15 | Best Z =   78.251 mΩ | IterTime =   2.81s
  Iter 15/15 | Best Z =   78.251 mΩ | IterTime =   2.83s
[Stage Complete] n_caps=3 | Best Z = 78.251 mΩ | Ports = [9, 0, 15] | Time = 42.47s

[Stage] n_caps = 4
  Iter 01/15 | Best Z =   64.694 mΩ | IterTime =   3.71s
  Iter 02/15 | Best Z =   64.694 mΩ | IterTime =   3.71s
  Iter 03/15 | Best Z =   64.694 mΩ | IterTime =   3.71s
  Iter 04/15 | Best Z =   64.694 mΩ | IterTime =   3.68s
  Iter 05/15 | Best Z =   64.694 mΩ | IterTime =   3.69s
  Iter 06/15 | Best Z =   64.694 mΩ | IterTime =   3.68s
  Iter 07/15 | Best Z =   64.694 mΩ | IterTime =   3.70s
  Iter 08/15 | Best Z =   64.694 mΩ | IterTime =   3.68s
  Iter 09/15 | Best Z =   64.694 mΩ | IterTime =   3.69s
  Iter 10/15 | Best Z =   64.694 mΩ | IterTime =   3.70s
  Iter 11/15 | Best Z =   64.694 mΩ | IterTime =   3.71s
  Iter 12/15 | Best Z =   64.694 mΩ | IterTime =   3.68s
  Iter 13/15 | Best Z =   64.694 mΩ | IterTime =   3.69s
  Iter 14/15 | Best Z =   64.694 mΩ | IterTime =   3.68s
  Iter 15/15 | Best Z =   64.694 mΩ | IterTime =   3.69s
[Stage Complete] n_caps=4 | Best Z = 64.694 mΩ | Ports = [0, 15, 7, 0] | Time = 55.40s

[Stage] n_caps = 5
  Iter 01/15 | Best Z =   65.416 mΩ | IterTime =   4.56s
  Iter 02/15 | Best Z =   65.416 mΩ | IterTime =   4.60s
  Iter 03/15 | Best Z =   65.416 mΩ | IterTime =   4.54s
  Iter 04/15 | Best Z =   65.416 mΩ | IterTime =   4.53s
  Iter 05/15 | Best Z =   65.416 mΩ | IterTime =   4.52s
  Iter 06/15 | Best Z =   65.416 mΩ | IterTime =   4.54s
  Iter 07/15 | Best Z =   65.416 mΩ | IterTime =   4.53s
  Iter 08/15 | Best Z =   65.416 mΩ | IterTime =   4.60s
  Iter 09/15 | Best Z =   65.416 mΩ | IterTime =   4.55s
  Iter 10/15 | Best Z =   65.416 mΩ | IterTime =   4.54s
  Iter 11/15 | Best Z =   65.416 mΩ | IterTime =   4.53s
  Iter 12/15 | Best Z =   65.416 mΩ | IterTime =   4.56s
  Iter 13/15 | Best Z =   65.416 mΩ | IterTime =   4.55s
  Iter 14/15 | Best Z =   65.416 mΩ | IterTime =   4.60s
  Iter 15/15 | Best Z =   65.416 mΩ | IterTime =   4.55s
[Stage Complete] n_caps=5 | Best Z = 65.416 mΩ | Ports = [14, 9, 16, 0, 10] | Time = 68.29s

[Stage] n_caps = 6
  Iter 01/15 | Best Z =   59.419 mΩ | IterTime =   5.43s
  Iter 02/15 | Best Z =   59.419 mΩ | IterTime =   5.41s
  Iter 03/15 | Best Z =   59.419 mΩ | IterTime =   5.40s
  Iter 04/15 | Best Z =   59.419 mΩ | IterTime =   5.47s
  Iter 05/15 | Best Z =   59.419 mΩ | IterTime =   5.40s
  Iter 06/15 | Best Z =   59.419 mΩ | IterTime =   5.47s
  Iter 07/15 | Best Z =   59.419 mΩ | IterTime =   5.41s
  Iter 08/15 | Best Z =   59.419 mΩ | IterTime =   5.47s
  Iter 09/15 | Best Z =   59.419 mΩ | IterTime =   5.39s
  Iter 10/15 | Best Z =   59.419 mΩ | IterTime =   5.46s
  Iter 11/15 | Best Z =   59.419 mΩ | IterTime =   5.41s
  Iter 12/15 | Best Z =   59.419 mΩ | IterTime =   5.48s
  Iter 13/15 | Best Z =   59.419 mΩ | IterTime =   5.41s
  Iter 14/15 | Best Z =   59.419 mΩ | IterTime =   5.48s
  Iter 15/15 | Best Z =   59.419 mΩ | IterTime =   5.42s
[Stage Complete] n_caps=6 | Best Z = 59.419 mΩ | Ports = [9, 16, 0, 10, 16, 0] | Time = 81.52s
Threshold reached — stopping stage growth.

[Run Complete] Total Time = 293.56s
------------------------------------------------------------
sm | Run 04 | n_caps=6 | Z=0.059419 | Time=293.82s

============================================================
RUN 05 | METHOD = SM
============================================================

[Stage] n_caps = 1
  Iter 01/15 | Best Z =  141.623 mΩ | IterTime =   1.10s
  Iter 02/15 | Best Z =  141.623 mΩ | IterTime =   1.10s
  Iter 03/15 | Best Z =  141.623 mΩ | IterTime =   1.09s
  Iter 04/15 | Best Z =  141.623 mΩ | IterTime =   1.09s
  Iter 05/15 | Best Z =  141.623 mΩ | IterTime =   1.09s
  Iter 06/15 | Best Z =  141.623 mΩ | IterTime =   1.09s
  Iter 07/15 | Best Z =  141.623 mΩ | IterTime =   1.10s
  Iter 08/15 | Best Z =  141.623 mΩ | IterTime =   1.09s
  Iter 09/15 | Best Z =  141.623 mΩ | IterTime =   1.09s
  Iter 10/15 | Best Z =  141.623 mΩ | IterTime =   1.09s
  Iter 11/15 | Best Z =  141.623 mΩ | IterTime =   1.09s
  Iter 12/15 | Best Z =  141.623 mΩ | IterTime =   1.09s
  Iter 13/15 | Best Z =  141.623 mΩ | IterTime =   1.09s
  Iter 14/15 | Best Z =  141.623 mΩ | IterTime =   1.08s
  Iter 15/15 | Best Z =  141.623 mΩ | IterTime =   1.09s
[Stage Complete] n_caps=1 | Best Z = 141.623 mΩ | Ports = [16] | Time = 16.39s

[Stage] n_caps = 2
  Iter 01/15 | Best Z =  113.586 mΩ | IterTime =   1.97s
  Iter 02/15 | Best Z =  113.586 mΩ | IterTime =   1.97s
  Iter 03/15 | Best Z =  113.586 mΩ | IterTime =   1.97s
  Iter 04/15 | Best Z =  113.586 mΩ | IterTime =   1.97s
  Iter 05/15 | Best Z =  113.586 mΩ | IterTime =   1.97s
  Iter 06/15 | Best Z =  113.586 mΩ | IterTime =   1.98s
  Iter 07/15 | Best Z =  113.586 mΩ | IterTime =   1.98s
  Iter 08/15 | Best Z =  113.586 mΩ | IterTime =   1.97s
  Iter 09/15 | Best Z =  113.586 mΩ | IterTime =   1.97s
  Iter 10/15 | Best Z =  113.586 mΩ | IterTime =   1.97s
  Iter 11/15 | Best Z =  113.586 mΩ | IterTime =   1.97s
  Iter 12/15 | Best Z =  113.586 mΩ | IterTime =   1.97s
  Iter 13/15 | Best Z =  113.586 mΩ | IterTime =   1.96s
  Iter 14/15 | Best Z =  113.586 mΩ | IterTime =   1.97s
  Iter 15/15 | Best Z =  113.586 mΩ | IterTime =   1.98s
[Stage Complete] n_caps=2 | Best Z = 113.586 mΩ | Ports = [16, 0] | Time = 29.55s

[Stage] n_caps = 3
  Iter 01/15 | Best Z =   76.013 mΩ | IterTime =   2.82s
  Iter 02/15 | Best Z =   76.013 mΩ | IterTime =   2.81s
  Iter 03/15 | Best Z =   76.013 mΩ | IterTime =   2.80s
  Iter 04/15 | Best Z =   76.013 mΩ | IterTime =   2.80s
  Iter 05/15 | Best Z =   76.013 mΩ | IterTime =   2.80s
  Iter 06/15 | Best Z =   76.013 mΩ | IterTime =   2.80s
  Iter 07/15 | Best Z =   76.013 mΩ | IterTime =   2.80s
  Iter 08/15 | Best Z =   76.013 mΩ | IterTime =   2.80s
  Iter 09/15 | Best Z =   76.013 mΩ | IterTime =   2.81s
  Iter 10/15 | Best Z =   76.013 mΩ | IterTime =   2.82s
  Iter 11/15 | Best Z =   76.013 mΩ | IterTime =   2.82s
  Iter 12/15 | Best Z =   76.013 mΩ | IterTime =   2.80s
  Iter 13/15 | Best Z =   76.013 mΩ | IterTime =   2.80s
  Iter 14/15 | Best Z =   76.013 mΩ | IterTime =   2.81s
  Iter 15/15 | Best Z =   76.013 mΩ | IterTime =   2.81s
[Stage Complete] n_caps=3 | Best Z = 76.013 mΩ | Ports = [18, 16, 0] | Time = 42.11s

[Stage] n_caps = 4
  Iter 01/15 | Best Z =   73.265 mΩ | IterTime =   3.67s
  Iter 02/15 | Best Z =   73.265 mΩ | IterTime =   3.68s
  Iter 03/15 | Best Z =   73.265 mΩ | IterTime =   3.68s
  Iter 04/15 | Best Z =   73.265 mΩ | IterTime =   3.68s
  Iter 05/15 | Best Z =   73.265 mΩ | IterTime =   3.67s
  Iter 06/15 | Best Z =   73.265 mΩ | IterTime =   3.67s
  Iter 07/15 | Best Z =   73.265 mΩ | IterTime =   3.69s
  Iter 08/15 | Best Z =   73.265 mΩ | IterTime =   3.68s
  Iter 09/15 | Best Z =   73.265 mΩ | IterTime =   3.67s
  Iter 10/15 | Best Z =   73.265 mΩ | IterTime =   3.68s
  Iter 11/15 | Best Z =   73.265 mΩ | IterTime =   3.70s
  Iter 12/15 | Best Z =   73.265 mΩ | IterTime =   3.68s
  Iter 13/15 | Best Z =   73.265 mΩ | IterTime =   3.68s
  Iter 14/15 | Best Z =   73.265 mΩ | IterTime =   3.68s
  Iter 15/15 | Best Z =   73.265 mΩ | IterTime =   3.67s
[Stage Complete] n_caps=4 | Best Z = 73.265 mΩ | Ports = [16, 0, 14, 7] | Time = 55.16s

[Stage] n_caps = 5
  Iter 01/15 | Best Z =   73.657 mΩ | IterTime =   4.54s
  Iter 02/15 | Best Z =   73.657 mΩ | IterTime =   4.55s
  Iter 03/15 | Best Z =   73.657 mΩ | IterTime =   4.56s
  Iter 04/15 | Best Z =   73.657 mΩ | IterTime =   4.55s
  Iter 05/15 | Best Z =   73.657 mΩ | IterTime =   4.55s
  Iter 06/15 | Best Z =   73.657 mΩ | IterTime =   4.54s
  Iter 07/15 | Best Z =   73.657 mΩ | IterTime =   4.55s
  Iter 08/15 | Best Z =   73.657 mΩ | IterTime =   4.54s
  Iter 09/15 | Best Z =   73.657 mΩ | IterTime =   4.55s
  Iter 10/15 | Best Z =   73.657 mΩ | IterTime =   4.54s
  Iter 11/15 | Best Z =   73.657 mΩ | IterTime =   4.56s
  Iter 12/15 | Best Z =   73.657 mΩ | IterTime =   4.54s
  Iter 13/15 | Best Z =   73.657 mΩ | IterTime =   4.55s
  Iter 14/15 | Best Z =   73.657 mΩ | IterTime =   4.53s
  Iter 15/15 | Best Z =   73.657 mΩ | IterTime =   4.54s
[Stage Complete] n_caps=5 | Best Z = 73.657 mΩ | Ports = [0, 14, 7, 5, 15] | Time = 68.18s

[Stage] n_caps = 6
  Iter 01/15 | Best Z =   75.208 mΩ | IterTime =   5.41s
  Iter 02/15 | Best Z =   75.208 mΩ | IterTime =   5.43s
  Iter 03/15 | Best Z =   75.208 mΩ | IterTime =   5.39s
  Iter 04/15 | Best Z =   75.208 mΩ | IterTime =   5.41s
  Iter 05/15 | Best Z =   75.208 mΩ | IterTime =   5.39s
  Iter 06/15 | Best Z =   75.208 mΩ | IterTime =   5.40s
  Iter 07/15 | Best Z =   75.208 mΩ | IterTime =   5.39s
  Iter 08/15 | Best Z =   75.208 mΩ | IterTime =   5.42s
  Iter 09/15 | Best Z =   75.208 mΩ | IterTime =   5.39s
  Iter 10/15 | Best Z =   75.208 mΩ | IterTime =   5.41s
  Iter 11/15 | Best Z =   75.208 mΩ | IterTime =   5.39s
  Iter 12/15 | Best Z =   75.208 mΩ | IterTime =   5.41s
  Iter 13/15 | Best Z =   75.208 mΩ | IterTime =   5.39s
  Iter 14/15 | Best Z =   75.208 mΩ | IterTime =   5.41s
  Iter 15/15 | Best Z =   75.208 mΩ | IterTime =   5.39s
[Stage Complete] n_caps=6 | Best Z = 75.208 mΩ | Ports = [10, 15, 18, 0, 14, 9] | Time = 81.02s

[Stage] n_caps = 7
  Iter 01/15 | Best Z =   50.683 mΩ | IterTime =   6.30s
  Iter 02/15 | Best Z =   50.683 mΩ | IterTime =   6.28s
  Iter 03/15 | Best Z =   50.683 mΩ | IterTime =   6.28s
  Iter 04/15 | Best Z =   50.683 mΩ | IterTime =   6.27s
  Iter 05/15 | Best Z =   50.683 mΩ | IterTime =   6.29s
  Iter 06/15 | Best Z =   50.683 mΩ | IterTime =   6.25s
  Iter 07/15 | Best Z =   50.683 mΩ | IterTime =   6.26s
  Iter 08/15 | Best Z =   50.683 mΩ | IterTime =   6.28s
  Iter 09/15 | Best Z =   50.683 mΩ | IterTime =   6.26s
  Iter 10/15 | Best Z =   50.683 mΩ | IterTime =   6.25s
  Iter 11/15 | Best Z =   50.683 mΩ | IterTime =   6.26s
  Iter 12/15 | Best Z =   50.683 mΩ | IterTime =   6.26s
  Iter 13/15 | Best Z =   50.683 mΩ | IterTime =   6.28s
  Iter 14/15 | Best Z =   50.683 mΩ | IterTime =   6.28s
  Iter 15/15 | Best Z =   50.683 mΩ | IterTime =   6.32s
[Stage Complete] n_caps=7 | Best Z = 50.683 mΩ | Ports = [0, 14, 18, 10, 0, 15, 15] | Time = 94.12s
Threshold reached — stopping stage growth.

[Run Complete] Total Time = 386.53s
------------------------------------------------------------
sm | Run 05 | n_caps=7 | Z=0.050683 | Time=386.71s

============================================================
RUN 06 | METHOD = SM
============================================================

[Stage] n_caps = 1
  Iter 01/15 | Best Z =  126.794 mΩ | IterTime =   1.11s
  Iter 02/15 | Best Z =  126.794 mΩ | IterTime =   1.09s
  Iter 03/15 | Best Z =  126.794 mΩ | IterTime =   1.10s
  Iter 04/15 | Best Z =  126.794 mΩ | IterTime =   1.09s
  Iter 05/15 | Best Z =  126.794 mΩ | IterTime =   1.09s
  Iter 06/15 | Best Z =  126.794 mΩ | IterTime =   1.09s
  Iter 07/15 | Best Z =  126.794 mΩ | IterTime =   1.10s
  Iter 08/15 | Best Z =  126.794 mΩ | IterTime =   1.09s
  Iter 09/15 | Best Z =  126.794 mΩ | IterTime =   1.09s
  Iter 10/15 | Best Z =  126.794 mΩ | IterTime =   1.09s
  Iter 11/15 | Best Z =  126.794 mΩ | IterTime =   1.10s
  Iter 12/15 | Best Z =  126.794 mΩ | IterTime =   1.09s
  Iter 13/15 | Best Z =  126.794 mΩ | IterTime =   1.09s
  Iter 14/15 | Best Z =  126.794 mΩ | IterTime =   1.09s
  Iter 15/15 | Best Z =  126.794 mΩ | IterTime =   1.09s
[Stage Complete] n_caps=1 | Best Z = 126.794 mΩ | Ports = [14] | Time = 16.41s

[Stage] n_caps = 2
  Iter 01/15 | Best Z =  112.270 mΩ | IterTime =   1.98s
  Iter 02/15 | Best Z =  112.270 mΩ | IterTime =   1.98s
  Iter 03/15 | Best Z =  112.270 mΩ | IterTime =   1.98s
  Iter 04/15 | Best Z =  112.270 mΩ | IterTime =   1.98s
  Iter 05/15 | Best Z =  112.270 mΩ | IterTime =   1.98s
  Iter 06/15 | Best Z =  112.270 mΩ | IterTime =   1.97s
  Iter 07/15 | Best Z =  112.270 mΩ | IterTime =   1.98s
  Iter 08/15 | Best Z =  112.270 mΩ | IterTime =   1.98s
  Iter 09/15 | Best Z =  112.270 mΩ | IterTime =   1.98s
  Iter 10/15 | Best Z =  112.270 mΩ | IterTime =   1.98s
  Iter 11/15 | Best Z =  112.270 mΩ | IterTime =   1.98s
  Iter 12/15 | Best Z =  112.270 mΩ | IterTime =   1.98s
  Iter 13/15 | Best Z =  112.270 mΩ | IterTime =   1.98s
  Iter 14/15 | Best Z =  112.270 mΩ | IterTime =   1.98s
  Iter 15/15 | Best Z =  112.270 mΩ | IterTime =   1.98s
[Stage Complete] n_caps=2 | Best Z = 112.270 mΩ | Ports = [0, 18] | Time = 29.70s

[Stage] n_caps = 3
  Iter 01/15 | Best Z =   84.650 mΩ | IterTime =   2.87s
  Iter 02/15 | Best Z =   84.650 mΩ | IterTime =   2.85s
  Iter 03/15 | Best Z =   84.650 mΩ | IterTime =   2.84s
  Iter 04/15 | Best Z =   84.650 mΩ | IterTime =   2.86s
  Iter 05/15 | Best Z =   84.650 mΩ | IterTime =   2.88s
  Iter 06/15 | Best Z =   84.650 mΩ | IterTime =   2.83s
  Iter 07/15 | Best Z =   84.650 mΩ | IterTime =   2.86s
  Iter 08/15 | Best Z =   84.650 mΩ | IterTime =   2.84s
  Iter 09/15 | Best Z =   84.650 mΩ | IterTime =   2.83s
  Iter 10/15 | Best Z =   84.650 mΩ | IterTime =   2.85s
  Iter 11/15 | Best Z =   84.650 mΩ | IterTime =   2.82s
  Iter 12/15 | Best Z =   84.650 mΩ | IterTime =   2.83s
  Iter 13/15 | Best Z =   84.650 mΩ | IterTime =   2.86s
  Iter 14/15 | Best Z =   84.650 mΩ | IterTime =   2.83s
  Iter 15/15 | Best Z =   84.650 mΩ | IterTime =   2.83s
[Stage Complete] n_caps=3 | Best Z = 84.650 mΩ | Ports = [0, 0, 11] | Time = 42.68s

[Stage] n_caps = 4
  Iter 01/15 | Best Z =   89.549 mΩ | IterTime =   3.71s
  Iter 02/15 | Best Z =   89.549 mΩ | IterTime =   3.70s
  Iter 03/15 | Best Z =   89.549 mΩ | IterTime =   3.71s
  Iter 04/15 | Best Z =   89.549 mΩ | IterTime =   3.70s
  Iter 05/15 | Best Z =   89.549 mΩ | IterTime =   3.71s
  Iter 06/15 | Best Z =   89.549 mΩ | IterTime =   3.71s
  Iter 07/15 | Best Z =   89.549 mΩ | IterTime =   3.72s
  Iter 08/15 | Best Z =   89.549 mΩ | IterTime =   3.71s
  Iter 09/15 | Best Z =   89.549 mΩ | IterTime =   3.71s
  Iter 10/15 | Best Z =   89.549 mΩ | IterTime =   3.72s
  Iter 11/15 | Best Z =   89.549 mΩ | IterTime =   3.71s
  Iter 12/15 | Best Z =   89.549 mΩ | IterTime =   3.71s
  Iter 13/15 | Best Z =   89.549 mΩ | IterTime =   3.72s
  Iter 14/15 | Best Z =   89.549 mΩ | IterTime =   3.71s
  Iter 15/15 | Best Z =   89.549 mΩ | IterTime =   3.71s
[Stage Complete] n_caps=4 | Best Z = 89.549 mΩ | Ports = [0, 0, 5, 8] | Time = 55.65s

[Stage] n_caps = 5
  Iter 01/15 | Best Z =   67.890 mΩ | IterTime =   4.57s
  Iter 02/15 | Best Z =   67.890 mΩ | IterTime =   4.58s
  Iter 03/15 | Best Z =   67.890 mΩ | IterTime =   4.57s
  Iter 04/15 | Best Z =   67.890 mΩ | IterTime =   4.57s
  Iter 05/15 | Best Z =   67.890 mΩ | IterTime =   4.57s
  Iter 06/15 | Best Z =   67.890 mΩ | IterTime =   4.58s
  Iter 07/15 | Best Z =   67.890 mΩ | IterTime =   4.59s
  Iter 08/15 | Best Z =   67.890 mΩ | IterTime =   4.60s
  Iter 09/15 | Best Z =   67.890 mΩ | IterTime =   4.58s
  Iter 10/15 | Best Z =   67.890 mΩ | IterTime =   4.61s
  Iter 11/15 | Best Z =   67.890 mΩ | IterTime =   4.58s
  Iter 12/15 | Best Z =   67.890 mΩ | IterTime =   4.59s
  Iter 13/15 | Best Z =   67.890 mΩ | IterTime =   4.60s
  Iter 14/15 | Best Z =   67.890 mΩ | IterTime =   4.59s
  Iter 15/15 | Best Z =   67.890 mΩ | IterTime =   4.58s
[Stage Complete] n_caps=5 | Best Z = 67.890 mΩ | Ports = [15, 6, 7, 9, 9] | Time = 68.76s

[Stage] n_caps = 6
  Iter 01/15 | Best Z =   59.508 mΩ | IterTime =   5.43s
  Iter 02/15 | Best Z =   59.508 mΩ | IterTime =   5.43s
  Iter 03/15 | Best Z =   59.508 mΩ | IterTime =   5.50s
  Iter 04/15 | Best Z =   59.508 mΩ | IterTime =   5.42s
  Iter 05/15 | Best Z =   59.508 mΩ | IterTime =   5.49s
  Iter 06/15 | Best Z =   59.508 mΩ | IterTime =   5.41s
  Iter 07/15 | Best Z =   59.508 mΩ | IterTime =   5.46s
  Iter 08/15 | Best Z =   59.508 mΩ | IterTime =   5.39s
  Iter 09/15 | Best Z =   59.508 mΩ | IterTime =   5.48s
  Iter 10/15 | Best Z =   59.508 mΩ | IterTime =   5.40s
  Iter 11/15 | Best Z =   59.508 mΩ | IterTime =   5.48s
  Iter 12/15 | Best Z =   59.508 mΩ | IterTime =   5.42s
  Iter 13/15 | Best Z =   59.508 mΩ | IterTime =   5.50s
  Iter 14/15 | Best Z =   59.508 mΩ | IterTime =   5.42s
  Iter 15/15 | Best Z =   59.508 mΩ | IterTime =   5.49s
[Stage Complete] n_caps=6 | Best Z = 59.508 mΩ | Ports = [6, 7, 9, 9, 0, 2] | Time = 81.73s
Threshold reached — stopping stage growth.

[Run Complete] Total Time = 294.92s
------------------------------------------------------------
sm | Run 06 | n_caps=6 | Z=0.059508 | Time=295.12s

============================================================
RUN 07 | METHOD = SM
============================================================

[Stage] n_caps = 1
  Iter 01/15 | Best Z =  122.106 mΩ | IterTime =   1.10s
  Iter 02/15 | Best Z =  122.106 mΩ | IterTime =   1.09s
  Iter 03/15 | Best Z =  122.106 mΩ | IterTime =   1.09s
  Iter 04/15 | Best Z =  122.106 mΩ | IterTime =   1.09s
  Iter 05/15 | Best Z =  122.106 mΩ | IterTime =   1.09s
  Iter 06/15 | Best Z =  122.106 mΩ | IterTime =   1.09s
  Iter 07/15 | Best Z =  122.106 mΩ | IterTime =   1.09s
  Iter 08/15 | Best Z =  122.106 mΩ | IterTime =   1.09s
  Iter 09/15 | Best Z =  122.106 mΩ | IterTime =   1.09s
  Iter 10/15 | Best Z =  122.106 mΩ | IterTime =   1.09s
  Iter 11/15 | Best Z =  122.106 mΩ | IterTime =   1.09s
  Iter 12/15 | Best Z =  122.106 mΩ | IterTime =   1.09s
  Iter 13/15 | Best Z =  122.106 mΩ | IterTime =   1.09s
  Iter 14/15 | Best Z =  122.106 mΩ | IterTime =   1.09s
  Iter 15/15 | Best Z =  122.106 mΩ | IterTime =   1.09s
[Stage Complete] n_caps=1 | Best Z = 122.106 mΩ | Ports = [0] | Time = 16.36s

[Stage] n_caps = 2
  Iter 01/15 | Best Z =  105.864 mΩ | IterTime =   1.97s
  Iter 02/15 | Best Z =  105.864 mΩ | IterTime =   1.98s
  Iter 03/15 | Best Z =  105.864 mΩ | IterTime =   1.96s
  Iter 04/15 | Best Z =  105.864 mΩ | IterTime =   1.97s
  Iter 05/15 | Best Z =  105.864 mΩ | IterTime =   1.97s
  Iter 06/15 | Best Z =  105.864 mΩ | IterTime =   1.96s
  Iter 07/15 | Best Z =  105.864 mΩ | IterTime =   1.97s
  Iter 08/15 | Best Z =  105.864 mΩ | IterTime =   1.96s
  Iter 09/15 | Best Z =  105.864 mΩ | IterTime =   1.95s
  Iter 10/15 | Best Z =  105.864 mΩ | IterTime =   1.97s
  Iter 11/15 | Best Z =  105.864 mΩ | IterTime =   1.96s
  Iter 12/15 | Best Z =  105.864 mΩ | IterTime =   1.96s
  Iter 13/15 | Best Z =  105.864 mΩ | IterTime =   1.97s
  Iter 14/15 | Best Z =  105.864 mΩ | IterTime =   1.97s
  Iter 15/15 | Best Z =  105.864 mΩ | IterTime =   1.96s
[Stage Complete] n_caps=2 | Best Z = 105.864 mΩ | Ports = [10, 0] | Time = 29.49s

[Stage] n_caps = 3
  Iter 01/15 | Best Z =   86.078 mΩ | IterTime =   2.82s
  Iter 02/15 | Best Z =   86.078 mΩ | IterTime =   2.84s
  Iter 03/15 | Best Z =   86.078 mΩ | IterTime =   2.83s
  Iter 04/15 | Best Z =   86.078 mΩ | IterTime =   2.83s
  Iter 05/15 | Best Z =   86.078 mΩ | IterTime =   2.81s
  Iter 06/15 | Best Z =   86.078 mΩ | IterTime =   2.83s
  Iter 07/15 | Best Z =   86.078 mΩ | IterTime =   2.82s
  Iter 08/15 | Best Z =   86.078 mΩ | IterTime =   2.83s
  Iter 09/15 | Best Z =   86.078 mΩ | IterTime =   2.82s
  Iter 10/15 | Best Z =   86.078 mΩ | IterTime =   2.83s
  Iter 11/15 | Best Z =   86.078 mΩ | IterTime =   2.82s
  Iter 12/15 | Best Z =   86.078 mΩ | IterTime =   2.82s
  Iter 13/15 | Best Z =   86.078 mΩ | IterTime =   2.81s
  Iter 14/15 | Best Z =   86.078 mΩ | IterTime =   2.82s
  Iter 15/15 | Best Z =   86.078 mΩ | IterTime =   2.81s
[Stage Complete] n_caps=3 | Best Z = 86.078 mΩ | Ports = [0, 16, 10] | Time = 42.36s

[Stage] n_caps = 4
  Iter 01/15 | Best Z =   57.317 mΩ | IterTime =   3.71s
  Iter 02/15 | Best Z =   57.317 mΩ | IterTime =   3.70s
  Iter 03/15 | Best Z =   57.317 mΩ | IterTime =   3.69s
  Iter 04/15 | Best Z =   57.317 mΩ | IterTime =   3.70s
  Iter 05/15 | Best Z =   57.317 mΩ | IterTime =   3.69s
  Iter 06/15 | Best Z =   57.317 mΩ | IterTime =   3.67s
  Iter 07/15 | Best Z =   57.317 mΩ | IterTime =   3.69s
  Iter 08/15 | Best Z =   57.317 mΩ | IterTime =   3.69s
  Iter 09/15 | Best Z =   57.317 mΩ | IterTime =   3.68s
  Iter 10/15 | Best Z =   57.317 mΩ | IterTime =   3.69s
  Iter 11/15 | Best Z =   57.317 mΩ | IterTime =   3.68s
  Iter 12/15 | Best Z =   57.317 mΩ | IterTime =   3.68s
  Iter 13/15 | Best Z =   57.317 mΩ | IterTime =   3.68s
  Iter 14/15 | Best Z =   57.317 mΩ | IterTime =   3.69s
  Iter 15/15 | Best Z =   57.317 mΩ | IterTime =   3.69s
[Stage Complete] n_caps=4 | Best Z = 57.317 mΩ | Ports = [0, 0, 5, 14] | Time = 55.34s
Threshold reached — stopping stage growth.

[Run Complete] Total Time = 143.56s
------------------------------------------------------------
sm | Run 07 | n_caps=4 | Z=0.057317 | Time=143.74s

============================================================
RUN 08 | METHOD = SM
============================================================

[Stage] n_caps = 1
  Iter 01/15 | Best Z =   98.392 mΩ | IterTime =   1.10s
  Iter 02/15 | Best Z =   98.392 mΩ | IterTime =   1.08s
  Iter 03/15 | Best Z =   98.392 mΩ | IterTime =   1.09s
  Iter 04/15 | Best Z =   98.392 mΩ | IterTime =   1.08s
  Iter 05/15 | Best Z =   98.392 mΩ | IterTime =   1.08s
  Iter 06/15 | Best Z =   98.392 mΩ | IterTime =   1.09s
  Iter 07/15 | Best Z =   98.392 mΩ | IterTime =   1.09s
  Iter 08/15 | Best Z =   98.392 mΩ | IterTime =   1.08s
  Iter 09/15 | Best Z =   98.392 mΩ | IterTime =   1.08s
  Iter 10/15 | Best Z =   98.392 mΩ | IterTime =   1.08s
  Iter 11/15 | Best Z =   98.392 mΩ | IterTime =   1.08s
  Iter 12/15 | Best Z =   98.392 mΩ | IterTime =   1.08s
  Iter 13/15 | Best Z =   98.392 mΩ | IterTime =   1.08s
  Iter 14/15 | Best Z =   98.392 mΩ | IterTime =   1.08s
  Iter 15/15 | Best Z =   98.392 mΩ | IterTime =   1.08s
[Stage Complete] n_caps=1 | Best Z = 98.392 mΩ | Ports = [0] | Time = 16.27s

[Stage] n_caps = 2
  Iter 01/15 | Best Z =   97.643 mΩ | IterTime =   1.96s
  Iter 02/15 | Best Z =   97.643 mΩ | IterTime =   1.96s
  Iter 03/15 | Best Z =   97.643 mΩ | IterTime =   1.96s
  Iter 04/15 | Best Z =   97.643 mΩ | IterTime =   1.95s
  Iter 05/15 | Best Z =   97.643 mΩ | IterTime =   1.96s
  Iter 06/15 | Best Z =   97.643 mΩ | IterTime =   1.96s
  Iter 07/15 | Best Z =   97.643 mΩ | IterTime =   1.97s
  Iter 08/15 | Best Z =   97.643 mΩ | IterTime =   1.96s
  Iter 09/15 | Best Z =   97.643 mΩ | IterTime =   1.96s
  Iter 10/15 | Best Z =   97.643 mΩ | IterTime =   1.96s
  Iter 11/15 | Best Z =   97.643 mΩ | IterTime =   1.96s
  Iter 12/15 | Best Z =   97.643 mΩ | IterTime =   1.96s
  Iter 13/15 | Best Z =   97.643 mΩ | IterTime =   1.96s
  Iter 14/15 | Best Z =   97.643 mΩ | IterTime =   1.96s
  Iter 15/15 | Best Z =   97.643 mΩ | IterTime =   1.95s
[Stage Complete] n_caps=2 | Best Z = 97.643 mΩ | Ports = [0, 18] | Time = 29.39s

[Stage] n_caps = 3
  Iter 01/15 | Best Z =   75.519 mΩ | IterTime =   2.83s
  Iter 02/15 | Best Z =   75.519 mΩ | IterTime =   2.82s
  Iter 03/15 | Best Z =   75.519 mΩ | IterTime =   2.83s
  Iter 04/15 | Best Z =   75.519 mΩ | IterTime =   2.83s
  Iter 05/15 | Best Z =   75.519 mΩ | IterTime =   2.84s
  Iter 06/15 | Best Z =   75.519 mΩ | IterTime =   2.82s
  Iter 07/15 | Best Z =   75.519 mΩ | IterTime =   2.82s
  Iter 08/15 | Best Z =   75.519 mΩ | IterTime =   2.83s
  Iter 09/15 | Best Z =   75.519 mΩ | IterTime =   2.82s
  Iter 10/15 | Best Z =   75.519 mΩ | IterTime =   2.84s
  Iter 11/15 | Best Z =   75.519 mΩ | IterTime =   2.84s
  Iter 12/15 | Best Z =   75.519 mΩ | IterTime =   2.82s
  Iter 13/15 | Best Z =   75.519 mΩ | IterTime =   2.81s
  Iter 14/15 | Best Z =   75.519 mΩ | IterTime =   2.82s
  Iter 15/15 | Best Z =   75.519 mΩ | IterTime =   2.83s
[Stage Complete] n_caps=3 | Best Z = 75.519 mΩ | Ports = [7, 15, 0] | Time = 42.40s

[Stage] n_caps = 4
  Iter 01/15 | Best Z =   59.274 mΩ | IterTime =   3.70s
  Iter 02/15 | Best Z =   59.274 mΩ | IterTime =   3.69s
  Iter 03/15 | Best Z =   59.274 mΩ | IterTime =   3.70s
  Iter 04/15 | Best Z =   59.274 mΩ | IterTime =   3.69s
  Iter 05/15 | Best Z =   59.274 mΩ | IterTime =   3.68s
  Iter 06/15 | Best Z =   59.274 mΩ | IterTime =   3.68s
  Iter 07/15 | Best Z =   59.274 mΩ | IterTime =   3.69s
  Iter 08/15 | Best Z =   59.274 mΩ | IterTime =   3.68s
  Iter 09/15 | Best Z =   59.274 mΩ | IterTime =   3.69s
  Iter 10/15 | Best Z =   59.274 mΩ | IterTime =   3.68s
  Iter 11/15 | Best Z =   59.274 mΩ | IterTime =   3.69s
  Iter 12/15 | Best Z =   59.274 mΩ | IterTime =   3.68s
  Iter 13/15 | Best Z =   59.274 mΩ | IterTime =   3.69s
  Iter 14/15 | Best Z =   59.274 mΩ | IterTime =   3.69s
  Iter 15/15 | Best Z =   59.274 mΩ | IterTime =   3.71s
[Stage Complete] n_caps=4 | Best Z = 59.274 mΩ | Ports = [15, 0, 0, 7] | Time = 55.34s
Threshold reached — stopping stage growth.

[Run Complete] Total Time = 143.40s
------------------------------------------------------------
sm | Run 08 | n_caps=4 | Z=0.059274 | Time=143.58s

============================================================
RUN 09 | METHOD = SM
============================================================

[Stage] n_caps = 1
  Iter 01/15 | Best Z =  107.572 mΩ | IterTime =   1.09s
  Iter 02/15 | Best Z =  107.572 mΩ | IterTime =   1.09s
  Iter 03/15 | Best Z =  107.572 mΩ | IterTime =   1.09s
  Iter 04/15 | Best Z =  107.572 mΩ | IterTime =   1.09s
  Iter 05/15 | Best Z =  107.572 mΩ | IterTime =   1.09s
  Iter 06/15 | Best Z =  107.572 mΩ | IterTime =   1.08s
  Iter 07/15 | Best Z =  107.572 mΩ | IterTime =   1.08s
  Iter 08/15 | Best Z =  107.572 mΩ | IterTime =   1.09s
  Iter 09/15 | Best Z =  107.572 mΩ | IterTime =   1.08s
  Iter 10/15 | Best Z =  107.572 mΩ | IterTime =   1.08s
  Iter 11/15 | Best Z =  107.572 mΩ | IterTime =   1.08s
  Iter 12/15 | Best Z =  107.572 mΩ | IterTime =   1.10s
  Iter 13/15 | Best Z =  107.572 mΩ | IterTime =   1.08s
  Iter 14/15 | Best Z =  107.572 mΩ | IterTime =   1.08s
  Iter 15/15 | Best Z =  107.572 mΩ | IterTime =   1.08s
[Stage Complete] n_caps=1 | Best Z = 107.572 mΩ | Ports = [0] | Time = 16.28s

[Stage] n_caps = 2
  Iter 01/15 | Best Z =   97.921 mΩ | IterTime =   2.00s
  Iter 02/15 | Best Z =   97.921 mΩ | IterTime =   1.96s
  Iter 03/15 | Best Z =   97.921 mΩ | IterTime =   1.96s
  Iter 04/15 | Best Z =   97.921 mΩ | IterTime =   1.95s
  Iter 05/15 | Best Z =   97.921 mΩ | IterTime =   1.96s
  Iter 06/15 | Best Z =   97.921 mΩ | IterTime =   1.95s
  Iter 07/15 | Best Z =   97.921 mΩ | IterTime =   1.96s
  Iter 08/15 | Best Z =   97.921 mΩ | IterTime =   1.96s
  Iter 09/15 | Best Z =   97.921 mΩ | IterTime =   1.96s
  Iter 10/15 | Best Z =   97.921 mΩ | IterTime =   1.96s
  Iter 11/15 | Best Z =   97.921 mΩ | IterTime =   1.97s
  Iter 12/15 | Best Z =   97.921 mΩ | IterTime =   1.96s
  Iter 13/15 | Best Z =   97.921 mΩ | IterTime =   1.96s
  Iter 14/15 | Best Z =   97.921 mΩ | IterTime =   1.96s
  Iter 15/15 | Best Z =   97.921 mΩ | IterTime =   1.96s
[Stage Complete] n_caps=2 | Best Z = 97.921 mΩ | Ports = [0, 0] | Time = 29.43s

[Stage] n_caps = 3
  Iter 01/15 | Best Z =   70.961 mΩ | IterTime =   2.85s
  Iter 02/15 | Best Z =   70.961 mΩ | IterTime =   2.83s
  Iter 03/15 | Best Z =   70.961 mΩ | IterTime =   2.83s
  Iter 04/15 | Best Z =   70.961 mΩ | IterTime =   2.81s
  Iter 05/15 | Best Z =   70.961 mΩ | IterTime =   2.82s
  Iter 06/15 | Best Z =   70.961 mΩ | IterTime =   2.83s
  Iter 07/15 | Best Z =   70.961 mΩ | IterTime =   2.82s
  Iter 08/15 | Best Z =   70.961 mΩ | IterTime =   2.82s
  Iter 09/15 | Best Z =   70.961 mΩ | IterTime =   2.82s
  Iter 10/15 | Best Z =   70.961 mΩ | IterTime =   2.81s
  Iter 11/15 | Best Z =   70.961 mΩ | IterTime =   2.83s
  Iter 12/15 | Best Z =   70.961 mΩ | IterTime =   2.82s
  Iter 13/15 | Best Z =   70.961 mΩ | IterTime =   2.82s
  Iter 14/15 | Best Z =   70.961 mΩ | IterTime =   2.83s
  Iter 15/15 | Best Z =   70.961 mΩ | IterTime =   2.83s
[Stage Complete] n_caps=3 | Best Z = 70.961 mΩ | Ports = [0, 0, 6] | Time = 42.37s

[Stage] n_caps = 4
  Iter 01/15 | Best Z =   71.056 mΩ | IterTime =   3.70s
  Iter 02/15 | Best Z =   71.056 mΩ | IterTime =   3.71s
  Iter 03/15 | Best Z =   71.056 mΩ | IterTime =   3.69s
  Iter 04/15 | Best Z =   71.056 mΩ | IterTime =   3.69s
  Iter 05/15 | Best Z =   71.056 mΩ | IterTime =   3.69s
  Iter 06/15 | Best Z =   71.056 mΩ | IterTime =   3.70s
  Iter 07/15 | Best Z =   71.056 mΩ | IterTime =   3.69s
  Iter 08/15 | Best Z =   71.056 mΩ | IterTime =   3.68s
  Iter 09/15 | Best Z =   71.056 mΩ | IterTime =   3.68s
  Iter 10/15 | Best Z =   71.056 mΩ | IterTime =   3.69s
  Iter 11/15 | Best Z =   71.056 mΩ | IterTime =   3.70s
  Iter 12/15 | Best Z =   71.056 mΩ | IterTime =   3.69s
  Iter 13/15 | Best Z =   71.056 mΩ | IterTime =   3.69s
  Iter 14/15 | Best Z =   71.056 mΩ | IterTime =   3.68s
  Iter 15/15 | Best Z =   71.056 mΩ | IterTime =   3.69s
[Stage Complete] n_caps=4 | Best Z = 71.056 mΩ | Ports = [0, 6, 0, 10] | Time = 55.36s

[Stage] n_caps = 5
  Iter 01/15 | Best Z =   71.216 mΩ | IterTime =   4.54s
  Iter 02/15 | Best Z =   71.216 mΩ | IterTime =   4.52s
  Iter 03/15 | Best Z =   71.216 mΩ | IterTime =   4.57s
  Iter 04/15 | Best Z =   71.216 mΩ | IterTime =   4.54s
  Iter 05/15 | Best Z =   71.216 mΩ | IterTime =   4.51s
  Iter 06/15 | Best Z =   71.216 mΩ | IterTime =   4.55s
  Iter 07/15 | Best Z =   71.216 mΩ | IterTime =   4.55s
  Iter 08/15 | Best Z =   71.216 mΩ | IterTime =   4.52s
  Iter 09/15 | Best Z =   71.216 mΩ | IterTime =   4.56s
  Iter 10/15 | Best Z =   71.216 mΩ | IterTime =   4.54s
  Iter 11/15 | Best Z =   71.216 mΩ | IterTime =   4.51s
  Iter 12/15 | Best Z =   71.216 mΩ | IterTime =   4.56s
  Iter 13/15 | Best Z =   71.216 mΩ | IterTime =   4.55s
  Iter 14/15 | Best Z =   71.216 mΩ | IterTime =   4.54s
  Iter 15/15 | Best Z =   71.216 mΩ | IterTime =   4.59s
[Stage Complete] n_caps=5 | Best Z = 71.216 mΩ | Ports = [6, 0, 10, 10, 7] | Time = 68.14s

[Stage] n_caps = 6
  Iter 01/15 | Best Z =   68.643 mΩ | IterTime =   5.42s
  Iter 02/15 | Best Z =   68.643 mΩ | IterTime =   5.42s
  Iter 03/15 | Best Z =   68.643 mΩ | IterTime =   5.43s
  Iter 04/15 | Best Z =   68.643 mΩ | IterTime =   5.41s
  Iter 05/15 | Best Z =   68.643 mΩ | IterTime =   5.44s
  Iter 06/15 | Best Z =   68.643 mΩ | IterTime =   5.39s
  Iter 07/15 | Best Z =   68.643 mΩ | IterTime =   5.47s
  Iter 08/15 | Best Z =   68.643 mΩ | IterTime =   5.39s
  Iter 09/15 | Best Z =   68.643 mΩ | IterTime =   5.45s
  Iter 10/15 | Best Z =   68.643 mΩ | IterTime =   5.38s
  Iter 11/15 | Best Z =   68.643 mΩ | IterTime =   5.43s
  Iter 12/15 | Best Z =   68.643 mΩ | IterTime =   5.37s
  Iter 13/15 | Best Z =   68.643 mΩ | IterTime =   5.43s
  Iter 14/15 | Best Z =   68.643 mΩ | IterTime =   5.38s
  Iter 15/15 | Best Z =   68.643 mΩ | IterTime =   5.46s
[Stage Complete] n_caps=6 | Best Z = 68.643 mΩ | Ports = [0, 7, 0, 4, 15, 5] | Time = 81.29s

[Stage] n_caps = 7
  Iter 01/15 | Best Z =   69.620 mΩ | IterTime =   6.26s
  Iter 02/15 | Best Z =   69.620 mΩ | IterTime =   6.30s
  Iter 03/15 | Best Z =   69.620 mΩ | IterTime =   6.26s
  Iter 04/15 | Best Z =   69.620 mΩ | IterTime =   6.28s
  Iter 05/15 | Best Z =   69.620 mΩ | IterTime =   6.28s
  Iter 06/15 | Best Z =   69.620 mΩ | IterTime =   6.26s
  Iter 07/15 | Best Z =   69.620 mΩ | IterTime =   6.24s
  Iter 08/15 | Best Z =   69.620 mΩ | IterTime =   6.29s
  Iter 09/15 | Best Z =   69.620 mΩ | IterTime =   6.26s
  Iter 10/15 | Best Z =   69.620 mΩ | IterTime =   6.25s
  Iter 11/15 | Best Z =   69.620 mΩ | IterTime =   6.29s
  Iter 12/15 | Best Z =   69.620 mΩ | IterTime =   6.26s
  Iter 13/15 | Best Z =   69.620 mΩ | IterTime =   6.25s
  Iter 14/15 | Best Z =   69.620 mΩ | IterTime =   6.33s
  Iter 15/15 | Best Z =   69.620 mΩ | IterTime =   6.28s
[Stage Complete] n_caps=7 | Best Z = 69.620 mΩ | Ports = [9, 0, 8, 19, 16, 5, 7] | Time = 94.10s

[Stage] n_caps = 8
  Iter 01/15 | Best Z =   59.910 mΩ | IterTime =   7.16s
  Iter 02/15 | Best Z =   59.910 mΩ | IterTime =   7.20s
  Iter 03/15 | Best Z =   59.910 mΩ | IterTime =   7.18s
  Iter 04/15 | Best Z =   59.910 mΩ | IterTime =   7.16s
  Iter 05/15 | Best Z =   59.910 mΩ | IterTime =   7.17s
  Iter 06/15 | Best Z =   59.910 mΩ | IterTime =   7.15s
  Iter 07/15 | Best Z =   59.910 mΩ | IterTime =   7.16s
  Iter 08/15 | Best Z =   59.910 mΩ | IterTime =   7.15s
  Iter 09/15 | Best Z =   59.910 mΩ | IterTime =   7.16s
  Iter 10/15 | Best Z =   59.910 mΩ | IterTime =   7.17s
  Iter 11/15 | Best Z =   59.910 mΩ | IterTime =   7.15s
  Iter 12/15 | Best Z =   59.910 mΩ | IterTime =   7.18s
  Iter 13/15 | Best Z =   59.910 mΩ | IterTime =   7.14s
  Iter 14/15 | Best Z =   59.910 mΩ | IterTime =   7.16s
  Iter 15/15 | Best Z =   59.910 mΩ | IterTime =   7.14s
[Stage Complete] n_caps=8 | Best Z = 59.910 mΩ | Ports = [0, 8, 19, 16, 5, 7, 0, 0] | Time = 107.43s
Threshold reached — stopping stage growth.

[Run Complete] Total Time = 494.39s
------------------------------------------------------------
sm | Run 09 | n_caps=8 | Z=0.059910 | Time=494.58s

============================================================
RUN 10 | METHOD = SM
============================================================

[Stage] n_caps = 1
  Iter 01/15 | Best Z =  117.661 mΩ | IterTime =   1.09s
  Iter 02/15 | Best Z =  117.661 mΩ | IterTime =   1.09s
  Iter 03/15 | Best Z =  117.661 mΩ | IterTime =   1.08s
  Iter 04/15 | Best Z =  117.661 mΩ | IterTime =   1.09s
  Iter 05/15 | Best Z =  117.661 mΩ | IterTime =   1.09s
  Iter 06/15 | Best Z =  117.661 mΩ | IterTime =   1.08s
  Iter 07/15 | Best Z =  117.661 mΩ | IterTime =   1.08s
  Iter 08/15 | Best Z =  117.661 mΩ | IterTime =   1.08s
  Iter 09/15 | Best Z =  117.661 mΩ | IterTime =   1.08s
  Iter 10/15 | Best Z =  117.661 mΩ | IterTime =   1.08s
  Iter 11/15 | Best Z =  117.661 mΩ | IterTime =   1.07s
  Iter 12/15 | Best Z =  117.661 mΩ | IterTime =   1.08s
  Iter 13/15 | Best Z =  117.661 mΩ | IterTime =   1.08s
  Iter 14/15 | Best Z =  117.661 mΩ | IterTime =   1.08s
  Iter 15/15 | Best Z =  117.661 mΩ | IterTime =   1.08s
[Stage Complete] n_caps=1 | Best Z = 117.661 mΩ | Ports = [9] | Time = 16.21s

[Stage] n_caps = 2
  Iter 01/15 | Best Z =   96.613 mΩ | IterTime =   1.96s
  Iter 02/15 | Best Z =   96.613 mΩ | IterTime =   1.95s
  Iter 03/15 | Best Z =   96.613 mΩ | IterTime =   1.96s
  Iter 04/15 | Best Z =   96.613 mΩ | IterTime =   1.94s
  Iter 05/15 | Best Z =   96.613 mΩ | IterTime =   1.95s
  Iter 06/15 | Best Z =   96.613 mΩ | IterTime =   1.96s
  Iter 07/15 | Best Z =   96.613 mΩ | IterTime =   1.95s
  Iter 08/15 | Best Z =   96.613 mΩ | IterTime =   1.94s
  Iter 09/15 | Best Z =   96.613 mΩ | IterTime =   1.96s
  Iter 10/15 | Best Z =   96.613 mΩ | IterTime =   1.94s
  Iter 11/15 | Best Z =   96.613 mΩ | IterTime =   1.94s
  Iter 12/15 | Best Z =   96.613 mΩ | IterTime =   1.95s
  Iter 13/15 | Best Z =   96.613 mΩ | IterTime =   1.94s
  Iter 14/15 | Best Z =   96.613 mΩ | IterTime =   1.94s
  Iter 15/15 | Best Z =   96.613 mΩ | IterTime =   1.95s
[Stage Complete] n_caps=2 | Best Z = 96.613 mΩ | Ports = [5, 10] | Time = 29.23s

[Stage] n_caps = 3
  Iter 01/15 | Best Z =   67.408 mΩ | IterTime =   2.81s
  Iter 02/15 | Best Z =   67.408 mΩ | IterTime =   2.81s
  Iter 03/15 | Best Z =   67.408 mΩ | IterTime =   2.81s
  Iter 04/15 | Best Z =   67.408 mΩ | IterTime =   2.79s
  Iter 05/15 | Best Z =   67.408 mΩ | IterTime =   2.79s
  Iter 06/15 | Best Z =   67.408 mΩ | IterTime =   2.79s
  Iter 07/15 | Best Z =   67.408 mΩ | IterTime =   2.79s
  Iter 08/15 | Best Z =   67.408 mΩ | IterTime =   2.79s
  Iter 09/15 | Best Z =   67.408 mΩ | IterTime =   2.80s
  Iter 10/15 | Best Z =   67.408 mΩ | IterTime =   2.80s
  Iter 11/15 | Best Z =   67.408 mΩ | IterTime =   2.79s
  Iter 12/15 | Best Z =   67.408 mΩ | IterTime =   2.79s
  Iter 13/15 | Best Z =   67.408 mΩ | IterTime =   2.80s
  Iter 14/15 | Best Z =   67.408 mΩ | IterTime =   2.80s
  Iter 15/15 | Best Z =   67.408 mΩ | IterTime =   2.81s
[Stage Complete] n_caps=3 | Best Z = 67.408 mΩ | Ports = [10, 0, 9] | Time = 41.98s

[Stage] n_caps = 4
  Iter 01/15 | Best Z =   62.431 mΩ | IterTime =   3.66s
  Iter 02/15 | Best Z =   62.431 mΩ | IterTime =   3.69s
  Iter 03/15 | Best Z =   62.431 mΩ | IterTime =   3.67s
  Iter 04/15 | Best Z =   62.431 mΩ | IterTime =   3.67s
  Iter 05/15 | Best Z =   62.431 mΩ | IterTime =   3.69s
  Iter 06/15 | Best Z =   62.431 mΩ | IterTime =   3.68s
  Iter 07/15 | Best Z =   62.431 mΩ | IterTime =   3.68s
  Iter 08/15 | Best Z =   62.431 mΩ | IterTime =   3.68s
  Iter 09/15 | Best Z =   62.431 mΩ | IterTime =   3.66s
  Iter 10/15 | Best Z =   62.431 mΩ | IterTime =   3.72s
  Iter 11/15 | Best Z =   62.431 mΩ | IterTime =   3.68s
  Iter 12/15 | Best Z =   62.431 mΩ | IterTime =   3.66s
  Iter 13/15 | Best Z =   62.431 mΩ | IterTime =   3.66s
  Iter 14/15 | Best Z =   62.431 mΩ | IterTime =   3.68s
  Iter 15/15 | Best Z =   62.431 mΩ | IterTime =   3.67s
[Stage Complete] n_caps=4 | Best Z = 62.431 mΩ | Ports = [0, 9, 10, 18] | Time = 55.14s

[Stage] n_caps = 5
  Iter 01/15 | Best Z =   80.918 mΩ | IterTime =   4.53s
  Iter 02/15 | Best Z =   80.918 mΩ | IterTime =   4.54s
  Iter 03/15 | Best Z =   80.918 mΩ | IterTime =   4.54s
  Iter 04/15 | Best Z =   80.918 mΩ | IterTime =   4.52s
  Iter 05/15 | Best Z =   80.918 mΩ | IterTime =   4.52s
  Iter 06/15 | Best Z =   80.918 mΩ | IterTime =   4.53s
  Iter 07/15 | Best Z =   80.918 mΩ | IterTime =   4.54s
  Iter 08/15 | Best Z =   80.918 mΩ | IterTime =   4.54s
  Iter 09/15 | Best Z =   80.918 mΩ | IterTime =   4.53s
  Iter 10/15 | Best Z =   80.918 mΩ | IterTime =   4.53s
  Iter 11/15 | Best Z =   80.918 mΩ | IterTime =   4.52s
  Iter 12/15 | Best Z =   80.918 mΩ | IterTime =   4.54s
  Iter 13/15 | Best Z =   80.918 mΩ | IterTime =   4.52s
  Iter 14/15 | Best Z =   80.918 mΩ | IterTime =   4.52s
  Iter 15/15 | Best Z =   80.918 mΩ | IterTime =   4.54s
[Stage Complete] n_caps=5 | Best Z = 80.918 mΩ | Ports = [7, 16, 7, 13, 6] | Time = 67.98s

[Stage] n_caps = 6
  Iter 01/15 | Best Z =   71.204 mΩ | IterTime =   5.42s
  Iter 02/15 | Best Z =   71.204 mΩ | IterTime =   5.44s
  Iter 03/15 | Best Z =   71.204 mΩ | IterTime =   5.41s
  Iter 04/15 | Best Z =   71.204 mΩ | IterTime =   5.42s
  Iter 05/15 | Best Z =   71.204 mΩ | IterTime =   5.41s
  Iter 06/15 | Best Z =   71.204 mΩ | IterTime =   5.39s
  Iter 07/15 | Best Z =   71.204 mΩ | IterTime =   5.38s
  Iter 08/15 | Best Z =   71.204 mΩ | IterTime =   5.38s
  Iter 09/15 | Best Z =   71.204 mΩ | IterTime =   5.40s
  Iter 10/15 | Best Z =   71.204 mΩ | IterTime =   5.40s
  Iter 11/15 | Best Z =   71.204 mΩ | IterTime =   5.39s
  Iter 12/15 | Best Z =   71.204 mΩ | IterTime =   5.41s
  Iter 13/15 | Best Z =   71.204 mΩ | IterTime =   5.40s
  Iter 14/15 | Best Z =   71.204 mΩ | IterTime =   5.42s
  Iter 15/15 | Best Z =   71.204 mΩ | IterTime =   5.41s
[Stage Complete] n_caps=6 | Best Z = 71.204 mΩ | Ports = [10, 12, 0, 5, 1, 11] | Time = 81.09s

[Stage] n_caps = 7
  Iter 01/15 | Best Z =   69.465 mΩ | IterTime =   6.26s
  Iter 02/15 | Best Z =   69.465 mΩ | IterTime =   6.25s
  Iter 03/15 | Best Z =   69.465 mΩ | IterTime =   6.24s
  Iter 04/15 | Best Z =   69.465 mΩ | IterTime =   6.25s
  Iter 05/15 | Best Z =   69.465 mΩ | IterTime =   6.25s
  Iter 06/15 | Best Z =   69.465 mΩ | IterTime =   6.26s
  Iter 07/15 | Best Z =   69.465 mΩ | IterTime =   6.25s
  Iter 08/15 | Best Z =   69.465 mΩ | IterTime =   6.27s
  Iter 09/15 | Best Z =   69.465 mΩ | IterTime =   6.26s
  Iter 10/15 | Best Z =   69.465 mΩ | IterTime =   6.30s
  Iter 11/15 | Best Z =   69.465 mΩ | IterTime =   6.27s
  Iter 12/15 | Best Z =   69.465 mΩ | IterTime =   6.29s
  Iter 13/15 | Best Z =   69.465 mΩ | IterTime =   6.30s
  Iter 14/15 | Best Z =   69.465 mΩ | IterTime =   6.31s
  Iter 15/15 | Best Z =   69.465 mΩ | IterTime =   6.27s
[Stage Complete] n_caps=7 | Best Z = 69.465 mΩ | Ports = [9, 0, 10, 5, 19, 14, 8] | Time = 94.01s

[Stage] n_caps = 8
  Iter 01/15 | Best Z =   61.146 mΩ | IterTime =   7.12s
  Iter 02/15 | Best Z =   61.146 mΩ | IterTime =   7.11s
  Iter 03/15 | Best Z =   61.146 mΩ | IterTime =   7.12s
  Iter 04/15 | Best Z =   61.146 mΩ | IterTime =   7.13s
  Iter 05/15 | Best Z =   61.146 mΩ | IterTime =   7.15s
  Iter 06/15 | Best Z =   61.146 mΩ | IterTime =   7.15s
  Iter 07/15 | Best Z =   61.146 mΩ | IterTime =   7.14s
  Iter 08/15 | Best Z =   61.146 mΩ | IterTime =   7.16s
  Iter 09/15 | Best Z =   61.146 mΩ | IterTime =   7.15s
  Iter 10/15 | Best Z =   61.146 mΩ | IterTime =   7.14s
  Iter 11/15 | Best Z =   61.146 mΩ | IterTime =   7.15s
  Iter 12/15 | Best Z =   61.146 mΩ | IterTime =   7.12s
  Iter 13/15 | Best Z =   61.146 mΩ | IterTime =   7.16s
  Iter 14/15 | Best Z =   61.146 mΩ | IterTime =   7.12s
  Iter 15/15 | Best Z =   61.146 mΩ | IterTime =   7.15s
[Stage Complete] n_caps=8 | Best Z = 61.146 mΩ | Ports = [0, 10, 5, 19, 14, 8, 9, 0] | Time = 107.06s

[Stage] n_caps = 9
  Iter 01/15 | Best Z =   57.255 mΩ | IterTime =   8.02s
  Iter 02/15 | Best Z =   57.255 mΩ | IterTime =   8.01s
  Iter 03/15 | Best Z =   57.255 mΩ | IterTime =   8.03s
  Iter 04/15 | Best Z =   57.255 mΩ | IterTime =   8.00s
  Iter 05/15 | Best Z =   57.255 mΩ | IterTime =   8.00s
  Iter 06/15 | Best Z =   57.255 mΩ | IterTime =   7.99s
  Iter 07/15 | Best Z =   57.255 mΩ | IterTime =   7.98s
  Iter 08/15 | Best Z =   57.255 mΩ | IterTime =   7.99s
  Iter 09/15 | Best Z =   57.255 mΩ | IterTime =   8.02s
  Iter 10/15 | Best Z =   57.255 mΩ | IterTime =   8.03s
  Iter 11/15 | Best Z =   57.255 mΩ | IterTime =   8.00s
  Iter 12/15 | Best Z =   57.255 mΩ | IterTime =   8.03s
  Iter 13/15 | Best Z =   57.255 mΩ | IterTime =   7.99s
  Iter 14/15 | Best Z =   57.255 mΩ | IterTime =   8.02s
  Iter 15/15 | Best Z =   57.255 mΩ | IterTime =   8.02s
[Stage Complete] n_caps=9 | Best Z = 57.255 mΩ | Ports = [10, 5, 19, 14, 8, 9, 0, 0, 16] | Time = 120.14s
Threshold reached — stopping stage growth.

[Run Complete] Total Time = 612.83s
------------------------------------------------------------
sm | Run 10 | n_caps=9 | Z=0.057255 | Time=613.04s

============================================================
RUN 11 | METHOD = SM
============================================================

[Stage] n_caps = 1
  Iter 01/15 | Best Z =  135.316 mΩ | IterTime =   1.10s
  Iter 02/15 | Best Z =  135.316 mΩ | IterTime =   1.08s
  Iter 03/15 | Best Z =  135.316 mΩ | IterTime =   1.08s
  Iter 04/15 | Best Z =  135.316 mΩ | IterTime =   1.08s
  Iter 05/15 | Best Z =  135.316 mΩ | IterTime =   1.09s
  Iter 06/15 | Best Z =  135.316 mΩ | IterTime =   1.08s
  Iter 07/15 | Best Z =  135.316 mΩ | IterTime =   1.08s
  Iter 08/15 | Best Z =  135.316 mΩ | IterTime =   1.09s
  Iter 09/15 | Best Z =  135.316 mΩ | IterTime =   1.08s
  Iter 10/15 | Best Z =  135.316 mΩ | IterTime =   1.08s
  Iter 11/15 | Best Z =  135.316 mΩ | IterTime =   1.08s
  Iter 12/15 | Best Z =  135.316 mΩ | IterTime =   1.08s
  Iter 13/15 | Best Z =  135.316 mΩ | IterTime =   1.08s
  Iter 14/15 | Best Z =  135.316 mΩ | IterTime =   1.08s
  Iter 15/15 | Best Z =  135.316 mΩ | IterTime =   1.08s
[Stage Complete] n_caps=1 | Best Z = 135.316 mΩ | Ports = [0] | Time = 16.24s

[Stage] n_caps = 2
  Iter 01/15 | Best Z =   94.967 mΩ | IterTime =   1.96s
  Iter 02/15 | Best Z =   94.967 mΩ | IterTime =   1.96s
  Iter 03/15 | Best Z =   94.967 mΩ | IterTime =   1.96s
  Iter 04/15 | Best Z =   94.967 mΩ | IterTime =   1.96s
  Iter 05/15 | Best Z =   94.967 mΩ | IterTime =   1.96s
  Iter 06/15 | Best Z =   94.967 mΩ | IterTime =   1.95s
  Iter 07/15 | Best Z =   94.967 mΩ | IterTime =   1.94s
  Iter 08/15 | Best Z =   94.967 mΩ | IterTime =   1.95s
  Iter 09/15 | Best Z =   94.967 mΩ | IterTime =   1.95s
  Iter 10/15 | Best Z =   94.967 mΩ | IterTime =   1.96s
  Iter 11/15 | Best Z =   94.967 mΩ | IterTime =   1.96s
  Iter 12/15 | Best Z =   94.967 mΩ | IterTime =   1.96s
  Iter 13/15 | Best Z =   94.967 mΩ | IterTime =   1.95s
  Iter 14/15 | Best Z =   94.967 mΩ | IterTime =   1.96s
  Iter 15/15 | Best Z =   94.967 mΩ | IterTime =   1.97s
[Stage Complete] n_caps=2 | Best Z = 94.967 mΩ | Ports = [14, 0] | Time = 29.35s

[Stage] n_caps = 3
  Iter 01/15 | Best Z =   89.732 mΩ | IterTime =   2.84s
  Iter 02/15 | Best Z =   89.732 mΩ | IterTime =   2.84s
  Iter 03/15 | Best Z =   89.732 mΩ | IterTime =   2.83s
  Iter 04/15 | Best Z =   89.732 mΩ | IterTime =   2.83s
  Iter 05/15 | Best Z =   89.732 mΩ | IterTime =   2.82s
  Iter 06/15 | Best Z =   89.732 mΩ | IterTime =   2.83s
  Iter 07/15 | Best Z =   89.732 mΩ | IterTime =   2.83s
  Iter 08/15 | Best Z =   89.732 mΩ | IterTime =   2.82s
  Iter 09/15 | Best Z =   89.732 mΩ | IterTime =   2.82s
  Iter 10/15 | Best Z =   89.732 mΩ | IterTime =   2.82s
  Iter 11/15 | Best Z =   89.732 mΩ | IterTime =   2.81s
  Iter 12/15 | Best Z =   89.732 mΩ | IterTime =   2.81s
  Iter 13/15 | Best Z =   89.732 mΩ | IterTime =   2.82s
  Iter 14/15 | Best Z =   89.732 mΩ | IterTime =   2.81s
  Iter 15/15 | Best Z =   89.732 mΩ | IterTime =   2.82s
[Stage Complete] n_caps=3 | Best Z = 89.732 mΩ | Ports = [19, 0, 14] | Time = 42.34s

[Stage] n_caps = 4
  Iter 01/15 | Best Z =   77.455 mΩ | IterTime =   3.69s
  Iter 02/15 | Best Z =   77.455 mΩ | IterTime =   3.69s
  Iter 03/15 | Best Z =   77.455 mΩ | IterTime =   3.69s
  Iter 04/15 | Best Z =   77.455 mΩ | IterTime =   3.68s
  Iter 05/15 | Best Z =   77.455 mΩ | IterTime =   3.68s
  Iter 06/15 | Best Z =   77.455 mΩ | IterTime =   3.73s
  Iter 07/15 | Best Z =   77.455 mΩ | IterTime =   3.68s
  Iter 08/15 | Best Z =   77.455 mΩ | IterTime =   3.68s
  Iter 09/15 | Best Z =   77.455 mΩ | IterTime =   3.68s
  Iter 10/15 | Best Z =   77.455 mΩ | IterTime =   3.67s
  Iter 11/15 | Best Z =   77.455 mΩ | IterTime =   3.68s
  Iter 12/15 | Best Z =   77.455 mΩ | IterTime =   3.68s
  Iter 13/15 | Best Z =   77.455 mΩ | IterTime =   3.70s
  Iter 14/15 | Best Z =   77.455 mΩ | IterTime =   3.71s
  Iter 15/15 | Best Z =   77.455 mΩ | IterTime =   3.70s
[Stage Complete] n_caps=4 | Best Z = 77.455 mΩ | Ports = [0, 14, 0, 2] | Time = 55.36s

[Stage] n_caps = 5
  Iter 01/15 | Best Z =   75.417 mΩ | IterTime =   4.56s
  Iter 02/15 | Best Z =   75.417 mΩ | IterTime =   4.57s
  Iter 03/15 | Best Z =   75.417 mΩ | IterTime =   4.57s
  Iter 04/15 | Best Z =   75.417 mΩ | IterTime =   4.55s
  Iter 05/15 | Best Z =   75.417 mΩ | IterTime =   4.53s
  Iter 06/15 | Best Z =   75.417 mΩ | IterTime =   4.55s
  Iter 07/15 | Best Z =   75.417 mΩ | IterTime =   4.56s
  Iter 08/15 | Best Z =   75.417 mΩ | IterTime =   4.55s
  Iter 09/15 | Best Z =   75.417 mΩ | IterTime =   4.54s
  Iter 10/15 | Best Z =   75.417 mΩ | IterTime =   4.54s
  Iter 11/15 | Best Z =   75.417 mΩ | IterTime =   4.55s
  Iter 12/15 | Best Z =   75.417 mΩ | IterTime =   4.53s
  Iter 13/15 | Best Z =   75.417 mΩ | IterTime =   4.54s
  Iter 14/15 | Best Z =   75.417 mΩ | IterTime =   4.54s
  Iter 15/15 | Best Z =   75.417 mΩ | IterTime =   4.52s
[Stage Complete] n_caps=5 | Best Z = 75.417 mΩ | Ports = [14, 0, 2, 10, 7] | Time = 68.21s

[Stage] n_caps = 6
  Iter 01/15 | Best Z =   69.729 mΩ | IterTime =   5.40s
  Iter 02/15 | Best Z =   69.729 mΩ | IterTime =   5.41s
  Iter 03/15 | Best Z =   69.729 mΩ | IterTime =   5.38s
  Iter 04/15 | Best Z =   69.729 mΩ | IterTime =   5.39s
  Iter 05/15 | Best Z =   69.729 mΩ | IterTime =   5.41s
  Iter 06/15 | Best Z =   69.729 mΩ | IterTime =   5.42s
  Iter 07/15 | Best Z =   69.729 mΩ | IterTime =   5.40s
  Iter 08/15 | Best Z =   69.729 mΩ | IterTime =   5.40s
  Iter 09/15 | Best Z =   69.729 mΩ | IterTime =   5.43s
  Iter 10/15 | Best Z =   69.729 mΩ | IterTime =   5.42s
  Iter 11/15 | Best Z =   69.729 mΩ | IterTime =   5.39s
  Iter 12/15 | Best Z =   69.729 mΩ | IterTime =   5.39s
  Iter 13/15 | Best Z =   69.729 mΩ | IterTime =   5.43s
  Iter 14/15 | Best Z =   69.729 mΩ | IterTime =   5.40s
  Iter 15/15 | Best Z =   69.729 mΩ | IterTime =   5.39s
[Stage Complete] n_caps=6 | Best Z = 69.729 mΩ | Ports = [0, 2, 10, 7, 12, 0] | Time = 81.04s

[Stage] n_caps = 7
  Iter 01/15 | Best Z =   66.924 mΩ | IterTime =   6.25s
  Iter 02/15 | Best Z =   66.924 mΩ | IterTime =   6.30s
  Iter 03/15 | Best Z =   66.924 mΩ | IterTime =   6.27s
  Iter 04/15 | Best Z =   66.924 mΩ | IterTime =   6.26s
  Iter 05/15 | Best Z =   66.924 mΩ | IterTime =   6.28s
  Iter 06/15 | Best Z =   66.924 mΩ | IterTime =   6.26s
  Iter 07/15 | Best Z =   66.924 mΩ | IterTime =   6.25s
  Iter 08/15 | Best Z =   66.924 mΩ | IterTime =   6.24s
  Iter 09/15 | Best Z =   66.924 mΩ | IterTime =   6.26s
  Iter 10/15 | Best Z =   66.924 mΩ | IterTime =   6.28s
  Iter 11/15 | Best Z =   66.924 mΩ | IterTime =   6.28s
  Iter 12/15 | Best Z =   66.924 mΩ | IterTime =   6.26s
  Iter 13/15 | Best Z =   66.924 mΩ | IterTime =   6.25s
  Iter 14/15 | Best Z =   66.924 mΩ | IterTime =   6.27s
  Iter 15/15 | Best Z =   66.924 mΩ | IterTime =   6.27s
[Stage Complete] n_caps=7 | Best Z = 66.924 mΩ | Ports = [5, 14, 14, 17, 10, 0, 3] | Time = 93.98s

[Stage] n_caps = 8
  Iter 01/15 | Best Z =   56.292 mΩ | IterTime =   7.14s
  Iter 02/15 | Best Z =   56.292 mΩ | IterTime =   7.15s
  Iter 03/15 | Best Z =   56.292 mΩ | IterTime =   7.10s
  Iter 04/15 | Best Z =   56.292 mΩ | IterTime =   7.10s
  Iter 05/15 | Best Z =   56.292 mΩ | IterTime =   7.12s
  Iter 06/15 | Best Z =   56.292 mΩ | IterTime =   7.11s
  Iter 07/15 | Best Z =   56.292 mΩ | IterTime =   7.08s
  Iter 08/15 | Best Z =   56.292 mΩ | IterTime =   7.12s
  Iter 09/15 | Best Z =   56.292 mΩ | IterTime =   7.10s
  Iter 10/15 | Best Z =   56.292 mΩ | IterTime =   7.13s
  Iter 11/15 | Best Z =   56.292 mΩ | IterTime =   7.11s
  Iter 12/15 | Best Z =   56.292 mΩ | IterTime =   7.10s
  Iter 13/15 | Best Z =   56.292 mΩ | IterTime =   7.11s
  Iter 14/15 | Best Z =   56.292 mΩ | IterTime =   7.07s
  Iter 15/15 | Best Z =   56.292 mΩ | IterTime =   7.09s
[Stage Complete] n_caps=8 | Best Z = 56.292 mΩ | Ports = [14, 14, 17, 10, 0, 3, 6, 0] | Time = 106.63s
Threshold reached — stopping stage growth.

[Run Complete] Total Time = 493.16s
------------------------------------------------------------
sm | Run 11 | n_caps=8 | Z=0.056292 | Time=493.37s

============================================================
RUN 12 | METHOD = SM
============================================================

[Stage] n_caps = 1
  Iter 01/15 | Best Z =  102.579 mΩ | IterTime =   1.10s
  Iter 02/15 | Best Z =  102.579 mΩ | IterTime =   1.10s
  Iter 03/15 | Best Z =  102.579 mΩ | IterTime =   1.10s
  Iter 04/15 | Best Z =  102.579 mΩ | IterTime =   1.10s
  Iter 05/15 | Best Z =  102.579 mΩ | IterTime =   1.10s
  Iter 06/15 | Best Z =  102.579 mΩ | IterTime =   1.09s
  Iter 07/15 | Best Z =  102.579 mΩ | IterTime =   1.10s
  Iter 08/15 | Best Z =  102.579 mΩ | IterTime =   1.09s
  Iter 09/15 | Best Z =  102.579 mΩ | IterTime =   1.09s
  Iter 10/15 | Best Z =  102.579 mΩ | IterTime =   1.10s
  Iter 11/15 | Best Z =  102.579 mΩ | IterTime =   1.09s
  Iter 12/15 | Best Z =  102.579 mΩ | IterTime =   1.09s
  Iter 13/15 | Best Z =  102.579 mΩ | IterTime =   1.09s
  Iter 14/15 | Best Z =  102.579 mΩ | IterTime =   1.09s
  Iter 15/15 | Best Z =  102.579 mΩ | IterTime =   1.09s
[Stage Complete] n_caps=1 | Best Z = 102.579 mΩ | Ports = [0] | Time = 16.42s

[Stage] n_caps = 2
  Iter 01/15 | Best Z =   97.797 mΩ | IterTime =   1.96s
  Iter 02/15 | Best Z =   97.797 mΩ | IterTime =   1.96s
  Iter 03/15 | Best Z =   97.797 mΩ | IterTime =   1.96s
  Iter 04/15 | Best Z =   97.797 mΩ | IterTime =   1.96s
  Iter 05/15 | Best Z =   97.797 mΩ | IterTime =   1.96s
  Iter 06/15 | Best Z =   97.797 mΩ | IterTime =   1.96s
  Iter 07/15 | Best Z =   97.797 mΩ | IterTime =   1.95s
  Iter 08/15 | Best Z =   97.797 mΩ | IterTime =   1.97s
  Iter 09/15 | Best Z =   97.797 mΩ | IterTime =   1.97s
  Iter 10/15 | Best Z =   97.797 mΩ | IterTime =   1.97s
  Iter 11/15 | Best Z =   97.797 mΩ | IterTime =   1.96s
  Iter 12/15 | Best Z =   97.797 mΩ | IterTime =   1.97s
  Iter 13/15 | Best Z =   97.797 mΩ | IterTime =   1.97s
  Iter 14/15 | Best Z =   97.797 mΩ | IterTime =   1.96s
  Iter 15/15 | Best Z =   97.797 mΩ | IterTime =   1.97s
[Stage Complete] n_caps=2 | Best Z = 97.797 mΩ | Ports = [0, 0] | Time = 29.45s

[Stage] n_caps = 3
  Iter 01/15 | Best Z =   66.039 mΩ | IterTime =   2.84s
  Iter 02/15 | Best Z =   66.039 mΩ | IterTime =   2.84s
  Iter 03/15 | Best Z =   66.039 mΩ | IterTime =   2.84s
  Iter 04/15 | Best Z =   66.039 mΩ | IterTime =   2.84s
  Iter 05/15 | Best Z =   66.039 mΩ | IterTime =   2.84s
  Iter 06/15 | Best Z =   66.039 mΩ | IterTime =   2.84s
  Iter 07/15 | Best Z =   66.039 mΩ | IterTime =   2.85s
  Iter 08/15 | Best Z =   66.039 mΩ | IterTime =   2.85s
  Iter 09/15 | Best Z =   66.039 mΩ | IterTime =   2.84s
  Iter 10/15 | Best Z =   66.039 mΩ | IterTime =   2.83s
  Iter 11/15 | Best Z =   66.039 mΩ | IterTime =   2.82s
  Iter 12/15 | Best Z =   66.039 mΩ | IterTime =   2.82s
  Iter 13/15 | Best Z =   66.039 mΩ | IterTime =   2.82s
  Iter 14/15 | Best Z =   66.039 mΩ | IterTime =   2.82s
  Iter 15/15 | Best Z =   66.039 mΩ | IterTime =   2.82s
[Stage Complete] n_caps=3 | Best Z = 66.039 mΩ | Ports = [17, 0, 5] | Time = 42.51s

[Stage] n_caps = 4
  Iter 01/15 | Best Z =   68.211 mΩ | IterTime =   3.70s
  Iter 02/15 | Best Z =   68.211 mΩ | IterTime =   3.69s
  Iter 03/15 | Best Z =   68.211 mΩ | IterTime =   3.69s
  Iter 04/15 | Best Z =   68.211 mΩ | IterTime =   3.69s
  Iter 05/15 | Best Z =   68.211 mΩ | IterTime =   3.69s
  Iter 06/15 | Best Z =   68.211 mΩ | IterTime =   3.68s
  Iter 07/15 | Best Z =   68.211 mΩ | IterTime =   3.69s
  Iter 08/15 | Best Z =   68.211 mΩ | IterTime =   3.68s
  Iter 09/15 | Best Z =   68.211 mΩ | IterTime =   3.70s
  Iter 10/15 | Best Z =   68.211 mΩ | IterTime =   3.69s
  Iter 11/15 | Best Z =   68.211 mΩ | IterTime =   3.68s
  Iter 12/15 | Best Z =   68.211 mΩ | IterTime =   3.68s
  Iter 13/15 | Best Z =   68.211 mΩ | IterTime =   3.71s
  Iter 14/15 | Best Z =   68.211 mΩ | IterTime =   3.72s
  Iter 15/15 | Best Z =   68.211 mΩ | IterTime =   3.72s
[Stage Complete] n_caps=4 | Best Z = 68.211 mΩ | Ports = [0, 5, 14, 6] | Time = 55.41s

[Stage] n_caps = 5
  Iter 01/15 | Best Z =   60.647 mΩ | IterTime =   4.58s
  Iter 02/15 | Best Z =   60.647 mΩ | IterTime =   4.53s
  Iter 03/15 | Best Z =   60.647 mΩ | IterTime =   4.58s
  Iter 04/15 | Best Z =   60.647 mΩ | IterTime =   4.54s
  Iter 05/15 | Best Z =   60.647 mΩ | IterTime =   4.58s
  Iter 06/15 | Best Z =   60.647 mΩ | IterTime =   4.55s
  Iter 07/15 | Best Z =   60.647 mΩ | IterTime =   4.59s
  Iter 08/15 | Best Z =   60.647 mΩ | IterTime =   4.55s
  Iter 09/15 | Best Z =   60.647 mΩ | IterTime =   4.58s
  Iter 10/15 | Best Z =   60.647 mΩ | IterTime =   4.56s
  Iter 11/15 | Best Z =   60.647 mΩ | IterTime =   4.59s
  Iter 12/15 | Best Z =   60.647 mΩ | IterTime =   4.53s
  Iter 13/15 | Best Z =   60.647 mΩ | IterTime =   4.59s
  Iter 14/15 | Best Z =   60.647 mΩ | IterTime =   4.56s
  Iter 15/15 | Best Z =   60.647 mΩ | IterTime =   4.58s
[Stage Complete] n_caps=5 | Best Z = 60.647 mΩ | Ports = [5, 14, 6, 0, 7] | Time = 68.49s

[Stage] n_caps = 6
  Iter 01/15 | Best Z =   53.834 mΩ | IterTime =   5.50s
  Iter 02/15 | Best Z =   53.834 mΩ | IterTime =   5.43s
  Iter 03/15 | Best Z =   53.834 mΩ | IterTime =   5.43s
  Iter 04/15 | Best Z =   53.834 mΩ | IterTime =   5.43s
  Iter 05/15 | Best Z =   53.834 mΩ | IterTime =   5.42s
  Iter 06/15 | Best Z =   53.834 mΩ | IterTime =   5.44s
  Iter 07/15 | Best Z =   53.834 mΩ | IterTime =   5.45s
  Iter 08/15 | Best Z =   53.834 mΩ | IterTime =   5.41s
  Iter 09/15 | Best Z =   53.834 mΩ | IterTime =   5.42s
  Iter 10/15 | Best Z =   53.834 mΩ | IterTime =   5.43s
  Iter 11/15 | Best Z =   53.834 mΩ | IterTime =   5.40s
  Iter 12/15 | Best Z =   53.834 mΩ | IterTime =   5.42s
  Iter 13/15 | Best Z =   53.834 mΩ | IterTime =   5.42s
  Iter 14/15 | Best Z =   53.834 mΩ | IterTime =   5.42s
  Iter 15/15 | Best Z =   53.834 mΩ | IterTime =   5.43s
[Stage Complete] n_caps=6 | Best Z = 53.834 mΩ | Ports = [14, 6, 0, 7, 0, 5] | Time = 81.45s
Threshold reached — stopping stage growth.

[Run Complete] Total Time = 293.72s
------------------------------------------------------------
sm | Run 12 | n_caps=6 | Z=0.053834 | Time=293.90s

============================================================
RUN 13 | METHOD = SM
============================================================

[Stage] n_caps = 1
  Iter 01/15 | Best Z =  132.258 mΩ | IterTime =   1.08s
  Iter 02/15 | Best Z =  132.258 mΩ | IterTime =   1.08s
  Iter 03/15 | Best Z =  132.258 mΩ | IterTime =   1.08s
  Iter 04/15 | Best Z =  132.258 mΩ | IterTime =   1.07s
  Iter 05/15 | Best Z =  132.258 mΩ | IterTime =   1.07s
  Iter 06/15 | Best Z =  132.258 mΩ | IterTime =   1.07s
  Iter 07/15 | Best Z =  132.258 mΩ | IterTime =   1.08s
  Iter 08/15 | Best Z =  132.258 mΩ | IterTime =   1.08s
  Iter 09/15 | Best Z =  132.258 mΩ | IterTime =   1.08s
  Iter 10/15 | Best Z =  132.258 mΩ | IterTime =   1.08s
  Iter 11/15 | Best Z =  132.258 mΩ | IterTime =   1.08s
  Iter 12/15 | Best Z =  132.258 mΩ | IterTime =   1.08s
  Iter 13/15 | Best Z =  132.258 mΩ | IterTime =   1.08s
  Iter 14/15 | Best Z =  132.258 mΩ | IterTime =   1.08s
  Iter 15/15 | Best Z =  132.258 mΩ | IterTime =   1.08s
[Stage Complete] n_caps=1 | Best Z = 132.258 mΩ | Ports = [9] | Time = 16.16s

[Stage] n_caps = 2
  Iter 01/15 | Best Z =   98.291 mΩ | IterTime =   1.95s
  Iter 02/15 | Best Z =   98.291 mΩ | IterTime =   1.95s
  Iter 03/15 | Best Z =   98.291 mΩ | IterTime =   1.95s
  Iter 04/15 | Best Z =   98.291 mΩ | IterTime =   1.95s
  Iter 05/15 | Best Z =   98.291 mΩ | IterTime =   1.95s
  Iter 06/15 | Best Z =   98.291 mΩ | IterTime =   1.93s
  Iter 07/15 | Best Z =   98.291 mΩ | IterTime =   1.94s
  Iter 08/15 | Best Z =   98.291 mΩ | IterTime =   1.93s
  Iter 09/15 | Best Z =   98.291 mΩ | IterTime =   1.94s
  Iter 10/15 | Best Z =   98.291 mΩ | IterTime =   1.93s
  Iter 11/15 | Best Z =   98.291 mΩ | IterTime =   1.94s
  Iter 12/15 | Best Z =   98.291 mΩ | IterTime =   1.95s
  Iter 13/15 | Best Z =   98.291 mΩ | IterTime =   1.95s
  Iter 14/15 | Best Z =   98.291 mΩ | IterTime =   1.94s
  Iter 15/15 | Best Z =   98.291 mΩ | IterTime =   1.94s
[Stage Complete] n_caps=2 | Best Z = 98.291 mΩ | Ports = [10, 0] | Time = 29.13s

[Stage] n_caps = 3
  Iter 01/15 | Best Z =   68.332 mΩ | IterTime =   2.82s
  Iter 02/15 | Best Z =   68.332 mΩ | IterTime =   2.81s
  Iter 03/15 | Best Z =   68.332 mΩ | IterTime =   2.81s
  Iter 04/15 | Best Z =   68.332 mΩ | IterTime =   2.81s
  Iter 05/15 | Best Z =   68.332 mΩ | IterTime =   2.80s
  Iter 06/15 | Best Z =   68.332 mΩ | IterTime =   2.81s
  Iter 07/15 | Best Z =   68.332 mΩ | IterTime =   2.80s
  Iter 08/15 | Best Z =   68.332 mΩ | IterTime =   2.80s
  Iter 09/15 | Best Z =   68.332 mΩ | IterTime =   2.80s
  Iter 10/15 | Best Z =   68.332 mΩ | IterTime =   2.80s
  Iter 11/15 | Best Z =   68.332 mΩ | IterTime =   2.80s
  Iter 12/15 | Best Z =   68.332 mΩ | IterTime =   2.80s
  Iter 13/15 | Best Z =   68.332 mΩ | IterTime =   2.80s
  Iter 14/15 | Best Z =   68.332 mΩ | IterTime =   2.79s
  Iter 15/15 | Best Z =   68.332 mΩ | IterTime =   2.80s
[Stage Complete] n_caps=3 | Best Z = 68.332 mΩ | Ports = [0, 5, 0] | Time = 42.04s

[Stage] n_caps = 4
  Iter 01/15 | Best Z =   73.474 mΩ | IterTime =   3.66s
  Iter 02/15 | Best Z =   73.474 mΩ | IterTime =   3.68s
  Iter 03/15 | Best Z =   73.474 mΩ | IterTime =   3.64s
  Iter 04/15 | Best Z =   73.474 mΩ | IterTime =   3.66s
  Iter 05/15 | Best Z =   73.474 mΩ | IterTime =   3.65s
  Iter 06/15 | Best Z =   73.474 mΩ | IterTime =   3.67s
  Iter 07/15 | Best Z =   73.474 mΩ | IterTime =   3.65s
  Iter 08/15 | Best Z =   73.474 mΩ | IterTime =   3.65s
  Iter 09/15 | Best Z =   73.474 mΩ | IterTime =   3.65s
  Iter 10/15 | Best Z =   73.474 mΩ | IterTime =   3.66s
  Iter 11/15 | Best Z =   73.474 mΩ | IterTime =   3.65s
  Iter 12/15 | Best Z =   73.474 mΩ | IterTime =   3.65s
  Iter 13/15 | Best Z =   73.474 mΩ | IterTime =   3.66s
  Iter 14/15 | Best Z =   73.474 mΩ | IterTime =   3.66s
  Iter 15/15 | Best Z =   73.474 mΩ | IterTime =   3.66s
[Stage Complete] n_caps=4 | Best Z = 73.474 mΩ | Ports = [5, 0, 10, 16] | Time = 54.85s

[Stage] n_caps = 5
  Iter 01/15 | Best Z =   69.978 mΩ | IterTime =   4.52s
  Iter 02/15 | Best Z =   69.978 mΩ | IterTime =   4.50s
  Iter 03/15 | Best Z =   69.978 mΩ | IterTime =   4.51s
  Iter 04/15 | Best Z =   69.978 mΩ | IterTime =   4.50s
  Iter 05/15 | Best Z =   69.978 mΩ | IterTime =   4.51s
  Iter 06/15 | Best Z =   69.978 mΩ | IterTime =   4.51s
  Iter 07/15 | Best Z =   69.978 mΩ | IterTime =   4.50s
  Iter 08/15 | Best Z =   69.978 mΩ | IterTime =   4.51s
  Iter 09/15 | Best Z =   69.978 mΩ | IterTime =   4.53s
  Iter 10/15 | Best Z =   69.978 mΩ | IterTime =   4.53s
  Iter 11/15 | Best Z =   69.978 mΩ | IterTime =   4.55s
  Iter 12/15 | Best Z =   69.978 mΩ | IterTime =   4.55s
  Iter 13/15 | Best Z =   69.978 mΩ | IterTime =   4.53s
  Iter 14/15 | Best Z =   69.978 mΩ | IterTime =   4.53s
  Iter 15/15 | Best Z =   69.978 mΩ | IterTime =   4.52s
[Stage Complete] n_caps=5 | Best Z = 69.978 mΩ | Ports = [0, 10, 16, 10, 0] | Time = 67.79s

[Stage] n_caps = 6
  Iter 01/15 | Best Z =   81.701 mΩ | IterTime =   5.39s
  Iter 02/15 | Best Z =   81.701 mΩ | IterTime =   5.38s
  Iter 03/15 | Best Z =   81.701 mΩ | IterTime =   5.39s
  Iter 04/15 | Best Z =   81.701 mΩ | IterTime =   5.37s
  Iter 05/15 | Best Z =   81.701 mΩ | IterTime =   5.39s
  Iter 06/15 | Best Z =   81.701 mΩ | IterTime =   5.37s
  Iter 07/15 | Best Z =   81.701 mΩ | IterTime =   5.38s
  Iter 08/15 | Best Z =   81.701 mΩ | IterTime =   5.37s
  Iter 09/15 | Best Z =   81.701 mΩ | IterTime =   5.37s
  Iter 10/15 | Best Z =   81.701 mΩ | IterTime =   5.37s
  Iter 11/15 | Best Z =   81.701 mΩ | IterTime =   5.38s
  Iter 12/15 | Best Z =   81.701 mΩ | IterTime =   5.39s
  Iter 13/15 | Best Z =   81.701 mΩ | IterTime =   5.41s
  Iter 14/15 | Best Z =   81.701 mΩ | IterTime =   5.44s
  Iter 15/15 | Best Z =   81.701 mΩ | IterTime =   5.41s
[Stage Complete] n_caps=6 | Best Z = 81.701 mΩ | Ports = [10, 16, 10, 0, 14, 15] | Time = 80.81s

[Stage] n_caps = 7
  Iter 01/15 | Best Z =   57.236 mΩ | IterTime =   6.24s
  Iter 02/15 | Best Z =   57.236 mΩ | IterTime =   6.27s
  Iter 03/15 | Best Z =   57.236 mΩ | IterTime =   6.20s
  Iter 04/15 | Best Z =   57.236 mΩ | IterTime =   6.28s
  Iter 05/15 | Best Z =   57.236 mΩ | IterTime =   6.24s
  Iter 06/15 | Best Z =   57.236 mΩ | IterTime =   6.25s
  Iter 07/15 | Best Z =   57.236 mΩ | IterTime =   6.22s
  Iter 08/15 | Best Z =   57.236 mΩ | IterTime =   6.27s
  Iter 09/15 | Best Z =   57.236 mΩ | IterTime =   6.23s
  Iter 10/15 | Best Z =   57.236 mΩ | IterTime =   6.26s
  Iter 11/15 | Best Z =   57.236 mΩ | IterTime =   6.25s
  Iter 12/15 | Best Z =   57.236 mΩ | IterTime =   6.30s
  Iter 13/15 | Best Z =   57.236 mΩ | IterTime =   6.24s
  Iter 14/15 | Best Z =   57.236 mΩ | IterTime =   6.27s
  Iter 15/15 | Best Z =   57.236 mΩ | IterTime =   6.25s
[Stage Complete] n_caps=7 | Best Z = 57.236 mΩ | Ports = [16, 10, 0, 14, 15, 6, 0] | Time = 93.78s
Threshold reached — stopping stage growth.

[Run Complete] Total Time = 384.57s
------------------------------------------------------------
sm | Run 13 | n_caps=7 | Z=0.057236 | Time=384.77s

============================================================
RUN 14 | METHOD = SM
============================================================

[Stage] n_caps = 1
  Iter 01/15 | Best Z =  124.076 mΩ | IterTime =   1.10s
  Iter 02/15 | Best Z =  124.076 mΩ | IterTime =   1.09s
  Iter 03/15 | Best Z =  124.076 mΩ | IterTime =   1.09s
  Iter 04/15 | Best Z =  124.076 mΩ | IterTime =   1.09s
  Iter 05/15 | Best Z =  124.076 mΩ | IterTime =   1.09s
  Iter 06/15 | Best Z =  124.076 mΩ | IterTime =   1.09s
  Iter 07/15 | Best Z =  124.076 mΩ | IterTime =   1.09s
  Iter 08/15 | Best Z =  124.076 mΩ | IterTime =   1.10s
  Iter 09/15 | Best Z =  124.076 mΩ | IterTime =   1.09s
  Iter 10/15 | Best Z =  124.076 mΩ | IterTime =   1.08s
  Iter 11/15 | Best Z =  124.076 mΩ | IterTime =   1.08s
  Iter 12/15 | Best Z =  124.076 mΩ | IterTime =   1.08s
  Iter 13/15 | Best Z =  124.076 mΩ | IterTime =   1.08s
  Iter 14/15 | Best Z =  124.076 mΩ | IterTime =   1.08s
  Iter 15/15 | Best Z =  124.076 mΩ | IterTime =   1.08s
[Stage Complete] n_caps=1 | Best Z = 124.076 mΩ | Ports = [16] | Time = 16.32s

[Stage] n_caps = 2
  Iter 01/15 | Best Z =   92.683 mΩ | IterTime =   1.96s
  Iter 02/15 | Best Z =   92.683 mΩ | IterTime =   1.96s
  Iter 03/15 | Best Z =   92.683 mΩ | IterTime =   1.96s
  Iter 04/15 | Best Z =   92.683 mΩ | IterTime =   1.95s
  Iter 05/15 | Best Z =   92.683 mΩ | IterTime =   1.95s
  Iter 06/15 | Best Z =   92.683 mΩ | IterTime =   1.96s
  Iter 07/15 | Best Z =   92.683 mΩ | IterTime =   1.96s
  Iter 08/15 | Best Z =   92.683 mΩ | IterTime =   1.95s
  Iter 09/15 | Best Z =   92.683 mΩ | IterTime =   1.96s
  Iter 10/15 | Best Z =   92.683 mΩ | IterTime =   1.96s
  Iter 11/15 | Best Z =   92.683 mΩ | IterTime =   1.96s
  Iter 12/15 | Best Z =   92.683 mΩ | IterTime =   1.96s
  Iter 13/15 | Best Z =   92.683 mΩ | IterTime =   1.96s
  Iter 14/15 | Best Z =   92.683 mΩ | IterTime =   1.95s
  Iter 15/15 | Best Z =   92.683 mΩ | IterTime =   1.95s
[Stage Complete] n_caps=2 | Best Z = 92.683 mΩ | Ports = [15, 0] | Time = 29.33s

[Stage] n_caps = 3
  Iter 01/15 | Best Z =   68.302 mΩ | IterTime =   2.83s
  Iter 02/15 | Best Z =   68.302 mΩ | IterTime =   2.84s
  Iter 03/15 | Best Z =   68.302 mΩ | IterTime =   2.82s
  Iter 04/15 | Best Z =   68.302 mΩ | IterTime =   2.81s
  Iter 05/15 | Best Z =   68.302 mΩ | IterTime =   2.82s
  Iter 06/15 | Best Z =   68.302 mΩ | IterTime =   2.83s
  Iter 07/15 | Best Z =   68.302 mΩ | IterTime =   2.83s
  Iter 08/15 | Best Z =   68.302 mΩ | IterTime =   2.83s
  Iter 09/15 | Best Z =   68.302 mΩ | IterTime =   2.82s
  Iter 10/15 | Best Z =   68.302 mΩ | IterTime =   2.82s
  Iter 11/15 | Best Z =   68.302 mΩ | IterTime =   2.84s
  Iter 12/15 | Best Z =   68.302 mΩ | IterTime =   2.83s
  Iter 13/15 | Best Z =   68.302 mΩ | IterTime =   2.83s
  Iter 14/15 | Best Z =   68.302 mΩ | IterTime =   2.82s
  Iter 15/15 | Best Z =   68.302 mΩ | IterTime =   2.83s
[Stage Complete] n_caps=3 | Best Z = 68.302 mΩ | Ports = [0, 0, 0] | Time = 42.40s

[Stage] n_caps = 4
  Iter 01/15 | Best Z =   65.156 mΩ | IterTime =   3.69s
  Iter 02/15 | Best Z =   65.156 mΩ | IterTime =   3.70s
  Iter 03/15 | Best Z =   65.156 mΩ | IterTime =   3.77s
  Iter 04/15 | Best Z =   65.156 mΩ | IterTime =   3.68s
  Iter 05/15 | Best Z =   65.156 mΩ | IterTime =   3.68s
  Iter 06/15 | Best Z =   65.156 mΩ | IterTime =   3.76s
  Iter 07/15 | Best Z =   65.156 mΩ | IterTime =   3.76s
  Iter 08/15 | Best Z =   65.156 mΩ | IterTime =   3.67s
  Iter 09/15 | Best Z =   65.156 mΩ | IterTime =   3.68s
  Iter 10/15 | Best Z =   65.156 mΩ | IterTime =   3.75s
  Iter 11/15 | Best Z =   65.156 mΩ | IterTime =   3.76s
  Iter 12/15 | Best Z =   65.156 mΩ | IterTime =   3.67s
  Iter 13/15 | Best Z =   65.156 mΩ | IterTime =   3.67s
  Iter 14/15 | Best Z =   65.156 mΩ | IterTime =   3.83s
  Iter 15/15 | Best Z =   65.156 mΩ | IterTime =   3.76s
[Stage Complete] n_caps=4 | Best Z = 65.156 mΩ | Ports = [0, 0, 5, 7] | Time = 55.84s

[Stage] n_caps = 5
  Iter 01/15 | Best Z =   68.584 mΩ | IterTime =   4.55s
  Iter 02/15 | Best Z =   68.584 mΩ | IterTime =   4.64s
  Iter 03/15 | Best Z =   68.584 mΩ | IterTime =   4.54s
  Iter 04/15 | Best Z =   68.584 mΩ | IterTime =   4.64s
  Iter 05/15 | Best Z =   68.584 mΩ | IterTime =   4.54s
  Iter 06/15 | Best Z =   68.584 mΩ | IterTime =   4.63s
  Iter 07/15 | Best Z =   68.584 mΩ | IterTime =   4.54s
  Iter 08/15 | Best Z =   68.584 mΩ | IterTime =   4.63s
  Iter 09/15 | Best Z =   68.584 mΩ | IterTime =   4.56s
  Iter 10/15 | Best Z =   68.584 mΩ | IterTime =   4.64s
  Iter 11/15 | Best Z =   68.584 mΩ | IterTime =   4.54s
  Iter 12/15 | Best Z =   68.584 mΩ | IterTime =   4.63s
  Iter 13/15 | Best Z =   68.584 mΩ | IterTime =   4.54s
  Iter 14/15 | Best Z =   68.584 mΩ | IterTime =   4.63s
  Iter 15/15 | Best Z =   68.584 mΩ | IterTime =   4.54s
[Stage Complete] n_caps=5 | Best Z = 68.584 mΩ | Ports = [0, 5, 7, 9, 15] | Time = 68.80s

[Stage] n_caps = 6
  Iter 01/15 | Best Z =   65.373 mΩ | IterTime =   5.38s
  Iter 02/15 | Best Z =   65.373 mΩ | IterTime =   5.51s
  Iter 03/15 | Best Z =   65.373 mΩ | IterTime =   5.50s
  Iter 04/15 | Best Z =   65.373 mΩ | IterTime =   5.51s
  Iter 05/15 | Best Z =   65.373 mΩ | IterTime =   5.41s
  Iter 06/15 | Best Z =   65.373 mΩ | IterTime =   5.52s
  Iter 07/15 | Best Z =   65.373 mΩ | IterTime =   5.43s
  Iter 08/15 | Best Z =   65.373 mΩ | IterTime =   5.51s
  Iter 09/15 | Best Z =   65.373 mΩ | IterTime =   5.42s
  Iter 10/15 | Best Z =   65.373 mΩ | IterTime =   5.50s
  Iter 11/15 | Best Z =   65.373 mΩ | IterTime =   5.41s
  Iter 12/15 | Best Z =   65.373 mΩ | IterTime =   5.50s
  Iter 13/15 | Best Z =   65.373 mΩ | IterTime =   5.40s
  Iter 14/15 | Best Z =   65.373 mΩ | IterTime =   5.50s
  Iter 15/15 | Best Z =   65.373 mΩ | IterTime =   5.41s
[Stage Complete] n_caps=6 | Best Z = 65.373 mΩ | Ports = [0, 0, 10, 7, 13, 11] | Time = 81.90s

[Stage] n_caps = 7
  Iter 01/15 | Best Z =   65.962 mΩ | IterTime =   6.36s
  Iter 02/15 | Best Z =   65.962 mΩ | IterTime =   6.36s
  Iter 03/15 | Best Z =   65.962 mΩ | IterTime =   6.23s
  Iter 04/15 | Best Z =   65.962 mΩ | IterTime =   6.39s
  Iter 05/15 | Best Z =   65.962 mΩ | IterTime =   6.25s
  Iter 06/15 | Best Z =   65.962 mΩ | IterTime =   6.39s
  Iter 07/15 | Best Z =   65.962 mΩ | IterTime =   6.22s
  Iter 08/15 | Best Z =   65.962 mΩ | IterTime =   6.38s
  Iter 09/15 | Best Z =   65.962 mΩ | IterTime =   6.22s
  Iter 10/15 | Best Z =   65.962 mΩ | IterTime =   6.40s
  Iter 11/15 | Best Z =   65.962 mΩ | IterTime =   6.22s
  Iter 12/15 | Best Z =   65.962 mΩ | IterTime =   6.39s
  Iter 13/15 | Best Z =   65.962 mΩ | IterTime =   6.25s
  Iter 14/15 | Best Z =   65.962 mΩ | IterTime =   6.24s
  Iter 15/15 | Best Z =   65.962 mΩ | IterTime =   6.38s
[Stage Complete] n_caps=7 | Best Z = 65.962 mΩ | Ports = [0, 5, 5, 5, 17, 15, 19] | Time = 94.68s

[Stage] n_caps = 8
  Iter 01/15 | Best Z =   74.723 mΩ | IterTime =   7.30s
  Iter 02/15 | Best Z =   74.723 mΩ | IterTime =   7.18s
  Iter 03/15 | Best Z =   74.723 mΩ | IterTime =   7.27s
  Iter 04/15 | Best Z =   74.723 mΩ | IterTime =   7.15s
  Iter 05/15 | Best Z =   74.723 mΩ | IterTime =   7.27s
  Iter 06/15 | Best Z =   74.723 mΩ | IterTime =   7.18s
  Iter 07/15 | Best Z =   74.723 mΩ | IterTime =   7.27s
  Iter 08/15 | Best Z =   74.723 mΩ | IterTime =   7.17s
  Iter 09/15 | Best Z =   74.723 mΩ | IterTime =   7.25s
  Iter 10/15 | Best Z =   74.723 mΩ | IterTime =   7.16s
  Iter 11/15 | Best Z =   74.723 mΩ | IterTime =   7.24s
  Iter 12/15 | Best Z =   74.723 mΩ | IterTime =   7.13s
  Iter 13/15 | Best Z =   74.723 mΩ | IterTime =   7.24s
  Iter 14/15 | Best Z =   74.723 mΩ | IterTime =   7.16s
  Iter 15/15 | Best Z =   74.723 mΩ | IterTime =   7.23s
[Stage Complete] n_caps=8 | Best Z = 74.723 mΩ | Ports = [9, 8, 16, 0, 15, 4, 3, 11] | Time = 108.21s

[Stage] n_caps = 9
  Iter 01/15 | Best Z =   65.437 mΩ | IterTime =   8.01s
  Iter 02/15 | Best Z =   65.437 mΩ | IterTime =   7.92s
  Iter 03/15 | Best Z =   65.437 mΩ | IterTime =   7.98s
  Iter 04/15 | Best Z =   65.437 mΩ | IterTime =   8.00s
  Iter 05/15 | Best Z =   65.437 mΩ | IterTime =   8.01s
  Iter 06/15 | Best Z =   65.437 mΩ | IterTime =   8.00s
  Iter 07/15 | Best Z =   65.437 mΩ | IterTime =   7.99s
  Iter 08/15 | Best Z =   65.437 mΩ | IterTime =   7.98s
  Iter 09/15 | Best Z =   65.437 mΩ | IterTime =   7.98s
  Iter 10/15 | Best Z =   65.437 mΩ | IterTime =   7.96s
  Iter 11/15 | Best Z =   65.437 mΩ | IterTime =   7.99s
  Iter 12/15 | Best Z =   65.437 mΩ | IterTime =   7.98s
  Iter 13/15 | Best Z =   65.437 mΩ | IterTime =   7.95s
  Iter 14/15 | Best Z =   65.437 mΩ | IterTime =   7.98s
  Iter 15/15 | Best Z =   65.437 mΩ | IterTime =   7.97s
[Stage Complete] n_caps=9 | Best Z = 65.437 mΩ | Ports = [5, 0, 14, 6, 11, 7, 3, 10, 14] | Time = 119.70s

[Stage] n_caps = 10
  Iter 01/15 | Best Z =   59.479 mΩ | IterTime =   8.85s
  Iter 02/15 | Best Z =   59.479 mΩ | IterTime =   8.83s
  Iter 03/15 | Best Z =   59.479 mΩ | IterTime =   8.82s
  Iter 04/15 | Best Z =   59.479 mΩ | IterTime =   8.83s
  Iter 05/15 | Best Z =   59.479 mΩ | IterTime =   8.82s
  Iter 06/15 | Best Z =   59.479 mΩ | IterTime =   8.82s
  Iter 07/15 | Best Z =   59.479 mΩ | IterTime =   8.83s
  Iter 08/15 | Best Z =   59.479 mΩ | IterTime =   8.79s
  Iter 09/15 | Best Z =   59.479 mΩ | IterTime =   8.81s
  Iter 10/15 | Best Z =   59.479 mΩ | IterTime =   8.80s
  Iter 11/15 | Best Z =   59.479 mΩ | IterTime =   8.79s
  Iter 12/15 | Best Z =   59.479 mΩ | IterTime =   8.81s
  Iter 13/15 | Best Z =   59.479 mΩ | IterTime =   8.82s
  Iter 14/15 | Best Z =   59.479 mΩ | IterTime =   8.87s
  Iter 15/15 | Best Z =   59.479 mΩ | IterTime =   8.81s
[Stage Complete] n_caps=10 | Best Z = 59.479 mΩ | Ports = [0, 14, 6, 11, 7, 3, 10, 14, 8, 0] | Time = 132.31s
Threshold reached — stopping stage growth.

[Run Complete] Total Time = 749.49s
------------------------------------------------------------
sm | Run 14 | n_caps=10 | Z=0.059479 | Time=749.71s

============================================================
RUN 15 | METHOD = SM
============================================================

[Stage] n_caps = 1
  Iter 01/15 | Best Z =  165.638 mΩ | IterTime =   1.09s
  Iter 02/15 | Best Z =  165.638 mΩ | IterTime =   1.09s
  Iter 03/15 | Best Z =  165.638 mΩ | IterTime =   1.08s
  Iter 04/15 | Best Z =  165.638 mΩ | IterTime =   1.09s
  Iter 05/15 | Best Z =  165.638 mΩ | IterTime =   1.09s
  Iter 06/15 | Best Z =  165.638 mΩ | IterTime =   1.09s
  Iter 07/15 | Best Z =  165.638 mΩ | IterTime =   1.08s
  Iter 08/15 | Best Z =  165.638 mΩ | IterTime =   1.08s
  Iter 09/15 | Best Z =  165.638 mΩ | IterTime =   1.08s
  Iter 10/15 | Best Z =  165.638 mΩ | IterTime =   1.08s
  Iter 11/15 | Best Z =  165.638 mΩ | IterTime =   1.08s
  Iter 12/15 | Best Z =  165.638 mΩ | IterTime =   1.08s
  Iter 13/15 | Best Z =  165.638 mΩ | IterTime =   1.08s
  Iter 14/15 | Best Z =  165.638 mΩ | IterTime =   1.08s
  Iter 15/15 | Best Z =  165.638 mΩ | IterTime =   1.08s
[Stage Complete] n_caps=1 | Best Z = 165.638 mΩ | Ports = [7] | Time = 16.25s

[Stage] n_caps = 2
  Iter 01/15 | Best Z =  101.374 mΩ | IterTime =   1.94s
  Iter 02/15 | Best Z =  101.374 mΩ | IterTime =   1.95s
  Iter 03/15 | Best Z =  101.374 mΩ | IterTime =   1.94s
  Iter 04/15 | Best Z =  101.374 mΩ | IterTime =   1.95s
  Iter 05/15 | Best Z =  101.374 mΩ | IterTime =   1.96s
  Iter 06/15 | Best Z =  101.374 mΩ | IterTime =   1.96s
  Iter 07/15 | Best Z =  101.374 mΩ | IterTime =   1.95s
  Iter 08/15 | Best Z =  101.374 mΩ | IterTime =   1.95s
  Iter 09/15 | Best Z =  101.374 mΩ | IterTime =   1.95s
  Iter 10/15 | Best Z =  101.374 mΩ | IterTime =   1.95s
  Iter 11/15 | Best Z =  101.374 mΩ | IterTime =   1.95s
  Iter 12/15 | Best Z =  101.374 mΩ | IterTime =   1.95s
  Iter 13/15 | Best Z =  101.374 mΩ | IterTime =   1.95s
  Iter 14/15 | Best Z =  101.374 mΩ | IterTime =   1.95s
  Iter 15/15 | Best Z =  101.374 mΩ | IterTime =   1.94s
[Stage Complete] n_caps=2 | Best Z = 101.374 mΩ | Ports = [0, 5] | Time = 29.26s

[Stage] n_caps = 3
  Iter 01/15 | Best Z =   81.067 mΩ | IterTime =   2.88s
  Iter 02/15 | Best Z =   81.067 mΩ | IterTime =   2.83s
  Iter 03/15 | Best Z =   81.067 mΩ | IterTime =   2.82s
  Iter 04/15 | Best Z =   81.067 mΩ | IterTime =   2.81s
  Iter 05/15 | Best Z =   81.067 mΩ | IterTime =   2.81s
  Iter 06/15 | Best Z =   81.067 mΩ | IterTime =   2.81s
  Iter 07/15 | Best Z =   81.067 mΩ | IterTime =   2.82s
  Iter 08/15 | Best Z =   81.067 mΩ | IterTime =   2.81s
  Iter 09/15 | Best Z =   81.067 mΩ | IterTime =   2.80s
  Iter 10/15 | Best Z =   81.067 mΩ | IterTime =   2.80s
  Iter 11/15 | Best Z =   81.067 mΩ | IterTime =   2.81s
  Iter 12/15 | Best Z =   81.067 mΩ | IterTime =   2.82s
  Iter 13/15 | Best Z =   81.067 mΩ | IterTime =   2.81s
  Iter 14/15 | Best Z =   81.067 mΩ | IterTime =   2.81s
  Iter 15/15 | Best Z =   81.067 mΩ | IterTime =   2.80s
[Stage Complete] n_caps=3 | Best Z = 81.067 mΩ | Ports = [7, 0, 1] | Time = 42.23s

[Stage] n_caps = 4
  Iter 01/15 | Best Z =   79.171 mΩ | IterTime =   3.68s
  Iter 02/15 | Best Z =   79.171 mΩ | IterTime =   3.67s
  Iter 03/15 | Best Z =   79.171 mΩ | IterTime =   3.69s
  Iter 04/15 | Best Z =   79.171 mΩ | IterTime =   3.68s
  Iter 05/15 | Best Z =   79.171 mΩ | IterTime =   3.69s
  Iter 06/15 | Best Z =   79.171 mΩ | IterTime =   3.66s
  Iter 07/15 | Best Z =   79.171 mΩ | IterTime =   3.68s
  Iter 08/15 | Best Z =   79.171 mΩ | IterTime =   3.66s
  Iter 09/15 | Best Z =   79.171 mΩ | IterTime =   3.69s
  Iter 10/15 | Best Z =   79.171 mΩ | IterTime =   3.66s
  Iter 11/15 | Best Z =   79.171 mΩ | IterTime =   3.69s
  Iter 12/15 | Best Z =   79.171 mΩ | IterTime =   3.65s
  Iter 13/15 | Best Z =   79.171 mΩ | IterTime =   3.69s
  Iter 14/15 | Best Z =   79.171 mΩ | IterTime =   3.66s
  Iter 15/15 | Best Z =   79.171 mΩ | IterTime =   3.70s
[Stage Complete] n_caps=4 | Best Z = 79.171 mΩ | Ports = [0, 1, 15, 0] | Time = 55.13s

[Stage] n_caps = 5
  Iter 01/15 | Best Z =   79.364 mΩ | IterTime =   4.52s
  Iter 02/15 | Best Z =   79.364 mΩ | IterTime =   4.53s
  Iter 03/15 | Best Z =   79.364 mΩ | IterTime =   4.53s
  Iter 04/15 | Best Z =   79.364 mΩ | IterTime =   4.53s
  Iter 05/15 | Best Z =   79.364 mΩ | IterTime =   4.53s
  Iter 06/15 | Best Z =   79.364 mΩ | IterTime =   4.54s
  Iter 07/15 | Best Z =   79.364 mΩ | IterTime =   4.53s
  Iter 08/15 | Best Z =   79.364 mΩ | IterTime =   4.53s
  Iter 09/15 | Best Z =   79.364 mΩ | IterTime =   4.52s
  Iter 10/15 | Best Z =   79.364 mΩ | IterTime =   4.53s
  Iter 11/15 | Best Z =   79.364 mΩ | IterTime =   4.52s
  Iter 12/15 | Best Z =   79.364 mΩ | IterTime =   4.53s
  Iter 13/15 | Best Z =   79.364 mΩ | IterTime =   4.57s
  Iter 14/15 | Best Z =   79.364 mΩ | IterTime =   4.54s
  Iter 15/15 | Best Z =   79.364 mΩ | IterTime =   4.55s
[Stage Complete] n_caps=5 | Best Z = 79.364 mΩ | Ports = [16, 10, 6, 19, 16] | Time = 68.01s

[Stage] n_caps = 6
  Iter 01/15 | Best Z =   72.274 mΩ | IterTime =   5.40s
  Iter 02/15 | Best Z =   72.274 mΩ | IterTime =   5.37s
  Iter 03/15 | Best Z =   72.274 mΩ | IterTime =   5.39s
  Iter 04/15 | Best Z =   72.274 mΩ | IterTime =   5.38s
  Iter 05/15 | Best Z =   72.274 mΩ | IterTime =   5.39s
  Iter 06/15 | Best Z =   72.274 mΩ | IterTime =   5.37s
  Iter 07/15 | Best Z =   72.274 mΩ | IterTime =   5.39s
  Iter 08/15 | Best Z =   72.274 mΩ | IterTime =   5.36s
  Iter 09/15 | Best Z =   72.274 mΩ | IterTime =   5.39s
  Iter 10/15 | Best Z =   72.274 mΩ | IterTime =   5.38s
  Iter 11/15 | Best Z =   72.274 mΩ | IterTime =   5.39s
  Iter 12/15 | Best Z =   72.274 mΩ | IterTime =   5.42s
  Iter 13/15 | Best Z =   72.274 mΩ | IterTime =   5.41s
  Iter 14/15 | Best Z =   72.274 mΩ | IterTime =   5.41s
  Iter 15/15 | Best Z =   72.274 mΩ | IterTime =   5.41s
[Stage Complete] n_caps=6 | Best Z = 72.274 mΩ | Ports = [0, 7, 3, 11, 11, 9] | Time = 80.87s

[Stage] n_caps = 7
  Iter 01/15 | Best Z =   66.086 mΩ | IterTime =   6.24s
  Iter 02/15 | Best Z =   66.086 mΩ | IterTime =   6.27s
  Iter 03/15 | Best Z =   66.086 mΩ | IterTime =   6.23s
  Iter 04/15 | Best Z =   66.086 mΩ | IterTime =   6.26s
  Iter 05/15 | Best Z =   66.086 mΩ | IterTime =   6.23s
  Iter 06/15 | Best Z =   66.086 mΩ | IterTime =   6.26s
  Iter 07/15 | Best Z =   66.086 mΩ | IterTime =   6.23s
  Iter 08/15 | Best Z =   66.086 mΩ | IterTime =   6.31s
  Iter 09/15 | Best Z =   66.086 mΩ | IterTime =   6.27s
  Iter 10/15 | Best Z =   66.086 mΩ | IterTime =   6.26s
  Iter 11/15 | Best Z =   66.086 mΩ | IterTime =   6.28s
  Iter 12/15 | Best Z =   66.086 mΩ | IterTime =   6.28s
  Iter 13/15 | Best Z =   66.086 mΩ | IterTime =   6.27s
  Iter 14/15 | Best Z =   66.086 mΩ | IterTime =   6.28s
  Iter 15/15 | Best Z =   66.086 mΩ | IterTime =   6.23s
[Stage Complete] n_caps=7 | Best Z = 66.086 mΩ | Ports = [18, 6, 14, 9, 10, 19, 10] | Time = 93.91s

[Stage] n_caps = 8
  Iter 01/15 | Best Z =   52.918 mΩ | IterTime =   7.09s
  Iter 02/15 | Best Z =   52.918 mΩ | IterTime =   7.09s
  Iter 03/15 | Best Z =   52.918 mΩ | IterTime =   7.10s
  Iter 04/15 | Best Z =   52.918 mΩ | IterTime =   7.08s
  Iter 05/15 | Best Z =   52.918 mΩ | IterTime =   7.09s
  Iter 06/15 | Best Z =   52.918 mΩ | IterTime =   7.05s
  Iter 07/15 | Best Z =   52.918 mΩ | IterTime =   7.09s
  Iter 08/15 | Best Z =   52.918 mΩ | IterTime =   7.08s
  Iter 09/15 | Best Z =   52.918 mΩ | IterTime =   7.10s
  Iter 10/15 | Best Z =   52.918 mΩ | IterTime =   7.10s
  Iter 11/15 | Best Z =   52.918 mΩ | IterTime =   7.08s
  Iter 12/15 | Best Z =   52.918 mΩ | IterTime =   7.08s
  Iter 13/15 | Best Z =   52.918 mΩ | IterTime =   7.08s
  Iter 14/15 | Best Z =   52.918 mΩ | IterTime =   7.09s
  Iter 15/15 | Best Z =   52.918 mΩ | IterTime =   7.12s
[Stage Complete] n_caps=8 | Best Z = 52.918 mΩ | Ports = [6, 14, 9, 10, 19, 10, 0, 1] | Time = 106.30s
Threshold reached — stopping stage growth.

[Run Complete] Total Time = 491.97s
------------------------------------------------------------
sm | Run 15 | n_caps=8 | Z=0.052918 | Time=492.17s

============================================================
RUN 16 | METHOD = SM
============================================================

[Stage] n_caps = 1
  Iter 01/15 | Best Z =  128.008 mΩ | IterTime =   1.09s
  Iter 02/15 | Best Z =  128.008 mΩ | IterTime =   1.08s
  Iter 03/15 | Best Z =  128.008 mΩ | IterTime =   1.08s
  Iter 04/15 | Best Z =  128.008 mΩ | IterTime =   1.08s
  Iter 05/15 | Best Z =  128.008 mΩ | IterTime =   1.08s
  Iter 06/15 | Best Z =  128.008 mΩ | IterTime =   1.08s
  Iter 07/15 | Best Z =  128.008 mΩ | IterTime =   1.08s
  Iter 08/15 | Best Z =  128.008 mΩ | IterTime =   1.08s
  Iter 09/15 | Best Z =  128.008 mΩ | IterTime =   1.08s
  Iter 10/15 | Best Z =  128.008 mΩ | IterTime =   1.08s
  Iter 11/15 | Best Z =  128.008 mΩ | IterTime =   1.08s
  Iter 12/15 | Best Z =  128.008 mΩ | IterTime =   1.08s
  Iter 13/15 | Best Z =  128.008 mΩ | IterTime =   1.08s
  Iter 14/15 | Best Z =  128.008 mΩ | IterTime =   1.08s
  Iter 15/15 | Best Z =  128.008 mΩ | IterTime =   1.08s
[Stage Complete] n_caps=1 | Best Z = 128.008 mΩ | Ports = [0] | Time = 16.19s

[Stage] n_caps = 2
  Iter 01/15 | Best Z =   88.641 mΩ | IterTime =   1.96s
  Iter 02/15 | Best Z =   88.641 mΩ | IterTime =   1.96s
  Iter 03/15 | Best Z =   88.641 mΩ | IterTime =   1.96s
  Iter 04/15 | Best Z =   88.641 mΩ | IterTime =   1.96s
  Iter 05/15 | Best Z =   88.641 mΩ | IterTime =   1.95s
  Iter 06/15 | Best Z =   88.641 mΩ | IterTime =   1.97s
  Iter 07/15 | Best Z =   88.641 mΩ | IterTime =   1.95s
  Iter 08/15 | Best Z =   88.641 mΩ | IterTime =   1.96s
  Iter 09/15 | Best Z =   88.641 mΩ | IterTime =   1.95s
  Iter 10/15 | Best Z =   88.641 mΩ | IterTime =   1.95s
  Iter 11/15 | Best Z =   88.641 mΩ | IterTime =   1.95s
  Iter 12/15 | Best Z =   88.641 mΩ | IterTime =   1.95s
  Iter 13/15 | Best Z =   88.641 mΩ | IterTime =   1.95s
  Iter 14/15 | Best Z =   88.641 mΩ | IterTime =   1.96s
  Iter 15/15 | Best Z =   88.641 mΩ | IterTime =   1.95s
[Stage Complete] n_caps=2 | Best Z = 88.641 mΩ | Ports = [11, 0] | Time = 29.32s

[Stage] n_caps = 3
  Iter 01/15 | Best Z =   81.314 mΩ | IterTime =   2.81s
  Iter 02/15 | Best Z =   81.314 mΩ | IterTime =   2.82s
  Iter 03/15 | Best Z =   81.314 mΩ | IterTime =   2.81s
  Iter 04/15 | Best Z =   81.314 mΩ | IterTime =   2.80s
  Iter 05/15 | Best Z =   81.314 mΩ | IterTime =   2.80s
  Iter 06/15 | Best Z =   81.314 mΩ | IterTime =   2.80s
  Iter 07/15 | Best Z =   81.314 mΩ | IterTime =   2.81s
  Iter 08/15 | Best Z =   81.314 mΩ | IterTime =   2.81s
  Iter 09/15 | Best Z =   81.314 mΩ | IterTime =   2.80s
  Iter 10/15 | Best Z =   81.314 mΩ | IterTime =   2.80s
  Iter 11/15 | Best Z =   81.314 mΩ | IterTime =   2.80s
  Iter 12/15 | Best Z =   81.314 mΩ | IterTime =   2.80s
  Iter 13/15 | Best Z =   81.314 mΩ | IterTime =   2.80s
  Iter 14/15 | Best Z =   81.314 mΩ | IterTime =   2.80s
  Iter 15/15 | Best Z =   81.314 mΩ | IterTime =   2.82s
[Stage Complete] n_caps=3 | Best Z = 81.314 mΩ | Ports = [0, 14, 0] | Time = 42.08s

[Stage] n_caps = 4
  Iter 01/15 | Best Z =   67.238 mΩ | IterTime =   3.65s
  Iter 02/15 | Best Z =   67.238 mΩ | IterTime =   3.68s
  Iter 03/15 | Best Z =   67.238 mΩ | IterTime =   3.73s
  Iter 04/15 | Best Z =   67.238 mΩ | IterTime =   3.65s
  Iter 05/15 | Best Z =   67.238 mΩ | IterTime =   3.67s
  Iter 06/15 | Best Z =   67.238 mΩ | IterTime =   3.66s
  Iter 07/15 | Best Z =   67.238 mΩ | IterTime =   3.67s
  Iter 08/15 | Best Z =   67.238 mΩ | IterTime =   3.66s
  Iter 09/15 | Best Z =   67.238 mΩ | IterTime =   3.68s
  Iter 10/15 | Best Z =   67.238 mΩ | IterTime =   3.66s
  Iter 11/15 | Best Z =   67.238 mΩ | IterTime =   3.68s
  Iter 12/15 | Best Z =   67.238 mΩ | IterTime =   3.67s
  Iter 13/15 | Best Z =   67.238 mΩ | IterTime =   3.67s
  Iter 14/15 | Best Z =   67.238 mΩ | IterTime =   3.66s
  Iter 15/15 | Best Z =   67.238 mΩ | IterTime =   3.67s
[Stage Complete] n_caps=4 | Best Z = 67.238 mΩ | Ports = [10, 7, 18, 0] | Time = 55.05s

[Stage] n_caps = 5
  Iter 01/15 | Best Z =   68.159 mΩ | IterTime =   4.53s
  Iter 02/15 | Best Z =   68.159 mΩ | IterTime =   4.53s
  Iter 03/15 | Best Z =   68.159 mΩ | IterTime =   4.53s
  Iter 04/15 | Best Z =   68.159 mΩ | IterTime =   4.52s
  Iter 05/15 | Best Z =   68.159 mΩ | IterTime =   4.52s
  Iter 06/15 | Best Z =   68.159 mΩ | IterTime =   4.51s
  Iter 07/15 | Best Z =   68.159 mΩ | IterTime =   4.52s
  Iter 08/15 | Best Z =   68.159 mΩ | IterTime =   4.51s
  Iter 09/15 | Best Z =   68.159 mΩ | IterTime =   4.53s
  Iter 10/15 | Best Z =   68.159 mΩ | IterTime =   4.53s
  Iter 11/15 | Best Z =   68.159 mΩ | IterTime =   4.51s
  Iter 12/15 | Best Z =   68.159 mΩ | IterTime =   4.54s
  Iter 13/15 | Best Z =   68.159 mΩ | IterTime =   4.55s
  Iter 14/15 | Best Z =   68.159 mΩ | IterTime =   4.54s
  Iter 15/15 | Best Z =   68.159 mΩ | IterTime =   4.55s
[Stage Complete] n_caps=5 | Best Z = 68.159 mΩ | Ports = [7, 18, 0, 0, 10] | Time = 67.94s

[Stage] n_caps = 6
  Iter 01/15 | Best Z =   53.142 mΩ | IterTime =   5.40s
  Iter 02/15 | Best Z =   53.142 mΩ | IterTime =   5.44s
  Iter 03/15 | Best Z =   53.142 mΩ | IterTime =   5.40s
  Iter 04/15 | Best Z =   53.142 mΩ | IterTime =   5.40s
  Iter 05/15 | Best Z =   53.142 mΩ | IterTime =   5.43s
  Iter 06/15 | Best Z =   53.142 mΩ | IterTime =   5.44s
  Iter 07/15 | Best Z =   53.142 mΩ | IterTime =   5.41s
  Iter 08/15 | Best Z =   53.142 mΩ | IterTime =   5.44s
  Iter 09/15 | Best Z =   53.142 mΩ | IterTime =   5.42s
  Iter 10/15 | Best Z =   53.142 mΩ | IterTime =   5.42s
  Iter 11/15 | Best Z =   53.142 mΩ | IterTime =   5.44s
  Iter 12/15 | Best Z =   53.142 mΩ | IterTime =   5.42s
  Iter 13/15 | Best Z =   53.142 mΩ | IterTime =   5.43s
  Iter 14/15 | Best Z =   53.142 mΩ | IterTime =   5.41s
  Iter 15/15 | Best Z =   53.142 mΩ | IterTime =   5.40s
[Stage Complete] n_caps=6 | Best Z = 53.142 mΩ | Ports = [18, 0, 0, 10, 0, 14] | Time = 81.30s
Threshold reached — stopping stage growth.

[Run Complete] Total Time = 291.89s
------------------------------------------------------------
sm | Run 16 | n_caps=6 | Z=0.053142 | Time=292.20s

============================================================
RUN 17 | METHOD = SM
============================================================

[Stage] n_caps = 1
  Iter 01/15 | Best Z =  141.784 mΩ | IterTime =   1.09s
  Iter 02/15 | Best Z =  141.784 mΩ | IterTime =   1.08s
  Iter 03/15 | Best Z =  141.784 mΩ | IterTime =   1.08s
  Iter 04/15 | Best Z =  141.784 mΩ | IterTime =   1.08s
  Iter 05/15 | Best Z =  141.784 mΩ | IterTime =   1.07s
  Iter 06/15 | Best Z =  141.784 mΩ | IterTime =   1.08s
  Iter 07/15 | Best Z =  141.784 mΩ | IterTime =   1.07s
  Iter 08/15 | Best Z =  141.784 mΩ | IterTime =   1.07s
  Iter 09/15 | Best Z =  141.784 mΩ | IterTime =   1.08s
  Iter 10/15 | Best Z =  141.784 mΩ | IterTime =   1.08s
  Iter 11/15 | Best Z =  141.784 mΩ | IterTime =   1.08s
  Iter 12/15 | Best Z =  141.784 mΩ | IterTime =   1.08s
  Iter 13/15 | Best Z =  141.784 mΩ | IterTime =   1.07s
  Iter 14/15 | Best Z =  141.784 mΩ | IterTime =   1.08s
  Iter 15/15 | Best Z =  141.784 mΩ | IterTime =   1.08s
[Stage Complete] n_caps=1 | Best Z = 141.784 mΩ | Ports = [14] | Time = 16.16s

[Stage] n_caps = 2
  Iter 01/15 | Best Z =  122.285 mΩ | IterTime =   1.94s
  Iter 02/15 | Best Z =  122.285 mΩ | IterTime =   1.93s
  Iter 03/15 | Best Z =  122.285 mΩ | IterTime =   1.95s
  Iter 04/15 | Best Z =  122.285 mΩ | IterTime =   1.94s
  Iter 05/15 | Best Z =  122.285 mΩ | IterTime =   1.94s
  Iter 06/15 | Best Z =  122.285 mΩ | IterTime =   1.94s
  Iter 07/15 | Best Z =  122.285 mΩ | IterTime =   1.94s
  Iter 08/15 | Best Z =  122.285 mΩ | IterTime =   1.94s
  Iter 09/15 | Best Z =  122.285 mΩ | IterTime =   1.94s
  Iter 10/15 | Best Z =  122.285 mΩ | IterTime =   1.95s
  Iter 11/15 | Best Z =  122.285 mΩ | IterTime =   1.94s
  Iter 12/15 | Best Z =  122.285 mΩ | IterTime =   1.94s
  Iter 13/15 | Best Z =  122.285 mΩ | IterTime =   1.94s
  Iter 14/15 | Best Z =  122.285 mΩ | IterTime =   1.93s
  Iter 15/15 | Best Z =  122.285 mΩ | IterTime =   1.94s
[Stage Complete] n_caps=2 | Best Z = 122.285 mΩ | Ports = [0, 14] | Time = 29.10s

[Stage] n_caps = 3
  Iter 01/15 | Best Z =   87.407 mΩ | IterTime =   2.81s
  Iter 02/15 | Best Z =   87.407 mΩ | IterTime =   2.81s
  Iter 03/15 | Best Z =   87.407 mΩ | IterTime =   2.79s
  Iter 04/15 | Best Z =   87.407 mΩ | IterTime =   2.79s
  Iter 05/15 | Best Z =   87.407 mΩ | IterTime =   2.79s
  Iter 06/15 | Best Z =   87.407 mΩ | IterTime =   2.79s
  Iter 07/15 | Best Z =   87.407 mΩ | IterTime =   2.79s
  Iter 08/15 | Best Z =   87.407 mΩ | IterTime =   2.79s
  Iter 09/15 | Best Z =   87.407 mΩ | IterTime =   2.79s
  Iter 10/15 | Best Z =   87.407 mΩ | IterTime =   2.80s
  Iter 11/15 | Best Z =   87.407 mΩ | IterTime =   2.80s
  Iter 12/15 | Best Z =   87.407 mΩ | IterTime =   2.80s
  Iter 13/15 | Best Z =   87.407 mΩ | IterTime =   2.79s
  Iter 14/15 | Best Z =   87.407 mΩ | IterTime =   2.79s
  Iter 15/15 | Best Z =   87.407 mΩ | IterTime =   2.80s
[Stage Complete] n_caps=3 | Best Z = 87.407 mΩ | Ports = [0, 11, 0] | Time = 41.94s

[Stage] n_caps = 4
  Iter 01/15 | Best Z =   92.922 mΩ | IterTime =   3.67s
  Iter 02/15 | Best Z =   92.922 mΩ | IterTime =   3.65s
  Iter 03/15 | Best Z =   92.922 mΩ | IterTime =   3.66s
  Iter 04/15 | Best Z =   92.922 mΩ | IterTime =   3.66s
  Iter 05/15 | Best Z =   92.922 mΩ | IterTime =   3.66s
  Iter 06/15 | Best Z =   92.922 mΩ | IterTime =   3.66s
  Iter 07/15 | Best Z =   92.922 mΩ | IterTime =   3.66s
  Iter 08/15 | Best Z =   92.922 mΩ | IterTime =   3.66s
  Iter 09/15 | Best Z =   92.922 mΩ | IterTime =   3.65s
  Iter 10/15 | Best Z =   92.922 mΩ | IterTime =   3.66s
  Iter 11/15 | Best Z =   92.922 mΩ | IterTime =   3.66s
  Iter 12/15 | Best Z =   92.922 mΩ | IterTime =   3.66s
  Iter 13/15 | Best Z =   92.922 mΩ | IterTime =   3.66s
  Iter 14/15 | Best Z =   92.922 mΩ | IterTime =   3.67s
  Iter 15/15 | Best Z =   92.922 mΩ | IterTime =   3.65s
[Stage Complete] n_caps=4 | Best Z = 92.922 mΩ | Ports = [1, 4, 9, 0] | Time = 54.87s

[Stage] n_caps = 5
  Iter 01/15 | Best Z =   79.276 mΩ | IterTime =   4.52s
  Iter 02/15 | Best Z =   79.276 mΩ | IterTime =   4.51s
  Iter 03/15 | Best Z =   79.276 mΩ | IterTime =   4.53s
  Iter 04/15 | Best Z =   79.276 mΩ | IterTime =   4.53s
  Iter 05/15 | Best Z =   79.276 mΩ | IterTime =   4.52s
  Iter 06/15 | Best Z =   79.276 mΩ | IterTime =   4.50s
  Iter 07/15 | Best Z =   79.276 mΩ | IterTime =   4.51s
  Iter 08/15 | Best Z =   79.276 mΩ | IterTime =   4.52s
  Iter 09/15 | Best Z =   79.276 mΩ | IterTime =   4.52s
  Iter 10/15 | Best Z =   79.276 mΩ | IterTime =   4.51s
  Iter 11/15 | Best Z =   79.276 mΩ | IterTime =   4.51s
  Iter 12/15 | Best Z =   79.276 mΩ | IterTime =   4.52s
  Iter 13/15 | Best Z =   79.276 mΩ | IterTime =   4.51s
  Iter 14/15 | Best Z =   79.276 mΩ | IterTime =   4.52s
  Iter 15/15 | Best Z =   79.276 mΩ | IterTime =   4.54s
[Stage Complete] n_caps=5 | Best Z = 79.276 mΩ | Ports = [4, 9, 0, 0, 10] | Time = 67.77s

[Stage] n_caps = 6
  Iter 01/15 | Best Z =   66.313 mΩ | IterTime =   5.41s
  Iter 02/15 | Best Z =   66.313 mΩ | IterTime =   5.42s
  Iter 03/15 | Best Z =   66.313 mΩ | IterTime =   5.41s
  Iter 04/15 | Best Z =   66.313 mΩ | IterTime =   5.40s
  Iter 05/15 | Best Z =   66.313 mΩ | IterTime =   5.39s
  Iter 06/15 | Best Z =   66.313 mΩ | IterTime =   5.40s
  Iter 07/15 | Best Z =   66.313 mΩ | IterTime =   5.36s
  Iter 08/15 | Best Z =   66.313 mΩ | IterTime =   5.36s
  Iter 09/15 | Best Z =   66.313 mΩ | IterTime =   5.36s
  Iter 10/15 | Best Z =   66.313 mΩ | IterTime =   5.36s
  Iter 11/15 | Best Z =   66.313 mΩ | IterTime =   5.36s
  Iter 12/15 | Best Z =   66.313 mΩ | IterTime =   5.37s
  Iter 13/15 | Best Z =   66.313 mΩ | IterTime =   5.38s
  Iter 14/15 | Best Z =   66.313 mΩ | IterTime =   5.37s
  Iter 15/15 | Best Z =   66.313 mΩ | IterTime =   5.37s
[Stage Complete] n_caps=6 | Best Z = 66.313 mΩ | Ports = [4, 14, 7, 15, 0, 13] | Time = 80.72s

[Stage] n_caps = 7
  Iter 01/15 | Best Z =   62.756 mΩ | IterTime =   6.29s
  Iter 02/15 | Best Z =   62.756 mΩ | IterTime =   6.28s
  Iter 03/15 | Best Z =   62.756 mΩ | IterTime =   6.24s
  Iter 04/15 | Best Z =   62.756 mΩ | IterTime =   6.26s
  Iter 05/15 | Best Z =   62.756 mΩ | IterTime =   6.22s
  Iter 06/15 | Best Z =   62.756 mΩ | IterTime =   6.22s
  Iter 07/15 | Best Z =   62.756 mΩ | IterTime =   6.21s
  Iter 08/15 | Best Z =   62.756 mΩ | IterTime =   6.23s
  Iter 09/15 | Best Z =   62.756 mΩ | IterTime =   6.23s
  Iter 10/15 | Best Z =   62.756 mΩ | IterTime =   6.24s
  Iter 11/15 | Best Z =   62.756 mΩ | IterTime =   6.25s
  Iter 12/15 | Best Z =   62.756 mΩ | IterTime =   6.28s
  Iter 13/15 | Best Z =   62.756 mΩ | IterTime =   6.25s
  Iter 14/15 | Best Z =   62.756 mΩ | IterTime =   6.27s
  Iter 15/15 | Best Z =   62.756 mΩ | IterTime =   6.28s
[Stage Complete] n_caps=7 | Best Z = 62.756 mΩ | Ports = [0, 11, 15, 11, 1, 6, 0] | Time = 93.75s

[Stage] n_caps = 8
  Iter 01/15 | Best Z =   62.973 mΩ | IterTime =   7.10s
  Iter 02/15 | Best Z =   62.973 mΩ | IterTime =   7.13s
  Iter 03/15 | Best Z =   62.973 mΩ | IterTime =   7.16s
  Iter 04/15 | Best Z =   62.973 mΩ | IterTime =   7.11s
  Iter 05/15 | Best Z =   62.973 mΩ | IterTime =   7.08s
  Iter 06/15 | Best Z =   62.973 mΩ | IterTime =   7.12s
  Iter 07/15 | Best Z =   62.973 mΩ | IterTime =   7.11s
  Iter 08/15 | Best Z =   62.973 mΩ | IterTime =   7.14s
  Iter 09/15 | Best Z =   62.973 mΩ | IterTime =   7.13s
  Iter 10/15 | Best Z =   62.973 mΩ | IterTime =   7.12s
  Iter 11/15 | Best Z =   62.973 mΩ | IterTime =   7.12s
  Iter 12/15 | Best Z =   62.973 mΩ | IterTime =   7.12s
  Iter 13/15 | Best Z =   62.973 mΩ | IterTime =   7.13s
  Iter 14/15 | Best Z =   62.973 mΩ | IterTime =   7.13s
  Iter 15/15 | Best Z =   62.973 mΩ | IterTime =   7.11s
[Stage Complete] n_caps=8 | Best Z = 62.973 mΩ | Ports = [11, 15, 11, 1, 6, 0, 0, 5] | Time = 106.80s

[Stage] n_caps = 9
  Iter 01/15 | Best Z =   51.004 mΩ | IterTime =   7.99s
  Iter 02/15 | Best Z =   51.004 mΩ | IterTime =   8.01s
  Iter 03/15 | Best Z =   51.004 mΩ | IterTime =   8.00s
  Iter 04/15 | Best Z =   51.004 mΩ | IterTime =   8.00s
  Iter 05/15 | Best Z =   51.004 mΩ | IterTime =   7.96s
  Iter 06/15 | Best Z =   51.004 mΩ | IterTime =   7.96s
  Iter 07/15 | Best Z =   51.004 mΩ | IterTime =   7.96s
  Iter 08/15 | Best Z =   51.004 mΩ | IterTime =   7.97s
  Iter 09/15 | Best Z =   51.004 mΩ | IterTime =   7.95s
  Iter 10/15 | Best Z =   51.004 mΩ | IterTime =   7.97s
  Iter 11/15 | Best Z =   51.004 mΩ | IterTime =   7.96s
  Iter 12/15 | Best Z =   51.004 mΩ | IterTime =   7.95s
  Iter 13/15 | Best Z =   51.004 mΩ | IterTime =   7.97s
  Iter 14/15 | Best Z =   51.004 mΩ | IterTime =   7.98s
  Iter 15/15 | Best Z =   51.004 mΩ | IterTime =   7.96s
[Stage Complete] n_caps=9 | Best Z = 51.004 mΩ | Ports = [15, 11, 1, 6, 0, 0, 5, 15, 0] | Time = 119.56s
Threshold reached — stopping stage growth.

[Run Complete] Total Time = 610.67s
------------------------------------------------------------
sm | Run 17 | n_caps=9 | Z=0.051004 | Time=610.87s

============================================================
RUN 18 | METHOD = SM
============================================================

[Stage] n_caps = 1
  Iter 01/15 | Best Z =   98.478 mΩ | IterTime =   1.08s
  Iter 02/15 | Best Z =   98.478 mΩ | IterTime =   1.08s
  Iter 03/15 | Best Z =   98.478 mΩ | IterTime =   1.08s
  Iter 04/15 | Best Z =   98.478 mΩ | IterTime =   1.08s
  Iter 05/15 | Best Z =   98.478 mΩ | IterTime =   1.08s
  Iter 06/15 | Best Z =   98.478 mΩ | IterTime =   1.08s
  Iter 07/15 | Best Z =   98.478 mΩ | IterTime =   1.07s
  Iter 08/15 | Best Z =   98.478 mΩ | IterTime =   1.08s
  Iter 09/15 | Best Z =   98.478 mΩ | IterTime =   1.08s
  Iter 10/15 | Best Z =   98.478 mΩ | IterTime =   1.08s
  Iter 11/15 | Best Z =   98.478 mΩ | IterTime =   1.08s
  Iter 12/15 | Best Z =   98.478 mΩ | IterTime =   1.08s
  Iter 13/15 | Best Z =   98.478 mΩ | IterTime =   1.08s
  Iter 14/15 | Best Z =   98.478 mΩ | IterTime =   1.08s
  Iter 15/15 | Best Z =   98.478 mΩ | IterTime =   1.08s
[Stage Complete] n_caps=1 | Best Z = 98.478 mΩ | Ports = [0] | Time = 16.17s

[Stage] n_caps = 2
  Iter 01/15 | Best Z =   97.842 mΩ | IterTime =   1.95s
  Iter 02/15 | Best Z =   97.842 mΩ | IterTime =   1.95s
  Iter 03/15 | Best Z =   97.842 mΩ | IterTime =   1.94s
  Iter 04/15 | Best Z =   97.842 mΩ | IterTime =   1.94s
  Iter 05/15 | Best Z =   97.842 mΩ | IterTime =   1.95s
  Iter 06/15 | Best Z =   97.842 mΩ | IterTime =   1.95s
  Iter 07/15 | Best Z =   97.842 mΩ | IterTime =   1.94s
  Iter 08/15 | Best Z =   97.842 mΩ | IterTime =   1.93s
  Iter 09/15 | Best Z =   97.842 mΩ | IterTime =   1.93s
  Iter 10/15 | Best Z =   97.842 mΩ | IterTime =   1.94s
  Iter 11/15 | Best Z =   97.842 mΩ | IterTime =   1.94s
  Iter 12/15 | Best Z =   97.842 mΩ | IterTime =   1.94s
  Iter 13/15 | Best Z =   97.842 mΩ | IterTime =   1.94s
  Iter 14/15 | Best Z =   97.842 mΩ | IterTime =   1.94s
  Iter 15/15 | Best Z =   97.842 mΩ | IterTime =   1.94s
[Stage Complete] n_caps=2 | Best Z = 97.842 mΩ | Ports = [10, 7] | Time = 29.11s

[Stage] n_caps = 3
  Iter 01/15 | Best Z =   88.501 mΩ | IterTime =   2.81s
  Iter 02/15 | Best Z =   88.501 mΩ | IterTime =   2.79s
  Iter 03/15 | Best Z =   88.501 mΩ | IterTime =   2.79s
  Iter 04/15 | Best Z =   88.501 mΩ | IterTime =   2.80s
  Iter 05/15 | Best Z =   88.501 mΩ | IterTime =   2.80s
  Iter 06/15 | Best Z =   88.501 mΩ | IterTime =   2.80s
  Iter 07/15 | Best Z =   88.501 mΩ | IterTime =   2.80s
  Iter 08/15 | Best Z =   88.501 mΩ | IterTime =   2.78s
  Iter 09/15 | Best Z =   88.501 mΩ | IterTime =   2.79s
  Iter 10/15 | Best Z =   88.501 mΩ | IterTime =   2.78s
  Iter 11/15 | Best Z =   88.501 mΩ | IterTime =   2.79s
  Iter 12/15 | Best Z =   88.501 mΩ | IterTime =   2.79s
  Iter 13/15 | Best Z =   88.501 mΩ | IterTime =   2.79s
  Iter 14/15 | Best Z =   88.501 mΩ | IterTime =   2.78s
  Iter 15/15 | Best Z =   88.501 mΩ | IterTime =   2.79s
[Stage Complete] n_caps=3 | Best Z = 88.501 mΩ | Ports = [7, 16, 9] | Time = 41.88s

[Stage] n_caps = 4
  Iter 01/15 | Best Z =   59.489 mΩ | IterTime =   3.66s
  Iter 02/15 | Best Z =   59.489 mΩ | IterTime =   3.66s
  Iter 03/15 | Best Z =   59.489 mΩ | IterTime =   3.66s
  Iter 04/15 | Best Z =   59.489 mΩ | IterTime =   3.65s
  Iter 05/15 | Best Z =   59.489 mΩ | IterTime =   3.65s
  Iter 06/15 | Best Z =   59.489 mΩ | IterTime =   3.65s
  Iter 07/15 | Best Z =   59.489 mΩ | IterTime =   3.64s
  Iter 08/15 | Best Z =   59.489 mΩ | IterTime =   3.65s
  Iter 09/15 | Best Z =   59.489 mΩ | IterTime =   3.64s
  Iter 10/15 | Best Z =   59.489 mΩ | IterTime =   3.64s
  Iter 11/15 | Best Z =   59.489 mΩ | IterTime =   3.64s
  Iter 12/15 | Best Z =   59.489 mΩ | IterTime =   3.64s
  Iter 13/15 | Best Z =   59.489 mΩ | IterTime =   3.65s
  Iter 14/15 | Best Z =   59.489 mΩ | IterTime =   3.65s
  Iter 15/15 | Best Z =   59.489 mΩ | IterTime =   3.64s
[Stage Complete] n_caps=4 | Best Z = 59.489 mΩ | Ports = [16, 9, 0, 0] | Time = 54.73s
Threshold reached — stopping stage growth.

[Run Complete] Total Time = 141.90s
------------------------------------------------------------
sm | Run 18 | n_caps=4 | Z=0.059489 | Time=142.08s

============================================================
RUN 19 | METHOD = SM
============================================================

[Stage] n_caps = 1
  Iter 01/15 | Best Z =  106.000 mΩ | IterTime =   1.09s
  Iter 02/15 | Best Z =  106.000 mΩ | IterTime =   1.08s
  Iter 03/15 | Best Z =  106.000 mΩ | IterTime =   1.09s
  Iter 04/15 | Best Z =  106.000 mΩ | IterTime =   1.09s
  Iter 05/15 | Best Z =  106.000 mΩ | IterTime =   1.09s
  Iter 06/15 | Best Z =  106.000 mΩ | IterTime =   1.09s
  Iter 07/15 | Best Z =  106.000 mΩ | IterTime =   1.08s
  Iter 08/15 | Best Z =  106.000 mΩ | IterTime =   1.09s
  Iter 09/15 | Best Z =  106.000 mΩ | IterTime =   1.09s
  Iter 10/15 | Best Z =  106.000 mΩ | IterTime =   1.09s
  Iter 11/15 | Best Z =  106.000 mΩ | IterTime =   1.08s
  Iter 12/15 | Best Z =  106.000 mΩ | IterTime =   1.08s
  Iter 13/15 | Best Z =  106.000 mΩ | IterTime =   1.09s
  Iter 14/15 | Best Z =  106.000 mΩ | IterTime =   1.08s
  Iter 15/15 | Best Z =  106.000 mΩ | IterTime =   1.08s
[Stage Complete] n_caps=1 | Best Z = 106.000 mΩ | Ports = [0] | Time = 16.30s

[Stage] n_caps = 2
  Iter 01/15 | Best Z =  104.553 mΩ | IterTime =   1.96s
  Iter 02/15 | Best Z =  104.553 mΩ | IterTime =   1.95s
  Iter 03/15 | Best Z =  104.553 mΩ | IterTime =   1.94s
  Iter 04/15 | Best Z =  104.553 mΩ | IterTime =   1.95s
  Iter 05/15 | Best Z =  104.553 mΩ | IterTime =   1.95s
  Iter 06/15 | Best Z =  104.553 mΩ | IterTime =   1.95s
  Iter 07/15 | Best Z =  104.553 mΩ | IterTime =   1.96s
  Iter 08/15 | Best Z =  104.553 mΩ | IterTime =   1.95s
  Iter 09/15 | Best Z =  104.553 mΩ | IterTime =   1.96s
  Iter 10/15 | Best Z =  104.553 mΩ | IterTime =   1.95s
  Iter 11/15 | Best Z =  104.553 mΩ | IterTime =   1.95s
  Iter 12/15 | Best Z =  104.553 mΩ | IterTime =   1.96s
  Iter 13/15 | Best Z =  104.553 mΩ | IterTime =   1.96s
  Iter 14/15 | Best Z =  104.553 mΩ | IterTime =   1.96s
  Iter 15/15 | Best Z =  104.553 mΩ | IterTime =   1.96s
[Stage Complete] n_caps=2 | Best Z = 104.553 mΩ | Ports = [0, 8] | Time = 29.30s

[Stage] n_caps = 3
  Iter 01/15 | Best Z =   81.615 mΩ | IterTime =   2.83s
  Iter 02/15 | Best Z =   81.615 mΩ | IterTime =   2.81s
  Iter 03/15 | Best Z =   81.615 mΩ | IterTime =   2.81s
  Iter 04/15 | Best Z =   81.615 mΩ | IterTime =   2.83s
  Iter 05/15 | Best Z =   81.615 mΩ | IterTime =   2.82s
  Iter 06/15 | Best Z =   81.615 mΩ | IterTime =   2.83s
  Iter 07/15 | Best Z =   81.615 mΩ | IterTime =   2.83s
  Iter 08/15 | Best Z =   81.615 mΩ | IterTime =   2.81s
  Iter 09/15 | Best Z =   81.615 mΩ | IterTime =   2.81s
  Iter 10/15 | Best Z =   81.615 mΩ | IterTime =   2.80s
  Iter 11/15 | Best Z =   81.615 mΩ | IterTime =   2.81s
  Iter 12/15 | Best Z =   81.615 mΩ | IterTime =   2.81s
  Iter 13/15 | Best Z =   81.615 mΩ | IterTime =   2.82s
  Iter 14/15 | Best Z =   81.615 mΩ | IterTime =   2.81s
  Iter 15/15 | Best Z =   81.615 mΩ | IterTime =   2.81s
[Stage Complete] n_caps=3 | Best Z = 81.615 mΩ | Ports = [1, 0, 0] | Time = 42.24s

[Stage] n_caps = 4
  Iter 01/15 | Best Z =   67.949 mΩ | IterTime =   3.70s
  Iter 02/15 | Best Z =   67.949 mΩ | IterTime =   3.71s
  Iter 03/15 | Best Z =   67.949 mΩ | IterTime =   3.68s
  Iter 04/15 | Best Z =   67.949 mΩ | IterTime =   3.70s
  Iter 05/15 | Best Z =   67.949 mΩ | IterTime =   3.67s
  Iter 06/15 | Best Z =   67.949 mΩ | IterTime =   3.70s
  Iter 07/15 | Best Z =   67.949 mΩ | IterTime =   3.68s
  Iter 08/15 | Best Z =   67.949 mΩ | IterTime =   3.71s
  Iter 09/15 | Best Z =   67.949 mΩ | IterTime =   3.66s
  Iter 10/15 | Best Z =   67.949 mΩ | IterTime =   3.71s
  Iter 11/15 | Best Z =   67.949 mΩ | IterTime =   3.66s
  Iter 12/15 | Best Z =   67.949 mΩ | IterTime =   3.70s
  Iter 13/15 | Best Z =   67.949 mΩ | IterTime =   3.66s
  Iter 14/15 | Best Z =   67.949 mΩ | IterTime =   3.70s
  Iter 15/15 | Best Z =   67.949 mΩ | IterTime =   3.67s
[Stage Complete] n_caps=4 | Best Z = 67.949 mΩ | Ports = [0, 0, 0, 14] | Time = 55.30s

[Stage] n_caps = 5
  Iter 01/15 | Best Z =   69.843 mΩ | IterTime =   4.54s
  Iter 02/15 | Best Z =   69.843 mΩ | IterTime =   4.53s
  Iter 03/15 | Best Z =   69.843 mΩ | IterTime =   4.53s
  Iter 04/15 | Best Z =   69.843 mΩ | IterTime =   4.55s
  Iter 05/15 | Best Z =   69.843 mΩ | IterTime =   4.56s
  Iter 06/15 | Best Z =   69.843 mΩ | IterTime =   4.53s
  Iter 07/15 | Best Z =   69.843 mΩ | IterTime =   4.54s
  Iter 08/15 | Best Z =   69.843 mΩ | IterTime =   4.55s
  Iter 09/15 | Best Z =   69.843 mΩ | IterTime =   4.53s
  Iter 10/15 | Best Z =   69.843 mΩ | IterTime =   4.53s
  Iter 11/15 | Best Z =   69.843 mΩ | IterTime =   4.54s
  Iter 12/15 | Best Z =   69.843 mΩ | IterTime =   4.53s
  Iter 13/15 | Best Z =   69.843 mΩ | IterTime =   4.53s
  Iter 14/15 | Best Z =   69.843 mΩ | IterTime =   4.54s
  Iter 15/15 | Best Z =   69.843 mΩ | IterTime =   4.52s
[Stage Complete] n_caps=5 | Best Z = 69.843 mΩ | Ports = [0, 0, 14, 14, 7] | Time = 68.05s

[Stage] n_caps = 6
  Iter 01/15 | Best Z =   77.571 mΩ | IterTime =   5.40s
  Iter 02/15 | Best Z =   77.571 mΩ | IterTime =   5.39s
  Iter 03/15 | Best Z =   77.571 mΩ | IterTime =   5.41s
  Iter 04/15 | Best Z =   77.571 mΩ | IterTime =   5.36s
  Iter 05/15 | Best Z =   77.571 mΩ | IterTime =   5.38s
  Iter 06/15 | Best Z =   77.571 mΩ | IterTime =   5.39s
  Iter 07/15 | Best Z =   77.571 mΩ | IterTime =   5.41s
  Iter 08/15 | Best Z =   77.571 mΩ | IterTime =   5.61s
  Iter 09/15 | Best Z =   77.571 mΩ | IterTime =   5.40s
  Iter 10/15 | Best Z =   77.571 mΩ | IterTime =   5.37s
  Iter 11/15 | Best Z =   77.571 mΩ | IterTime =   5.40s
  Iter 12/15 | Best Z =   77.571 mΩ | IterTime =   5.41s
  Iter 13/15 | Best Z =   77.571 mΩ | IterTime =   5.42s
  Iter 14/15 | Best Z =   77.571 mΩ | IterTime =   5.38s
  Iter 15/15 | Best Z =   77.571 mΩ | IterTime =   5.40s
[Stage Complete] n_caps=6 | Best Z = 77.571 mΩ | Ports = [4, 6, 14, 7, 12, 5] | Time = 81.11s

[Stage] n_caps = 7
  Iter 01/15 | Best Z =   52.162 mΩ | IterTime =   6.23s
  Iter 02/15 | Best Z =   52.162 mΩ | IterTime =   6.26s
  Iter 03/15 | Best Z =   52.162 mΩ | IterTime =   6.24s
  Iter 04/15 | Best Z =   52.162 mΩ | IterTime =   6.22s
  Iter 05/15 | Best Z =   52.162 mΩ | IterTime =   6.25s
  Iter 06/15 | Best Z =   52.162 mΩ | IterTime =   6.25s
  Iter 07/15 | Best Z =   52.162 mΩ | IterTime =   6.23s
  Iter 08/15 | Best Z =   52.162 mΩ | IterTime =   6.24s
  Iter 09/15 | Best Z =   52.162 mΩ | IterTime =   6.24s
  Iter 10/15 | Best Z =   52.162 mΩ | IterTime =   6.21s
  Iter 11/15 | Best Z =   52.162 mΩ | IterTime =   6.23s
  Iter 12/15 | Best Z =   52.162 mΩ | IterTime =   6.26s
  Iter 13/15 | Best Z =   52.162 mΩ | IterTime =   6.23s
  Iter 14/15 | Best Z =   52.162 mΩ | IterTime =   6.22s
  Iter 15/15 | Best Z =   52.162 mΩ | IterTime =   6.21s
[Stage Complete] n_caps=7 | Best Z = 52.162 mΩ | Ports = [6, 14, 7, 12, 5, 0, 9] | Time = 93.53s
Threshold reached — stopping stage growth.

[Run Complete] Total Time = 385.84s
------------------------------------------------------------
sm | Run 19 | n_caps=7 | Z=0.052162 | Time=386.04s

============================================================
RUN 20 | METHOD = SM
============================================================

[Stage] n_caps = 1
  Iter 01/15 | Best Z =  121.565 mΩ | IterTime =   1.09s
  Iter 02/15 | Best Z =  121.565 mΩ | IterTime =   1.09s
  Iter 03/15 | Best Z =  121.565 mΩ | IterTime =   1.09s
  Iter 04/15 | Best Z =  121.565 mΩ | IterTime =   1.09s
  Iter 05/15 | Best Z =  121.565 mΩ | IterTime =   1.10s
  Iter 06/15 | Best Z =  121.565 mΩ | IterTime =   1.09s
  Iter 07/15 | Best Z =  121.565 mΩ | IterTime =   1.10s
  Iter 08/15 | Best Z =  121.565 mΩ | IterTime =   1.10s
  Iter 09/15 | Best Z =  121.565 mΩ | IterTime =   1.09s
  Iter 10/15 | Best Z =  121.565 mΩ | IterTime =   1.09s
  Iter 11/15 | Best Z =  121.565 mΩ | IterTime =   1.09s
  Iter 12/15 | Best Z =  121.565 mΩ | IterTime =   1.09s
  Iter 13/15 | Best Z =  121.565 mΩ | IterTime =   1.09s
  Iter 14/15 | Best Z =  121.565 mΩ | IterTime =   1.09s
  Iter 15/15 | Best Z =  121.565 mΩ | IterTime =   1.09s
[Stage Complete] n_caps=1 | Best Z = 121.565 mΩ | Ports = [0] | Time = 16.38s

[Stage] n_caps = 2
  Iter 01/15 | Best Z =  113.575 mΩ | IterTime =   1.98s
  Iter 02/15 | Best Z =  113.575 mΩ | IterTime =   1.97s
  Iter 03/15 | Best Z =  113.575 mΩ | IterTime =   1.97s
  Iter 04/15 | Best Z =  113.575 mΩ | IterTime =   1.97s
  Iter 05/15 | Best Z =  113.575 mΩ | IterTime =   1.97s
  Iter 06/15 | Best Z =  113.575 mΩ | IterTime =   1.98s
  Iter 07/15 | Best Z =  113.575 mΩ | IterTime =   1.97s
  Iter 08/15 | Best Z =  113.575 mΩ | IterTime =   1.97s
  Iter 09/15 | Best Z =  113.575 mΩ | IterTime =   1.97s
  Iter 10/15 | Best Z =  113.575 mΩ | IterTime =   1.96s
  Iter 11/15 | Best Z =  113.575 mΩ | IterTime =   1.98s
  Iter 12/15 | Best Z =  113.575 mΩ | IterTime =   1.96s
  Iter 13/15 | Best Z =  113.575 mΩ | IterTime =   1.96s
  Iter 14/15 | Best Z =  113.575 mΩ | IterTime =   1.96s
  Iter 15/15 | Best Z =  113.575 mΩ | IterTime =   1.97s
[Stage Complete] n_caps=2 | Best Z = 113.575 mΩ | Ports = [10, 10] | Time = 29.55s

[Stage] n_caps = 3
  Iter 01/15 | Best Z =   76.380 mΩ | IterTime =   2.84s
  Iter 02/15 | Best Z =   76.380 mΩ | IterTime =   2.84s
  Iter 03/15 | Best Z =   76.380 mΩ | IterTime =   2.84s
  Iter 04/15 | Best Z =   76.380 mΩ | IterTime =   2.84s
  Iter 05/15 | Best Z =   76.380 mΩ | IterTime =   2.83s
  Iter 06/15 | Best Z =   76.380 mΩ | IterTime =   2.86s
  Iter 07/15 | Best Z =   76.380 mΩ | IterTime =   2.85s
  Iter 08/15 | Best Z =   76.380 mΩ | IterTime =   2.86s
  Iter 09/15 | Best Z =   76.380 mΩ | IterTime =   2.86s
  Iter 10/15 | Best Z =   76.380 mΩ | IterTime =   2.87s
  Iter 11/15 | Best Z =   76.380 mΩ | IterTime =   2.88s
  Iter 12/15 | Best Z =   76.380 mΩ | IterTime =   2.86s
  Iter 13/15 | Best Z =   76.380 mΩ | IterTime =   2.85s
  Iter 14/15 | Best Z =   76.380 mΩ | IterTime =   2.86s
  Iter 15/15 | Best Z =   76.380 mΩ | IterTime =   2.86s
[Stage Complete] n_caps=3 | Best Z = 76.380 mΩ | Ports = [10, 0, 0] | Time = 42.80s

[Stage] n_caps = 4
  Iter 01/15 | Best Z =   67.284 mΩ | IterTime =   3.74s
  Iter 02/15 | Best Z =   67.284 mΩ | IterTime =   3.73s
  Iter 03/15 | Best Z =   67.284 mΩ | IterTime =   3.73s
  Iter 04/15 | Best Z =   67.284 mΩ | IterTime =   3.72s
  Iter 05/15 | Best Z =   67.284 mΩ | IterTime =   3.73s
  Iter 06/15 | Best Z =   67.284 mΩ | IterTime =   3.73s
  Iter 07/15 | Best Z =   67.284 mΩ | IterTime =   3.73s
  Iter 08/15 | Best Z =   67.284 mΩ | IterTime =   3.72s
  Iter 09/15 | Best Z =   67.284 mΩ | IterTime =   3.73s
  Iter 10/15 | Best Z =   67.284 mΩ | IterTime =   3.74s
  Iter 11/15 | Best Z =   67.284 mΩ | IterTime =   3.75s
  Iter 12/15 | Best Z =   67.284 mΩ | IterTime =   3.74s
  Iter 13/15 | Best Z =   67.284 mΩ | IterTime =   3.74s
  Iter 14/15 | Best Z =   67.284 mΩ | IterTime =   3.73s
  Iter 15/15 | Best Z =   67.284 mΩ | IterTime =   3.74s
[Stage Complete] n_caps=4 | Best Z = 67.284 mΩ | Ports = [0, 0, 0, 9] | Time = 56.00s

[Stage] n_caps = 5
  Iter 01/15 | Best Z =   67.150 mΩ | IterTime =   4.60s
  Iter 02/15 | Best Z =   67.150 mΩ | IterTime =   4.60s
  Iter 03/15 | Best Z =   67.150 mΩ | IterTime =   4.61s
  Iter 04/15 | Best Z =   67.150 mΩ | IterTime =   4.59s
  Iter 05/15 | Best Z =   67.150 mΩ | IterTime =   4.59s
  Iter 06/15 | Best Z =   67.150 mΩ | IterTime =   4.58s
  Iter 07/15 | Best Z =   67.150 mΩ | IterTime =   4.59s
  Iter 08/15 | Best Z =   67.150 mΩ | IterTime =   4.57s
  Iter 09/15 | Best Z =   67.150 mΩ | IterTime =   4.59s
  Iter 10/15 | Best Z =   67.150 mΩ | IterTime =   4.58s
  Iter 11/15 | Best Z =   67.150 mΩ | IterTime =   4.58s
  Iter 12/15 | Best Z =   67.150 mΩ | IterTime =   4.59s
  Iter 13/15 | Best Z =   67.150 mΩ | IterTime =   4.59s
  Iter 14/15 | Best Z =   67.150 mΩ | IterTime =   4.59s
  Iter 15/15 | Best Z =   67.150 mΩ | IterTime =   4.60s
[Stage Complete] n_caps=5 | Best Z = 67.150 mΩ | Ports = [0, 0, 9, 0, 2] | Time = 68.84s

[Stage] n_caps = 6
  Iter 01/15 | Best Z =   75.307 mΩ | IterTime =   5.39s
  Iter 02/15 | Best Z =   75.307 mΩ | IterTime =   5.46s
  Iter 03/15 | Best Z =   75.307 mΩ | IterTime =   5.49s
  Iter 04/15 | Best Z =   75.307 mΩ | IterTime =   5.41s
  Iter 05/15 | Best Z =   75.307 mΩ | IterTime =   5.48s
  Iter 06/15 | Best Z =   75.307 mΩ | IterTime =   5.44s
  Iter 07/15 | Best Z =   75.307 mΩ | IterTime =   5.47s
  Iter 08/15 | Best Z =   75.307 mΩ | IterTime =   5.40s
  Iter 09/15 | Best Z =   75.307 mΩ | IterTime =   5.48s
  Iter 10/15 | Best Z =   75.307 mΩ | IterTime =   5.38s
  Iter 11/15 | Best Z =   75.307 mΩ | IterTime =   5.47s
  Iter 12/15 | Best Z =   75.307 mΩ | IterTime =   5.43s
  Iter 13/15 | Best Z =   75.307 mΩ | IterTime =   5.52s
  Iter 14/15 | Best Z =   75.307 mΩ | IterTime =   5.43s
  Iter 15/15 | Best Z =   75.307 mΩ | IterTime =   5.51s
[Stage Complete] n_caps=6 | Best Z = 75.307 mΩ | Ports = [15, 11, 10, 1, 14, 6] | Time = 81.76s

[Stage] n_caps = 7
  Iter 01/15 | Best Z =   71.527 mΩ | IterTime =   6.33s
  Iter 02/15 | Best Z =   71.527 mΩ | IterTime =   6.29s
  Iter 03/15 | Best Z =   71.527 mΩ | IterTime =   6.27s
  Iter 04/15 | Best Z =   71.527 mΩ | IterTime =   6.27s
  Iter 05/15 | Best Z =   71.527 mΩ | IterTime =   6.27s
  Iter 06/15 | Best Z =   71.527 mΩ | IterTime =   6.26s
  Iter 07/15 | Best Z =   71.527 mΩ | IterTime =   6.26s
  Iter 08/15 | Best Z =   71.527 mΩ | IterTime =   6.25s
  Iter 09/15 | Best Z =   71.527 mΩ | IterTime =   6.25s
  Iter 10/15 | Best Z =   71.527 mΩ | IterTime =   6.27s
  Iter 11/15 | Best Z =   71.527 mΩ | IterTime =   6.25s
  Iter 12/15 | Best Z =   71.527 mΩ | IterTime =   6.25s
  Iter 13/15 | Best Z =   71.527 mΩ | IterTime =   6.25s
  Iter 14/15 | Best Z =   71.527 mΩ | IterTime =   6.28s
  Iter 15/15 | Best Z =   71.527 mΩ | IterTime =   6.25s
[Stage Complete] n_caps=7 | Best Z = 71.527 mΩ | Ports = [11, 10, 1, 14, 6, 7, 5] | Time = 94.00s

[Stage] n_caps = 8
  Iter 01/15 | Best Z =   62.965 mΩ | IterTime =   7.10s
  Iter 02/15 | Best Z =   62.965 mΩ | IterTime =   7.20s
  Iter 03/15 | Best Z =   62.965 mΩ | IterTime =   7.11s
  Iter 04/15 | Best Z =   62.965 mΩ | IterTime =   7.19s
  Iter 05/15 | Best Z =   62.965 mΩ | IterTime =   7.15s
  Iter 06/15 | Best Z =   62.965 mΩ | IterTime =   7.19s
  Iter 07/15 | Best Z =   62.965 mΩ | IterTime =   7.15s
  Iter 08/15 | Best Z =   62.965 mΩ | IterTime =   7.19s
  Iter 09/15 | Best Z =   62.965 mΩ | IterTime =   7.16s
  Iter 10/15 | Best Z =   62.965 mΩ | IterTime =   7.21s
  Iter 11/15 | Best Z =   62.965 mΩ | IterTime =   7.25s
  Iter 12/15 | Best Z =   62.965 mΩ | IterTime =   7.15s
  Iter 13/15 | Best Z =   62.965 mΩ | IterTime =   7.11s
  Iter 14/15 | Best Z =   62.965 mΩ | IterTime =   7.17s
  Iter 15/15 | Best Z =   62.965 mΩ | IterTime =   7.11s
[Stage Complete] n_caps=8 | Best Z = 62.965 mΩ | Ports = [10, 1, 14, 6, 7, 5, 16, 9] | Time = 107.43s

[Stage] n_caps = 9
  Iter 01/15 | Best Z =   58.320 mΩ | IterTime =   8.00s
  Iter 02/15 | Best Z =   58.320 mΩ | IterTime =   7.97s
  Iter 03/15 | Best Z =   58.320 mΩ | IterTime =   7.94s
  Iter 04/15 | Best Z =   58.320 mΩ | IterTime =   7.99s
  Iter 05/15 | Best Z =   58.320 mΩ | IterTime =   7.95s
  Iter 06/15 | Best Z =   58.320 mΩ | IterTime =   7.95s
  Iter 07/15 | Best Z =   58.320 mΩ | IterTime =   7.95s
  Iter 08/15 | Best Z =   58.320 mΩ | IterTime =   7.98s
  Iter 09/15 | Best Z =   58.320 mΩ | IterTime =   7.97s
  Iter 10/15 | Best Z =   58.320 mΩ | IterTime =   7.96s
  Iter 11/15 | Best Z =   58.320 mΩ | IterTime =   8.00s
  Iter 12/15 | Best Z =   58.320 mΩ | IterTime =   7.96s
  Iter 13/15 | Best Z =   58.320 mΩ | IterTime =   7.96s
  Iter 14/15 | Best Z =   58.320 mΩ | IterTime =   7.94s
  Iter 15/15 | Best Z =   58.320 mΩ | IterTime =   7.93s
[Stage Complete] n_caps=9 | Best Z = 58.320 mΩ | Ports = [14, 16, 11, 6, 0, 5, 8, 10, 6] | Time = 119.45s
Threshold reached — stopping stage growth.

[Run Complete] Total Time = 616.21s
------------------------------------------------------------
sm | Run 20 | n_caps=9 | Z=0.058320 | Time=616.41s

===== METHOD: iterative =====

============================================================
RUN 01 | METHOD = ITERATIVE
============================================================

[Stage] n_caps = 1
  Iter 01/15 | Best Z =  127.058 mΩ | IterTime =   2.58s
  Iter 02/15 | Best Z =  127.058 mΩ | IterTime =   2.55s
  Iter 03/15 | Best Z =  127.058 mΩ | IterTime =   2.55s
  Iter 04/15 | Best Z =  127.058 mΩ | IterTime =   2.55s
  Iter 05/15 | Best Z =  127.058 mΩ | IterTime =   2.55s
  Iter 06/15 | Best Z =  127.058 mΩ | IterTime =   2.54s
  Iter 07/15 | Best Z =  127.058 mΩ | IterTime =   2.55s
  Iter 08/15 | Best Z =  127.058 mΩ | IterTime =   2.54s
  Iter 09/15 | Best Z =  127.058 mΩ | IterTime =   2.55s
  Iter 10/15 | Best Z =  127.058 mΩ | IterTime =   2.54s
  Iter 11/15 | Best Z =  127.058 mΩ | IterTime =   2.55s
  Iter 12/15 | Best Z =  127.058 mΩ | IterTime =   2.55s
  Iter 13/15 | Best Z =  127.058 mΩ | IterTime =   2.54s
  Iter 14/15 | Best Z =  127.058 mΩ | IterTime =   2.54s
  Iter 15/15 | Best Z =  127.058 mΩ | IterTime =   2.53s
[Stage Complete] n_caps=1 | Best Z = 127.058 mΩ | Ports = [0] | Time = 38.21s

[Stage] n_caps = 2
  Iter 01/15 | Best Z =  119.349 mΩ | IterTime =   2.64s
  Iter 02/15 | Best Z =  119.349 mΩ | IterTime =   2.63s
  Iter 03/15 | Best Z =  119.349 mΩ | IterTime =   2.63s
  Iter 04/15 | Best Z =  119.349 mΩ | IterTime =   2.63s
  Iter 05/15 | Best Z =  119.349 mΩ | IterTime =   2.65s
  Iter 06/15 | Best Z =  119.349 mΩ | IterTime =   2.65s
  Iter 07/15 | Best Z =  119.349 mΩ | IterTime =   2.64s
  Iter 08/15 | Best Z =  119.349 mΩ | IterTime =   2.64s
  Iter 09/15 | Best Z =  119.349 mΩ | IterTime =   2.66s
  Iter 10/15 | Best Z =  119.349 mΩ | IterTime =   2.65s
  Iter 11/15 | Best Z =  119.349 mΩ | IterTime =   2.64s
  Iter 12/15 | Best Z =  119.349 mΩ | IterTime =   2.65s
  Iter 13/15 | Best Z =  119.349 mΩ | IterTime =   2.67s
  Iter 14/15 | Best Z =  119.349 mΩ | IterTime =   2.65s
  Iter 15/15 | Best Z =  119.349 mΩ | IterTime =   2.65s
[Stage Complete] n_caps=2 | Best Z = 119.349 mΩ | Ports = [0, 16] | Time = 39.66s

[Stage] n_caps = 3
  Iter 01/15 | Best Z =   92.790 mΩ | IterTime =   2.72s
  Iter 02/15 | Best Z =   92.790 mΩ | IterTime =   2.71s
  Iter 03/15 | Best Z =   92.790 mΩ | IterTime =   2.72s
  Iter 04/15 | Best Z =   92.790 mΩ | IterTime =   2.72s
  Iter 05/15 | Best Z =   92.790 mΩ | IterTime =   2.70s
  Iter 06/15 | Best Z =   92.790 mΩ | IterTime =   2.70s
  Iter 07/15 | Best Z =   92.790 mΩ | IterTime =   2.75s
  Iter 08/15 | Best Z =   92.790 mΩ | IterTime =   2.71s
  Iter 09/15 | Best Z =   92.790 mΩ | IterTime =   2.72s
  Iter 10/15 | Best Z =   92.790 mΩ | IterTime =   2.72s
  Iter 11/15 | Best Z =   92.790 mΩ | IterTime =   2.71s
  Iter 12/15 | Best Z =   92.790 mΩ | IterTime =   2.71s
  Iter 13/15 | Best Z =   92.790 mΩ | IterTime =   2.74s
  Iter 14/15 | Best Z =   92.790 mΩ | IterTime =   2.70s
  Iter 15/15 | Best Z =   92.790 mΩ | IterTime =   2.71s
[Stage Complete] n_caps=3 | Best Z = 92.790 mΩ | Ports = [5, 9, 14] | Time = 40.75s

[Stage] n_caps = 4
  Iter 01/15 | Best Z =   80.060 mΩ | IterTime =   2.77s
  Iter 02/15 | Best Z =   80.060 mΩ | IterTime =   2.77s
  Iter 03/15 | Best Z =   80.060 mΩ | IterTime =   2.79s
  Iter 04/15 | Best Z =   80.060 mΩ | IterTime =   2.76s
  Iter 05/15 | Best Z =   80.060 mΩ | IterTime =   2.79s
  Iter 06/15 | Best Z =   80.060 mΩ | IterTime =   2.77s
  Iter 07/15 | Best Z =   80.060 mΩ | IterTime =   2.80s
  Iter 08/15 | Best Z =   80.060 mΩ | IterTime =   2.76s
  Iter 09/15 | Best Z =   80.060 mΩ | IterTime =   2.81s
  Iter 10/15 | Best Z =   80.060 mΩ | IterTime =   2.77s
  Iter 11/15 | Best Z =   80.060 mΩ | IterTime =   2.80s
  Iter 12/15 | Best Z =   80.060 mΩ | IterTime =   2.77s
  Iter 13/15 | Best Z =   80.060 mΩ | IterTime =   2.81s
  Iter 14/15 | Best Z =   80.060 mΩ | IterTime =   2.77s
  Iter 15/15 | Best Z =   80.060 mΩ | IterTime =   2.81s
[Stage Complete] n_caps=4 | Best Z = 80.060 mΩ | Ports = [0, 0, 13, 8] | Time = 41.76s

[Stage] n_caps = 5
  Iter 01/15 | Best Z =   63.646 mΩ | IterTime =   2.86s
  Iter 02/15 | Best Z =   63.646 mΩ | IterTime =   2.83s
  Iter 03/15 | Best Z =   63.646 mΩ | IterTime =   2.84s
  Iter 04/15 | Best Z =   63.646 mΩ | IterTime =   2.86s
  Iter 05/15 | Best Z =   63.646 mΩ | IterTime =   2.84s
  Iter 06/15 | Best Z =   63.646 mΩ | IterTime =   2.83s
  Iter 07/15 | Best Z =   63.646 mΩ | IterTime =   2.86s
  Iter 08/15 | Best Z =   63.646 mΩ | IterTime =   2.84s
  Iter 09/15 | Best Z =   63.646 mΩ | IterTime =   2.84s
  Iter 10/15 | Best Z =   63.646 mΩ | IterTime =   2.86s
  Iter 11/15 | Best Z =   63.646 mΩ | IterTime =   2.84s
  Iter 12/15 | Best Z =   63.646 mΩ | IterTime =   2.84s
  Iter 13/15 | Best Z =   63.646 mΩ | IterTime =   2.86s
  Iter 14/15 | Best Z =   63.646 mΩ | IterTime =   2.83s
  Iter 15/15 | Best Z =   63.646 mΩ | IterTime =   2.84s
[Stage Complete] n_caps=5 | Best Z = 63.646 mΩ | Ports = [0, 16, 4, 5, 0] | Time = 42.67s

[Stage] n_caps = 6
  Iter 01/15 | Best Z =   67.691 mΩ | IterTime =   2.95s
  Iter 02/15 | Best Z =   67.691 mΩ | IterTime =   2.94s
  Iter 03/15 | Best Z =   67.691 mΩ | IterTime =   2.94s
  Iter 04/15 | Best Z =   67.691 mΩ | IterTime =   2.94s
  Iter 05/15 | Best Z =   67.691 mΩ | IterTime =   2.94s
  Iter 06/15 | Best Z =   67.691 mΩ | IterTime =   2.94s
  Iter 07/15 | Best Z =   67.691 mΩ | IterTime =   2.94s
  Iter 08/15 | Best Z =   67.691 mΩ | IterTime =   2.94s
  Iter 09/15 | Best Z =   67.691 mΩ | IterTime =   2.94s
  Iter 10/15 | Best Z =   67.691 mΩ | IterTime =   2.95s
  Iter 11/15 | Best Z =   67.691 mΩ | IterTime =   2.95s
  Iter 12/15 | Best Z =   67.691 mΩ | IterTime =   2.95s
  Iter 13/15 | Best Z =   67.691 mΩ | IterTime =   2.95s
  Iter 14/15 | Best Z =   67.691 mΩ | IterTime =   2.94s
  Iter 15/15 | Best Z =   67.691 mΩ | IterTime =   2.95s
[Stage Complete] n_caps=6 | Best Z = 67.691 mΩ | Ports = [16, 4, 5, 0, 0, 0] | Time = 44.15s

[Stage] n_caps = 7
  Iter 01/15 | Best Z =   58.045 mΩ | IterTime =   3.01s
  Iter 02/15 | Best Z =   58.045 mΩ | IterTime =   3.01s
  Iter 03/15 | Best Z =   58.045 mΩ | IterTime =   3.01s
  Iter 04/15 | Best Z =   58.045 mΩ | IterTime =   3.00s
  Iter 05/15 | Best Z =   58.045 mΩ | IterTime =   3.01s
  Iter 06/15 | Best Z =   58.045 mΩ | IterTime =   3.00s
  Iter 07/15 | Best Z =   58.045 mΩ | IterTime =   2.99s
  Iter 08/15 | Best Z =   58.045 mΩ | IterTime =   3.00s
  Iter 09/15 | Best Z =   58.045 mΩ | IterTime =   2.99s
  Iter 10/15 | Best Z =   58.045 mΩ | IterTime =   3.00s
  Iter 11/15 | Best Z =   58.045 mΩ | IterTime =   3.00s
  Iter 12/15 | Best Z =   58.045 mΩ | IterTime =   3.00s
  Iter 13/15 | Best Z =   58.045 mΩ | IterTime =   2.99s
  Iter 14/15 | Best Z =   58.045 mΩ | IterTime =   3.00s
  Iter 15/15 | Best Z =   58.045 mΩ | IterTime =   2.99s
[Stage Complete] n_caps=7 | Best Z = 58.045 mΩ | Ports = [4, 5, 0, 0, 0, 19, 0] | Time = 44.99s
Threshold reached — stopping stage growth.

[Run Complete] Total Time = 292.20s
------------------------------------------------------------
iterative | Run 01 | n_caps=7 | Z=0.058045 | Time=292.42s

============================================================
RUN 02 | METHOD = ITERATIVE
============================================================

[Stage] n_caps = 1
  Iter 01/15 | Best Z =  145.887 mΩ | IterTime =   2.61s
  Iter 02/15 | Best Z =  145.887 mΩ | IterTime =   2.60s
  Iter 03/15 | Best Z =  145.887 mΩ | IterTime =   2.60s
  Iter 04/15 | Best Z =  145.887 mΩ | IterTime =   2.59s
  Iter 05/15 | Best Z =  145.887 mΩ | IterTime =   2.59s
  Iter 06/15 | Best Z =  145.887 mΩ | IterTime =   2.60s
  Iter 07/15 | Best Z =  145.887 mΩ | IterTime =   2.59s
  Iter 08/15 | Best Z =  145.887 mΩ | IterTime =   2.60s
  Iter 09/15 | Best Z =  145.887 mΩ | IterTime =   2.60s
  Iter 10/15 | Best Z =  145.887 mΩ | IterTime =   2.60s
  Iter 11/15 | Best Z =  145.887 mΩ | IterTime =   2.60s
  Iter 12/15 | Best Z =  145.887 mΩ | IterTime =   2.60s
  Iter 13/15 | Best Z =  145.887 mΩ | IterTime =   2.59s
  Iter 14/15 | Best Z =  145.887 mΩ | IterTime =   2.59s
  Iter 15/15 | Best Z =  145.887 mΩ | IterTime =   2.59s
[Stage Complete] n_caps=1 | Best Z = 145.887 mΩ | Ports = [9] | Time = 38.96s

[Stage] n_caps = 2
  Iter 01/15 | Best Z =   99.406 mΩ | IterTime =   2.67s
  Iter 02/15 | Best Z =   99.406 mΩ | IterTime =   2.67s
  Iter 03/15 | Best Z =   99.406 mΩ | IterTime =   2.66s
  Iter 04/15 | Best Z =   99.406 mΩ | IterTime =   2.67s
  Iter 05/15 | Best Z =   99.406 mΩ | IterTime =   2.67s
  Iter 06/15 | Best Z =   99.406 mΩ | IterTime =   2.66s
  Iter 07/15 | Best Z =   99.406 mΩ | IterTime =   2.67s
  Iter 08/15 | Best Z =   99.406 mΩ | IterTime =   2.67s
  Iter 09/15 | Best Z =   99.406 mΩ | IterTime =   2.66s
  Iter 10/15 | Best Z =   99.406 mΩ | IterTime =   2.67s
  Iter 11/15 | Best Z =   99.406 mΩ | IterTime =   2.67s
  Iter 12/15 | Best Z =   99.406 mΩ | IterTime =   2.66s
  Iter 13/15 | Best Z =   99.406 mΩ | IterTime =   2.67s
  Iter 14/15 | Best Z =   99.406 mΩ | IterTime =   2.67s
  Iter 15/15 | Best Z =   99.406 mΩ | IterTime =   2.67s
[Stage Complete] n_caps=2 | Best Z = 99.406 mΩ | Ports = [16, 10] | Time = 40.02s

[Stage] n_caps = 3
  Iter 01/15 | Best Z =   76.108 mΩ | IterTime =   2.77s
  Iter 02/15 | Best Z =   76.108 mΩ | IterTime =   2.78s
  Iter 03/15 | Best Z =   76.108 mΩ | IterTime =   2.79s
  Iter 04/15 | Best Z =   76.108 mΩ | IterTime =   2.78s
  Iter 05/15 | Best Z =   76.108 mΩ | IterTime =   2.78s
  Iter 06/15 | Best Z =   76.108 mΩ | IterTime =   2.78s
  Iter 07/15 | Best Z =   76.108 mΩ | IterTime =   2.78s
  Iter 08/15 | Best Z =   76.108 mΩ | IterTime =   2.78s
  Iter 09/15 | Best Z =   76.108 mΩ | IterTime =   2.78s
  Iter 10/15 | Best Z =   76.108 mΩ | IterTime =   2.79s
  Iter 11/15 | Best Z =   76.108 mΩ | IterTime =   2.78s
  Iter 12/15 | Best Z =   76.108 mΩ | IterTime =   2.78s
  Iter 13/15 | Best Z =   76.108 mΩ | IterTime =   2.79s
  Iter 14/15 | Best Z =   76.108 mΩ | IterTime =   2.80s
  Iter 15/15 | Best Z =   76.108 mΩ | IterTime =   2.78s
[Stage Complete] n_caps=3 | Best Z = 76.108 mΩ | Ports = [5, 14, 0] | Time = 41.73s

[Stage] n_caps = 4
  Iter 01/15 | Best Z =   78.798 mΩ | IterTime =   2.83s
  Iter 02/15 | Best Z =   78.798 mΩ | IterTime =   2.82s
  Iter 03/15 | Best Z =   78.798 mΩ | IterTime =   2.83s
  Iter 04/15 | Best Z =   78.798 mΩ | IterTime =   2.82s
  Iter 05/15 | Best Z =   78.798 mΩ | IterTime =   2.82s
  Iter 06/15 | Best Z =   78.798 mΩ | IterTime =   2.82s
  Iter 07/15 | Best Z =   78.798 mΩ | IterTime =   2.82s
  Iter 08/15 | Best Z =   78.798 mΩ | IterTime =   2.82s
  Iter 09/15 | Best Z =   78.798 mΩ | IterTime =   2.83s
  Iter 10/15 | Best Z =   78.798 mΩ | IterTime =   2.83s
  Iter 11/15 | Best Z =   78.798 mΩ | IterTime =   2.84s
  Iter 12/15 | Best Z =   78.798 mΩ | IterTime =   2.83s
  Iter 13/15 | Best Z =   78.798 mΩ | IterTime =   2.87s
  Iter 14/15 | Best Z =   78.798 mΩ | IterTime =   2.83s
  Iter 15/15 | Best Z =   78.798 mΩ | IterTime =   2.83s
[Stage Complete] n_caps=4 | Best Z = 78.798 mΩ | Ports = [14, 0, 10, 14] | Time = 42.44s

[Stage] n_caps = 5
  Iter 01/15 | Best Z =   60.972 mΩ | IterTime =   2.92s
  Iter 02/15 | Best Z =   60.972 mΩ | IterTime =   2.90s
  Iter 03/15 | Best Z =   60.972 mΩ | IterTime =   2.91s
  Iter 04/15 | Best Z =   60.972 mΩ | IterTime =   2.91s
  Iter 05/15 | Best Z =   60.972 mΩ | IterTime =   2.90s
  Iter 06/15 | Best Z =   60.972 mΩ | IterTime =   2.91s
  Iter 07/15 | Best Z =   60.972 mΩ | IterTime =   2.91s
  Iter 08/15 | Best Z =   60.972 mΩ | IterTime =   2.91s
  Iter 09/15 | Best Z =   60.972 mΩ | IterTime =   2.92s
  Iter 10/15 | Best Z =   60.972 mΩ | IterTime =   2.91s
  Iter 11/15 | Best Z =   60.972 mΩ | IterTime =   2.90s
  Iter 12/15 | Best Z =   60.972 mΩ | IterTime =   2.91s
  Iter 13/15 | Best Z =   60.972 mΩ | IterTime =   2.91s
  Iter 14/15 | Best Z =   60.972 mΩ | IterTime =   2.90s
  Iter 15/15 | Best Z =   60.972 mΩ | IterTime =   2.91s
[Stage Complete] n_caps=5 | Best Z = 60.972 mΩ | Ports = [0, 10, 14, 0, 3] | Time = 43.64s

[Stage] n_caps = 6
  Iter 01/15 | Best Z =   65.232 mΩ | IterTime =   2.98s
  Iter 02/15 | Best Z =   65.232 mΩ | IterTime =   2.98s
  Iter 03/15 | Best Z =   65.232 mΩ | IterTime =   2.96s
  Iter 04/15 | Best Z =   65.232 mΩ | IterTime =   2.97s
  Iter 05/15 | Best Z =   65.232 mΩ | IterTime =   2.97s
  Iter 06/15 | Best Z =   65.232 mΩ | IterTime =   2.98s
  Iter 07/15 | Best Z =   65.232 mΩ | IterTime =   2.97s
  Iter 08/15 | Best Z =   65.232 mΩ | IterTime =   2.98s
  Iter 09/15 | Best Z =   65.232 mΩ | IterTime =   2.97s
  Iter 10/15 | Best Z =   65.232 mΩ | IterTime =   2.99s
  Iter 11/15 | Best Z =   65.232 mΩ | IterTime =   2.98s
  Iter 12/15 | Best Z =   65.232 mΩ | IterTime =   2.99s
  Iter 13/15 | Best Z =   65.232 mΩ | IterTime =   2.97s
  Iter 14/15 | Best Z =   65.232 mΩ | IterTime =   2.99s
  Iter 15/15 | Best Z =   65.232 mΩ | IterTime =   2.98s
[Stage Complete] n_caps=6 | Best Z = 65.232 mΩ | Ports = [10, 14, 0, 3, 0, 16] | Time = 44.66s

[Stage] n_caps = 7
  Iter 01/15 | Best Z =   56.072 mΩ | IterTime =   3.02s
  Iter 02/15 | Best Z =   56.072 mΩ | IterTime =   3.03s
  Iter 03/15 | Best Z =   56.072 mΩ | IterTime =   3.01s
  Iter 04/15 | Best Z =   56.072 mΩ | IterTime =   3.02s
  Iter 05/15 | Best Z =   56.072 mΩ | IterTime =   3.02s
  Iter 06/15 | Best Z =   56.072 mΩ | IterTime =   3.01s
  Iter 07/15 | Best Z =   56.072 mΩ | IterTime =   3.04s
  Iter 08/15 | Best Z =   56.072 mΩ | IterTime =   3.02s
  Iter 09/15 | Best Z =   56.072 mΩ | IterTime =   3.01s
  Iter 10/15 | Best Z =   56.072 mΩ | IterTime =   3.02s
  Iter 11/15 | Best Z =   56.072 mΩ | IterTime =   3.03s
  Iter 12/15 | Best Z =   56.072 mΩ | IterTime =   3.01s
  Iter 13/15 | Best Z =   56.072 mΩ | IterTime =   3.02s
  Iter 14/15 | Best Z =   56.072 mΩ | IterTime =   3.02s
  Iter 15/15 | Best Z =   56.072 mΩ | IterTime =   3.00s
[Stage Complete] n_caps=7 | Best Z = 56.072 mΩ | Ports = [12, 0, 0, 4, 0, 18, 10] | Time = 45.28s
Threshold reached — stopping stage growth.

[Run Complete] Total Time = 296.72s
------------------------------------------------------------
iterative | Run 02 | n_caps=7 | Z=0.056072 | Time=296.92s

============================================================
RUN 03 | METHOD = ITERATIVE
============================================================

[Stage] n_caps = 1
  Iter 01/15 | Best Z =  130.433 mΩ | IterTime =   2.55s
  Iter 02/15 | Best Z =  130.433 mΩ | IterTime =   2.55s
  Iter 03/15 | Best Z =  130.433 mΩ | IterTime =   2.55s
  Iter 04/15 | Best Z =  130.433 mΩ | IterTime =   2.55s
  Iter 05/15 | Best Z =  130.433 mΩ | IterTime =   2.54s
  Iter 06/15 | Best Z =  130.433 mΩ | IterTime =   2.56s
  Iter 07/15 | Best Z =  130.433 mΩ | IterTime =   2.56s
  Iter 08/15 | Best Z =  130.433 mΩ | IterTime =   2.56s
  Iter 09/15 | Best Z =  130.433 mΩ | IterTime =   2.56s
  Iter 10/15 | Best Z =  130.433 mΩ | IterTime =   2.56s
  Iter 11/15 | Best Z =  130.433 mΩ | IterTime =   2.56s
  Iter 12/15 | Best Z =  130.433 mΩ | IterTime =   2.56s
  Iter 13/15 | Best Z =  130.433 mΩ | IterTime =   2.58s
  Iter 14/15 | Best Z =  130.433 mΩ | IterTime =   2.56s
  Iter 15/15 | Best Z =  130.433 mΩ | IterTime =   2.56s
[Stage Complete] n_caps=1 | Best Z = 130.433 mΩ | Ports = [6] | Time = 38.35s

[Stage] n_caps = 2
  Iter 01/15 | Best Z =   90.722 mΩ | IterTime =   2.63s
  Iter 02/15 | Best Z =   90.722 mΩ | IterTime =   2.62s
  Iter 03/15 | Best Z =   90.722 mΩ | IterTime =   2.62s
  Iter 04/15 | Best Z =   90.722 mΩ | IterTime =   2.62s
  Iter 05/15 | Best Z =   90.722 mΩ | IterTime =   2.62s
  Iter 06/15 | Best Z =   90.722 mΩ | IterTime =   2.62s
  Iter 07/15 | Best Z =   90.722 mΩ | IterTime =   2.62s
  Iter 08/15 | Best Z =   90.722 mΩ | IterTime =   2.63s
  Iter 09/15 | Best Z =   90.722 mΩ | IterTime =   2.63s
  Iter 10/15 | Best Z =   90.722 mΩ | IterTime =   2.63s
  Iter 11/15 | Best Z =   90.722 mΩ | IterTime =   2.62s
  Iter 12/15 | Best Z =   90.722 mΩ | IterTime =   2.63s
  Iter 13/15 | Best Z =   90.722 mΩ | IterTime =   2.63s
  Iter 14/15 | Best Z =   90.722 mΩ | IterTime =   2.63s
  Iter 15/15 | Best Z =   90.722 mΩ | IterTime =   2.62s
[Stage Complete] n_caps=2 | Best Z = 90.722 mΩ | Ports = [0, 5] | Time = 39.37s

[Stage] n_caps = 3
  Iter 01/15 | Best Z =   93.217 mΩ | IterTime =   2.71s
  Iter 02/15 | Best Z =   93.217 mΩ | IterTime =   2.71s
  Iter 03/15 | Best Z =   93.217 mΩ | IterTime =   2.71s
  Iter 04/15 | Best Z =   93.217 mΩ | IterTime =   2.71s
  Iter 05/15 | Best Z =   93.217 mΩ | IterTime =   2.71s
  Iter 06/15 | Best Z =   93.217 mΩ | IterTime =   2.73s
  Iter 07/15 | Best Z =   93.217 mΩ | IterTime =   2.71s
  Iter 08/15 | Best Z =   93.217 mΩ | IterTime =   2.71s
  Iter 09/15 | Best Z =   93.217 mΩ | IterTime =   2.71s
  Iter 10/15 | Best Z =   93.217 mΩ | IterTime =   2.71s
  Iter 11/15 | Best Z =   93.217 mΩ | IterTime =   2.71s
  Iter 12/15 | Best Z =   93.217 mΩ | IterTime =   2.71s
  Iter 13/15 | Best Z =   93.217 mΩ | IterTime =   2.71s
  Iter 14/15 | Best Z =   93.217 mΩ | IterTime =   2.71s
  Iter 15/15 | Best Z =   93.217 mΩ | IterTime =   2.71s
[Stage Complete] n_caps=3 | Best Z = 93.217 mΩ | Ports = [5, 0, 16] | Time = 40.68s

[Stage] n_caps = 4
  Iter 01/15 | Best Z =   67.792 mΩ | IterTime =   2.79s
  Iter 02/15 | Best Z =   67.792 mΩ | IterTime =   2.79s
  Iter 03/15 | Best Z =   67.792 mΩ | IterTime =   2.80s
  Iter 04/15 | Best Z =   67.792 mΩ | IterTime =   2.79s
  Iter 05/15 | Best Z =   67.792 mΩ | IterTime =   2.81s
  Iter 06/15 | Best Z =   67.792 mΩ | IterTime =   2.82s
  Iter 07/15 | Best Z =   67.792 mΩ | IterTime =   2.81s
  Iter 08/15 | Best Z =   67.792 mΩ | IterTime =   2.82s
  Iter 09/15 | Best Z =   67.792 mΩ | IterTime =   2.81s
  Iter 10/15 | Best Z =   67.792 mΩ | IterTime =   2.81s
  Iter 11/15 | Best Z =   67.792 mΩ | IterTime =   2.80s
  Iter 12/15 | Best Z =   67.792 mΩ | IterTime =   2.81s
  Iter 13/15 | Best Z =   67.792 mΩ | IterTime =   2.82s
  Iter 14/15 | Best Z =   67.792 mΩ | IterTime =   2.80s
  Iter 15/15 | Best Z =   67.792 mΩ | IterTime =   2.81s
[Stage Complete] n_caps=4 | Best Z = 67.792 mΩ | Ports = [0, 16, 10, 6] | Time = 42.10s

[Stage] n_caps = 5
  Iter 01/15 | Best Z =   75.511 mΩ | IterTime =   2.85s
  Iter 02/15 | Best Z =   75.511 mΩ | IterTime =   2.84s
  Iter 03/15 | Best Z =   75.511 mΩ | IterTime =   2.84s
  Iter 04/15 | Best Z =   75.511 mΩ | IterTime =   2.84s
  Iter 05/15 | Best Z =   75.511 mΩ | IterTime =   2.84s
  Iter 06/15 | Best Z =   75.511 mΩ | IterTime =   2.85s
  Iter 07/15 | Best Z =   75.511 mΩ | IterTime =   2.84s
  Iter 08/15 | Best Z =   75.511 mΩ | IterTime =   2.86s
  Iter 09/15 | Best Z =   75.511 mΩ | IterTime =   2.85s
  Iter 10/15 | Best Z =   75.511 mΩ | IterTime =   2.85s
  Iter 11/15 | Best Z =   75.511 mΩ | IterTime =   2.85s
  Iter 12/15 | Best Z =   75.511 mΩ | IterTime =   2.85s
  Iter 13/15 | Best Z =   75.511 mΩ | IterTime =   2.84s
  Iter 14/15 | Best Z =   75.511 mΩ | IterTime =   2.84s
  Iter 15/15 | Best Z =   75.511 mΩ | IterTime =   2.84s
[Stage Complete] n_caps=5 | Best Z = 75.511 mΩ | Ports = [16, 10, 6, 9, 8] | Time = 42.68s

[Stage] n_caps = 6
  Iter 01/15 | Best Z =   69.305 mΩ | IterTime =   2.91s
  Iter 02/15 | Best Z =   69.305 mΩ | IterTime =   2.92s
  Iter 03/15 | Best Z =   69.305 mΩ | IterTime =   2.92s
  Iter 04/15 | Best Z =   69.305 mΩ | IterTime =   2.93s
  Iter 05/15 | Best Z =   69.305 mΩ | IterTime =   2.92s
  Iter 06/15 | Best Z =   69.305 mΩ | IterTime =   2.92s
  Iter 07/15 | Best Z =   69.305 mΩ | IterTime =   2.93s
  Iter 08/15 | Best Z =   69.305 mΩ | IterTime =   2.92s
  Iter 09/15 | Best Z =   69.305 mΩ | IterTime =   2.92s
  Iter 10/15 | Best Z =   69.305 mΩ | IterTime =   2.93s
  Iter 11/15 | Best Z =   69.305 mΩ | IterTime =   2.91s
  Iter 12/15 | Best Z =   69.305 mΩ | IterTime =   2.92s
  Iter 13/15 | Best Z =   69.305 mΩ | IterTime =   2.93s
  Iter 14/15 | Best Z =   69.305 mΩ | IterTime =   2.91s
  Iter 15/15 | Best Z =   69.305 mΩ | IterTime =   2.92s
[Stage Complete] n_caps=6 | Best Z = 69.305 mΩ | Ports = [11, 5, 0, 6, 7, 6] | Time = 43.82s

[Stage] n_caps = 7
  Iter 01/15 | Best Z =   57.729 mΩ | IterTime =   3.00s
  Iter 02/15 | Best Z =   57.729 mΩ | IterTime =   3.02s
  Iter 03/15 | Best Z =   57.729 mΩ | IterTime =   3.09s
  Iter 04/15 | Best Z =   57.729 mΩ | IterTime =   3.04s
  Iter 05/15 | Best Z =   57.729 mΩ | IterTime =   3.09s
  Iter 06/15 | Best Z =   57.729 mΩ | IterTime =   3.04s
  Iter 07/15 | Best Z =   57.729 mΩ | IterTime =   3.03s
  Iter 08/15 | Best Z =   57.729 mΩ | IterTime =   3.04s
  Iter 09/15 | Best Z =   57.729 mΩ | IterTime =   3.04s
  Iter 10/15 | Best Z =   57.729 mΩ | IterTime =   3.15s
  Iter 11/15 | Best Z =   57.729 mΩ | IterTime =   3.09s
  Iter 12/15 | Best Z =   57.729 mΩ | IterTime =   3.02s
  Iter 13/15 | Best Z =   57.729 mΩ | IterTime =   3.02s
  Iter 14/15 | Best Z =   57.729 mΩ | IterTime =   3.01s
  Iter 15/15 | Best Z =   57.729 mΩ | IterTime =   3.02s
[Stage Complete] n_caps=7 | Best Z = 57.729 mΩ | Ports = [5, 0, 6, 7, 6, 0, 17] | Time = 45.70s
Threshold reached — stopping stage growth.

[Run Complete] Total Time = 292.70s
------------------------------------------------------------
iterative | Run 03 | n_caps=7 | Z=0.057729 | Time=292.92s

============================================================
RUN 04 | METHOD = ITERATIVE
============================================================

[Stage] n_caps = 1
  Iter 01/15 | Best Z =  116.554 mΩ | IterTime =   2.54s
  Iter 02/15 | Best Z =  116.554 mΩ | IterTime =   2.55s
  Iter 03/15 | Best Z =  116.554 mΩ | IterTime =   2.55s
  Iter 04/15 | Best Z =  116.554 mΩ | IterTime =   2.54s
  Iter 05/15 | Best Z =  116.554 mΩ | IterTime =   2.55s
  Iter 06/15 | Best Z =  116.554 mΩ | IterTime =   2.54s
  Iter 07/15 | Best Z =  116.554 mΩ | IterTime =   2.55s
  Iter 08/15 | Best Z =  116.554 mΩ | IterTime =   2.56s
  Iter 09/15 | Best Z =  116.554 mΩ | IterTime =   2.54s
  Iter 10/15 | Best Z =  116.554 mΩ | IterTime =   2.55s
  Iter 11/15 | Best Z =  116.554 mΩ | IterTime =   2.55s
  Iter 12/15 | Best Z =  116.554 mΩ | IterTime =   2.55s
  Iter 13/15 | Best Z =  116.554 mΩ | IterTime =   2.54s
  Iter 14/15 | Best Z =  116.554 mΩ | IterTime =   2.54s
  Iter 15/15 | Best Z =  116.554 mΩ | IterTime =   2.54s
[Stage Complete] n_caps=1 | Best Z = 116.554 mΩ | Ports = [7] | Time = 38.19s

[Stage] n_caps = 2
  Iter 01/15 | Best Z =   95.188 mΩ | IterTime =   2.69s
  Iter 02/15 | Best Z =   95.188 mΩ | IterTime =   2.68s
  Iter 03/15 | Best Z =   95.188 mΩ | IterTime =   2.68s
  Iter 04/15 | Best Z =   95.188 mΩ | IterTime =   2.67s
  Iter 05/15 | Best Z =   95.188 mΩ | IterTime =   2.68s
  Iter 06/15 | Best Z =   95.188 mΩ | IterTime =   2.68s
  Iter 07/15 | Best Z =   95.188 mΩ | IterTime =   2.67s
  Iter 08/15 | Best Z =   95.188 mΩ | IterTime =   2.68s
  Iter 09/15 | Best Z =   95.188 mΩ | IterTime =   2.68s
  Iter 10/15 | Best Z =   95.188 mΩ | IterTime =   2.68s
  Iter 11/15 | Best Z =   95.188 mΩ | IterTime =   2.67s
  Iter 12/15 | Best Z =   95.188 mΩ | IterTime =   2.67s
  Iter 13/15 | Best Z =   95.188 mΩ | IterTime =   2.68s
  Iter 14/15 | Best Z =   95.188 mΩ | IterTime =   2.67s
  Iter 15/15 | Best Z =   95.188 mΩ | IterTime =   2.68s
[Stage Complete] n_caps=2 | Best Z = 95.188 mΩ | Ports = [14, 0] | Time = 40.15s

[Stage] n_caps = 3
  Iter 01/15 | Best Z =   79.415 mΩ | IterTime =   2.75s
  Iter 02/15 | Best Z =   79.415 mΩ | IterTime =   2.75s
  Iter 03/15 | Best Z =   79.415 mΩ | IterTime =   2.75s
  Iter 04/15 | Best Z =   79.415 mΩ | IterTime =   2.76s
  Iter 05/15 | Best Z =   79.415 mΩ | IterTime =   2.75s
  Iter 06/15 | Best Z =   79.415 mΩ | IterTime =   2.75s
  Iter 07/15 | Best Z =   79.415 mΩ | IterTime =   2.75s
  Iter 08/15 | Best Z =   79.415 mΩ | IterTime =   2.75s
  Iter 09/15 | Best Z =   79.415 mΩ | IterTime =   2.77s
  Iter 10/15 | Best Z =   79.415 mΩ | IterTime =   2.76s
  Iter 11/15 | Best Z =   79.415 mΩ | IterTime =   2.75s
  Iter 12/15 | Best Z =   79.415 mΩ | IterTime =   2.75s
  Iter 13/15 | Best Z =   79.415 mΩ | IterTime =   2.75s
  Iter 14/15 | Best Z =   79.415 mΩ | IterTime =   2.76s
  Iter 15/15 | Best Z =   79.415 mΩ | IterTime =   2.76s
[Stage Complete] n_caps=3 | Best Z = 79.415 mΩ | Ports = [0, 6, 8] | Time = 41.31s

[Stage] n_caps = 4
  Iter 01/15 | Best Z =   71.019 mΩ | IterTime =   2.82s
  Iter 02/15 | Best Z =   71.019 mΩ | IterTime =   2.80s
  Iter 03/15 | Best Z =   71.019 mΩ | IterTime =   2.81s
  Iter 04/15 | Best Z =   71.019 mΩ | IterTime =   2.80s
  Iter 05/15 | Best Z =   71.019 mΩ | IterTime =   2.81s
  Iter 06/15 | Best Z =   71.019 mΩ | IterTime =   2.80s
  Iter 07/15 | Best Z =   71.019 mΩ | IterTime =   2.81s
  Iter 08/15 | Best Z =   71.019 mΩ | IterTime =   2.80s
  Iter 09/15 | Best Z =   71.019 mΩ | IterTime =   2.81s
  Iter 10/15 | Best Z =   71.019 mΩ | IterTime =   2.79s
  Iter 11/15 | Best Z =   71.019 mΩ | IterTime =   2.81s
  Iter 12/15 | Best Z =   71.019 mΩ | IterTime =   2.80s
  Iter 13/15 | Best Z =   71.019 mΩ | IterTime =   2.81s
  Iter 14/15 | Best Z =   71.019 mΩ | IterTime =   2.81s
  Iter 15/15 | Best Z =   71.019 mΩ | IterTime =   2.81s
[Stage Complete] n_caps=4 | Best Z = 71.019 mΩ | Ports = [10, 0, 0, 6] | Time = 42.08s

[Stage] n_caps = 5
  Iter 01/15 | Best Z =   65.095 mΩ | IterTime =   2.93s
  Iter 02/15 | Best Z =   65.095 mΩ | IterTime =   3.11s
  Iter 03/15 | Best Z =   65.095 mΩ | IterTime =   2.99s
  Iter 04/15 | Best Z =   65.095 mΩ | IterTime =   2.99s
  Iter 05/15 | Best Z =   65.095 mΩ | IterTime =   2.96s
  Iter 06/15 | Best Z =   65.095 mΩ | IterTime =   2.93s
  Iter 07/15 | Best Z =   65.095 mΩ | IterTime =   2.95s
  Iter 08/15 | Best Z =   65.095 mΩ | IterTime =   2.93s
  Iter 09/15 | Best Z =   65.095 mΩ | IterTime =   2.95s
  Iter 10/15 | Best Z =   65.095 mΩ | IterTime =   2.93s
  Iter 11/15 | Best Z =   65.095 mΩ | IterTime =   2.95s
  Iter 12/15 | Best Z =   65.095 mΩ | IterTime =   2.93s
  Iter 13/15 | Best Z =   65.095 mΩ | IterTime =   2.94s
  Iter 14/15 | Best Z =   65.095 mΩ | IterTime =   2.93s
  Iter 15/15 | Best Z =   65.095 mΩ | IterTime =   2.95s
[Stage Complete] n_caps=5 | Best Z = 65.095 mΩ | Ports = [0, 0, 6, 0, 7] | Time = 44.39s

[Stage] n_caps = 6
  Iter 01/15 | Best Z =   61.436 mΩ | IterTime =   3.03s
  Iter 02/15 | Best Z =   61.436 mΩ | IterTime =   2.98s
  Iter 03/15 | Best Z =   61.436 mΩ | IterTime =   3.01s
  Iter 04/15 | Best Z =   61.436 mΩ | IterTime =   2.98s
  Iter 05/15 | Best Z =   61.436 mΩ | IterTime =   3.02s
  Iter 06/15 | Best Z =   61.436 mΩ | IterTime =   3.00s
  Iter 07/15 | Best Z =   61.436 mΩ | IterTime =   3.05s
  Iter 08/15 | Best Z =   61.436 mΩ | IterTime =   3.00s
  Iter 09/15 | Best Z =   61.436 mΩ | IterTime =   3.02s
  Iter 10/15 | Best Z =   61.436 mΩ | IterTime =   2.99s
  Iter 11/15 | Best Z =   61.436 mΩ | IterTime =   3.02s
  Iter 12/15 | Best Z =   61.436 mΩ | IterTime =   3.00s
  Iter 13/15 | Best Z =   61.436 mΩ | IterTime =   3.03s
  Iter 14/15 | Best Z =   61.436 mΩ | IterTime =   2.99s
  Iter 15/15 | Best Z =   61.436 mΩ | IterTime =   3.03s
[Stage Complete] n_caps=6 | Best Z = 61.436 mΩ | Ports = [12, 0, 0, 10, 5, 9] | Time = 45.14s

[Stage] n_caps = 7
  Iter 01/15 | Best Z =   52.614 mΩ | IterTime =   2.99s
  Iter 02/15 | Best Z =   52.614 mΩ | IterTime =   3.00s
  Iter 03/15 | Best Z =   52.614 mΩ | IterTime =   3.00s
  Iter 04/15 | Best Z =   52.614 mΩ | IterTime =   2.99s
  Iter 05/15 | Best Z =   52.614 mΩ | IterTime =   3.01s
  Iter 06/15 | Best Z =   52.614 mΩ | IterTime =   3.01s
  Iter 07/15 | Best Z =   52.614 mΩ | IterTime =   2.99s
  Iter 08/15 | Best Z =   52.614 mΩ | IterTime =   3.01s
  Iter 09/15 | Best Z =   52.614 mΩ | IterTime =   3.01s
  Iter 10/15 | Best Z =   52.614 mΩ | IterTime =   3.00s
  Iter 11/15 | Best Z =   52.614 mΩ | IterTime =   3.02s
  Iter 12/15 | Best Z =   52.614 mΩ | IterTime =   3.01s
  Iter 13/15 | Best Z =   52.614 mΩ | IterTime =   2.99s
  Iter 14/15 | Best Z =   52.614 mΩ | IterTime =   3.01s
  Iter 15/15 | Best Z =   52.614 mΩ | IterTime =   3.01s
[Stage Complete] n_caps=7 | Best Z = 52.614 mΩ | Ports = [0, 0, 10, 5, 9, 0, 18] | Time = 45.07s
Threshold reached — stopping stage growth.

[Run Complete] Total Time = 296.34s
------------------------------------------------------------
iterative | Run 04 | n_caps=7 | Z=0.052614 | Time=296.56s

============================================================
RUN 05 | METHOD = ITERATIVE
============================================================

[Stage] n_caps = 1
  Iter 01/15 | Best Z =  149.562 mΩ | IterTime =   2.56s
  Iter 02/15 | Best Z =  149.562 mΩ | IterTime =   2.57s
  Iter 03/15 | Best Z =  149.562 mΩ | IterTime =   2.58s
  Iter 04/15 | Best Z =  149.562 mΩ | IterTime =   2.56s
  Iter 05/15 | Best Z =  149.562 mΩ | IterTime =   2.57s
  Iter 06/15 | Best Z =  149.562 mΩ | IterTime =   2.57s
  Iter 07/15 | Best Z =  149.562 mΩ | IterTime =   2.56s
  Iter 08/15 | Best Z =  149.562 mΩ | IterTime =   2.56s
  Iter 09/15 | Best Z =  149.562 mΩ | IterTime =   2.56s
  Iter 10/15 | Best Z =  149.562 mΩ | IterTime =   2.55s
  Iter 11/15 | Best Z =  149.562 mΩ | IterTime =   2.55s
  Iter 12/15 | Best Z =  149.562 mΩ | IterTime =   2.56s
  Iter 13/15 | Best Z =  149.562 mΩ | IterTime =   2.55s
  Iter 14/15 | Best Z =  149.562 mΩ | IterTime =   2.55s
  Iter 15/15 | Best Z =  149.562 mΩ | IterTime =   2.56s
[Stage Complete] n_caps=1 | Best Z = 149.562 mΩ | Ports = [16] | Time = 38.43s

[Stage] n_caps = 2
  Iter 01/15 | Best Z =  111.491 mΩ | IterTime =   2.73s
  Iter 02/15 | Best Z =  111.491 mΩ | IterTime =   2.72s
  Iter 03/15 | Best Z =  111.491 mΩ | IterTime =   2.74s
  Iter 04/15 | Best Z =  111.491 mΩ | IterTime =   2.72s
  Iter 05/15 | Best Z =  111.491 mΩ | IterTime =   2.73s
  Iter 06/15 | Best Z =  111.491 mΩ | IterTime =   2.73s
  Iter 07/15 | Best Z =  111.491 mΩ | IterTime =   2.72s
  Iter 08/15 | Best Z =  111.491 mΩ | IterTime =   2.73s
  Iter 09/15 | Best Z =  111.491 mΩ | IterTime =   2.73s
  Iter 10/15 | Best Z =  111.491 mΩ | IterTime =   2.73s
  Iter 11/15 | Best Z =  111.491 mΩ | IterTime =   2.72s
  Iter 12/15 | Best Z =  111.491 mΩ | IterTime =   2.73s
  Iter 13/15 | Best Z =  111.491 mΩ | IterTime =   2.72s
  Iter 14/15 | Best Z =  111.491 mΩ | IterTime =   2.73s
  Iter 15/15 | Best Z =  111.491 mΩ | IterTime =   2.72s
[Stage Complete] n_caps=2 | Best Z = 111.491 mΩ | Ports = [15, 9] | Time = 40.90s

[Stage] n_caps = 3
  Iter 01/15 | Best Z =   87.191 mΩ | IterTime =   2.79s
  Iter 02/15 | Best Z =   87.191 mΩ | IterTime =   2.78s
  Iter 03/15 | Best Z =   87.191 mΩ | IterTime =   2.78s
  Iter 04/15 | Best Z =   87.191 mΩ | IterTime =   2.78s
  Iter 05/15 | Best Z =   87.191 mΩ | IterTime =   2.78s
  Iter 06/15 | Best Z =   87.191 mΩ | IterTime =   2.79s
  Iter 07/15 | Best Z =   87.191 mΩ | IterTime =   2.78s
  Iter 08/15 | Best Z =   87.191 mΩ | IterTime =   2.79s
  Iter 09/15 | Best Z =   87.191 mΩ | IterTime =   2.79s
  Iter 10/15 | Best Z =   87.191 mΩ | IterTime =   2.79s
  Iter 11/15 | Best Z =   87.191 mΩ | IterTime =   2.78s
  Iter 12/15 | Best Z =   87.191 mΩ | IterTime =   2.79s
  Iter 13/15 | Best Z =   87.191 mΩ | IterTime =   2.79s
  Iter 14/15 | Best Z =   87.191 mΩ | IterTime =   2.78s
  Iter 15/15 | Best Z =   87.191 mΩ | IterTime =   2.79s
[Stage Complete] n_caps=3 | Best Z = 87.191 mΩ | Ports = [0, 16, 15] | Time = 41.78s

[Stage] n_caps = 4
  Iter 01/15 | Best Z =   85.526 mΩ | IterTime =   2.84s
  Iter 02/15 | Best Z =   85.526 mΩ | IterTime =   2.84s
  Iter 03/15 | Best Z =   85.526 mΩ | IterTime =   2.84s
  Iter 04/15 | Best Z =   85.526 mΩ | IterTime =   2.84s
  Iter 05/15 | Best Z =   85.526 mΩ | IterTime =   2.85s
  Iter 06/15 | Best Z =   85.526 mΩ | IterTime =   2.83s
  Iter 07/15 | Best Z =   85.526 mΩ | IterTime =   2.84s
  Iter 08/15 | Best Z =   85.526 mΩ | IterTime =   2.85s
  Iter 09/15 | Best Z =   85.526 mΩ | IterTime =   2.83s
  Iter 10/15 | Best Z =   85.526 mΩ | IterTime =   2.84s
  Iter 11/15 | Best Z =   85.526 mΩ | IterTime =   2.84s
  Iter 12/15 | Best Z =   85.526 mΩ | IterTime =   2.83s
  Iter 13/15 | Best Z =   85.526 mΩ | IterTime =   2.84s
  Iter 14/15 | Best Z =   85.526 mΩ | IterTime =   2.85s
  Iter 15/15 | Best Z =   85.526 mΩ | IterTime =   2.84s
[Stage Complete] n_caps=4 | Best Z = 85.526 mΩ | Ports = [13, 9, 9, 0] | Time = 42.62s

[Stage] n_caps = 5
  Iter 01/15 | Best Z =   70.556 mΩ | IterTime =   2.93s
  Iter 02/15 | Best Z =   70.556 mΩ | IterTime =   2.90s
  Iter 03/15 | Best Z =   70.556 mΩ | IterTime =   2.91s
  Iter 04/15 | Best Z =   70.556 mΩ | IterTime =   2.91s
  Iter 05/15 | Best Z =   70.556 mΩ | IterTime =   2.90s
  Iter 06/15 | Best Z =   70.556 mΩ | IterTime =   2.91s
  Iter 07/15 | Best Z =   70.556 mΩ | IterTime =   2.91s
  Iter 08/15 | Best Z =   70.556 mΩ | IterTime =   2.90s
  Iter 09/15 | Best Z =   70.556 mΩ | IterTime =   2.91s
  Iter 10/15 | Best Z =   70.556 mΩ | IterTime =   2.91s
  Iter 11/15 | Best Z =   70.556 mΩ | IterTime =   2.90s
  Iter 12/15 | Best Z =   70.556 mΩ | IterTime =   2.91s
  Iter 13/15 | Best Z =   70.556 mΩ | IterTime =   2.90s
  Iter 14/15 | Best Z =   70.556 mΩ | IterTime =   2.89s
  Iter 15/15 | Best Z =   70.556 mΩ | IterTime =   2.91s
[Stage Complete] n_caps=5 | Best Z = 70.556 mΩ | Ports = [4, 9, 7, 0, 15] | Time = 43.58s

[Stage] n_caps = 6
  Iter 01/15 | Best Z =   49.466 mΩ | IterTime =   2.97s
  Iter 02/15 | Best Z =   49.466 mΩ | IterTime =   2.96s
  Iter 03/15 | Best Z =   49.466 mΩ | IterTime =   2.96s
  Iter 04/15 | Best Z =   49.466 mΩ | IterTime =   2.98s
  Iter 05/15 | Best Z =   49.466 mΩ | IterTime =   2.96s
  Iter 06/15 | Best Z =   49.466 mΩ | IterTime =   2.97s
  Iter 07/15 | Best Z =   49.466 mΩ | IterTime =   2.98s
  Iter 08/15 | Best Z =   49.466 mΩ | IterTime =   2.97s
  Iter 09/15 | Best Z =   49.466 mΩ | IterTime =   2.97s
  Iter 10/15 | Best Z =   49.466 mΩ | IterTime =   2.98s
  Iter 11/15 | Best Z =   49.466 mΩ | IterTime =   2.96s
  Iter 12/15 | Best Z =   49.466 mΩ | IterTime =   2.96s
  Iter 13/15 | Best Z =   49.466 mΩ | IterTime =   2.98s
  Iter 14/15 | Best Z =   49.466 mΩ | IterTime =   2.95s
  Iter 15/15 | Best Z =   49.466 mΩ | IterTime =   2.96s
[Stage Complete] n_caps=6 | Best Z = 49.466 mΩ | Ports = [9, 7, 0, 15, 0, 15] | Time = 44.51s
Threshold reached — stopping stage growth.

[Run Complete] Total Time = 251.83s
------------------------------------------------------------
iterative | Run 05 | n_caps=6 | Z=0.049466 | Time=252.02s

============================================================
RUN 06 | METHOD = ITERATIVE
============================================================

[Stage] n_caps = 1
  Iter 01/15 | Best Z =  130.655 mΩ | IterTime =   2.53s
  Iter 02/15 | Best Z =  130.655 mΩ | IterTime =   2.53s
  Iter 03/15 | Best Z =  130.655 mΩ | IterTime =   2.53s
  Iter 04/15 | Best Z =  130.655 mΩ | IterTime =   2.53s
  Iter 05/15 | Best Z =  130.655 mΩ | IterTime =   2.52s
  Iter 06/15 | Best Z =  130.655 mΩ | IterTime =   2.53s
  Iter 07/15 | Best Z =  130.655 mΩ | IterTime =   2.53s
  Iter 08/15 | Best Z =  130.655 mΩ | IterTime =   2.54s
  Iter 09/15 | Best Z =  130.655 mΩ | IterTime =   2.52s
  Iter 10/15 | Best Z =  130.655 mΩ | IterTime =   2.53s
  Iter 11/15 | Best Z =  130.655 mΩ | IterTime =   2.53s
  Iter 12/15 | Best Z =  130.655 mΩ | IterTime =   2.53s
  Iter 13/15 | Best Z =  130.655 mΩ | IterTime =   2.54s
  Iter 14/15 | Best Z =  130.655 mΩ | IterTime =   2.53s
  Iter 15/15 | Best Z =  130.655 mΩ | IterTime =   2.53s
[Stage Complete] n_caps=1 | Best Z = 130.655 mΩ | Ports = [10] | Time = 37.94s

[Stage] n_caps = 2
  Iter 01/15 | Best Z =  101.942 mΩ | IterTime =   2.66s
  Iter 02/15 | Best Z =  101.942 mΩ | IterTime =   2.65s
  Iter 03/15 | Best Z =  101.942 mΩ | IterTime =   2.66s
  Iter 04/15 | Best Z =  101.942 mΩ | IterTime =   2.66s
  Iter 05/15 | Best Z =  101.942 mΩ | IterTime =   2.66s
  Iter 06/15 | Best Z =  101.942 mΩ | IterTime =   2.65s
  Iter 07/15 | Best Z =  101.942 mΩ | IterTime =   2.66s
  Iter 08/15 | Best Z =  101.942 mΩ | IterTime =   2.66s
  Iter 09/15 | Best Z =  101.942 mΩ | IterTime =   2.65s
  Iter 10/15 | Best Z =  101.942 mΩ | IterTime =   2.66s
  Iter 11/15 | Best Z =  101.942 mΩ | IterTime =   2.66s
  Iter 12/15 | Best Z =  101.942 mΩ | IterTime =   2.66s
  Iter 13/15 | Best Z =  101.942 mΩ | IterTime =   2.66s
  Iter 14/15 | Best Z =  101.942 mΩ | IterTime =   2.66s
  Iter 15/15 | Best Z =  101.942 mΩ | IterTime =   2.66s
[Stage Complete] n_caps=2 | Best Z = 101.942 mΩ | Ports = [10, 5] | Time = 39.87s

[Stage] n_caps = 3
  Iter 01/15 | Best Z =   83.871 mΩ | IterTime =   2.74s
  Iter 02/15 | Best Z =   83.871 mΩ | IterTime =   2.73s
  Iter 03/15 | Best Z =   83.871 mΩ | IterTime =   2.74s
  Iter 04/15 | Best Z =   83.871 mΩ | IterTime =   2.74s
  Iter 05/15 | Best Z =   83.871 mΩ | IterTime =   2.75s
  Iter 06/15 | Best Z =   83.871 mΩ | IterTime =   2.74s
  Iter 07/15 | Best Z =   83.871 mΩ | IterTime =   2.73s
  Iter 08/15 | Best Z =   83.871 mΩ | IterTime =   2.74s
  Iter 09/15 | Best Z =   83.871 mΩ | IterTime =   2.73s
  Iter 10/15 | Best Z =   83.871 mΩ | IterTime =   2.73s
  Iter 11/15 | Best Z =   83.871 mΩ | IterTime =   2.73s
  Iter 12/15 | Best Z =   83.871 mΩ | IterTime =   2.73s
  Iter 13/15 | Best Z =   83.871 mΩ | IterTime =   2.73s
  Iter 14/15 | Best Z =   83.871 mΩ | IterTime =   2.73s
  Iter 15/15 | Best Z =   83.871 mΩ | IterTime =   2.72s
[Stage Complete] n_caps=3 | Best Z = 83.871 mΩ | Ports = [5, 0, 19] | Time = 41.02s

[Stage] n_caps = 4
  Iter 01/15 | Best Z =   63.848 mΩ | IterTime =   2.82s
  Iter 02/15 | Best Z =   63.848 mΩ | IterTime =   2.82s
  Iter 03/15 | Best Z =   63.848 mΩ | IterTime =   2.82s
  Iter 04/15 | Best Z =   63.848 mΩ | IterTime =   2.83s
  Iter 05/15 | Best Z =   63.848 mΩ | IterTime =   2.82s
  Iter 06/15 | Best Z =   63.848 mΩ | IterTime =   2.82s
  Iter 07/15 | Best Z =   63.848 mΩ | IterTime =   2.83s
  Iter 08/15 | Best Z =   63.848 mΩ | IterTime =   2.82s
  Iter 09/15 | Best Z =   63.848 mΩ | IterTime =   2.81s
  Iter 10/15 | Best Z =   63.848 mΩ | IterTime =   2.82s
  Iter 11/15 | Best Z =   63.848 mΩ | IterTime =   2.82s
  Iter 12/15 | Best Z =   63.848 mΩ | IterTime =   2.82s
  Iter 13/15 | Best Z =   63.848 mΩ | IterTime =   2.82s
  Iter 14/15 | Best Z =   63.848 mΩ | IterTime =   2.82s
  Iter 15/15 | Best Z =   63.848 mΩ | IterTime =   2.82s
[Stage Complete] n_caps=4 | Best Z = 63.848 mΩ | Ports = [0, 19, 15, 0] | Time = 42.32s

[Stage] n_caps = 5
  Iter 01/15 | Best Z =   69.278 mΩ | IterTime =   2.87s
  Iter 02/15 | Best Z =   69.278 mΩ | IterTime =   2.88s
  Iter 03/15 | Best Z =   69.278 mΩ | IterTime =   2.87s
  Iter 04/15 | Best Z =   69.278 mΩ | IterTime =   2.88s
  Iter 05/15 | Best Z =   69.278 mΩ | IterTime =   2.87s
  Iter 06/15 | Best Z =   69.278 mΩ | IterTime =   2.88s
  Iter 07/15 | Best Z =   69.278 mΩ | IterTime =   2.87s
  Iter 08/15 | Best Z =   69.278 mΩ | IterTime =   2.88s
  Iter 09/15 | Best Z =   69.278 mΩ | IterTime =   2.88s
  Iter 10/15 | Best Z =   69.278 mΩ | IterTime =   2.88s
  Iter 11/15 | Best Z =   69.278 mΩ | IterTime =   2.87s
  Iter 12/15 | Best Z =   69.278 mΩ | IterTime =   2.88s
  Iter 13/15 | Best Z =   69.278 mΩ | IterTime =   2.87s
  Iter 14/15 | Best Z =   69.278 mΩ | IterTime =   2.88s
  Iter 15/15 | Best Z =   69.278 mΩ | IterTime =   2.87s
[Stage Complete] n_caps=5 | Best Z = 69.278 mΩ | Ports = [19, 15, 0, 0, 8] | Time = 43.15s

[Stage] n_caps = 6
  Iter 01/15 | Best Z =   68.278 mΩ | IterTime =   2.95s
  Iter 02/15 | Best Z =   68.278 mΩ | IterTime =   2.97s
  Iter 03/15 | Best Z =   68.278 mΩ | IterTime =   2.96s
  Iter 04/15 | Best Z =   68.278 mΩ | IterTime =   3.00s
  Iter 05/15 | Best Z =   68.278 mΩ | IterTime =   3.00s
  Iter 06/15 | Best Z =   68.278 mΩ | IterTime =   2.96s
  Iter 07/15 | Best Z =   68.278 mΩ | IterTime =   2.95s
  Iter 08/15 | Best Z =   68.278 mΩ | IterTime =   2.97s
  Iter 09/15 | Best Z =   68.278 mΩ | IterTime =   2.96s
  Iter 10/15 | Best Z =   68.278 mΩ | IterTime =   2.95s
  Iter 11/15 | Best Z =   68.278 mΩ | IterTime =   2.97s
  Iter 12/15 | Best Z =   68.278 mΩ | IterTime =   2.96s
  Iter 13/15 | Best Z =   68.278 mΩ | IterTime =   2.96s
  Iter 14/15 | Best Z =   68.278 mΩ | IterTime =   2.97s
  Iter 15/15 | Best Z =   68.278 mΩ | IterTime =   2.96s
[Stage Complete] n_caps=6 | Best Z = 68.278 mΩ | Ports = [15, 0, 0, 8, 12, 0] | Time = 44.51s

[Stage] n_caps = 7
  Iter 01/15 | Best Z =   64.208 mΩ | IterTime =   3.01s
  Iter 02/15 | Best Z =   64.208 mΩ | IterTime =   3.03s
  Iter 03/15 | Best Z =   64.208 mΩ | IterTime =   3.01s
  Iter 04/15 | Best Z =   64.208 mΩ | IterTime =   3.06s
  Iter 05/15 | Best Z =   64.208 mΩ | IterTime =   3.01s
  Iter 06/15 | Best Z =   64.208 mΩ | IterTime =   3.04s
  Iter 07/15 | Best Z =   64.208 mΩ | IterTime =   3.04s
  Iter 08/15 | Best Z =   64.208 mΩ | IterTime =   3.06s
  Iter 09/15 | Best Z =   64.208 mΩ | IterTime =   3.03s
  Iter 10/15 | Best Z =   64.208 mΩ | IterTime =   3.04s
  Iter 11/15 | Best Z =   64.208 mΩ | IterTime =   3.03s
  Iter 12/15 | Best Z =   64.208 mΩ | IterTime =   3.04s
  Iter 13/15 | Best Z =   64.208 mΩ | IterTime =   3.03s
  Iter 14/15 | Best Z =   64.208 mΩ | IterTime =   3.04s
  Iter 15/15 | Best Z =   64.208 mΩ | IterTime =   3.03s
[Stage Complete] n_caps=7 | Best Z = 64.208 mΩ | Ports = [0, 0, 8, 12, 0, 15, 10] | Time = 45.50s

[Stage] n_caps = 8
  Iter 01/15 | Best Z =   58.109 mΩ | IterTime =   3.08s
  Iter 02/15 | Best Z =   58.109 mΩ | IterTime =   3.04s
  Iter 03/15 | Best Z =   58.109 mΩ | IterTime =   3.08s
  Iter 04/15 | Best Z =   58.109 mΩ | IterTime =   3.11s
  Iter 05/15 | Best Z =   58.109 mΩ | IterTime =   3.05s
  Iter 06/15 | Best Z =   58.109 mΩ | IterTime =   3.09s
  Iter 07/15 | Best Z =   58.109 mΩ | IterTime =   3.10s
  Iter 08/15 | Best Z =   58.109 mΩ | IterTime =   3.05s
  Iter 09/15 | Best Z =   58.109 mΩ | IterTime =   3.07s
  Iter 10/15 | Best Z =   58.109 mΩ | IterTime =   3.10s
  Iter 11/15 | Best Z =   58.109 mΩ | IterTime =   3.05s
  Iter 12/15 | Best Z =   58.109 mΩ | IterTime =   3.10s
  Iter 13/15 | Best Z =   58.109 mΩ | IterTime =   3.11s
  Iter 14/15 | Best Z =   58.109 mΩ | IterTime =   3.04s
  Iter 15/15 | Best Z =   58.109 mΩ | IterTime =   3.07s
[Stage Complete] n_caps=8 | Best Z = 58.109 mΩ | Ports = [0, 8, 12, 0, 15, 10, 16, 6] | Time = 46.15s
Threshold reached — stopping stage growth.

[Run Complete] Total Time = 340.45s
------------------------------------------------------------
iterative | Run 06 | n_caps=8 | Z=0.058109 | Time=340.68s

============================================================
RUN 07 | METHOD = ITERATIVE
============================================================

[Stage] n_caps = 1
  Iter 01/15 | Best Z =  116.758 mΩ | IterTime =   2.59s
  Iter 02/15 | Best Z =  116.758 mΩ | IterTime =   2.59s
  Iter 03/15 | Best Z =  116.758 mΩ | IterTime =   2.60s
  Iter 04/15 | Best Z =  116.758 mΩ | IterTime =   2.59s
  Iter 05/15 | Best Z =  116.758 mΩ | IterTime =   2.60s
  Iter 06/15 | Best Z =  116.758 mΩ | IterTime =   2.59s
  Iter 07/15 | Best Z =  116.758 mΩ | IterTime =   2.59s
  Iter 08/15 | Best Z =  116.758 mΩ | IterTime =   2.60s
  Iter 09/15 | Best Z =  116.758 mΩ | IterTime =   2.59s
  Iter 10/15 | Best Z =  116.758 mΩ | IterTime =   2.60s
  Iter 11/15 | Best Z =  116.758 mΩ | IterTime =   2.59s
  Iter 12/15 | Best Z =  116.758 mΩ | IterTime =   2.59s
  Iter 13/15 | Best Z =  116.758 mΩ | IterTime =   2.59s
  Iter 14/15 | Best Z =  116.758 mΩ | IterTime =   2.58s
  Iter 15/15 | Best Z =  116.758 mΩ | IterTime =   2.58s
[Stage Complete] n_caps=1 | Best Z = 116.758 mΩ | Ports = [6] | Time = 38.88s

[Stage] n_caps = 2
  Iter 01/15 | Best Z =   82.969 mΩ | IterTime =   2.71s
  Iter 02/15 | Best Z =   82.969 mΩ | IterTime =   2.70s
  Iter 03/15 | Best Z =   82.969 mΩ | IterTime =   2.71s
  Iter 04/15 | Best Z =   82.969 mΩ | IterTime =   2.70s
  Iter 05/15 | Best Z =   82.969 mΩ | IterTime =   2.72s
  Iter 06/15 | Best Z =   82.969 mΩ | IterTime =   2.69s
  Iter 07/15 | Best Z =   82.969 mΩ | IterTime =   2.70s
  Iter 08/15 | Best Z =   82.969 mΩ | IterTime =   2.70s
  Iter 09/15 | Best Z =   82.969 mΩ | IterTime =   2.70s
  Iter 10/15 | Best Z =   82.969 mΩ | IterTime =   2.70s
  Iter 11/15 | Best Z =   82.969 mΩ | IterTime =   2.70s
  Iter 12/15 | Best Z =   82.969 mΩ | IterTime =   2.70s
  Iter 13/15 | Best Z =   82.969 mΩ | IterTime =   2.70s
  Iter 14/15 | Best Z =   82.969 mΩ | IterTime =   2.70s
  Iter 15/15 | Best Z =   82.969 mΩ | IterTime =   2.72s
[Stage Complete] n_caps=2 | Best Z = 82.969 mΩ | Ports = [16, 0] | Time = 40.54s

[Stage] n_caps = 3
  Iter 01/15 | Best Z =   72.965 mΩ | IterTime =   2.82s
  Iter 02/15 | Best Z =   72.965 mΩ | IterTime =   2.81s
  Iter 03/15 | Best Z =   72.965 mΩ | IterTime =   2.82s
  Iter 04/15 | Best Z =   72.965 mΩ | IterTime =   2.81s
  Iter 05/15 | Best Z =   72.965 mΩ | IterTime =   2.81s
  Iter 06/15 | Best Z =   72.965 mΩ | IterTime =   2.80s
  Iter 07/15 | Best Z =   72.965 mΩ | IterTime =   2.80s
  Iter 08/15 | Best Z =   72.965 mΩ | IterTime =   2.80s
  Iter 09/15 | Best Z =   72.965 mΩ | IterTime =   2.81s
  Iter 10/15 | Best Z =   72.965 mΩ | IterTime =   2.80s
  Iter 11/15 | Best Z =   72.965 mΩ | IterTime =   2.80s
  Iter 12/15 | Best Z =   72.965 mΩ | IterTime =   2.81s
  Iter 13/15 | Best Z =   72.965 mΩ | IterTime =   2.80s
  Iter 14/15 | Best Z =   72.965 mΩ | IterTime =   2.80s
  Iter 15/15 | Best Z =   72.965 mΩ | IterTime =   2.81s
[Stage Complete] n_caps=3 | Best Z = 72.965 mΩ | Ports = [0, 0, 17] | Time = 42.09s

[Stage] n_caps = 4
  Iter 01/15 | Best Z =   68.317 mΩ | IterTime =   2.87s
  Iter 02/15 | Best Z =   68.317 mΩ | IterTime =   2.86s
  Iter 03/15 | Best Z =   68.317 mΩ | IterTime =   2.86s
  Iter 04/15 | Best Z =   68.317 mΩ | IterTime =   2.85s
  Iter 05/15 | Best Z =   68.317 mΩ | IterTime =   2.86s
  Iter 06/15 | Best Z =   68.317 mΩ | IterTime =   2.86s
  Iter 07/15 | Best Z =   68.317 mΩ | IterTime =   2.86s
  Iter 08/15 | Best Z =   68.317 mΩ | IterTime =   2.86s
  Iter 09/15 | Best Z =   68.317 mΩ | IterTime =   2.86s
  Iter 10/15 | Best Z =   68.317 mΩ | IterTime =   2.86s
  Iter 11/15 | Best Z =   68.317 mΩ | IterTime =   2.86s
  Iter 12/15 | Best Z =   68.317 mΩ | IterTime =   2.86s
  Iter 13/15 | Best Z =   68.317 mΩ | IterTime =   2.86s
  Iter 14/15 | Best Z =   68.317 mΩ | IterTime =   2.86s
  Iter 15/15 | Best Z =   68.317 mΩ | IterTime =   2.86s
[Stage Complete] n_caps=4 | Best Z = 68.317 mΩ | Ports = [0, 17, 6, 0] | Time = 42.91s

[Stage] n_caps = 5
  Iter 01/15 | Best Z =   63.423 mΩ | IterTime =   2.93s
  Iter 02/15 | Best Z =   63.423 mΩ | IterTime =   2.93s
  Iter 03/15 | Best Z =   63.423 mΩ | IterTime =   2.94s
  Iter 04/15 | Best Z =   63.423 mΩ | IterTime =   2.93s
  Iter 05/15 | Best Z =   63.423 mΩ | IterTime =   2.93s
  Iter 06/15 | Best Z =   63.423 mΩ | IterTime =   2.92s
  Iter 07/15 | Best Z =   63.423 mΩ | IterTime =   2.93s
  Iter 08/15 | Best Z =   63.423 mΩ | IterTime =   2.93s
  Iter 09/15 | Best Z =   63.423 mΩ | IterTime =   2.93s
  Iter 10/15 | Best Z =   63.423 mΩ | IterTime =   2.93s
  Iter 11/15 | Best Z =   63.423 mΩ | IterTime =   2.93s
  Iter 12/15 | Best Z =   63.423 mΩ | IterTime =   2.93s
  Iter 13/15 | Best Z =   63.423 mΩ | IterTime =   2.93s
  Iter 14/15 | Best Z =   63.423 mΩ | IterTime =   2.92s
  Iter 15/15 | Best Z =   63.423 mΩ | IterTime =   2.93s
[Stage Complete] n_caps=5 | Best Z = 63.423 mΩ | Ports = [3, 16, 7, 0, 7] | Time = 43.92s

[Stage] n_caps = 6
  Iter 01/15 | Best Z =   64.389 mΩ | IterTime =   2.96s
  Iter 02/15 | Best Z =   64.389 mΩ | IterTime =   2.97s
  Iter 03/15 | Best Z =   64.389 mΩ | IterTime =   2.96s
  Iter 04/15 | Best Z =   64.389 mΩ | IterTime =   2.96s
  Iter 05/15 | Best Z =   64.389 mΩ | IterTime =   2.96s
  Iter 06/15 | Best Z =   64.389 mΩ | IterTime =   2.97s
  Iter 07/15 | Best Z =   64.389 mΩ | IterTime =   2.96s
  Iter 08/15 | Best Z =   64.389 mΩ | IterTime =   2.96s
  Iter 09/15 | Best Z =   64.389 mΩ | IterTime =   2.98s
  Iter 10/15 | Best Z =   64.389 mΩ | IterTime =   2.97s
  Iter 11/15 | Best Z =   64.389 mΩ | IterTime =   2.96s
  Iter 12/15 | Best Z =   64.389 mΩ | IterTime =   2.97s
  Iter 13/15 | Best Z =   64.389 mΩ | IterTime =   2.96s
  Iter 14/15 | Best Z =   64.389 mΩ | IterTime =   2.97s
  Iter 15/15 | Best Z =   64.389 mΩ | IterTime =   2.96s
[Stage Complete] n_caps=6 | Best Z = 64.389 mΩ | Ports = [16, 7, 0, 7, 0, 5] | Time = 44.47s

[Stage] n_caps = 7
  Iter 01/15 | Best Z =   45.126 mΩ | IterTime =   3.03s
  Iter 02/15 | Best Z =   45.126 mΩ | IterTime =   3.01s
  Iter 03/15 | Best Z =   45.126 mΩ | IterTime =   3.03s
  Iter 04/15 | Best Z =   45.126 mΩ | IterTime =   3.01s
  Iter 05/15 | Best Z =   45.126 mΩ | IterTime =   3.03s
  Iter 06/15 | Best Z =   45.126 mΩ | IterTime =   3.02s
  Iter 07/15 | Best Z =   45.126 mΩ | IterTime =   3.02s
  Iter 08/15 | Best Z =   45.126 mΩ | IterTime =   3.01s
  Iter 09/15 | Best Z =   45.126 mΩ | IterTime =   3.01s
  Iter 10/15 | Best Z =   45.126 mΩ | IterTime =   3.01s
  Iter 11/15 | Best Z =   45.126 mΩ | IterTime =   3.01s
  Iter 12/15 | Best Z =   45.126 mΩ | IterTime =   3.01s
  Iter 13/15 | Best Z =   45.126 mΩ | IterTime =   3.02s
  Iter 14/15 | Best Z =   45.126 mΩ | IterTime =   3.03s
  Iter 15/15 | Best Z =   45.126 mΩ | IterTime =   3.02s
[Stage Complete] n_caps=7 | Best Z = 45.126 mΩ | Ports = [7, 0, 7, 0, 5, 0, 15] | Time = 45.27s
Threshold reached — stopping stage growth.

[Run Complete] Total Time = 298.09s
------------------------------------------------------------
iterative | Run 07 | n_caps=7 | Z=0.045126 | Time=298.31s

============================================================
RUN 08 | METHOD = ITERATIVE
============================================================

[Stage] n_caps = 1
  Iter 01/15 | Best Z =  115.153 mΩ | IterTime =   2.56s
  Iter 02/15 | Best Z =  115.153 mΩ | IterTime =   2.56s
  Iter 03/15 | Best Z =  115.153 mΩ | IterTime =   2.56s
  Iter 04/15 | Best Z =  115.153 mΩ | IterTime =   2.56s
  Iter 05/15 | Best Z =  115.153 mΩ | IterTime =   2.56s
  Iter 06/15 | Best Z =  115.153 mΩ | IterTime =   2.57s
  Iter 07/15 | Best Z =  115.153 mΩ | IterTime =   2.57s
  Iter 08/15 | Best Z =  115.153 mΩ | IterTime =   2.56s
  Iter 09/15 | Best Z =  115.153 mΩ | IterTime =   2.57s
  Iter 10/15 | Best Z =  115.153 mΩ | IterTime =   2.57s
  Iter 11/15 | Best Z =  115.153 mΩ | IterTime =   2.57s
  Iter 12/15 | Best Z =  115.153 mΩ | IterTime =   2.56s
  Iter 13/15 | Best Z =  115.153 mΩ | IterTime =   2.57s
  Iter 14/15 | Best Z =  115.153 mΩ | IterTime =   2.57s
  Iter 15/15 | Best Z =  115.153 mΩ | IterTime =   2.56s
[Stage Complete] n_caps=1 | Best Z = 115.153 mΩ | Ports = [6] | Time = 38.46s

[Stage] n_caps = 2
  Iter 01/15 | Best Z =   89.809 mΩ | IterTime =   2.67s
  Iter 02/15 | Best Z =   89.809 mΩ | IterTime =   2.68s
  Iter 03/15 | Best Z =   89.809 mΩ | IterTime =   2.68s
  Iter 04/15 | Best Z =   89.809 mΩ | IterTime =   2.67s
  Iter 05/15 | Best Z =   89.809 mΩ | IterTime =   2.67s
  Iter 06/15 | Best Z =   89.809 mΩ | IterTime =   2.68s
  Iter 07/15 | Best Z =   89.809 mΩ | IterTime =   2.67s
  Iter 08/15 | Best Z =   89.809 mΩ | IterTime =   2.66s
  Iter 09/15 | Best Z =   89.809 mΩ | IterTime =   2.67s
  Iter 10/15 | Best Z =   89.809 mΩ | IterTime =   2.67s
  Iter 11/15 | Best Z =   89.809 mΩ | IterTime =   2.67s
  Iter 12/15 | Best Z =   89.809 mΩ | IterTime =   2.66s
  Iter 13/15 | Best Z =   89.809 mΩ | IterTime =   2.67s
  Iter 14/15 | Best Z =   89.809 mΩ | IterTime =   2.67s
  Iter 15/15 | Best Z =   89.809 mΩ | IterTime =   2.67s
[Stage Complete] n_caps=2 | Best Z = 89.809 mΩ | Ports = [15, 5] | Time = 40.06s

[Stage] n_caps = 3
  Iter 01/15 | Best Z =   82.372 mΩ | IterTime =   2.78s
  Iter 02/15 | Best Z =   82.372 mΩ | IterTime =   2.79s
  Iter 03/15 | Best Z =   82.372 mΩ | IterTime =   2.79s
  Iter 04/15 | Best Z =   82.372 mΩ | IterTime =   2.79s
  Iter 05/15 | Best Z =   82.372 mΩ | IterTime =   2.79s
  Iter 06/15 | Best Z =   82.372 mΩ | IterTime =   2.79s
  Iter 07/15 | Best Z =   82.372 mΩ | IterTime =   2.79s
  Iter 08/15 | Best Z =   82.372 mΩ | IterTime =   2.79s
  Iter 09/15 | Best Z =   82.372 mΩ | IterTime =   2.79s
  Iter 10/15 | Best Z =   82.372 mΩ | IterTime =   2.80s
  Iter 11/15 | Best Z =   82.372 mΩ | IterTime =   2.80s
  Iter 12/15 | Best Z =   82.372 mΩ | IterTime =   2.80s
  Iter 13/15 | Best Z =   82.372 mΩ | IterTime =   2.81s
  Iter 14/15 | Best Z =   82.372 mΩ | IterTime =   2.80s
  Iter 15/15 | Best Z =   82.372 mΩ | IterTime =   2.80s
[Stage Complete] n_caps=3 | Best Z = 82.372 mΩ | Ports = [5, 0, 8] | Time = 41.90s

[Stage] n_caps = 4
  Iter 01/15 | Best Z =   61.178 mΩ | IterTime =   2.86s
  Iter 02/15 | Best Z =   61.178 mΩ | IterTime =   2.84s
  Iter 03/15 | Best Z =   61.178 mΩ | IterTime =   2.85s
  Iter 04/15 | Best Z =   61.178 mΩ | IterTime =   2.85s
  Iter 05/15 | Best Z =   61.178 mΩ | IterTime =   2.86s
  Iter 06/15 | Best Z =   61.178 mΩ | IterTime =   2.84s
  Iter 07/15 | Best Z =   61.178 mΩ | IterTime =   2.85s
  Iter 08/15 | Best Z =   61.178 mΩ | IterTime =   2.84s
  Iter 09/15 | Best Z =   61.178 mΩ | IterTime =   2.85s
  Iter 10/15 | Best Z =   61.178 mΩ | IterTime =   2.84s
  Iter 11/15 | Best Z =   61.178 mΩ | IterTime =   2.84s
  Iter 12/15 | Best Z =   61.178 mΩ | IterTime =   2.84s
  Iter 13/15 | Best Z =   61.178 mΩ | IterTime =   2.85s
  Iter 14/15 | Best Z =   61.178 mΩ | IterTime =   2.83s
  Iter 15/15 | Best Z =   61.178 mΩ | IterTime =   2.85s
[Stage Complete] n_caps=4 | Best Z = 61.178 mΩ | Ports = [0, 8, 6, 10] | Time = 42.69s

[Stage] n_caps = 5
  Iter 01/15 | Best Z =   70.047 mΩ | IterTime =   2.89s
  Iter 02/15 | Best Z =   70.047 mΩ | IterTime =   2.90s
  Iter 03/15 | Best Z =   70.047 mΩ | IterTime =   2.90s
  Iter 04/15 | Best Z =   70.047 mΩ | IterTime =   2.91s
  Iter 05/15 | Best Z =   70.047 mΩ | IterTime =   2.90s
  Iter 06/15 | Best Z =   70.047 mΩ | IterTime =   2.94s
  Iter 07/15 | Best Z =   70.047 mΩ | IterTime =   2.89s
  Iter 08/15 | Best Z =   70.047 mΩ | IterTime =   2.91s
  Iter 09/15 | Best Z =   70.047 mΩ | IterTime =   2.89s
  Iter 10/15 | Best Z =   70.047 mΩ | IterTime =   2.90s
  Iter 11/15 | Best Z =   70.047 mΩ | IterTime =   2.89s
  Iter 12/15 | Best Z =   70.047 mΩ | IterTime =   2.91s
  Iter 13/15 | Best Z =   70.047 mΩ | IterTime =   2.89s
  Iter 14/15 | Best Z =   70.047 mΩ | IterTime =   2.91s
  Iter 15/15 | Best Z =   70.047 mΩ | IterTime =   2.89s
[Stage Complete] n_caps=5 | Best Z = 70.047 mΩ | Ports = [8, 6, 10, 0, 1] | Time = 43.53s

[Stage] n_caps = 6
  Iter 01/15 | Best Z =   59.863 mΩ | IterTime =   2.96s
  Iter 02/15 | Best Z =   59.863 mΩ | IterTime =   2.97s
  Iter 03/15 | Best Z =   59.863 mΩ | IterTime =   2.96s
  Iter 04/15 | Best Z =   59.863 mΩ | IterTime =   2.97s
  Iter 05/15 | Best Z =   59.863 mΩ | IterTime =   2.97s
  Iter 06/15 | Best Z =   59.863 mΩ | IterTime =   2.97s
  Iter 07/15 | Best Z =   59.863 mΩ | IterTime =   2.96s
  Iter 08/15 | Best Z =   59.863 mΩ | IterTime =   2.97s
  Iter 09/15 | Best Z =   59.863 mΩ | IterTime =   2.96s
  Iter 10/15 | Best Z =   59.863 mΩ | IterTime =   2.97s
  Iter 11/15 | Best Z =   59.863 mΩ | IterTime =   2.96s
  Iter 12/15 | Best Z =   59.863 mΩ | IterTime =   2.97s
  Iter 13/15 | Best Z =   59.863 mΩ | IterTime =   2.97s
  Iter 14/15 | Best Z =   59.863 mΩ | IterTime =   2.97s
  Iter 15/15 | Best Z =   59.863 mΩ | IterTime =   2.96s
[Stage Complete] n_caps=6 | Best Z = 59.863 mΩ | Ports = [6, 10, 0, 1, 0, 0] | Time = 44.48s
Threshold reached — stopping stage growth.

[Run Complete] Total Time = 251.12s
------------------------------------------------------------
iterative | Run 08 | n_caps=6 | Z=0.059863 | Time=251.32s

============================================================
RUN 09 | METHOD = ITERATIVE
============================================================

[Stage] n_caps = 1
  Iter 01/15 | Best Z =  115.099 mΩ | IterTime =   2.60s
  Iter 02/15 | Best Z =  115.099 mΩ | IterTime =   2.61s
  Iter 03/15 | Best Z =  115.099 mΩ | IterTime =   2.61s
  Iter 04/15 | Best Z =  115.099 mΩ | IterTime =   2.60s
  Iter 05/15 | Best Z =  115.099 mΩ | IterTime =   2.60s
  Iter 06/15 | Best Z =  115.099 mΩ | IterTime =   2.60s
  Iter 07/15 | Best Z =  115.099 mΩ | IterTime =   2.60s
  Iter 08/15 | Best Z =  115.099 mΩ | IterTime =   2.60s
  Iter 09/15 | Best Z =  115.099 mΩ | IterTime =   2.59s
  Iter 10/15 | Best Z =  115.099 mΩ | IterTime =   2.60s
  Iter 11/15 | Best Z =  115.099 mΩ | IterTime =   2.60s
  Iter 12/15 | Best Z =  115.099 mΩ | IterTime =   2.60s
  Iter 13/15 | Best Z =  115.099 mΩ | IterTime =   2.60s
  Iter 14/15 | Best Z =  115.099 mΩ | IterTime =   2.60s
  Iter 15/15 | Best Z =  115.099 mΩ | IterTime =   2.60s
[Stage Complete] n_caps=1 | Best Z = 115.099 mΩ | Ports = [16] | Time = 39.01s

[Stage] n_caps = 2
  Iter 01/15 | Best Z =   95.473 mΩ | IterTime =   2.71s
  Iter 02/15 | Best Z =   95.473 mΩ | IterTime =   2.70s
  Iter 03/15 | Best Z =   95.473 mΩ | IterTime =   2.70s
  Iter 04/15 | Best Z =   95.473 mΩ | IterTime =   2.69s
  Iter 05/15 | Best Z =   95.473 mΩ | IterTime =   2.70s
  Iter 06/15 | Best Z =   95.473 mΩ | IterTime =   2.70s
  Iter 07/15 | Best Z =   95.473 mΩ | IterTime =   2.71s
  Iter 08/15 | Best Z =   95.473 mΩ | IterTime =   2.70s
  Iter 09/15 | Best Z =   95.473 mΩ | IterTime =   2.71s
  Iter 10/15 | Best Z =   95.473 mΩ | IterTime =   2.71s
  Iter 11/15 | Best Z =   95.473 mΩ | IterTime =   2.71s
  Iter 12/15 | Best Z =   95.473 mΩ | IterTime =   2.71s
  Iter 13/15 | Best Z =   95.473 mΩ | IterTime =   2.71s
  Iter 14/15 | Best Z =   95.473 mΩ | IterTime =   2.72s
  Iter 15/15 | Best Z =   95.473 mΩ | IterTime =   2.72s
[Stage Complete] n_caps=2 | Best Z = 95.473 mΩ | Ports = [0, 18] | Time = 40.59s

[Stage] n_caps = 3
  Iter 01/15 | Best Z =   91.464 mΩ | IterTime =   2.80s
  Iter 02/15 | Best Z =   91.464 mΩ | IterTime =   2.79s
  Iter 03/15 | Best Z =   91.464 mΩ | IterTime =   2.79s
  Iter 04/15 | Best Z =   91.464 mΩ | IterTime =   2.78s
  Iter 05/15 | Best Z =   91.464 mΩ | IterTime =   2.79s
  Iter 06/15 | Best Z =   91.464 mΩ | IterTime =   2.77s
  Iter 07/15 | Best Z =   91.464 mΩ | IterTime =   2.80s
  Iter 08/15 | Best Z =   91.464 mΩ | IterTime =   2.80s
  Iter 09/15 | Best Z =   91.464 mΩ | IterTime =   2.79s
  Iter 10/15 | Best Z =   91.464 mΩ | IterTime =   2.81s
  Iter 11/15 | Best Z =   91.464 mΩ | IterTime =   2.78s
  Iter 12/15 | Best Z =   91.464 mΩ | IterTime =   2.80s
  Iter 13/15 | Best Z =   91.464 mΩ | IterTime =   2.79s
  Iter 14/15 | Best Z =   91.464 mΩ | IterTime =   2.78s
  Iter 15/15 | Best Z =   91.464 mΩ | IterTime =   2.79s
[Stage Complete] n_caps=3 | Best Z = 91.464 mΩ | Ports = [17, 12, 0] | Time = 41.86s

[Stage] n_caps = 4
  Iter 01/15 | Best Z =   74.530 mΩ | IterTime =   2.89s
  Iter 02/15 | Best Z =   74.530 mΩ | IterTime =   2.86s
  Iter 03/15 | Best Z =   74.530 mΩ | IterTime =   2.87s
  Iter 04/15 | Best Z =   74.530 mΩ | IterTime =   2.85s
  Iter 05/15 | Best Z =   74.530 mΩ | IterTime =   2.87s
  Iter 06/15 | Best Z =   74.530 mΩ | IterTime =   2.86s
  Iter 07/15 | Best Z =   74.530 mΩ | IterTime =   2.88s
  Iter 08/15 | Best Z =   74.530 mΩ | IterTime =   2.86s
  Iter 09/15 | Best Z =   74.530 mΩ | IterTime =   2.88s
  Iter 10/15 | Best Z =   74.530 mΩ | IterTime =   2.86s
  Iter 11/15 | Best Z =   74.530 mΩ | IterTime =   2.87s
  Iter 12/15 | Best Z =   74.530 mΩ | IterTime =   2.85s
  Iter 13/15 | Best Z =   74.530 mΩ | IterTime =   2.87s
  Iter 14/15 | Best Z =   74.530 mΩ | IterTime =   2.86s
  Iter 15/15 | Best Z =   74.530 mΩ | IterTime =   2.88s
[Stage Complete] n_caps=4 | Best Z = 74.530 mΩ | Ports = [12, 0, 0, 14] | Time = 43.00s

[Stage] n_caps = 5
  Iter 01/15 | Best Z =   60.845 mΩ | IterTime =   2.91s
  Iter 02/15 | Best Z =   60.845 mΩ | IterTime =   2.88s
  Iter 03/15 | Best Z =   60.845 mΩ | IterTime =   2.90s
  Iter 04/15 | Best Z =   60.845 mΩ | IterTime =   2.90s
  Iter 05/15 | Best Z =   60.845 mΩ | IterTime =   2.87s
  Iter 06/15 | Best Z =   60.845 mΩ | IterTime =   2.90s
  Iter 07/15 | Best Z =   60.845 mΩ | IterTime =   2.90s
  Iter 08/15 | Best Z =   60.845 mΩ | IterTime =   2.87s
  Iter 09/15 | Best Z =   60.845 mΩ | IterTime =   2.91s
  Iter 10/15 | Best Z =   60.845 mΩ | IterTime =   2.91s
  Iter 11/15 | Best Z =   60.845 mΩ | IterTime =   2.88s
  Iter 12/15 | Best Z =   60.845 mΩ | IterTime =   2.90s
  Iter 13/15 | Best Z =   60.845 mΩ | IterTime =   2.92s
  Iter 14/15 | Best Z =   60.845 mΩ | IterTime =   2.88s
  Iter 15/15 | Best Z =   60.845 mΩ | IterTime =   2.91s
[Stage Complete] n_caps=5 | Best Z = 60.845 mΩ | Ports = [0, 0, 14, 16, 15] | Time = 43.43s

[Stage] n_caps = 6
  Iter 01/15 | Best Z =   57.319 mΩ | IterTime =   2.94s
  Iter 02/15 | Best Z =   57.319 mΩ | IterTime =   2.96s
  Iter 03/15 | Best Z =   57.319 mΩ | IterTime =   2.94s
  Iter 04/15 | Best Z =   57.319 mΩ | IterTime =   2.94s
  Iter 05/15 | Best Z =   57.319 mΩ | IterTime =   2.93s
  Iter 06/15 | Best Z =   57.319 mΩ | IterTime =   2.94s
  Iter 07/15 | Best Z =   57.319 mΩ | IterTime =   2.93s
  Iter 08/15 | Best Z =   57.319 mΩ | IterTime =   2.93s
  Iter 09/15 | Best Z =   57.319 mΩ | IterTime =   2.94s
  Iter 10/15 | Best Z =   57.319 mΩ | IterTime =   2.94s
  Iter 11/15 | Best Z =   57.319 mΩ | IterTime =   2.94s
  Iter 12/15 | Best Z =   57.319 mΩ | IterTime =   2.94s
  Iter 13/15 | Best Z =   57.319 mΩ | IterTime =   2.93s
  Iter 14/15 | Best Z =   57.319 mΩ | IterTime =   2.94s
  Iter 15/15 | Best Z =   57.319 mΩ | IterTime =   2.93s
[Stage Complete] n_caps=6 | Best Z = 57.319 mΩ | Ports = [0, 14, 16, 15, 0, 1] | Time = 44.07s
Threshold reached — stopping stage growth.

[Run Complete] Total Time = 251.96s
------------------------------------------------------------
iterative | Run 09 | n_caps=6 | Z=0.057319 | Time=252.21s

============================================================
RUN 10 | METHOD = ITERATIVE
============================================================

[Stage] n_caps = 1
  Iter 01/15 | Best Z =  146.174 mΩ | IterTime =   2.53s
  Iter 02/15 | Best Z =  146.174 mΩ | IterTime =   2.53s
  Iter 03/15 | Best Z =  146.174 mΩ | IterTime =   2.54s
  Iter 04/15 | Best Z =  146.174 mΩ | IterTime =   2.54s
  Iter 05/15 | Best Z =  146.174 mΩ | IterTime =   2.54s
  Iter 06/15 | Best Z =  146.174 mΩ | IterTime =   2.53s
  Iter 07/15 | Best Z =  146.174 mΩ | IterTime =   2.54s
  Iter 08/15 | Best Z =  146.174 mΩ | IterTime =   2.54s
  Iter 09/15 | Best Z =  146.174 mΩ | IterTime =   2.54s
  Iter 10/15 | Best Z =  146.174 mΩ | IterTime =   2.54s
  Iter 11/15 | Best Z =  146.174 mΩ | IterTime =   2.54s
  Iter 12/15 | Best Z =  146.174 mΩ | IterTime =   2.54s
  Iter 13/15 | Best Z =  146.174 mΩ | IterTime =   2.55s
  Iter 14/15 | Best Z =  146.174 mΩ | IterTime =   2.54s
  Iter 15/15 | Best Z =  146.174 mΩ | IterTime =   2.55s
[Stage Complete] n_caps=1 | Best Z = 146.174 mΩ | Ports = [10] | Time = 38.07s

[Stage] n_caps = 2
  Iter 01/15 | Best Z =   96.170 mΩ | IterTime =   2.70s
  Iter 02/15 | Best Z =   96.170 mΩ | IterTime =   2.70s
  Iter 03/15 | Best Z =   96.170 mΩ | IterTime =   2.70s
  Iter 04/15 | Best Z =   96.170 mΩ | IterTime =   2.70s
  Iter 05/15 | Best Z =   96.170 mΩ | IterTime =   2.70s
  Iter 06/15 | Best Z =   96.170 mΩ | IterTime =   2.70s
  Iter 07/15 | Best Z =   96.170 mΩ | IterTime =   2.70s
  Iter 08/15 | Best Z =   96.170 mΩ | IterTime =   2.70s
  Iter 09/15 | Best Z =   96.170 mΩ | IterTime =   2.70s
  Iter 10/15 | Best Z =   96.170 mΩ | IterTime =   2.70s
  Iter 11/15 | Best Z =   96.170 mΩ | IterTime =   2.70s
  Iter 12/15 | Best Z =   96.170 mΩ | IterTime =   2.71s
  Iter 13/15 | Best Z =   96.170 mΩ | IterTime =   2.70s
  Iter 14/15 | Best Z =   96.170 mΩ | IterTime =   2.70s
  Iter 15/15 | Best Z =   96.170 mΩ | IterTime =   2.70s
[Stage Complete] n_caps=2 | Best Z = 96.170 mΩ | Ports = [7, 9] | Time = 40.50s

[Stage] n_caps = 3
  Iter 01/15 | Best Z =   83.290 mΩ | IterTime =   2.74s
  Iter 02/15 | Best Z =   83.290 mΩ | IterTime =   2.74s
  Iter 03/15 | Best Z =   83.290 mΩ | IterTime =   2.74s
  Iter 04/15 | Best Z =   83.290 mΩ | IterTime =   2.74s
  Iter 05/15 | Best Z =   83.290 mΩ | IterTime =   2.75s
  Iter 06/15 | Best Z =   83.290 mΩ | IterTime =   2.75s
  Iter 07/15 | Best Z =   83.290 mΩ | IterTime =   2.74s
  Iter 08/15 | Best Z =   83.290 mΩ | IterTime =   2.74s
  Iter 09/15 | Best Z =   83.290 mΩ | IterTime =   2.75s
  Iter 10/15 | Best Z =   83.290 mΩ | IterTime =   2.74s
  Iter 11/15 | Best Z =   83.290 mΩ | IterTime =   2.74s
  Iter 12/15 | Best Z =   83.290 mΩ | IterTime =   2.74s
  Iter 13/15 | Best Z =   83.290 mΩ | IterTime =   2.75s
  Iter 14/15 | Best Z =   83.290 mΩ | IterTime =   2.74s
  Iter 15/15 | Best Z =   83.290 mΩ | IterTime =   2.75s
[Stage Complete] n_caps=3 | Best Z = 83.290 mΩ | Ports = [5, 15, 6] | Time = 41.15s

[Stage] n_caps = 4
  Iter 01/15 | Best Z =   63.201 mΩ | IterTime =   2.83s
  Iter 02/15 | Best Z =   63.201 mΩ | IterTime =   2.84s
  Iter 03/15 | Best Z =   63.201 mΩ | IterTime =   2.83s
  Iter 04/15 | Best Z =   63.201 mΩ | IterTime =   2.83s
  Iter 05/15 | Best Z =   63.201 mΩ | IterTime =   2.83s
  Iter 06/15 | Best Z =   63.201 mΩ | IterTime =   2.83s
  Iter 07/15 | Best Z =   63.201 mΩ | IterTime =   2.83s
  Iter 08/15 | Best Z =   63.201 mΩ | IterTime =   2.83s
  Iter 09/15 | Best Z =   63.201 mΩ | IterTime =   2.83s
  Iter 10/15 | Best Z =   63.201 mΩ | IterTime =   2.83s
  Iter 11/15 | Best Z =   63.201 mΩ | IterTime =   2.83s
  Iter 12/15 | Best Z =   63.201 mΩ | IterTime =   2.84s
  Iter 13/15 | Best Z =   63.201 mΩ | IterTime =   2.83s
  Iter 14/15 | Best Z =   63.201 mΩ | IterTime =   2.83s
  Iter 15/15 | Best Z =   63.201 mΩ | IterTime =   2.83s
[Stage Complete] n_caps=4 | Best Z = 63.201 mΩ | Ports = [15, 6, 0, 0] | Time = 42.47s

[Stage] n_caps = 5
  Iter 01/15 | Best Z =   48.627 mΩ | IterTime =   2.92s
  Iter 02/15 | Best Z =   48.627 mΩ | IterTime =   2.92s
  Iter 03/15 | Best Z =   48.627 mΩ | IterTime =   2.92s
  Iter 04/15 | Best Z =   48.627 mΩ | IterTime =   2.92s
  Iter 05/15 | Best Z =   48.627 mΩ | IterTime =   2.91s
  Iter 06/15 | Best Z =   48.627 mΩ | IterTime =   2.92s
  Iter 07/15 | Best Z =   48.627 mΩ | IterTime =   2.91s
  Iter 08/15 | Best Z =   48.627 mΩ | IterTime =   2.92s
  Iter 09/15 | Best Z =   48.627 mΩ | IterTime =   2.92s
  Iter 10/15 | Best Z =   48.627 mΩ | IterTime =   2.92s
  Iter 11/15 | Best Z =   48.627 mΩ | IterTime =   2.92s
  Iter 12/15 | Best Z =   48.627 mΩ | IterTime =   2.92s
  Iter 13/15 | Best Z =   48.627 mΩ | IterTime =   2.92s
  Iter 14/15 | Best Z =   48.627 mΩ | IterTime =   2.91s
  Iter 15/15 | Best Z =   48.627 mΩ | IterTime =   2.91s
[Stage Complete] n_caps=5 | Best Z = 48.627 mΩ | Ports = [6, 0, 0, 9, 0] | Time = 43.75s
Threshold reached — stopping stage growth.

[Run Complete] Total Time = 205.95s
------------------------------------------------------------
iterative | Run 10 | n_caps=5 | Z=0.048627 | Time=206.14s

============================================================
RUN 11 | METHOD = ITERATIVE
============================================================

[Stage] n_caps = 1
  Iter 01/15 | Best Z =  104.281 mΩ | IterTime =   2.55s
  Iter 02/15 | Best Z =  104.281 mΩ | IterTime =   2.56s
  Iter 03/15 | Best Z =  104.281 mΩ | IterTime =   2.56s
  Iter 04/15 | Best Z =  104.281 mΩ | IterTime =   2.56s
  Iter 05/15 | Best Z =  104.281 mΩ | IterTime =   2.56s
  Iter 06/15 | Best Z =  104.281 mΩ | IterTime =   2.55s
  Iter 07/15 | Best Z =  104.281 mΩ | IterTime =   2.56s
  Iter 08/15 | Best Z =  104.281 mΩ | IterTime =   2.56s
  Iter 09/15 | Best Z =  104.281 mΩ | IterTime =   2.56s
  Iter 10/15 | Best Z =  104.281 mΩ | IterTime =   2.56s
  Iter 11/15 | Best Z =  104.281 mΩ | IterTime =   2.55s
  Iter 12/15 | Best Z =  104.281 mΩ | IterTime =   2.55s
  Iter 13/15 | Best Z =  104.281 mΩ | IterTime =   2.56s
  Iter 14/15 | Best Z =  104.281 mΩ | IterTime =   2.56s
  Iter 15/15 | Best Z =  104.281 mΩ | IterTime =   2.55s
[Stage Complete] n_caps=1 | Best Z = 104.281 mΩ | Ports = [10] | Time = 38.34s

[Stage] n_caps = 2
  Iter 01/15 | Best Z =   83.185 mΩ | IterTime =   2.67s
  Iter 02/15 | Best Z =   83.185 mΩ | IterTime =   2.67s
  Iter 03/15 | Best Z =   83.185 mΩ | IterTime =   2.67s
  Iter 04/15 | Best Z =   83.185 mΩ | IterTime =   2.67s
  Iter 05/15 | Best Z =   83.185 mΩ | IterTime =   2.67s
  Iter 06/15 | Best Z =   83.185 mΩ | IterTime =   2.67s
  Iter 07/15 | Best Z =   83.185 mΩ | IterTime =   2.67s
  Iter 08/15 | Best Z =   83.185 mΩ | IterTime =   2.67s
  Iter 09/15 | Best Z =   83.185 mΩ | IterTime =   2.67s
  Iter 10/15 | Best Z =   83.185 mΩ | IterTime =   2.67s
  Iter 11/15 | Best Z =   83.185 mΩ | IterTime =   2.68s
  Iter 12/15 | Best Z =   83.185 mΩ | IterTime =   2.70s
  Iter 13/15 | Best Z =   83.185 mΩ | IterTime =   2.67s
  Iter 14/15 | Best Z =   83.185 mΩ | IterTime =   2.67s
  Iter 15/15 | Best Z =   83.185 mΩ | IterTime =   2.68s
[Stage Complete] n_caps=2 | Best Z = 83.185 mΩ | Ports = [6, 0] | Time = 40.10s

[Stage] n_caps = 3
  Iter 01/15 | Best Z =   76.560 mΩ | IterTime =   2.75s
  Iter 02/15 | Best Z =   76.560 mΩ | IterTime =   2.76s
  Iter 03/15 | Best Z =   76.560 mΩ | IterTime =   2.75s
  Iter 04/15 | Best Z =   76.560 mΩ | IterTime =   2.75s
  Iter 05/15 | Best Z =   76.560 mΩ | IterTime =   2.74s
  Iter 06/15 | Best Z =   76.560 mΩ | IterTime =   2.75s
  Iter 07/15 | Best Z =   76.560 mΩ | IterTime =   2.75s
  Iter 08/15 | Best Z =   76.560 mΩ | IterTime =   2.76s
  Iter 09/15 | Best Z =   76.560 mΩ | IterTime =   2.75s
  Iter 10/15 | Best Z =   76.560 mΩ | IterTime =   2.75s
  Iter 11/15 | Best Z =   76.560 mΩ | IterTime =   2.75s
  Iter 12/15 | Best Z =   76.560 mΩ | IterTime =   2.76s
  Iter 13/15 | Best Z =   76.560 mΩ | IterTime =   2.75s
  Iter 14/15 | Best Z =   76.560 mΩ | IterTime =   2.76s
  Iter 15/15 | Best Z =   76.560 mΩ | IterTime =   2.75s
[Stage Complete] n_caps=3 | Best Z = 76.560 mΩ | Ports = [0, 17, 5] | Time = 41.27s

[Stage] n_caps = 4
  Iter 01/15 | Best Z =   88.590 mΩ | IterTime =   2.81s
  Iter 02/15 | Best Z =   88.590 mΩ | IterTime =   2.81s
  Iter 03/15 | Best Z =   88.590 mΩ | IterTime =   2.81s
  Iter 04/15 | Best Z =   88.590 mΩ | IterTime =   2.82s
  Iter 05/15 | Best Z =   88.590 mΩ | IterTime =   2.81s
  Iter 06/15 | Best Z =   88.590 mΩ | IterTime =   2.83s
  Iter 07/15 | Best Z =   88.590 mΩ | IterTime =   2.82s
  Iter 08/15 | Best Z =   88.590 mΩ | IterTime =   2.83s
  Iter 09/15 | Best Z =   88.590 mΩ | IterTime =   2.82s
  Iter 10/15 | Best Z =   88.590 mΩ | IterTime =   2.82s
  Iter 11/15 | Best Z =   88.590 mΩ | IterTime =   2.82s
  Iter 12/15 | Best Z =   88.590 mΩ | IterTime =   2.82s
  Iter 13/15 | Best Z =   88.590 mΩ | IterTime =   2.82s
  Iter 14/15 | Best Z =   88.590 mΩ | IterTime =   2.82s
  Iter 15/15 | Best Z =   88.590 mΩ | IterTime =   2.82s
[Stage Complete] n_caps=4 | Best Z = 88.590 mΩ | Ports = [10, 7, 10, 6] | Time = 42.27s

[Stage] n_caps = 5
  Iter 01/15 | Best Z =   67.762 mΩ | IterTime =   2.91s
  Iter 02/15 | Best Z =   67.762 mΩ | IterTime =   2.90s
  Iter 03/15 | Best Z =   67.762 mΩ | IterTime =   2.91s
  Iter 04/15 | Best Z =   67.762 mΩ | IterTime =   2.90s
  Iter 05/15 | Best Z =   67.762 mΩ | IterTime =   2.91s
  Iter 06/15 | Best Z =   67.762 mΩ | IterTime =   2.90s
  Iter 07/15 | Best Z =   67.762 mΩ | IterTime =   2.91s
  Iter 08/15 | Best Z =   67.762 mΩ | IterTime =   2.91s
  Iter 09/15 | Best Z =   67.762 mΩ | IterTime =   2.91s
  Iter 10/15 | Best Z =   67.762 mΩ | IterTime =   2.91s
  Iter 11/15 | Best Z =   67.762 mΩ | IterTime =   2.91s
  Iter 12/15 | Best Z =   67.762 mΩ | IterTime =   2.90s
  Iter 13/15 | Best Z =   67.762 mΩ | IterTime =   2.91s
  Iter 14/15 | Best Z =   67.762 mΩ | IterTime =   2.90s
  Iter 15/15 | Best Z =   67.762 mΩ | IterTime =   2.91s
[Stage Complete] n_caps=5 | Best Z = 67.762 mΩ | Ports = [7, 10, 6, 0, 6] | Time = 43.61s

[Stage] n_caps = 6
  Iter 01/15 | Best Z =   63.249 mΩ | IterTime =   2.96s
  Iter 02/15 | Best Z =   63.249 mΩ | IterTime =   2.96s
  Iter 03/15 | Best Z =   63.249 mΩ | IterTime =   2.96s
  Iter 04/15 | Best Z =   63.249 mΩ | IterTime =   2.97s
  Iter 05/15 | Best Z =   63.249 mΩ | IterTime =   2.97s
  Iter 06/15 | Best Z =   63.249 mΩ | IterTime =   2.96s
  Iter 07/15 | Best Z =   63.249 mΩ | IterTime =   2.96s
  Iter 08/15 | Best Z =   63.249 mΩ | IterTime =   2.96s
  Iter 09/15 | Best Z =   63.249 mΩ | IterTime =   2.96s
  Iter 10/15 | Best Z =   63.249 mΩ | IterTime =   2.95s
  Iter 11/15 | Best Z =   63.249 mΩ | IterTime =   2.95s
  Iter 12/15 | Best Z =   63.249 mΩ | IterTime =   2.95s
  Iter 13/15 | Best Z =   63.249 mΩ | IterTime =   2.96s
  Iter 14/15 | Best Z =   63.249 mΩ | IterTime =   2.96s
  Iter 15/15 | Best Z =   63.249 mΩ | IterTime =   2.96s
[Stage Complete] n_caps=6 | Best Z = 63.249 mΩ | Ports = [10, 6, 0, 6, 9, 0] | Time = 44.38s

[Stage] n_caps = 7
  Iter 01/15 | Best Z =   48.121 mΩ | IterTime =   3.02s
  Iter 02/15 | Best Z =   48.121 mΩ | IterTime =   3.01s
  Iter 03/15 | Best Z =   48.121 mΩ | IterTime =   3.02s
  Iter 04/15 | Best Z =   48.121 mΩ | IterTime =   3.01s
  Iter 05/15 | Best Z =   48.121 mΩ | IterTime =   3.01s
  Iter 06/15 | Best Z =   48.121 mΩ | IterTime =   3.02s
  Iter 07/15 | Best Z =   48.121 mΩ | IterTime =   3.03s
  Iter 08/15 | Best Z =   48.121 mΩ | IterTime =   3.02s
  Iter 09/15 | Best Z =   48.121 mΩ | IterTime =   3.02s
  Iter 10/15 | Best Z =   48.121 mΩ | IterTime =   3.02s
  Iter 11/15 | Best Z =   48.121 mΩ | IterTime =   3.03s
  Iter 12/15 | Best Z =   48.121 mΩ | IterTime =   3.02s
  Iter 13/15 | Best Z =   48.121 mΩ | IterTime =   3.02s
  Iter 14/15 | Best Z =   48.121 mΩ | IterTime =   3.02s
  Iter 15/15 | Best Z =   48.121 mΩ | IterTime =   3.03s
[Stage Complete] n_caps=7 | Best Z = 48.121 mΩ | Ports = [6, 0, 6, 9, 0, 0, 10] | Time = 45.30s
Threshold reached — stopping stage growth.

[Run Complete] Total Time = 295.27s
------------------------------------------------------------
iterative | Run 11 | n_caps=7 | Z=0.048121 | Time=295.48s

============================================================
RUN 12 | METHOD = ITERATIVE
============================================================

[Stage] n_caps = 1
  Iter 01/15 | Best Z =  154.315 mΩ | IterTime =   2.54s
  Iter 02/15 | Best Z =  154.315 mΩ | IterTime =   2.55s
  Iter 03/15 | Best Z =  154.315 mΩ | IterTime =   2.55s
  Iter 04/15 | Best Z =  154.315 mΩ | IterTime =   2.55s
  Iter 05/15 | Best Z =  154.315 mΩ | IterTime =   2.55s
  Iter 06/15 | Best Z =  154.315 mΩ | IterTime =   2.54s
  Iter 07/15 | Best Z =  154.315 mΩ | IterTime =   2.55s
  Iter 08/15 | Best Z =  154.315 mΩ | IterTime =   2.54s
  Iter 09/15 | Best Z =  154.315 mΩ | IterTime =   2.54s
  Iter 10/15 | Best Z =  154.315 mΩ | IterTime =   2.54s
  Iter 11/15 | Best Z =  154.315 mΩ | IterTime =   2.54s
  Iter 12/15 | Best Z =  154.315 mΩ | IterTime =   2.55s
  Iter 13/15 | Best Z =  154.315 mΩ | IterTime =   2.54s
  Iter 14/15 | Best Z =  154.315 mΩ | IterTime =   2.54s
  Iter 15/15 | Best Z =  154.315 mΩ | IterTime =   2.54s
[Stage Complete] n_caps=1 | Best Z = 154.315 mΩ | Ports = [7] | Time = 38.17s

[Stage] n_caps = 2
  Iter 01/15 | Best Z =  118.746 mΩ | IterTime =   2.67s
  Iter 02/15 | Best Z =  118.746 mΩ | IterTime =   2.66s
  Iter 03/15 | Best Z =  118.746 mΩ | IterTime =   2.67s
  Iter 04/15 | Best Z =  118.746 mΩ | IterTime =   2.68s
  Iter 05/15 | Best Z =  118.746 mΩ | IterTime =   2.66s
  Iter 06/15 | Best Z =  118.746 mΩ | IterTime =   2.67s
  Iter 07/15 | Best Z =  118.746 mΩ | IterTime =   2.67s
  Iter 08/15 | Best Z =  118.746 mΩ | IterTime =   2.67s
  Iter 09/15 | Best Z =  118.746 mΩ | IterTime =   2.67s
  Iter 10/15 | Best Z =  118.746 mΩ | IterTime =   2.66s
  Iter 11/15 | Best Z =  118.746 mΩ | IterTime =   2.67s
  Iter 12/15 | Best Z =  118.746 mΩ | IterTime =   2.68s
  Iter 13/15 | Best Z =  118.746 mΩ | IterTime =   2.67s
  Iter 14/15 | Best Z =  118.746 mΩ | IterTime =   2.67s
  Iter 15/15 | Best Z =  118.746 mΩ | IterTime =   2.67s
[Stage Complete] n_caps=2 | Best Z = 118.746 mΩ | Ports = [0, 13] | Time = 40.05s

[Stage] n_caps = 3
  Iter 01/15 | Best Z =   81.058 mΩ | IterTime =   2.76s
  Iter 02/15 | Best Z =   81.058 mΩ | IterTime =   2.75s
  Iter 03/15 | Best Z =   81.058 mΩ | IterTime =   2.75s
  Iter 04/15 | Best Z =   81.058 mΩ | IterTime =   2.74s
  Iter 05/15 | Best Z =   81.058 mΩ | IterTime =   2.75s
  Iter 06/15 | Best Z =   81.058 mΩ | IterTime =   2.74s
  Iter 07/15 | Best Z =   81.058 mΩ | IterTime =   2.74s
  Iter 08/15 | Best Z =   81.058 mΩ | IterTime =   2.75s
  Iter 09/15 | Best Z =   81.058 mΩ | IterTime =   2.75s
  Iter 10/15 | Best Z =   81.058 mΩ | IterTime =   2.74s
  Iter 11/15 | Best Z =   81.058 mΩ | IterTime =   2.75s
  Iter 12/15 | Best Z =   81.058 mΩ | IterTime =   2.75s
  Iter 13/15 | Best Z =   81.058 mΩ | IterTime =   2.75s
  Iter 14/15 | Best Z =   81.058 mΩ | IterTime =   2.75s
  Iter 15/15 | Best Z =   81.058 mΩ | IterTime =   2.75s
[Stage Complete] n_caps=3 | Best Z = 81.058 mΩ | Ports = [16, 6, 0] | Time = 41.20s

[Stage] n_caps = 4
  Iter 01/15 | Best Z =   65.059 mΩ | IterTime =   2.85s
  Iter 02/15 | Best Z =   65.059 mΩ | IterTime =   2.85s
  Iter 03/15 | Best Z =   65.059 mΩ | IterTime =   2.86s
  Iter 04/15 | Best Z =   65.059 mΩ | IterTime =   2.86s
  Iter 05/15 | Best Z =   65.059 mΩ | IterTime =   2.85s
  Iter 06/15 | Best Z =   65.059 mΩ | IterTime =   2.86s
  Iter 07/15 | Best Z =   65.059 mΩ | IterTime =   2.86s
  Iter 08/15 | Best Z =   65.059 mΩ | IterTime =   2.84s
  Iter 09/15 | Best Z =   65.059 mΩ | IterTime =   2.85s
  Iter 10/15 | Best Z =   65.059 mΩ | IterTime =   2.86s
  Iter 11/15 | Best Z =   65.059 mΩ | IterTime =   2.84s
  Iter 12/15 | Best Z =   65.059 mΩ | IterTime =   2.85s
  Iter 13/15 | Best Z =   65.059 mΩ | IterTime =   2.85s
  Iter 14/15 | Best Z =   65.059 mΩ | IterTime =   2.83s
  Iter 15/15 | Best Z =   65.059 mΩ | IterTime =   2.85s
[Stage Complete] n_caps=4 | Best Z = 65.059 mΩ | Ports = [6, 0, 0, 12] | Time = 42.74s

[Stage] n_caps = 5
  Iter 01/15 | Best Z =   60.955 mΩ | IterTime =   2.89s
  Iter 02/15 | Best Z =   60.955 mΩ | IterTime =   2.90s
  Iter 03/15 | Best Z =   60.955 mΩ | IterTime =   2.90s
  Iter 04/15 | Best Z =   60.955 mΩ | IterTime =   2.91s
  Iter 05/15 | Best Z =   60.955 mΩ | IterTime =   2.91s
  Iter 06/15 | Best Z =   60.955 mΩ | IterTime =   2.90s
  Iter 07/15 | Best Z =   60.955 mΩ | IterTime =   2.90s
  Iter 08/15 | Best Z =   60.955 mΩ | IterTime =   2.90s
  Iter 09/15 | Best Z =   60.955 mΩ | IterTime =   2.90s
  Iter 10/15 | Best Z =   60.955 mΩ | IterTime =   2.91s
  Iter 11/15 | Best Z =   60.955 mΩ | IterTime =   2.91s
  Iter 12/15 | Best Z =   60.955 mΩ | IterTime =   2.90s
  Iter 13/15 | Best Z =   60.955 mΩ | IterTime =   2.90s
  Iter 14/15 | Best Z =   60.955 mΩ | IterTime =   2.90s
  Iter 15/15 | Best Z =   60.955 mΩ | IterTime =   2.90s
[Stage Complete] n_caps=5 | Best Z = 60.955 mΩ | Ports = [0, 0, 12, 7, 0] | Time = 43.54s

[Stage] n_caps = 6
  Iter 01/15 | Best Z =   68.534 mΩ | IterTime =   2.95s
  Iter 02/15 | Best Z =   68.534 mΩ | IterTime =   2.96s
  Iter 03/15 | Best Z =   68.534 mΩ | IterTime =   2.97s
  Iter 04/15 | Best Z =   68.534 mΩ | IterTime =   2.97s
  Iter 05/15 | Best Z =   68.534 mΩ | IterTime =   2.96s
  Iter 06/15 | Best Z =   68.534 mΩ | IterTime =   2.97s
  Iter 07/15 | Best Z =   68.534 mΩ | IterTime =   2.96s
  Iter 08/15 | Best Z =   68.534 mΩ | IterTime =   2.97s
  Iter 09/15 | Best Z =   68.534 mΩ | IterTime =   2.96s
  Iter 10/15 | Best Z =   68.534 mΩ | IterTime =   2.96s
  Iter 11/15 | Best Z =   68.534 mΩ | IterTime =   2.96s
  Iter 12/15 | Best Z =   68.534 mΩ | IterTime =   2.97s
  Iter 13/15 | Best Z =   68.534 mΩ | IterTime =   2.96s
  Iter 14/15 | Best Z =   68.534 mΩ | IterTime =   2.96s
  Iter 15/15 | Best Z =   68.534 mΩ | IterTime =   2.96s
[Stage Complete] n_caps=6 | Best Z = 68.534 mΩ | Ports = [0, 12, 7, 0, 16, 15] | Time = 44.46s

[Stage] n_caps = 7
  Iter 01/15 | Best Z =   69.345 mΩ | IterTime =   3.02s
  Iter 02/15 | Best Z =   69.345 mΩ | IterTime =   3.03s
  Iter 03/15 | Best Z =   69.345 mΩ | IterTime =   3.02s
  Iter 04/15 | Best Z =   69.345 mΩ | IterTime =   3.03s
  Iter 05/15 | Best Z =   69.345 mΩ | IterTime =   3.01s
  Iter 06/15 | Best Z =   69.345 mΩ | IterTime =   3.02s
  Iter 07/15 | Best Z =   69.345 mΩ | IterTime =   3.01s
  Iter 08/15 | Best Z =   69.345 mΩ | IterTime =   3.02s
  Iter 09/15 | Best Z =   69.345 mΩ | IterTime =   3.01s
  Iter 10/15 | Best Z =   69.345 mΩ | IterTime =   3.02s
  Iter 11/15 | Best Z =   69.345 mΩ | IterTime =   3.01s
  Iter 12/15 | Best Z =   69.345 mΩ | IterTime =   3.02s
  Iter 13/15 | Best Z =   69.345 mΩ | IterTime =   3.02s
  Iter 14/15 | Best Z =   69.345 mΩ | IterTime =   3.03s
  Iter 15/15 | Best Z =   69.345 mΩ | IterTime =   3.01s
[Stage Complete] n_caps=7 | Best Z = 69.345 mΩ | Ports = [12, 7, 0, 16, 15, 4, 0] | Time = 45.28s

[Stage] n_caps = 8
  Iter 01/15 | Best Z =   61.088 mΩ | IterTime =   3.08s
  Iter 02/15 | Best Z =   61.088 mΩ | IterTime =   3.06s
  Iter 03/15 | Best Z =   61.088 mΩ | IterTime =   3.08s
  Iter 04/15 | Best Z =   61.088 mΩ | IterTime =   3.05s
  Iter 05/15 | Best Z =   61.088 mΩ | IterTime =   3.07s
  Iter 06/15 | Best Z =   61.088 mΩ | IterTime =   3.07s
  Iter 07/15 | Best Z =   61.088 mΩ | IterTime =   3.08s
  Iter 08/15 | Best Z =   61.088 mΩ | IterTime =   3.06s
  Iter 09/15 | Best Z =   61.088 mΩ | IterTime =   3.08s
  Iter 10/15 | Best Z =   61.088 mΩ | IterTime =   3.07s
  Iter 11/15 | Best Z =   61.088 mΩ | IterTime =   3.08s
  Iter 12/15 | Best Z =   61.088 mΩ | IterTime =   3.06s
  Iter 13/15 | Best Z =   61.088 mΩ | IterTime =   3.08s
  Iter 14/15 | Best Z =   61.088 mΩ | IterTime =   3.06s
  Iter 15/15 | Best Z =   61.088 mΩ | IterTime =   3.09s
[Stage Complete] n_caps=8 | Best Z = 61.088 mΩ | Ports = [12, 5, 9, 10, 16, 0, 8, 17] | Time = 46.06s

[Stage] n_caps = 9
  Iter 01/15 | Best Z =   52.848 mΩ | IterTime =   3.17s
  Iter 02/15 | Best Z =   52.848 mΩ | IterTime =   3.17s
  Iter 03/15 | Best Z =   52.848 mΩ | IterTime =   3.18s
  Iter 04/15 | Best Z =   52.848 mΩ | IterTime =   3.17s
  Iter 05/15 | Best Z =   52.848 mΩ | IterTime =   3.17s
  Iter 06/15 | Best Z =   52.848 mΩ | IterTime =   3.15s
  Iter 07/15 | Best Z =   52.848 mΩ | IterTime =   3.17s
  Iter 08/15 | Best Z =   52.848 mΩ | IterTime =   3.16s
  Iter 09/15 | Best Z =   52.848 mΩ | IterTime =   3.17s
  Iter 10/15 | Best Z =   52.848 mΩ | IterTime =   3.18s
  Iter 11/15 | Best Z =   52.848 mΩ | IterTime =   3.17s
  Iter 12/15 | Best Z =   52.848 mΩ | IterTime =   3.16s
  Iter 13/15 | Best Z =   52.848 mΩ | IterTime =   3.17s
  Iter 14/15 | Best Z =   52.848 mΩ | IterTime =   3.15s
  Iter 15/15 | Best Z =   52.848 mΩ | IterTime =   3.17s
[Stage Complete] n_caps=9 | Best Z = 52.848 mΩ | Ports = [0, 15, 6, 10, 0, 16, 16, 8, 10] | Time = 47.49s
Threshold reached — stopping stage growth.

[Run Complete] Total Time = 388.99s
------------------------------------------------------------
iterative | Run 12 | n_caps=9 | Z=0.052848 | Time=389.20s

============================================================
RUN 13 | METHOD = ITERATIVE
============================================================

[Stage] n_caps = 1
  Iter 01/15 | Best Z =  141.217 mΩ | IterTime =   2.57s
  Iter 02/15 | Best Z =  141.217 mΩ | IterTime =   2.57s
  Iter 03/15 | Best Z =  141.217 mΩ | IterTime =   2.57s
  Iter 04/15 | Best Z =  141.217 mΩ | IterTime =   2.57s
  Iter 05/15 | Best Z =  141.217 mΩ | IterTime =   2.57s
  Iter 06/15 | Best Z =  141.217 mΩ | IterTime =   2.57s
  Iter 07/15 | Best Z =  141.217 mΩ | IterTime =   2.57s
  Iter 08/15 | Best Z =  141.217 mΩ | IterTime =   2.57s
  Iter 09/15 | Best Z =  141.217 mΩ | IterTime =   2.57s
  Iter 10/15 | Best Z =  141.217 mΩ | IterTime =   2.57s
  Iter 11/15 | Best Z =  141.217 mΩ | IterTime =   2.57s
  Iter 12/15 | Best Z =  141.217 mΩ | IterTime =   2.57s
  Iter 13/15 | Best Z =  141.217 mΩ | IterTime =   2.57s
  Iter 14/15 | Best Z =  141.217 mΩ | IterTime =   2.57s
  Iter 15/15 | Best Z =  141.217 mΩ | IterTime =   2.57s
[Stage Complete] n_caps=1 | Best Z = 141.217 mΩ | Ports = [15] | Time = 38.56s

[Stage] n_caps = 2
  Iter 01/15 | Best Z =  103.317 mΩ | IterTime =   2.69s
  Iter 02/15 | Best Z =  103.317 mΩ | IterTime =   2.69s
  Iter 03/15 | Best Z =  103.317 mΩ | IterTime =   2.68s
  Iter 04/15 | Best Z =  103.317 mΩ | IterTime =   2.69s
  Iter 05/15 | Best Z =  103.317 mΩ | IterTime =   2.69s
  Iter 06/15 | Best Z =  103.317 mΩ | IterTime =   2.69s
  Iter 07/15 | Best Z =  103.317 mΩ | IterTime =   2.69s
  Iter 08/15 | Best Z =  103.317 mΩ | IterTime =   2.69s
  Iter 09/15 | Best Z =  103.317 mΩ | IterTime =   2.69s
  Iter 10/15 | Best Z =  103.317 mΩ | IterTime =   2.69s
  Iter 11/15 | Best Z =  103.317 mΩ | IterTime =   2.68s
  Iter 12/15 | Best Z =  103.317 mΩ | IterTime =   2.69s
  Iter 13/15 | Best Z =  103.317 mΩ | IterTime =   2.68s
  Iter 14/15 | Best Z =  103.317 mΩ | IterTime =   2.69s
  Iter 15/15 | Best Z =  103.317 mΩ | IterTime =   2.69s
[Stage Complete] n_caps=2 | Best Z = 103.317 mΩ | Ports = [5, 10] | Time = 40.32s

[Stage] n_caps = 3
  Iter 01/15 | Best Z =   85.606 mΩ | IterTime =   2.75s
  Iter 02/15 | Best Z =   85.606 mΩ | IterTime =   2.76s
  Iter 03/15 | Best Z =   85.606 mΩ | IterTime =   2.76s
  Iter 04/15 | Best Z =   85.606 mΩ | IterTime =   2.76s
  Iter 05/15 | Best Z =   85.606 mΩ | IterTime =   2.76s
  Iter 06/15 | Best Z =   85.606 mΩ | IterTime =   2.76s
  Iter 07/15 | Best Z =   85.606 mΩ | IterTime =   2.77s
  Iter 08/15 | Best Z =   85.606 mΩ | IterTime =   2.76s
  Iter 09/15 | Best Z =   85.606 mΩ | IterTime =   2.77s
  Iter 10/15 | Best Z =   85.606 mΩ | IterTime =   2.76s
  Iter 11/15 | Best Z =   85.606 mΩ | IterTime =   2.77s
  Iter 12/15 | Best Z =   85.606 mΩ | IterTime =   2.76s
  Iter 13/15 | Best Z =   85.606 mΩ | IterTime =   2.77s
  Iter 14/15 | Best Z =   85.606 mΩ | IterTime =   2.76s
  Iter 15/15 | Best Z =   85.606 mΩ | IterTime =   2.77s
[Stage Complete] n_caps=3 | Best Z = 85.606 mΩ | Ports = [10, 14, 0] | Time = 41.43s

[Stage] n_caps = 4
  Iter 01/15 | Best Z =   70.634 mΩ | IterTime =   2.84s
  Iter 02/15 | Best Z =   70.634 mΩ | IterTime =   2.83s
  Iter 03/15 | Best Z =   70.634 mΩ | IterTime =   2.83s
  Iter 04/15 | Best Z =   70.634 mΩ | IterTime =   2.83s
  Iter 05/15 | Best Z =   70.634 mΩ | IterTime =   2.83s
  Iter 06/15 | Best Z =   70.634 mΩ | IterTime =   2.84s
  Iter 07/15 | Best Z =   70.634 mΩ | IterTime =   2.84s
  Iter 08/15 | Best Z =   70.634 mΩ | IterTime =   2.84s
  Iter 09/15 | Best Z =   70.634 mΩ | IterTime =   2.85s
  Iter 10/15 | Best Z =   70.634 mΩ | IterTime =   2.84s
  Iter 11/15 | Best Z =   70.634 mΩ | IterTime =   2.84s
  Iter 12/15 | Best Z =   70.634 mΩ | IterTime =   2.83s
  Iter 13/15 | Best Z =   70.634 mΩ | IterTime =   2.83s
  Iter 14/15 | Best Z =   70.634 mΩ | IterTime =   2.83s
  Iter 15/15 | Best Z =   70.634 mΩ | IterTime =   2.84s
[Stage Complete] n_caps=4 | Best Z = 70.634 mΩ | Ports = [14, 0, 12, 6] | Time = 42.53s

[Stage] n_caps = 5
  Iter 01/15 | Best Z =   64.790 mΩ | IterTime =   2.91s
  Iter 02/15 | Best Z =   64.790 mΩ | IterTime =   2.90s
  Iter 03/15 | Best Z =   64.790 mΩ | IterTime =   2.90s
  Iter 04/15 | Best Z =   64.790 mΩ | IterTime =   2.91s
  Iter 05/15 | Best Z =   64.790 mΩ | IterTime =   2.91s
  Iter 06/15 | Best Z =   64.790 mΩ | IterTime =   2.91s
  Iter 07/15 | Best Z =   64.790 mΩ | IterTime =   2.91s
  Iter 08/15 | Best Z =   64.790 mΩ | IterTime =   2.91s
  Iter 09/15 | Best Z =   64.790 mΩ | IterTime =   2.90s
  Iter 10/15 | Best Z =   64.790 mΩ | IterTime =   2.90s
  Iter 11/15 | Best Z =   64.790 mΩ | IterTime =   2.91s
  Iter 12/15 | Best Z =   64.790 mΩ | IterTime =   2.91s
  Iter 13/15 | Best Z =   64.790 mΩ | IterTime =   2.91s
  Iter 14/15 | Best Z =   64.790 mΩ | IterTime =   2.91s
  Iter 15/15 | Best Z =   64.790 mΩ | IterTime =   2.91s
[Stage Complete] n_caps=5 | Best Z = 64.790 mΩ | Ports = [0, 12, 6, 0, 6] | Time = 43.61s

[Stage] n_caps = 6
  Iter 01/15 | Best Z =   69.338 mΩ | IterTime =   2.95s
  Iter 02/15 | Best Z =   69.338 mΩ | IterTime =   2.97s
  Iter 03/15 | Best Z =   69.338 mΩ | IterTime =   2.95s
  Iter 04/15 | Best Z =   69.338 mΩ | IterTime =   2.97s
  Iter 05/15 | Best Z =   69.338 mΩ | IterTime =   2.96s
  Iter 06/15 | Best Z =   69.338 mΩ | IterTime =   2.98s
  Iter 07/15 | Best Z =   69.338 mΩ | IterTime =   2.95s
  Iter 08/15 | Best Z =   69.338 mΩ | IterTime =   2.97s
  Iter 09/15 | Best Z =   69.338 mΩ | IterTime =   2.96s
  Iter 10/15 | Best Z =   69.338 mΩ | IterTime =   2.97s
  Iter 11/15 | Best Z =   69.338 mΩ | IterTime =   2.96s
  Iter 12/15 | Best Z =   69.338 mΩ | IterTime =   2.97s
  Iter 13/15 | Best Z =   69.338 mΩ | IterTime =   2.96s
  Iter 14/15 | Best Z =   69.338 mΩ | IterTime =   2.96s
  Iter 15/15 | Best Z =   69.338 mΩ | IterTime =   2.95s
[Stage Complete] n_caps=6 | Best Z = 69.338 mΩ | Ports = [13, 18, 10, 5, 18, 0] | Time = 44.42s

[Stage] n_caps = 7
  Iter 01/15 | Best Z =   55.843 mΩ | IterTime =   3.02s
  Iter 02/15 | Best Z =   55.843 mΩ | IterTime =   3.03s
  Iter 03/15 | Best Z =   55.843 mΩ | IterTime =   3.02s
  Iter 04/15 | Best Z =   55.843 mΩ | IterTime =   3.03s
  Iter 05/15 | Best Z =   55.843 mΩ | IterTime =   3.02s
  Iter 06/15 | Best Z =   55.843 mΩ | IterTime =   3.02s
  Iter 07/15 | Best Z =   55.843 mΩ | IterTime =   3.04s
  Iter 08/15 | Best Z =   55.843 mΩ | IterTime =   3.03s
  Iter 09/15 | Best Z =   55.843 mΩ | IterTime =   3.04s
  Iter 10/15 | Best Z =   55.843 mΩ | IterTime =   3.03s
  Iter 11/15 | Best Z =   55.843 mΩ | IterTime =   3.05s
  Iter 12/15 | Best Z =   55.843 mΩ | IterTime =   3.03s
  Iter 13/15 | Best Z =   55.843 mΩ | IterTime =   3.04s
  Iter 14/15 | Best Z =   55.843 mΩ | IterTime =   3.04s
  Iter 15/15 | Best Z =   55.843 mΩ | IterTime =   3.05s
[Stage Complete] n_caps=7 | Best Z = 55.843 mΩ | Ports = [10, 14, 5, 0, 0, 6, 11] | Time = 45.46s
Threshold reached — stopping stage growth.

[Run Complete] Total Time = 296.33s
------------------------------------------------------------
iterative | Run 13 | n_caps=7 | Z=0.055843 | Time=296.54s

============================================================
RUN 14 | METHOD = ITERATIVE
============================================================

[Stage] n_caps = 1
  Iter 01/15 | Best Z =  133.607 mΩ | IterTime =   2.60s
  Iter 02/15 | Best Z =  133.607 mΩ | IterTime =   2.59s
  Iter 03/15 | Best Z =  133.607 mΩ | IterTime =   2.61s
  Iter 04/15 | Best Z =  133.607 mΩ | IterTime =   2.61s
  Iter 05/15 | Best Z =  133.607 mΩ | IterTime =   2.60s
  Iter 06/15 | Best Z =  133.607 mΩ | IterTime =   2.60s
  Iter 07/15 | Best Z =  133.607 mΩ | IterTime =   2.60s
  Iter 08/15 | Best Z =  133.607 mΩ | IterTime =   2.60s
  Iter 09/15 | Best Z =  133.607 mΩ | IterTime =   2.60s
  Iter 10/15 | Best Z =  133.607 mΩ | IterTime =   2.59s
  Iter 11/15 | Best Z =  133.607 mΩ | IterTime =   2.60s
  Iter 12/15 | Best Z =  133.607 mΩ | IterTime =   2.60s
  Iter 13/15 | Best Z =  133.607 mΩ | IterTime =   2.60s
  Iter 14/15 | Best Z =  133.607 mΩ | IterTime =   2.60s
  Iter 15/15 | Best Z =  133.607 mΩ | IterTime =   2.59s
[Stage Complete] n_caps=1 | Best Z = 133.607 mΩ | Ports = [10] | Time = 38.96s

[Stage] n_caps = 2
  Iter 01/15 | Best Z =  100.123 mΩ | IterTime =   2.70s
  Iter 02/15 | Best Z =  100.123 mΩ | IterTime =   2.70s
  Iter 03/15 | Best Z =  100.123 mΩ | IterTime =   2.71s
  Iter 04/15 | Best Z =  100.123 mΩ | IterTime =   2.69s
  Iter 05/15 | Best Z =  100.123 mΩ | IterTime =   2.70s
  Iter 06/15 | Best Z =  100.123 mΩ | IterTime =   2.69s
  Iter 07/15 | Best Z =  100.123 mΩ | IterTime =   2.70s
  Iter 08/15 | Best Z =  100.123 mΩ | IterTime =   2.69s
  Iter 09/15 | Best Z =  100.123 mΩ | IterTime =   2.69s
  Iter 10/15 | Best Z =  100.123 mΩ | IterTime =   2.68s
  Iter 11/15 | Best Z =  100.123 mΩ | IterTime =   2.69s
  Iter 12/15 | Best Z =  100.123 mΩ | IterTime =   2.69s
  Iter 13/15 | Best Z =  100.123 mΩ | IterTime =   2.69s
  Iter 14/15 | Best Z =  100.123 mΩ | IterTime =   2.69s
  Iter 15/15 | Best Z =  100.123 mΩ | IterTime =   2.69s
[Stage Complete] n_caps=2 | Best Z = 100.123 mΩ | Ports = [9, 15] | Time = 40.41s

[Stage] n_caps = 3
  Iter 01/15 | Best Z =   84.422 mΩ | IterTime =   2.76s
  Iter 02/15 | Best Z =   84.422 mΩ | IterTime =   2.74s
  Iter 03/15 | Best Z =   84.422 mΩ | IterTime =   2.75s
  Iter 04/15 | Best Z =   84.422 mΩ | IterTime =   2.76s
  Iter 05/15 | Best Z =   84.422 mΩ | IterTime =   2.75s
  Iter 06/15 | Best Z =   84.422 mΩ | IterTime =   2.76s
  Iter 07/15 | Best Z =   84.422 mΩ | IterTime =   2.76s
  Iter 08/15 | Best Z =   84.422 mΩ | IterTime =   2.75s
  Iter 09/15 | Best Z =   84.422 mΩ | IterTime =   2.76s
  Iter 10/15 | Best Z =   84.422 mΩ | IterTime =   2.77s
  Iter 11/15 | Best Z =   84.422 mΩ | IterTime =   2.76s
  Iter 12/15 | Best Z =   84.422 mΩ | IterTime =   2.75s
  Iter 13/15 | Best Z =   84.422 mΩ | IterTime =   2.75s
  Iter 14/15 | Best Z =   84.422 mΩ | IterTime =   2.75s
  Iter 15/15 | Best Z =   84.422 mΩ | IterTime =   2.75s
[Stage Complete] n_caps=3 | Best Z = 84.422 mΩ | Ports = [15, 5, 0] | Time = 41.32s

[Stage] n_caps = 4
  Iter 01/15 | Best Z =   53.125 mΩ | IterTime =   2.81s
  Iter 02/15 | Best Z =   53.125 mΩ | IterTime =   2.79s
  Iter 03/15 | Best Z =   53.125 mΩ | IterTime =   2.80s
  Iter 04/15 | Best Z =   53.125 mΩ | IterTime =   2.81s
  Iter 05/15 | Best Z =   53.125 mΩ | IterTime =   2.79s
  Iter 06/15 | Best Z =   53.125 mΩ | IterTime =   2.81s
  Iter 07/15 | Best Z =   53.125 mΩ | IterTime =   2.80s
  Iter 08/15 | Best Z =   53.125 mΩ | IterTime =   2.81s
  Iter 09/15 | Best Z =   53.125 mΩ | IterTime =   2.80s
  Iter 10/15 | Best Z =   53.125 mΩ | IterTime =   2.81s
  Iter 11/15 | Best Z =   53.125 mΩ | IterTime =   2.80s
  Iter 12/15 | Best Z =   53.125 mΩ | IterTime =   2.82s
  Iter 13/15 | Best Z =   53.125 mΩ | IterTime =   2.80s
  Iter 14/15 | Best Z =   53.125 mΩ | IterTime =   2.81s
  Iter 15/15 | Best Z =   53.125 mΩ | IterTime =   2.80s
[Stage Complete] n_caps=4 | Best Z = 53.125 mΩ | Ports = [16, 0, 8, 4] | Time = 42.06s
Threshold reached — stopping stage growth.

[Run Complete] Total Time = 162.75s
------------------------------------------------------------
iterative | Run 14 | n_caps=4 | Z=0.053125 | Time=162.95s

============================================================
RUN 15 | METHOD = ITERATIVE
============================================================

[Stage] n_caps = 1
  Iter 01/15 | Best Z =  143.872 mΩ | IterTime =   2.57s
  Iter 02/15 | Best Z =  143.872 mΩ | IterTime =   2.57s
  Iter 03/15 | Best Z =  143.872 mΩ | IterTime =   2.57s
  Iter 04/15 | Best Z =  143.872 mΩ | IterTime =   2.58s
  Iter 05/15 | Best Z =  143.872 mΩ | IterTime =   2.57s
  Iter 06/15 | Best Z =  143.872 mΩ | IterTime =   2.57s
  Iter 07/15 | Best Z =  143.872 mΩ | IterTime =   2.57s
  Iter 08/15 | Best Z =  143.872 mΩ | IterTime =   2.57s
  Iter 09/15 | Best Z =  143.872 mΩ | IterTime =   2.57s
  Iter 10/15 | Best Z =  143.872 mΩ | IterTime =   2.57s
  Iter 11/15 | Best Z =  143.872 mΩ | IterTime =   2.56s
  Iter 12/15 | Best Z =  143.872 mΩ | IterTime =   2.57s
  Iter 13/15 | Best Z =  143.872 mΩ | IterTime =   2.57s
  Iter 14/15 | Best Z =  143.872 mΩ | IterTime =   2.57s
  Iter 15/15 | Best Z =  143.872 mΩ | IterTime =   2.57s
[Stage Complete] n_caps=1 | Best Z = 143.872 mΩ | Ports = [9] | Time = 38.55s

[Stage] n_caps = 2
  Iter 01/15 | Best Z =   84.573 mΩ | IterTime =   2.68s
  Iter 02/15 | Best Z =   84.573 mΩ | IterTime =   2.67s
  Iter 03/15 | Best Z =   84.573 mΩ | IterTime =   2.65s
  Iter 04/15 | Best Z =   84.573 mΩ | IterTime =   2.66s
  Iter 05/15 | Best Z =   84.573 mΩ | IterTime =   2.66s
  Iter 06/15 | Best Z =   84.573 mΩ | IterTime =   2.67s
  Iter 07/15 | Best Z =   84.573 mΩ | IterTime =   2.66s
  Iter 08/15 | Best Z =   84.573 mΩ | IterTime =   2.67s
  Iter 09/15 | Best Z =   84.573 mΩ | IterTime =   2.68s
  Iter 10/15 | Best Z =   84.573 mΩ | IterTime =   2.67s
  Iter 11/15 | Best Z =   84.573 mΩ | IterTime =   2.67s
  Iter 12/15 | Best Z =   84.573 mΩ | IterTime =   2.66s
  Iter 13/15 | Best Z =   84.573 mΩ | IterTime =   2.66s
  Iter 14/15 | Best Z =   84.573 mΩ | IterTime =   2.67s
  Iter 15/15 | Best Z =   84.573 mΩ | IterTime =   2.67s
[Stage Complete] n_caps=2 | Best Z = 84.573 mΩ | Ports = [9, 0] | Time = 40.01s

[Stage] n_caps = 3
  Iter 01/15 | Best Z =   55.328 mΩ | IterTime =   2.79s
  Iter 02/15 | Best Z =   55.328 mΩ | IterTime =   2.77s
  Iter 03/15 | Best Z =   55.328 mΩ | IterTime =   2.78s
  Iter 04/15 | Best Z =   55.328 mΩ | IterTime =   2.76s
  Iter 05/15 | Best Z =   55.328 mΩ | IterTime =   2.78s
  Iter 06/15 | Best Z =   55.328 mΩ | IterTime =   2.77s
  Iter 07/15 | Best Z =   55.328 mΩ | IterTime =   2.78s
  Iter 08/15 | Best Z =   55.328 mΩ | IterTime =   2.77s
  Iter 09/15 | Best Z =   55.328 mΩ | IterTime =   2.78s
  Iter 10/15 | Best Z =   55.328 mΩ | IterTime =   2.76s
  Iter 11/15 | Best Z =   55.328 mΩ | IterTime =   2.78s
  Iter 12/15 | Best Z =   55.328 mΩ | IterTime =   2.76s
  Iter 13/15 | Best Z =   55.328 mΩ | IterTime =   2.77s
  Iter 14/15 | Best Z =   55.328 mΩ | IterTime =   2.76s
  Iter 15/15 | Best Z =   55.328 mΩ | IterTime =   2.77s
[Stage Complete] n_caps=3 | Best Z = 55.328 mΩ | Ports = [0, 0, 7] | Time = 41.58s
Threshold reached — stopping stage growth.

[Run Complete] Total Time = 120.13s
------------------------------------------------------------
iterative | Run 15 | n_caps=3 | Z=0.055328 | Time=120.31s

============================================================
RUN 16 | METHOD = ITERATIVE
============================================================

[Stage] n_caps = 1
  Iter 01/15 | Best Z =  123.601 mΩ | IterTime =   2.58s
  Iter 02/15 | Best Z =  123.601 mΩ | IterTime =   2.62s
  Iter 03/15 | Best Z =  123.601 mΩ | IterTime =   2.58s
  Iter 04/15 | Best Z =  123.601 mΩ | IterTime =   2.57s
  Iter 05/15 | Best Z =  123.601 mΩ | IterTime =   2.57s
  Iter 06/15 | Best Z =  123.601 mΩ | IterTime =   2.58s
  Iter 07/15 | Best Z =  123.601 mΩ | IterTime =   2.58s
  Iter 08/15 | Best Z =  123.601 mΩ | IterTime =   2.58s
  Iter 09/15 | Best Z =  123.601 mΩ | IterTime =   2.58s
  Iter 10/15 | Best Z =  123.601 mΩ | IterTime =   2.58s
  Iter 11/15 | Best Z =  123.601 mΩ | IterTime =   2.59s
  Iter 12/15 | Best Z =  123.601 mΩ | IterTime =   2.59s
  Iter 13/15 | Best Z =  123.601 mΩ | IterTime =   2.58s
  Iter 14/15 | Best Z =  123.601 mΩ | IterTime =   2.58s
  Iter 15/15 | Best Z =  123.601 mΩ | IterTime =   2.58s
[Stage Complete] n_caps=1 | Best Z = 123.601 mΩ | Ports = [10] | Time = 38.74s

[Stage] n_caps = 2
  Iter 01/15 | Best Z =   88.964 mΩ | IterTime =   2.69s
  Iter 02/15 | Best Z =   88.964 mΩ | IterTime =   2.70s
  Iter 03/15 | Best Z =   88.964 mΩ | IterTime =   2.70s
  Iter 04/15 | Best Z =   88.964 mΩ | IterTime =   2.70s
  Iter 05/15 | Best Z =   88.964 mΩ | IterTime =   2.70s
  Iter 06/15 | Best Z =   88.964 mΩ | IterTime =   2.70s
  Iter 07/15 | Best Z =   88.964 mΩ | IterTime =   2.70s
  Iter 08/15 | Best Z =   88.964 mΩ | IterTime =   2.70s
  Iter 09/15 | Best Z =   88.964 mΩ | IterTime =   2.70s
  Iter 10/15 | Best Z =   88.964 mΩ | IterTime =   2.70s
  Iter 11/15 | Best Z =   88.964 mΩ | IterTime =   2.70s
  Iter 12/15 | Best Z =   88.964 mΩ | IterTime =   2.70s
  Iter 13/15 | Best Z =   88.964 mΩ | IterTime =   2.70s
  Iter 14/15 | Best Z =   88.964 mΩ | IterTime =   2.70s
  Iter 15/15 | Best Z =   88.964 mΩ | IterTime =   2.71s
[Stage Complete] n_caps=2 | Best Z = 88.964 mΩ | Ports = [9, 0] | Time = 40.49s

[Stage] n_caps = 3
  Iter 01/15 | Best Z =   76.388 mΩ | IterTime =   2.75s
  Iter 02/15 | Best Z =   76.388 mΩ | IterTime =   2.76s
  Iter 03/15 | Best Z =   76.388 mΩ | IterTime =   2.75s
  Iter 04/15 | Best Z =   76.388 mΩ | IterTime =   2.75s
  Iter 05/15 | Best Z =   76.388 mΩ | IterTime =   2.75s
  Iter 06/15 | Best Z =   76.388 mΩ | IterTime =   2.76s
  Iter 07/15 | Best Z =   76.388 mΩ | IterTime =   2.75s
  Iter 08/15 | Best Z =   76.388 mΩ | IterTime =   2.75s
  Iter 09/15 | Best Z =   76.388 mΩ | IterTime =   2.75s
  Iter 10/15 | Best Z =   76.388 mΩ | IterTime =   2.75s
  Iter 11/15 | Best Z =   76.388 mΩ | IterTime =   2.74s
  Iter 12/15 | Best Z =   76.388 mΩ | IterTime =   2.75s
  Iter 13/15 | Best Z =   76.388 mΩ | IterTime =   2.75s
  Iter 14/15 | Best Z =   76.388 mΩ | IterTime =   2.75s
  Iter 15/15 | Best Z =   76.388 mΩ | IterTime =   2.75s
[Stage Complete] n_caps=3 | Best Z = 76.388 mΩ | Ports = [0, 16, 5] | Time = 41.26s

[Stage] n_caps = 4
  Iter 01/15 | Best Z =   79.201 mΩ | IterTime =   2.80s
  Iter 02/15 | Best Z =   79.201 mΩ | IterTime =   2.82s
  Iter 03/15 | Best Z =   79.201 mΩ | IterTime =   2.80s
  Iter 04/15 | Best Z =   79.201 mΩ | IterTime =   2.80s
  Iter 05/15 | Best Z =   79.201 mΩ | IterTime =   2.81s
  Iter 06/15 | Best Z =   79.201 mΩ | IterTime =   2.80s
  Iter 07/15 | Best Z =   79.201 mΩ | IterTime =   2.77s
  Iter 08/15 | Best Z =   79.201 mΩ | IterTime =   2.81s
  Iter 09/15 | Best Z =   79.201 mΩ | IterTime =   2.80s
  Iter 10/15 | Best Z =   79.201 mΩ | IterTime =   2.79s
  Iter 11/15 | Best Z =   79.201 mΩ | IterTime =   2.81s
  Iter 12/15 | Best Z =   79.201 mΩ | IterTime =   2.80s
  Iter 13/15 | Best Z =   79.201 mΩ | IterTime =   2.77s
  Iter 14/15 | Best Z =   79.201 mΩ | IterTime =   2.81s
  Iter 15/15 | Best Z =   79.201 mΩ | IterTime =   2.79s
[Stage Complete] n_caps=4 | Best Z = 79.201 mΩ | Ports = [16, 5, 15, 11] | Time = 41.98s

[Stage] n_caps = 5
  Iter 01/15 | Best Z =   78.253 mΩ | IterTime =   2.90s
  Iter 02/15 | Best Z =   78.253 mΩ | IterTime =   2.89s
  Iter 03/15 | Best Z =   78.253 mΩ | IterTime =   2.89s
  Iter 04/15 | Best Z =   78.253 mΩ | IterTime =   2.89s
  Iter 05/15 | Best Z =   78.253 mΩ | IterTime =   2.90s
  Iter 06/15 | Best Z =   78.253 mΩ | IterTime =   2.90s
  Iter 07/15 | Best Z =   78.253 mΩ | IterTime =   2.90s
  Iter 08/15 | Best Z =   78.253 mΩ | IterTime =   2.89s
  Iter 09/15 | Best Z =   78.253 mΩ | IterTime =   2.90s
  Iter 10/15 | Best Z =   78.253 mΩ | IterTime =   2.89s
  Iter 11/15 | Best Z =   78.253 mΩ | IterTime =   2.89s
  Iter 12/15 | Best Z =   78.253 mΩ | IterTime =   2.89s
  Iter 13/15 | Best Z =   78.253 mΩ | IterTime =   2.90s
  Iter 14/15 | Best Z =   78.253 mΩ | IterTime =   2.89s
  Iter 15/15 | Best Z =   78.253 mΩ | IterTime =   2.89s
[Stage Complete] n_caps=5 | Best Z = 78.253 mΩ | Ports = [5, 15, 11, 6, 14] | Time = 43.41s

[Stage] n_caps = 6
  Iter 01/15 | Best Z =   65.673 mΩ | IterTime =   2.95s
  Iter 02/15 | Best Z =   65.673 mΩ | IterTime =   2.96s
  Iter 03/15 | Best Z =   65.673 mΩ | IterTime =   2.94s
  Iter 04/15 | Best Z =   65.673 mΩ | IterTime =   2.95s
  Iter 05/15 | Best Z =   65.673 mΩ | IterTime =   2.95s
  Iter 06/15 | Best Z =   65.673 mΩ | IterTime =   2.95s
  Iter 07/15 | Best Z =   65.673 mΩ | IterTime =   2.95s
  Iter 08/15 | Best Z =   65.673 mΩ | IterTime =   2.95s
  Iter 09/15 | Best Z =   65.673 mΩ | IterTime =   2.96s
  Iter 10/15 | Best Z =   65.673 mΩ | IterTime =   2.95s
  Iter 11/15 | Best Z =   65.673 mΩ | IterTime =   2.95s
  Iter 12/15 | Best Z =   65.673 mΩ | IterTime =   2.96s
  Iter 13/15 | Best Z =   65.673 mΩ | IterTime =   2.96s
  Iter 14/15 | Best Z =   65.673 mΩ | IterTime =   2.95s
  Iter 15/15 | Best Z =   65.673 mΩ | IterTime =   2.95s
[Stage Complete] n_caps=6 | Best Z = 65.673 mΩ | Ports = [15, 11, 6, 14, 1, 9] | Time = 44.29s

[Stage] n_caps = 7
  Iter 01/15 | Best Z =   59.698 mΩ | IterTime =   3.02s
  Iter 02/15 | Best Z =   59.698 mΩ | IterTime =   3.01s
  Iter 03/15 | Best Z =   59.698 mΩ | IterTime =   3.01s
  Iter 04/15 | Best Z =   59.698 mΩ | IterTime =   3.01s
  Iter 05/15 | Best Z =   59.698 mΩ | IterTime =   3.01s
  Iter 06/15 | Best Z =   59.698 mΩ | IterTime =   3.01s
  Iter 07/15 | Best Z =   59.698 mΩ | IterTime =   3.00s
  Iter 08/15 | Best Z =   59.698 mΩ | IterTime =   3.00s
  Iter 09/15 | Best Z =   59.698 mΩ | IterTime =   3.00s
  Iter 10/15 | Best Z =   59.698 mΩ | IterTime =   3.01s
  Iter 11/15 | Best Z =   59.698 mΩ | IterTime =   3.01s
  Iter 12/15 | Best Z =   59.698 mΩ | IterTime =   3.01s
  Iter 13/15 | Best Z =   59.698 mΩ | IterTime =   3.01s
  Iter 14/15 | Best Z =   59.698 mΩ | IterTime =   3.01s
  Iter 15/15 | Best Z =   59.698 mΩ | IterTime =   3.01s
[Stage Complete] n_caps=7 | Best Z = 59.698 mΩ | Ports = [11, 6, 14, 1, 9, 0, 17] | Time = 45.15s
Threshold reached — stopping stage growth.

[Run Complete] Total Time = 295.32s
------------------------------------------------------------
iterative | Run 16 | n_caps=7 | Z=0.059698 | Time=295.53s

============================================================
RUN 17 | METHOD = ITERATIVE
============================================================

[Stage] n_caps = 1
  Iter 01/15 | Best Z =  127.771 mΩ | IterTime =   2.51s
  Iter 02/15 | Best Z =  127.771 mΩ | IterTime =   2.52s
  Iter 03/15 | Best Z =  127.771 mΩ | IterTime =   2.52s
  Iter 04/15 | Best Z =  127.771 mΩ | IterTime =   2.52s
  Iter 05/15 | Best Z =  127.771 mΩ | IterTime =   2.53s
  Iter 06/15 | Best Z =  127.771 mΩ | IterTime =   2.52s
  Iter 07/15 | Best Z =  127.771 mΩ | IterTime =   2.53s
  Iter 08/15 | Best Z =  127.771 mΩ | IterTime =   2.53s
  Iter 09/15 | Best Z =  127.771 mΩ | IterTime =   2.52s
  Iter 10/15 | Best Z =  127.771 mΩ | IterTime =   2.53s
  Iter 11/15 | Best Z =  127.771 mΩ | IterTime =   2.52s
  Iter 12/15 | Best Z =  127.771 mΩ | IterTime =   2.52s
  Iter 13/15 | Best Z =  127.771 mΩ | IterTime =   2.53s
  Iter 14/15 | Best Z =  127.771 mΩ | IterTime =   2.52s
  Iter 15/15 | Best Z =  127.771 mΩ | IterTime =   2.53s
[Stage Complete] n_caps=1 | Best Z = 127.771 mΩ | Ports = [9] | Time = 37.85s

[Stage] n_caps = 2
  Iter 01/15 | Best Z =  101.612 mΩ | IterTime =   2.66s
  Iter 02/15 | Best Z =  101.612 mΩ | IterTime =   2.68s
  Iter 03/15 | Best Z =  101.612 mΩ | IterTime =   2.67s
  Iter 04/15 | Best Z =  101.612 mΩ | IterTime =   2.68s
  Iter 05/15 | Best Z =  101.612 mΩ | IterTime =   2.67s
  Iter 06/15 | Best Z =  101.612 mΩ | IterTime =   2.68s
  Iter 07/15 | Best Z =  101.612 mΩ | IterTime =   2.68s
  Iter 08/15 | Best Z =  101.612 mΩ | IterTime =   2.66s
  Iter 09/15 | Best Z =  101.612 mΩ | IterTime =   2.67s
  Iter 10/15 | Best Z =  101.612 mΩ | IterTime =   2.67s
  Iter 11/15 | Best Z =  101.612 mΩ | IterTime =   2.66s
  Iter 12/15 | Best Z =  101.612 mΩ | IterTime =   2.67s
  Iter 13/15 | Best Z =  101.612 mΩ | IterTime =   2.67s
  Iter 14/15 | Best Z =  101.612 mΩ | IterTime =   2.66s
  Iter 15/15 | Best Z =  101.612 mΩ | IterTime =   2.68s
[Stage Complete] n_caps=2 | Best Z = 101.612 mΩ | Ports = [15, 5] | Time = 40.07s

[Stage] n_caps = 3
  Iter 01/15 | Best Z =   89.149 mΩ | IterTime =   2.74s
  Iter 02/15 | Best Z =   89.149 mΩ | IterTime =   2.74s
  Iter 03/15 | Best Z =   89.149 mΩ | IterTime =   2.76s
  Iter 04/15 | Best Z =   89.149 mΩ | IterTime =   2.74s
  Iter 05/15 | Best Z =   89.149 mΩ | IterTime =   2.74s
  Iter 06/15 | Best Z =   89.149 mΩ | IterTime =   2.74s
  Iter 07/15 | Best Z =   89.149 mΩ | IterTime =   2.74s
  Iter 08/15 | Best Z =   89.149 mΩ | IterTime =   2.75s
  Iter 09/15 | Best Z =   89.149 mΩ | IterTime =   2.76s
  Iter 10/15 | Best Z =   89.149 mΩ | IterTime =   2.74s
  Iter 11/15 | Best Z =   89.149 mΩ | IterTime =   2.75s
  Iter 12/15 | Best Z =   89.149 mΩ | IterTime =   2.75s
  Iter 13/15 | Best Z =   89.149 mΩ | IterTime =   2.74s
  Iter 14/15 | Best Z =   89.149 mΩ | IterTime =   2.75s
  Iter 15/15 | Best Z =   89.149 mΩ | IterTime =   2.76s
[Stage Complete] n_caps=3 | Best Z = 89.149 mΩ | Ports = [5, 0, 2] | Time = 41.21s

[Stage] n_caps = 4
  Iter 01/15 | Best Z =   67.581 mΩ | IterTime =   2.83s
  Iter 02/15 | Best Z =   67.581 mΩ | IterTime =   2.83s
  Iter 03/15 | Best Z =   67.581 mΩ | IterTime =   2.84s
  Iter 04/15 | Best Z =   67.581 mΩ | IterTime =   2.83s
  Iter 05/15 | Best Z =   67.581 mΩ | IterTime =   2.81s
  Iter 06/15 | Best Z =   67.581 mΩ | IterTime =   2.82s
  Iter 07/15 | Best Z =   67.581 mΩ | IterTime =   2.82s
  Iter 08/15 | Best Z =   67.581 mΩ | IterTime =   2.83s
  Iter 09/15 | Best Z =   67.581 mΩ | IterTime =   2.82s
  Iter 10/15 | Best Z =   67.581 mΩ | IterTime =   2.83s
  Iter 11/15 | Best Z =   67.581 mΩ | IterTime =   2.82s
  Iter 12/15 | Best Z =   67.581 mΩ | IterTime =   2.83s
  Iter 13/15 | Best Z =   67.581 mΩ | IterTime =   2.83s
  Iter 14/15 | Best Z =   67.581 mΩ | IterTime =   2.83s
  Iter 15/15 | Best Z =   67.581 mΩ | IterTime =   2.82s
[Stage Complete] n_caps=4 | Best Z = 67.581 mΩ | Ports = [0, 2, 17, 10] | Time = 42.38s

[Stage] n_caps = 5
  Iter 01/15 | Best Z =   87.838 mΩ | IterTime =   2.89s
  Iter 02/15 | Best Z =   87.838 mΩ | IterTime =   2.87s
  Iter 03/15 | Best Z =   87.838 mΩ | IterTime =   2.88s
  Iter 04/15 | Best Z =   87.838 mΩ | IterTime =   2.88s
  Iter 05/15 | Best Z =   87.838 mΩ | IterTime =   2.87s
  Iter 06/15 | Best Z =   87.838 mΩ | IterTime =   2.89s
  Iter 07/15 | Best Z =   87.838 mΩ | IterTime =   2.89s
  Iter 08/15 | Best Z =   87.838 mΩ | IterTime =   2.87s
  Iter 09/15 | Best Z =   87.838 mΩ | IterTime =   2.89s
  Iter 10/15 | Best Z =   87.838 mΩ | IterTime =   2.88s
  Iter 11/15 | Best Z =   87.838 mΩ | IterTime =   2.87s
  Iter 12/15 | Best Z =   87.838 mΩ | IterTime =   2.89s
  Iter 13/15 | Best Z =   87.838 mΩ | IterTime =   2.89s
  Iter 14/15 | Best Z =   87.838 mΩ | IterTime =   2.87s
  Iter 15/15 | Best Z =   87.838 mΩ | IterTime =   2.88s
[Stage Complete] n_caps=5 | Best Z = 87.838 mΩ | Ports = [10, 2, 6, 19, 5] | Time = 43.19s

[Stage] n_caps = 6
  Iter 01/15 | Best Z =   64.611 mΩ | IterTime =   2.95s
  Iter 02/15 | Best Z =   64.611 mΩ | IterTime =   2.99s
  Iter 03/15 | Best Z =   64.611 mΩ | IterTime =   2.95s
  Iter 04/15 | Best Z =   64.611 mΩ | IterTime =   2.97s
  Iter 05/15 | Best Z =   64.611 mΩ | IterTime =   2.94s
  Iter 06/15 | Best Z =   64.611 mΩ | IterTime =   2.98s
  Iter 07/15 | Best Z =   64.611 mΩ | IterTime =   2.94s
  Iter 08/15 | Best Z =   64.611 mΩ | IterTime =   2.98s
  Iter 09/15 | Best Z =   64.611 mΩ | IterTime =   2.95s
  Iter 10/15 | Best Z =   64.611 mΩ | IterTime =   2.97s
  Iter 11/15 | Best Z =   64.611 mΩ | IterTime =   2.95s
  Iter 12/15 | Best Z =   64.611 mΩ | IterTime =   2.97s
  Iter 13/15 | Best Z =   64.611 mΩ | IterTime =   2.95s
  Iter 14/15 | Best Z =   64.611 mΩ | IterTime =   2.97s
  Iter 15/15 | Best Z =   64.611 mΩ | IterTime =   2.95s
[Stage Complete] n_caps=6 | Best Z = 64.611 mΩ | Ports = [19, 18, 0, 15, 2, 6] | Time = 44.44s

[Stage] n_caps = 7
  Iter 01/15 | Best Z =   59.662 mΩ | IterTime =   3.01s
  Iter 02/15 | Best Z =   59.662 mΩ | IterTime =   3.01s
  Iter 03/15 | Best Z =   59.662 mΩ | IterTime =   3.00s
  Iter 04/15 | Best Z =   59.662 mΩ | IterTime =   3.03s
  Iter 05/15 | Best Z =   59.662 mΩ | IterTime =   2.99s
  Iter 06/15 | Best Z =   59.662 mΩ | IterTime =   3.04s
  Iter 07/15 | Best Z =   59.662 mΩ | IterTime =   3.01s
  Iter 08/15 | Best Z =   59.662 mΩ | IterTime =   3.04s
  Iter 09/15 | Best Z =   59.662 mΩ | IterTime =   3.01s
  Iter 10/15 | Best Z =   59.662 mΩ | IterTime =   3.04s
  Iter 11/15 | Best Z =   59.662 mΩ | IterTime =   3.01s
  Iter 12/15 | Best Z =   59.662 mΩ | IterTime =   3.04s
  Iter 13/15 | Best Z =   59.662 mΩ | IterTime =   3.01s
  Iter 14/15 | Best Z =   59.662 mΩ | IterTime =   3.03s
  Iter 15/15 | Best Z =   59.662 mΩ | IterTime =   3.01s
[Stage Complete] n_caps=7 | Best Z = 59.662 mΩ | Ports = [0, 7, 10, 19, 19, 6, 9] | Time = 45.28s
Threshold reached — stopping stage growth.

[Run Complete] Total Time = 294.43s
------------------------------------------------------------
iterative | Run 17 | n_caps=7 | Z=0.059662 | Time=294.65s

============================================================
RUN 18 | METHOD = ITERATIVE
============================================================

[Stage] n_caps = 1
  Iter 01/15 | Best Z =  123.531 mΩ | IterTime =   2.55s
  Iter 02/15 | Best Z =  123.531 mΩ | IterTime =   2.54s
  Iter 03/15 | Best Z =  123.531 mΩ | IterTime =   2.54s
  Iter 04/15 | Best Z =  123.531 mΩ | IterTime =   2.54s
  Iter 05/15 | Best Z =  123.531 mΩ | IterTime =   2.55s
  Iter 06/15 | Best Z =  123.531 mΩ | IterTime =   2.58s
  Iter 07/15 | Best Z =  123.531 mΩ | IterTime =   2.55s
  Iter 08/15 | Best Z =  123.531 mΩ | IterTime =   2.55s
  Iter 09/15 | Best Z =  123.531 mΩ | IterTime =   2.55s
  Iter 10/15 | Best Z =  123.531 mΩ | IterTime =   2.54s
  Iter 11/15 | Best Z =  123.531 mΩ | IterTime =   2.53s
  Iter 12/15 | Best Z =  123.531 mΩ | IterTime =   2.54s
  Iter 13/15 | Best Z =  123.531 mΩ | IterTime =   2.54s
  Iter 14/15 | Best Z =  123.531 mΩ | IterTime =   2.54s
  Iter 15/15 | Best Z =  123.531 mΩ | IterTime =   2.54s
[Stage Complete] n_caps=1 | Best Z = 123.531 mΩ | Ports = [15] | Time = 38.18s

[Stage] n_caps = 2
  Iter 01/15 | Best Z =   97.424 mΩ | IterTime =   2.64s
  Iter 02/15 | Best Z =   97.424 mΩ | IterTime =   2.64s
  Iter 03/15 | Best Z =   97.424 mΩ | IterTime =   2.64s
  Iter 04/15 | Best Z =   97.424 mΩ | IterTime =   2.64s
  Iter 05/15 | Best Z =   97.424 mΩ | IterTime =   2.64s
  Iter 06/15 | Best Z =   97.424 mΩ | IterTime =   2.64s
  Iter 07/15 | Best Z =   97.424 mΩ | IterTime =   2.65s
  Iter 08/15 | Best Z =   97.424 mΩ | IterTime =   2.65s
  Iter 09/15 | Best Z =   97.424 mΩ | IterTime =   2.65s
  Iter 10/15 | Best Z =   97.424 mΩ | IterTime =   2.64s
  Iter 11/15 | Best Z =   97.424 mΩ | IterTime =   2.64s
  Iter 12/15 | Best Z =   97.424 mΩ | IterTime =   2.64s
  Iter 13/15 | Best Z =   97.424 mΩ | IterTime =   2.64s
  Iter 14/15 | Best Z =   97.424 mΩ | IterTime =   2.68s
  Iter 15/15 | Best Z =   97.424 mΩ | IterTime =   2.65s
[Stage Complete] n_caps=2 | Best Z = 97.424 mΩ | Ports = [5, 6] | Time = 39.69s

[Stage] n_caps = 3
  Iter 01/15 | Best Z =   87.478 mΩ | IterTime =   2.71s
  Iter 02/15 | Best Z =   87.478 mΩ | IterTime =   2.73s
  Iter 03/15 | Best Z =   87.478 mΩ | IterTime =   2.71s
  Iter 04/15 | Best Z =   87.478 mΩ | IterTime =   2.72s
  Iter 05/15 | Best Z =   87.478 mΩ | IterTime =   2.72s
  Iter 06/15 | Best Z =   87.478 mΩ | IterTime =   2.72s
  Iter 07/15 | Best Z =   87.478 mΩ | IterTime =   2.72s
  Iter 08/15 | Best Z =   87.478 mΩ | IterTime =   2.72s
  Iter 09/15 | Best Z =   87.478 mΩ | IterTime =   2.72s
  Iter 10/15 | Best Z =   87.478 mΩ | IterTime =   2.71s
  Iter 11/15 | Best Z =   87.478 mΩ | IterTime =   2.71s
  Iter 12/15 | Best Z =   87.478 mΩ | IterTime =   2.71s
  Iter 13/15 | Best Z =   87.478 mΩ | IterTime =   2.72s
  Iter 14/15 | Best Z =   87.478 mΩ | IterTime =   2.72s
  Iter 15/15 | Best Z =   87.478 mΩ | IterTime =   2.72s
[Stage Complete] n_caps=3 | Best Z = 87.478 mΩ | Ports = [6, 16, 0] | Time = 40.75s

[Stage] n_caps = 4
  Iter 01/15 | Best Z =   66.452 mΩ | IterTime =   2.79s
  Iter 02/15 | Best Z =   66.452 mΩ | IterTime =   2.80s
  Iter 03/15 | Best Z =   66.452 mΩ | IterTime =   2.78s
  Iter 04/15 | Best Z =   66.452 mΩ | IterTime =   2.79s
  Iter 05/15 | Best Z =   66.452 mΩ | IterTime =   2.80s
  Iter 06/15 | Best Z =   66.452 mΩ | IterTime =   2.79s
  Iter 07/15 | Best Z =   66.452 mΩ | IterTime =   2.79s
  Iter 08/15 | Best Z =   66.452 mΩ | IterTime =   2.80s
  Iter 09/15 | Best Z =   66.452 mΩ | IterTime =   2.78s
  Iter 10/15 | Best Z =   66.452 mΩ | IterTime =   2.79s
  Iter 11/15 | Best Z =   66.452 mΩ | IterTime =   2.81s
  Iter 12/15 | Best Z =   66.452 mΩ | IterTime =   2.79s
  Iter 13/15 | Best Z =   66.452 mΩ | IterTime =   2.79s
  Iter 14/15 | Best Z =   66.452 mΩ | IterTime =   2.80s
  Iter 15/15 | Best Z =   66.452 mΩ | IterTime =   2.79s
[Stage Complete] n_caps=4 | Best Z = 66.452 mΩ | Ports = [16, 0, 7, 14] | Time = 41.89s

[Stage] n_caps = 5
  Iter 01/15 | Best Z =   61.744 mΩ | IterTime =   2.87s
  Iter 02/15 | Best Z =   61.744 mΩ | IterTime =   2.88s
  Iter 03/15 | Best Z =   61.744 mΩ | IterTime =   2.89s
  Iter 04/15 | Best Z =   61.744 mΩ | IterTime =   2.88s
  Iter 05/15 | Best Z =   61.744 mΩ | IterTime =   2.87s
  Iter 06/15 | Best Z =   61.744 mΩ | IterTime =   2.88s
  Iter 07/15 | Best Z =   61.744 mΩ | IterTime =   2.87s
  Iter 08/15 | Best Z =   61.744 mΩ | IterTime =   2.88s
  Iter 09/15 | Best Z =   61.744 mΩ | IterTime =   2.87s
  Iter 10/15 | Best Z =   61.744 mΩ | IterTime =   2.88s
  Iter 11/15 | Best Z =   61.744 mΩ | IterTime =   2.87s
  Iter 12/15 | Best Z =   61.744 mΩ | IterTime =   2.90s
  Iter 13/15 | Best Z =   61.744 mΩ | IterTime =   2.87s
  Iter 14/15 | Best Z =   61.744 mΩ | IterTime =   2.89s
  Iter 15/15 | Best Z =   61.744 mΩ | IterTime =   2.88s
[Stage Complete] n_caps=5 | Best Z = 61.744 mΩ | Ports = [0, 7, 14, 9, 18] | Time = 43.19s

[Stage] n_caps = 6
  Iter 01/15 | Best Z =   75.383 mΩ | IterTime =   2.95s
  Iter 02/15 | Best Z =   75.383 mΩ | IterTime =   2.94s
  Iter 03/15 | Best Z =   75.383 mΩ | IterTime =   2.93s
  Iter 04/15 | Best Z =   75.383 mΩ | IterTime =   2.94s
  Iter 05/15 | Best Z =   75.383 mΩ | IterTime =   2.93s
  Iter 06/15 | Best Z =   75.383 mΩ | IterTime =   2.92s
  Iter 07/15 | Best Z =   75.383 mΩ | IterTime =   2.94s
  Iter 08/15 | Best Z =   75.383 mΩ | IterTime =   2.92s
  Iter 09/15 | Best Z =   75.383 mΩ | IterTime =   2.92s
  Iter 10/15 | Best Z =   75.383 mΩ | IterTime =   2.93s
  Iter 11/15 | Best Z =   75.383 mΩ | IterTime =   2.92s
  Iter 12/15 | Best Z =   75.383 mΩ | IterTime =   2.92s
  Iter 13/15 | Best Z =   75.383 mΩ | IterTime =   2.94s
  Iter 14/15 | Best Z =   75.383 mΩ | IterTime =   2.93s
  Iter 15/15 | Best Z =   75.383 mΩ | IterTime =   2.92s
[Stage Complete] n_caps=6 | Best Z = 75.383 mΩ | Ports = [7, 14, 9, 18, 0, 16] | Time = 43.93s

[Stage] n_caps = 7
  Iter 01/15 | Best Z =   57.544 mΩ | IterTime =   2.97s
  Iter 02/15 | Best Z =   57.544 mΩ | IterTime =   3.00s
  Iter 03/15 | Best Z =   57.544 mΩ | IterTime =   3.00s
  Iter 04/15 | Best Z =   57.544 mΩ | IterTime =   2.99s
  Iter 05/15 | Best Z =   57.544 mΩ | IterTime =   2.98s
  Iter 06/15 | Best Z =   57.544 mΩ | IterTime =   3.00s
  Iter 07/15 | Best Z =   57.544 mΩ | IterTime =   2.99s
  Iter 08/15 | Best Z =   57.544 mΩ | IterTime =   2.99s
  Iter 09/15 | Best Z =   57.544 mΩ | IterTime =   2.98s
  Iter 10/15 | Best Z =   57.544 mΩ | IterTime =   2.99s
  Iter 11/15 | Best Z =   57.544 mΩ | IterTime =   2.99s
  Iter 12/15 | Best Z =   57.544 mΩ | IterTime =   2.99s
  Iter 13/15 | Best Z =   57.544 mΩ | IterTime =   2.99s
  Iter 14/15 | Best Z =   57.544 mΩ | IterTime =   2.99s
  Iter 15/15 | Best Z =   57.544 mΩ | IterTime =   2.99s
[Stage Complete] n_caps=7 | Best Z = 57.544 mΩ | Ports = [14, 9, 18, 0, 16, 7, 10] | Time = 44.84s
Threshold reached — stopping stage growth.

[Run Complete] Total Time = 292.47s
------------------------------------------------------------
iterative | Run 18 | n_caps=7 | Z=0.057544 | Time=292.68s

============================================================
RUN 19 | METHOD = ITERATIVE
============================================================

[Stage] n_caps = 1
  Iter 01/15 | Best Z =  135.740 mΩ | IterTime =   2.53s
  Iter 02/15 | Best Z =  135.740 mΩ | IterTime =   2.52s
  Iter 03/15 | Best Z =  135.740 mΩ | IterTime =   2.52s
  Iter 04/15 | Best Z =  135.740 mΩ | IterTime =   2.52s
  Iter 05/15 | Best Z =  135.740 mΩ | IterTime =   2.52s
  Iter 06/15 | Best Z =  135.740 mΩ | IterTime =   2.53s
  Iter 07/15 | Best Z =  135.740 mΩ | IterTime =   2.53s
  Iter 08/15 | Best Z =  135.740 mΩ | IterTime =   2.53s
  Iter 09/15 | Best Z =  135.740 mΩ | IterTime =   2.54s
  Iter 10/15 | Best Z =  135.740 mΩ | IterTime =   2.53s
  Iter 11/15 | Best Z =  135.740 mΩ | IterTime =   2.53s
  Iter 12/15 | Best Z =  135.740 mΩ | IterTime =   2.53s
  Iter 13/15 | Best Z =  135.740 mΩ | IterTime =   2.52s
  Iter 14/15 | Best Z =  135.740 mΩ | IterTime =   2.53s
  Iter 15/15 | Best Z =  135.740 mΩ | IterTime =   2.53s
[Stage Complete] n_caps=1 | Best Z = 135.740 mΩ | Ports = [16] | Time = 37.91s

[Stage] n_caps = 2
  Iter 01/15 | Best Z =   97.461 mΩ | IterTime =   2.64s
  Iter 02/15 | Best Z =   97.461 mΩ | IterTime =   2.64s
  Iter 03/15 | Best Z =   97.461 mΩ | IterTime =   2.64s
  Iter 04/15 | Best Z =   97.461 mΩ | IterTime =   2.64s
  Iter 05/15 | Best Z =   97.461 mΩ | IterTime =   2.64s
  Iter 06/15 | Best Z =   97.461 mΩ | IterTime =   2.65s
  Iter 07/15 | Best Z =   97.461 mΩ | IterTime =   2.64s
  Iter 08/15 | Best Z =   97.461 mΩ | IterTime =   2.65s
  Iter 09/15 | Best Z =   97.461 mΩ | IterTime =   2.64s
  Iter 10/15 | Best Z =   97.461 mΩ | IterTime =   2.65s
  Iter 11/15 | Best Z =   97.461 mΩ | IterTime =   2.64s
  Iter 12/15 | Best Z =   97.461 mΩ | IterTime =   2.65s
  Iter 13/15 | Best Z =   97.461 mΩ | IterTime =   2.64s
  Iter 14/15 | Best Z =   97.461 mΩ | IterTime =   2.64s
  Iter 15/15 | Best Z =   97.461 mΩ | IterTime =   2.64s
[Stage Complete] n_caps=2 | Best Z = 97.461 mΩ | Ports = [0, 11] | Time = 39.65s

[Stage] n_caps = 3
  Iter 01/15 | Best Z =  115.262 mΩ | IterTime =   2.75s
  Iter 02/15 | Best Z =  115.262 mΩ | IterTime =   2.74s
  Iter 03/15 | Best Z =  115.262 mΩ | IterTime =   2.74s
  Iter 04/15 | Best Z =  115.262 mΩ | IterTime =   2.74s
  Iter 05/15 | Best Z =  115.262 mΩ | IterTime =   2.74s
  Iter 06/15 | Best Z =  115.262 mΩ | IterTime =   2.74s
  Iter 07/15 | Best Z =  115.262 mΩ | IterTime =   2.74s
  Iter 08/15 | Best Z =  115.262 mΩ | IterTime =   2.73s
  Iter 09/15 | Best Z =  115.262 mΩ | IterTime =   2.74s
  Iter 10/15 | Best Z =  115.262 mΩ | IterTime =   2.73s
  Iter 11/15 | Best Z =  115.262 mΩ | IterTime =   2.74s
  Iter 12/15 | Best Z =  115.262 mΩ | IterTime =   2.74s
  Iter 13/15 | Best Z =  115.262 mΩ | IterTime =   2.73s
  Iter 14/15 | Best Z =  115.262 mΩ | IterTime =   2.73s
  Iter 15/15 | Best Z =  115.262 mΩ | IterTime =   2.73s
[Stage Complete] n_caps=3 | Best Z = 115.262 mΩ | Ports = [13, 7, 6] | Time = 41.05s

[Stage] n_caps = 4
  Iter 01/15 | Best Z =   77.863 mΩ | IterTime =   2.79s
  Iter 02/15 | Best Z =   77.863 mΩ | IterTime =   2.82s
  Iter 03/15 | Best Z =   77.863 mΩ | IterTime =   2.80s
  Iter 04/15 | Best Z =   77.863 mΩ | IterTime =   2.80s
  Iter 05/15 | Best Z =   77.863 mΩ | IterTime =   2.79s
  Iter 06/15 | Best Z =   77.863 mΩ | IterTime =   2.80s
  Iter 07/15 | Best Z =   77.863 mΩ | IterTime =   2.80s
  Iter 08/15 | Best Z =   77.863 mΩ | IterTime =   2.81s
  Iter 09/15 | Best Z =   77.863 mΩ | IterTime =   2.80s
  Iter 10/15 | Best Z =   77.863 mΩ | IterTime =   2.80s
  Iter 11/15 | Best Z =   77.863 mΩ | IterTime =   2.79s
  Iter 12/15 | Best Z =   77.863 mΩ | IterTime =   2.79s
  Iter 13/15 | Best Z =   77.863 mΩ | IterTime =   2.79s
  Iter 14/15 | Best Z =   77.863 mΩ | IterTime =   2.79s
  Iter 15/15 | Best Z =   77.863 mΩ | IterTime =   2.79s
[Stage Complete] n_caps=4 | Best Z = 77.863 mΩ | Ports = [5, 14, 7, 9] | Time = 41.97s

[Stage] n_caps = 5
  Iter 01/15 | Best Z =   64.761 mΩ | IterTime =   2.87s
  Iter 02/15 | Best Z =   64.761 mΩ | IterTime =   2.87s
  Iter 03/15 | Best Z =   64.761 mΩ | IterTime =   2.88s
  Iter 04/15 | Best Z =   64.761 mΩ | IterTime =   2.88s
  Iter 05/15 | Best Z =   64.761 mΩ | IterTime =   2.88s
  Iter 06/15 | Best Z =   64.761 mΩ | IterTime =   2.87s
  Iter 07/15 | Best Z =   64.761 mΩ | IterTime =   2.87s
  Iter 08/15 | Best Z =   64.761 mΩ | IterTime =   2.87s
  Iter 09/15 | Best Z =   64.761 mΩ | IterTime =   2.88s
  Iter 10/15 | Best Z =   64.761 mΩ | IterTime =   2.87s
  Iter 11/15 | Best Z =   64.761 mΩ | IterTime =   2.87s
  Iter 12/15 | Best Z =   64.761 mΩ | IterTime =   2.88s
  Iter 13/15 | Best Z =   64.761 mΩ | IterTime =   2.88s
  Iter 14/15 | Best Z =   64.761 mΩ | IterTime =   2.87s
  Iter 15/15 | Best Z =   64.761 mΩ | IterTime =   2.87s
[Stage Complete] n_caps=5 | Best Z = 64.761 mΩ | Ports = [14, 7, 9, 16, 15] | Time = 43.12s

[Stage] n_caps = 6
  Iter 01/15 | Best Z =   51.643 mΩ | IterTime =   2.94s
  Iter 02/15 | Best Z =   51.643 mΩ | IterTime =   2.93s
  Iter 03/15 | Best Z =   51.643 mΩ | IterTime =   2.93s
  Iter 04/15 | Best Z =   51.643 mΩ | IterTime =   2.93s
  Iter 05/15 | Best Z =   51.643 mΩ | IterTime =   2.93s
  Iter 06/15 | Best Z =   51.643 mΩ | IterTime =   2.92s
  Iter 07/15 | Best Z =   51.643 mΩ | IterTime =   2.93s
  Iter 08/15 | Best Z =   51.643 mΩ | IterTime =   2.92s
  Iter 09/15 | Best Z =   51.643 mΩ | IterTime =   2.92s
  Iter 10/15 | Best Z =   51.643 mΩ | IterTime =   2.92s
  Iter 11/15 | Best Z =   51.643 mΩ | IterTime =   2.92s
  Iter 12/15 | Best Z =   51.643 mΩ | IterTime =   2.92s
  Iter 13/15 | Best Z =   51.643 mΩ | IterTime =   2.92s
  Iter 14/15 | Best Z =   51.643 mΩ | IterTime =   2.92s
  Iter 15/15 | Best Z =   51.643 mΩ | IterTime =   2.93s
[Stage Complete] n_caps=6 | Best Z = 51.643 mΩ | Ports = [7, 9, 16, 15, 0, 17] | Time = 43.89s
Threshold reached — stopping stage growth.

[Run Complete] Total Time = 247.59s
------------------------------------------------------------
iterative | Run 19 | n_caps=6 | Z=0.051643 | Time=247.78s

============================================================
RUN 20 | METHOD = ITERATIVE
============================================================

[Stage] n_caps = 1
  Iter 01/15 | Best Z =  137.640 mΩ | IterTime =   2.55s
  Iter 02/15 | Best Z =  137.640 mΩ | IterTime =   2.56s
  Iter 03/15 | Best Z =  137.640 mΩ | IterTime =   2.56s
  Iter 04/15 | Best Z =  137.640 mΩ | IterTime =   2.56s
  Iter 05/15 | Best Z =  137.640 mΩ | IterTime =   2.57s
  Iter 06/15 | Best Z =  137.640 mΩ | IterTime =   2.55s
  Iter 07/15 | Best Z =  137.640 mΩ | IterTime =   2.56s
  Iter 08/15 | Best Z =  137.640 mΩ | IterTime =   2.56s
  Iter 09/15 | Best Z =  137.640 mΩ | IterTime =   2.56s
  Iter 10/15 | Best Z =  137.640 mΩ | IterTime =   2.55s
  Iter 11/15 | Best Z =  137.640 mΩ | IterTime =   2.56s
  Iter 12/15 | Best Z =  137.640 mΩ | IterTime =   2.55s
  Iter 13/15 | Best Z =  137.640 mΩ | IterTime =   2.55s
  Iter 14/15 | Best Z =  137.640 mΩ | IterTime =   2.55s
  Iter 15/15 | Best Z =  137.640 mΩ | IterTime =   2.55s
[Stage Complete] n_caps=1 | Best Z = 137.640 mΩ | Ports = [15] | Time = 38.32s

[Stage] n_caps = 2
  Iter 01/15 | Best Z =  102.968 mΩ | IterTime =   2.69s
  Iter 02/15 | Best Z =  102.968 mΩ | IterTime =   2.68s
  Iter 03/15 | Best Z =  102.968 mΩ | IterTime =   2.68s
  Iter 04/15 | Best Z =  102.968 mΩ | IterTime =   2.69s
  Iter 05/15 | Best Z =  102.968 mΩ | IterTime =   2.69s
  Iter 06/15 | Best Z =  102.968 mΩ | IterTime =   2.69s
  Iter 07/15 | Best Z =  102.968 mΩ | IterTime =   2.69s
  Iter 08/15 | Best Z =  102.968 mΩ | IterTime =   2.69s
  Iter 09/15 | Best Z =  102.968 mΩ | IterTime =   2.69s
  Iter 10/15 | Best Z =  102.968 mΩ | IterTime =   2.69s
  Iter 11/15 | Best Z =  102.968 mΩ | IterTime =   2.69s
  Iter 12/15 | Best Z =  102.968 mΩ | IterTime =   2.70s
  Iter 13/15 | Best Z =  102.968 mΩ | IterTime =   2.73s
  Iter 14/15 | Best Z =  102.968 mΩ | IterTime =   2.73s
  Iter 15/15 | Best Z =  102.968 mΩ | IterTime =   2.69s
[Stage Complete] n_caps=2 | Best Z = 102.968 mΩ | Ports = [9, 14] | Time = 40.42s

[Stage] n_caps = 3
  Iter 01/15 | Best Z =   76.197 mΩ | IterTime =   2.76s
  Iter 02/15 | Best Z =   76.197 mΩ | IterTime =   2.77s
  Iter 03/15 | Best Z =   76.197 mΩ | IterTime =   2.76s
  Iter 04/15 | Best Z =   76.197 mΩ | IterTime =   2.76s
  Iter 05/15 | Best Z =   76.197 mΩ | IterTime =   2.76s
  Iter 06/15 | Best Z =   76.197 mΩ | IterTime =   2.76s
  Iter 07/15 | Best Z =   76.197 mΩ | IterTime =   2.76s
  Iter 08/15 | Best Z =   76.197 mΩ | IterTime =   2.77s
  Iter 09/15 | Best Z =   76.197 mΩ | IterTime =   2.76s
  Iter 10/15 | Best Z =   76.197 mΩ | IterTime =   2.75s
  Iter 11/15 | Best Z =   76.197 mΩ | IterTime =   2.78s
  Iter 12/15 | Best Z =   76.197 mΩ | IterTime =   2.75s
  Iter 13/15 | Best Z =   76.197 mΩ | IterTime =   2.75s
  Iter 14/15 | Best Z =   76.197 mΩ | IterTime =   2.77s
  Iter 15/15 | Best Z =   76.197 mΩ | IterTime =   2.77s
[Stage Complete] n_caps=3 | Best Z = 76.197 mΩ | Ports = [14, 12, 0] | Time = 41.43s

[Stage] n_caps = 4
  Iter 01/15 | Best Z =   62.249 mΩ | IterTime =   2.85s
  Iter 02/15 | Best Z =   62.249 mΩ | IterTime =   2.86s
  Iter 03/15 | Best Z =   62.249 mΩ | IterTime =   2.86s
  Iter 04/15 | Best Z =   62.249 mΩ | IterTime =   2.85s
  Iter 05/15 | Best Z =   62.249 mΩ | IterTime =   2.88s
  Iter 06/15 | Best Z =   62.249 mΩ | IterTime =   2.85s
  Iter 07/15 | Best Z =   62.249 mΩ | IterTime =   2.85s
  Iter 08/15 | Best Z =   62.249 mΩ | IterTime =   2.86s
  Iter 09/15 | Best Z =   62.249 mΩ | IterTime =   2.86s
  Iter 10/15 | Best Z =   62.249 mΩ | IterTime =   2.85s
  Iter 11/15 | Best Z =   62.249 mΩ | IterTime =   2.86s
  Iter 12/15 | Best Z =   62.249 mΩ | IterTime =   2.86s
  Iter 13/15 | Best Z =   62.249 mΩ | IterTime =   2.85s
  Iter 14/15 | Best Z =   62.249 mΩ | IterTime =   2.86s
  Iter 15/15 | Best Z =   62.249 mΩ | IterTime =   2.87s
[Stage Complete] n_caps=4 | Best Z = 62.249 mΩ | Ports = [12, 0, 0, 14] | Time = 42.88s

[Stage] n_caps = 5
  Iter 01/15 | Best Z =   56.656 mΩ | IterTime =   2.90s
  Iter 02/15 | Best Z =   56.656 mΩ | IterTime =   2.91s
  Iter 03/15 | Best Z =   56.656 mΩ | IterTime =   2.91s
  Iter 04/15 | Best Z =   56.656 mΩ | IterTime =   2.90s
  Iter 05/15 | Best Z =   56.656 mΩ | IterTime =   2.91s
  Iter 06/15 | Best Z =   56.656 mΩ | IterTime =   2.90s
  Iter 07/15 | Best Z =   56.656 mΩ | IterTime =   2.90s
  Iter 08/15 | Best Z =   56.656 mΩ | IterTime =   2.90s
  Iter 09/15 | Best Z =   56.656 mΩ | IterTime =   2.90s
  Iter 10/15 | Best Z =   56.656 mΩ | IterTime =   2.89s
  Iter 11/15 | Best Z =   56.656 mΩ | IterTime =   2.91s
  Iter 12/15 | Best Z =   56.656 mΩ | IterTime =   2.90s
  Iter 13/15 | Best Z =   56.656 mΩ | IterTime =   2.90s
  Iter 14/15 | Best Z =   56.656 mΩ | IterTime =   2.90s
  Iter 15/15 | Best Z =   56.656 mΩ | IterTime =   2.90s
[Stage Complete] n_caps=5 | Best Z = 56.656 mΩ | Ports = [0, 0, 14, 19, 0] | Time = 43.54s
Threshold reached — stopping stage growth.

[Run Complete] Total Time = 206.60s
------------------------------------------------------------
iterative | Run 20 | n_caps=5 | Z=0.056656 | Time=206.81s

All ScratchTest runs completed.
Results stored in: ScratchTest
